time_s,agg_read_mbps,agg_write_mbps,mean_util_pct,cpu_pct,iowait_pct,nvme0n1p1_read_mbps,nvme0n1p1_write_mbps,nvme0n1p1_util_pct,nvme10n1p1_read_mbps,nvme10n1p1_write_mbps,nvme10n1p1_util_pct,nvme11n1p1_read_mbps,nvme11n1p1_write_mbps,nvme11n1p1_util_pct,nvme12n1p1_read_mbps,nvme12n1p1_write_mbps,nvme12n1p1_util_pct,nvme13n1p1_read_mbps,nvme13n1p1_write_mbps,nvme13n1p1_util_pct,nvme14n1p1_read_mbps,nvme14n1p1_write_mbps,nvme14n1p1_util_pct,nvme15n1p1_read_mbps,nvme15n1p1_write_mbps,nvme15n1p1_util_pct,nvme17n1p1_read_mbps,nvme17n1p1_write_mbps,nvme17n1p1_util_pct,nvme18n1p1_read_mbps,nvme18n1p1_write_mbps,nvme18n1p1_util_pct,nvme19n1p1_read_mbps,nvme19n1p1_write_mbps,nvme19n1p1_util_pct,nvme1n1p1_read_mbps,nvme1n1p1_write_mbps,nvme1n1p1_util_pct,nvme20n1p1_read_mbps,nvme20n1p1_write_mbps,nvme20n1p1_util_pct,nvme21n1p1_read_mbps,nvme21n1p1_write_mbps,nvme21n1p1_util_pct,nvme22n1p1_read_mbps,nvme22n1p1_write_mbps,nvme22n1p1_util_pct,nvme23n1p1_read_mbps,nvme23n1p1_write_mbps,nvme23n1p1_util_pct,nvme24n1p1_read_mbps,nvme24n1p1_write_mbps,nvme24n1p1_util_pct,nvme25n1p1_read_mbps,nvme25n1p1_write_mbps,nvme25n1p1_util_pct,nvme26n1p1_read_mbps,nvme26n1p1_write_mbps,nvme26n1p1_util_pct,nvme27n1p1_read_mbps,nvme27n1p1_write_mbps,nvme27n1p1_util_pct,nvme28n1p1_read_mbps,nvme28n1p1_write_mbps,nvme28n1p1_util_pct,nvme29n1p1_read_mbps,nvme29n1p1_write_mbps,nvme29n1p1_util_pct,nvme2n1p1_read_mbps,nvme2n1p1_write_mbps,nvme2n1p1_util_pct,nvme30n1p3_read_mbps,nvme30n1p3_write_mbps,nvme30n1p3_util_pct,nvme3n1p1_read_mbps,nvme3n1p1_write_mbps,nvme3n1p1_util_pct,nvme4n1p1_read_mbps,nvme4n1p1_write_mbps,nvme4n1p1_util_pct,nvme5n1p1_read_mbps,nvme5n1p1_write_mbps,nvme5n1p1_util_pct,nvme6n1p1_read_mbps,nvme6n1p1_write_mbps,nvme6n1p1_util_pct,nvme7n1p1_read_mbps,nvme7n1p1_write_mbps,nvme7n1p1_util_pct,nvme8n1p1_read_mbps,nvme8n1p1_write_mbps,nvme8n1p1_util_pct,nvme9n1p1_read_mbps,nvme9n1p1_write_mbps,nvme9n1p1_util_pct
0.1025,0.000,0.315,0.07,76.02,0.00,0.000,0.000,0.00,0.000,0.000,0.00,0.000,0.000,0.00,0.000,0.000,0.00,0.000,0.000,0.00,0.000,0.000,0.00,0.000,0.000,0.00,0.000,0.000,0.00,0.000,0.000,0.00,0.000,0.000,0.00,0.000,0.000,0.00,0.000,0.000,0.00,0.000,0.000,0.00,0.000,0.000,0.00,0.000,0.000,0.00,0.000,0.000,0.00,0.000,0.000,0.00,0.000,0.000,0.00,0.000,0.000,0.00,0.000,0.000,0.00,0.000,0.000,0.00,0.000,0.000,0.00,0.000,0.315,1.95,0.000,0.000,0.00,0.000,0.000,0.00,0.000,0.000,0.00,0.000,0.000,0.00,0.000,0.000,0.00,0.000,0.000,0.00,0.000,0.000,0.00
0.2055,0.000,0.000,0.00,87.94,0.00,0.000,0.000,0.00,0.000,0.000,0.00,0.000,0.000,0.00,0.000,0.000,0.00,0.000,0.000,0.00,0.000,0.000,0.00,0.000,0.000,0.00,0.000,0.000,0.00,0.000,0.000,0.00,0.000,0.000,0.00,0.000,0.000,0.00,0.000,0.000,0.00,0.000,0.000,0.00,0.000,0.000,0.00,0.000,0.000,0.00,0.000,0.000,0.00,0.000,0.000,0.00,0.000,0.000,0.00,0.000,0.000,0.00,0.000,0.000,0.00,0.000,0.000,0.00,0.000,0.000,0.00,0.000,0.000,0.00,0.000,0.000,0.00,0.000,0.000,0.00,0.000,0.000,0.00,0.000,0.000,0.00,0.000,0.000,0.00,0.000,0.000,0.00,0.000,0.000,0.00
0.3105,0.000,0.000,0.00,86.06,0.00,0.000,0.000,0.00,0.000,0.000,0.00,0.000,0.000,0.00,0.000,0.000,0.00,0.000,0.000,0.00,0.000,0.000,0.00,0.000,0.000,0.00,0.000,0.000,0.00,0.000,0.000,0.00,0.000,0.000,0.00,0.000,0.000,0.00,0.000,0.000,0.00,0.000,0.000,0.00,0.000,0.000,0.00,0.000,0.000,0.00,0.000,0.000,0.00,0.000,0.000,0.00,0.000,0.000,0.00,0.000,0.000,0.00,0.000,0.000,0.00,0.000,0.000,0.00,0.000,0.000,0.00,0.000,0.000,0.00,0.000,0.000,0.00,0.000,0.000,0.00,0.000,0.000,0.00,0.000,0.000,0.00,0.000,0.000,0.00,0.000,0.000,0.00,0.000,0.000,0.00
0.4128,0.000,0.000,0.00,83.50,0.00,0.000,0.000,0.00,0.000,0.000,0.00,0.000,0.000,0.00,0.000,0.000,0.00,0.000,0.000,0.00,0.000,0.000,0.00,0.000,0.000,0.00,0.000,0.000,0.00,0.000,0.000,0.00,0.000,0.000,0.00,0.000,0.000,0.00,0.000,0.000,0.00,0.000,0.000,0.00,0.000,0.000,0.00,0.000,0.000,0.00,0.000,0.000,0.00,0.000,0.000,0.00,0.000,0.000,0.00,0.000,0.000,0.00,0.000,0.000,0.00,0.000,0.000,0.00,0.000,0.000,0.00,0.000,0.000,0.00,0.000,0.000,0.00,0.000,0.000,0.00,0.000,0.000,0.00,0.000,0.000,0.00,0.000,0.000,0.00,0.000,0.000,0.00,0.000,0.000,0.00
0.5151,0.000,7871.252,6.55,83.67,0.00,0.000,327.969,5.86,0.000,81.992,2.93,0.000,204.981,6.84,0.000,245.977,5.86,0.000,286.973,6.84,0.000,286.973,6.84,0.000,245.977,5.86,0.000,368.965,7.82,0.000,450.957,8.80,0.000,245.977,6.84,0.000,163.984,5.86,0.000,245.977,5.86,0.000,163.984,4.89,0.000,327.969,8.80,0.000,286.973,4.89,0.000,245.977,6.84,0.000,286.973,6.84,0.000,245.977,4.89,0.000,286.973,10.75,0.000,204.981,6.84,0.000,81.992,3.91,0.000,204.981,4.89,0.000,245.977,3.91,0.000,122.988,4.89,0.000,204.981,5.86,0.000,327.969,7.82,0.000,532.949,10.75,0.000,245.977,7.82,0.000,450.957,9.77,0.000,245.977,5.86
0.6175,0.040,22629.046,13.31,81.48,0.00,0.000,655.110,9.76,0.000,696.054,10.74,0.000,859.832,18.55,0.000,900.776,12.69,0.000,491.333,8.79,0.000,614.166,6.83,0.000,655.110,9.76,0.000,655.110,9.76,0.000,583.457,11.71,0.000,946.839,15.62,0.000,1023.609,23.43,0.000,905.894,21.48,0.000,900.776,14.64,0.000,409.444,5.86,0.000,818.888,14.64,0.000,1064.554,16.60,0.000,831.683,24.40,0.000,818.888,12.69,0.000,696.054,16.60,0.000,696.054,8.79,0.000,450.388,5.86,0.000,1023.609,21.48,0.040,895.258,15.62,0.000,655.110,8.79,0.000,532.277,9.76,0.000,818.888,12.69,0.000,941.721,15.62,0.000,573.221,13.67,0.000,736.999,8.79,0.000,777.943,13.67
0.7216,0.000,8681.700,5.09,78.77,0.00,0.000,282.237,6.73,0.000,322.557,4.81,0.000,403.196,8.65,0.000,362.876,7.69,0.000,322.557,5.77,0.000,120.959,1.92,0.000,161.278,5.77,0.000,362.876,6.73,0.000,110.879,2.88,0.000,236.877,4.81,0.000,322.557,5.77,0.000,277.197,4.81,0.000,201.598,2.88,0.000,322.557,5.77,0.000,403.196,4.81,0.000,120.959,0.96,0.000,148.678,0.96,0.000,362.876,6.73,0.000,241.917,5.77,0.000,604.793,10.57,0.000,201.598,1.92,0.000,322.557,4.81,0.000,489.268,9.61,0.000,322.557,5.77,0.000,241.917,2.88,0.000,322.557,5.77,0.000,161.278,3.85,0.000,241.917,5.77,0.000,241.917,2.88,0.000,443.515,4.81
0.8255,0.000,4.954,0.26,81.64,0.00,0.000,0.000,0.00,0.000,0.000,0.00,0.000,0.704,0.96,0.000,0.837,0.96,0.000,0.000,0.00,0.000,0.000,0.00,0.000,0.586,0.96,0.000,0.000,0.00,0.000,0.709,0.00,0.000,0.000,0.00,0.000,0.000,0.00,0.000,0.000,0.00,0.000,0.000,0.00,0.000,0.000,0.00,0.000,0.704,0.96,0.000,0.000,0.00,0.000,0.000,0.00,0.000,0.680,0.00,0.000,0.734,3.85,0.000,0.000,0.00,0.000,0.000,0.00,0.000,0.000,0.00,0.000,0.000,0.00,0.000,0.000,0.00,0.000,0.000,0.00,0.000,0.000,0.00,0.000,0.000,0.00,0.000,0.000,0.00,0.000,0.000,0.00,0.000,0.000,0.00
0.9278,0.000,0.000,0.00,82.32,0.00,0.000,0.000,0.00,0.000,0.000,0.00,0.000,0.000,0.00,0.000,0.000,0.00,0.000,0.000,0.00,0.000,0.000,0.00,0.000,0.000,0.00,0.000,0.000,0.00,0.000,0.000,0.00,0.000,0.000,0.00,0.000,0.000,0.00,0.000,0.000,0.00,0.000,0.000,0.00,0.000,0.000,0.00,0.000,0.000,0.00,0.000,0.000,0.00,0.000,0.000,0.00,0.000,0.000,0.00,0.000,0.000,0.00,0.000,0.000,0.00,0.000,0.000,0.00,0.000,0.000,0.00,0.000,0.000,0.00,0.000,0.000,0.00,0.000,0.000,0.00,0.000,0.000,0.00,0.000,0.000,0.00,0.000,0.000,0.00,0.000,0.000,0.00,0.000,0.000,0.00
1.0300,0.000,5253.325,4.37,74.87,0.00,0.000,205.208,3.91,0.000,164.166,3.91,0.000,164.166,4.89,0.000,246.250,3.91,0.000,123.125,4.89,0.000,205.208,5.87,0.000,123.125,3.91,0.000,82.083,2.94,0.000,246.250,6.85,0.000,246.250,3.91,0.000,287.291,5.87,0.000,41.042,0.00,0.000,164.166,3.91,0.000,205.208,4.89,0.000,82.083,3.91,0.000,82.083,2.94,0.000,123.125,3.91,0.000,287.291,5.87,0.000,369.374,12.72,0.000,205.208,4.89,0.000,164.166,3.91,0.000,82.083,0.98,0.000,164.166,3.91,0.000,369.374,6.85,0.000,41.042,1.96,0.000,164.166,2.94,0.000,123.125,3.91,0.000,164.166,5.87,0.000,164.166,4.89,0.000,164.166,1.96
1.1323,0.000,27229.540,15.61,63.09,0.00,0.000,902.060,14.66,0.000,369.025,6.84,0.000,1025.068,16.62,0.000,1312.088,23.46,0.000,902.060,14.66,0.000,1107.074,16.62,0.000,1107.074,16.62,0.000,984.066,14.66,0.000,1215.307,18.57,0.000,1148.077,18.57,0.000,794.428,11.73,0.000,738.049,12.71,0.000,943.063,15.64,0.000,891.810,14.66,0.000,533.036,7.82,0.000,1148.077,20.53,0.000,1025.068,15.64,0.000,615.041,9.78,0.000,979.501,31.28,0.000,943.063,14.66,0.000,740.612,12.71,0.000,861.057,14.66,0.000,1107.074,16.62,0.000,820.055,13.69,0.000,697.047,8.80,0.000,1066.071,16.62,0.000,574.038,9.78,0.000,984.066,31.28,0.000,835.431,15.64,0.000,861.057,12.71
1.2346,0.000,8200.159,4.73,43.91,0.00,0.000,287.046,4.89,0.000,205.033,1.96,0.000,369.059,7.82,0.000,246.040,3.91,0.000,246.040,3.91,0.000,410.066,6.84,0.000,166.589,2.93,0.000,246.040,3.91,0.000,383.836,5.87,0.000,492.079,4.89,0.000,394.689,7.82,0.000,246.040,4.89,0.000,246.040,4.89,0.000,215.285,1.96,0.000,369.059,6.84,0.000,205.033,3.91,0.000,205.033,2.93,0.000,205.033,2.93,0.000,209.598,4.89,0.000,287.046,2.93,0.000,407.503,3.91,0.000,205.033,3.91,0.000,287.046,5.87,0.000,205.033,4.89,0.000,205.033,2.93,0.000,164.026,3.91,0.000,287.046,5.87,0.000,492.079,14.67,0.000,230.662,3.91,0.000,82.013,0.98
1.3369,0.000,3933.709,2.44,29.43,0.00,0.000,245.971,3.91,0.000,81.990,1.95,0.000,40.995,0.00,0.000,245.971,3.91,0.000,122.985,2.93,0.000,327.961,4.89,0.000,120.423,1.95,0.000,40.995,0.98,0.000,122.985,1.95,0.000,122.985,1.95,0.000,0.000,0.00,0.000,163.980,0.98,0.000,164.721,2.93,0.000,122.985,1.95,0.000,204.976,3.91,0.000,81.990,0.98,0.000,81.990,0.00,0.000,40.995,0.98,0.000,40.995,1.95,0.000,245.971,3.91,0.000,122.985,9.77,0.000,81.990,0.98,0.000,245.971,2.93,0.000,286.966,9.77,0.000,122.985,0.00,0.000,0.000,0.00,0.000,81.990,0.98,0.000,40.995,1.95,0.000,245.971,2.93,0.000,81.990,1.95
1.4384,0.000,3213.374,2.36,38.26,0.00,0.000,247.906,4.93,0.000,41.318,0.99,0.000,82.635,1.97,0.000,82.635,1.97,0.000,165.271,1.97,0.000,0.000,0.99,0.000,41.318,0.99,0.000,82.635,1.97,0.000,123.953,1.97,0.000,82.635,2.96,0.000,82.635,1.97,0.000,82.635,0.99,0.000,41.318,0.99,0.000,165.271,3.94,0.000,206.588,2.96,0.000,165.271,2.96,0.000,165.271,1.97,0.000,123.953,2.96,0.000,115.157,3.94,0.000,41.318,0.99,0.000,41.318,0.99,0.000,165.271,1.97,0.000,49.065,1.97,0.000,41.318,0.99,0.000,247.906,4.93,0.000,41.318,1.97,0.000,123.953,2.96,0.000,156.918,4.93,0.000,41.318,0.99,0.000,165.271,4.93
1.5398,0.000,3399.506,2.63,39.08,0.00,0.000,330.741,4.93,0.000,165.371,1.97,0.000,82.685,1.97,0.000,165.371,3.94,0.000,41.343,0.00,0.000,248.056,4.93,0.000,124.028,3.94,0.000,82.685,1.97,0.000,82.685,1.97,0.000,82.685,2.96,0.000,165.371,3.94,0.000,41.343,1.97,0.000,41.343,0.99,0.000,41.343,1.97,0.000,248.056,3.94,0.000,82.685,1.97,0.000,82.685,2.96,0.000,0.000,0.00,0.000,215.515,7.89,0.000,82.685,2.96,0.000,82.685,3.94,0.000,165.371,0.99,0.000,116.276,1.97,0.000,82.685,2.96,0.000,41.343,0.99,0.000,0.000,0.00,0.000,124.028,1.97,0.000,132.385,2.96,0.000,82.685,2.96,0.000,165.371,2.96
1.6417,0.000,1317.863,1.01,46.08,0.00,0.000,41.183,0.98,0.000,41.183,0.98,0.000,41.183,0.98,0.000,0.000,0.00,0.000,0.000,0.00,0.000,41.183,0.98,0.000,82.366,1.96,0.000,82.366,1.96,0.000,41.183,0.98,0.000,0.000,0.00,0.000,0.000,0.00,0.000,41.183,0.00,0.000,41.183,0.98,0.000,41.183,0.98,0.000,0.000,0.00,0.000,41.183,0.98,0.000,0.000,0.00,0.000,41.183,1.96,0.000,82.366,2.95,0.000,0.000,0.00,0.000,82.366,0.98,0.000,82.366,0.00,0.000,123.550,2.95,0.000,41.183,0.98,0.000,41.183,0.98,0.000,123.550,3.93,0.000,0.000,0.00,0.000,0.000,0.00,0.000,41.183,1.96,0.000,123.550,1.96
1.7455,0.000,1292.485,1.00,66.04,0.00,0.000,0.000,0.00,0.000,0.000,0.00,0.000,0.000,0.00,0.000,40.390,1.93,0.000,40.390,1.93,0.000,0.000,0.00,0.000,0.000,0.00,0.000,80.780,0.96,0.000,40.390,0.96,0.000,40.390,1.93,0.000,80.780,1.93,0.000,80.780,1.93,0.000,0.000,0.00,0.000,40.390,0.96,0.000,80.780,2.89,0.000,80.780,1.93,0.000,40.390,0.96,0.000,40.390,0.96,0.000,40.390,1.93,0.000,0.000,0.00,0.000,80.780,0.96,0.000,40.390,0.00,0.000,80.780,0.96,0.000,40.390,0.96,0.000,40.390,0.00,0.000,121.170,1.93,0.000,80.780,1.93,0.000,0.000,0.00,0.000,0.000,0.00,0.000,80.780,1.93
1.8480,0.000,1310.153,1.46,76.20,0.00,0.000,0.000,0.00,0.000,0.000,0.00,0.000,40.942,1.95,0.000,122.827,3.90,0.000,40.942,1.95,0.000,122.827,3.90,0.000,0.000,0.00,0.000,40.942,1.95,0.000,122.827,3.90,0.000,81.885,2.93,0.000,0.000,0.00,0.000,40.942,0.00,0.000,40.942,0.98,0.000,81.885,2.93,0.000,40.942,0.98,0.000,40.942,1.95,0.000,40.942,0.00,0.000,0.000,0.00,0.000,0.000,0.00,0.000,0.000,0.00,0.000,0.000,0.00,0.000,40.942,0.98,0.000,81.885,2.93,0.000,81.885,3.90,0.000,0.000,0.00,0.000,40.942,0.98,0.000,40.942,0.98,0.000,122.827,4.88,0.000,40.942,1.95,0.000,0.000,0.00
1.9502,0.000,1312.857,1.27,78.63,0.00,0.000,41.027,1.96,0.000,0.000,0.00,0.000,82.054,0.98,0.000,0.000,0.00,0.000,0.000,0.00,0.000,123.080,3.91,0.000,41.027,1.96,0.000,82.054,1.96,0.000,41.027,0.98,0.000,41.027,1.96,0.000,82.054,1.96,0.000,82.054,0.98,0.000,41.027,0.98,0.000,82.054,0.98,0.000,82.054,2.93,0.000,0.000,0.00,0.000,0.000,0.00,0.000,123.080,1.96,0.000,0.000,0.00,0.000,82.054,2.93,0.000,0.000,0.00,0.000,0.000,0.00,0.000,41.027,1.96,0.000,0.000,0.00,0.000,82.054,2.93,0.000,0.000,0.00,0.000,41.027,0.98,0.000,82.054,3.91,0.000,41.027,1.96,0.000,0.000,0.00
2.0525,0.000,6559.101,4.40,82.86,0.00,0.000,122.983,1.95,0.000,204.972,3.91,0.000,245.966,4.89,0.000,245.966,5.86,0.000,204.972,3.91,0.000,245.966,2.93,0.000,368.949,7.82,0.000,368.949,5.86,0.000,163.978,3.91,0.000,163.978,3.91,0.000,122.983,1.95,0.000,327.955,5.86,0.000,163.978,4.89,0.000,368.949,5.86,0.000,204.972,2.93,0.000,40.994,0.98,0.000,163.978,2.93,0.000,204.972,3.91,0.000,368.949,11.73,0.000,204.972,4.89,0.000,0.000,0.00,0.000,245.966,3.91,0.000,163.978,3.91,0.000,286.961,5.86,0.000,163.978,2.93,0.000,81.989,2.93,0.000,245.966,3.91,0.000,327.955,9.77,0.000,327.955,5.86,0.000,204.972,1.95
2.1555,0.000,5212.044,3.27,83.21,0.00,0.000,407.191,5.82,0.000,81.438,0.97,0.000,122.157,2.91,0.000,122.157,1.94,0.000,81.438,2.91,0.000,40.719,0.97,0.000,40.719,0.00,0.000,203.595,2.91,0.000,122.157,0.97,0.000,162.876,3.88,0.000,203.595,1.94,0.000,122.157,1.94,0.000,203.595,2.91,0.000,122.157,0.97,0.000,203.595,8.74,0.000,407.191,6.80,0.000,122.157,3.88,0.000,244.315,3.88,0.000,244.315,7.77,0.000,203.595,3.88,0.000,122.157,0.97,0.000,203.595,2.91,0.000,162.876,1.94,0.000,162.876,1.94,0.000,162.876,2.91,0.000,244.315,3.88,0.000,40.719,0.97,0.000,285.034,8.74,0.000,162.876,3.88,0.000,203.595,3.88
2.2585,0.000,16939.787,9.38,77.26,0.00,0.000,488.648,8.74,0.000,692.251,10.68,0.000,895.854,13.59,0.000,285.044,4.85,0.000,407.206,5.83,0.000,570.089,7.77,0.000,162.883,1.94,0.000,570.089,9.71,0.000,773.692,11.65,0.000,610.810,7.77,0.000,651.530,7.77,0.000,488.648,7.77,0.000,651.530,7.77,0.000,773.692,10.68,0.000,570.089,9.71,0.000,366.486,7.77,0.000,407.206,7.77,0.000,407.206,6.80,0.000,529.368,18.45,0.000,651.530,9.71,0.000,325.765,5.83,0.000,692.251,10.68,0.000,732.972,12.62,0.000,692.251,9.71,0.000,855.133,17.48,0.000,325.765,4.85,0.000,325.765,4.85,0.000,692.251,19.42,0.000,732.972,10.68,0.000,610.810,8.74
2.3609,0.000,9181.977,6.03,77.73,0.00,0.000,533.599,7.82,0.000,286.913,3.91,0.000,368.888,5.86,0.000,245.925,2.93,0.000,245.925,3.91,0.000,204.938,0.98,0.000,450.863,8.79,0.000,245.925,3.91,0.000,163.950,2.93,0.000,327.901,6.84,0.000,122.963,1.95,0.000,450.863,7.82,0.000,368.888,5.86,0.000,40.988,0.98,0.000,532.838,8.79,0.000,368.888,7.82,0.000,204.938,2.93,0.000,204.938,1.95,0.000,0.000,0.00,0.000,368.888,35.18,0.000,491.851,6.84,0.000,327.901,4.89,0.000,245.925,4.89,0.000,450.863,7.82,0.000,368.888,4.89,0.000,450.863,6.84,0.000,368.888,6.84,0.000,327.901,8.79,0.000,204.938,3.91,0.000,204.938,3.91
2.4631,0.000,2627.006,2.06,75.82,0.00,0.000,164.188,3.91,0.000,0.000,0.00,0.000,82.094,1.96,0.000,0.000,0.00,0.000,164.188,3.91,0.000,123.141,1.96,0.000,0.000,0.00,0.000,41.047,1.96,0.000,41.047,1.96,0.000,82.094,1.96,0.000,123.141,2.94,0.000,82.094,2.94,0.000,0.000,0.00,0.000,205.235,3.91,0.000,205.235,4.89,0.000,82.094,2.94,0.000,82.094,1.96,0.000,123.141,0.98,0.000,41.047,1.96,0.000,164.188,2.94,0.000,0.000,0.00,0.000,164.188,3.91,0.000,123.141,2.94,0.000,0.000,0.00,0.000,123.141,1.96,0.000,123.141,1.96,0.000,82.094,1.96,0.000,41.047,0.98,0.000,123.141,2.94,0.000,41.047,1.96
2.5655,0.000,1309.669,1.33,73.95,0.00,0.000,40.927,1.95,0.000,0.000,0.00,0.000,40.927,1.95,0.000,40.927,2.93,0.000,0.000,0.00,0.000,81.854,1.95,0.000,40.927,2.93,0.000,40.927,0.00,0.000,40.927,0.98,0.000,0.000,0.00,0.000,40.927,0.98,0.000,81.854,2.93,0.000,0.000,0.00,0.000,0.000,0.00,0.000,40.927,0.98,0.000,40.927,1.95,0.000,245.563,4.88,0.000,0.000,0.00,0.000,40.927,2.93,0.000,81.854,1.95,0.000,0.000,0.00,0.000,40.927,0.98,0.000,40.927,0.98,0.000,0.000,0.00,0.000,122.781,1.95,0.000,40.927,0.98,0.000,40.927,0.98,0.000,40.927,2.93,0.000,40.927,0.98,0.000,40.927,0.98
2.6678,0.000,8768.966,5.57,69.57,0.00,0.000,410.124,5.87,0.000,123.037,3.91,0.000,287.087,2.93,0.000,205.062,4.89,0.000,328.099,7.82,0.000,205.062,1.96,0.000,123.037,2.93,0.000,410.124,7.82,0.000,246.074,3.91,0.000,246.074,7.82,0.000,92.278,0.98,0.000,246.074,2.93,0.000,369.112,5.87,0.000,492.149,7.82,0.000,343.479,3.91,0.000,164.050,3.91,0.000,287.087,4.89,0.000,287.087,7.82,0.000,451.137,10.76,0.000,164.050,1.96,0.000,205.062,5.87,0.000,410.124,4.89,0.000,533.161,5.87,0.000,533.161,18.58,0.000,294.777,3.91,0.000,82.025,0.98,0.000,82.025,0.98,0.000,287.087,7.82,0.000,615.186,12.71,0.000,246.074,4.89
2.7700,0.000,12233.835,7.01,51.07,0.00,0.000,410.273,9.78,0.000,492.328,6.85,0.000,574.383,8.80,0.000,451.301,10.76,0.000,533.355,7.83,0.000,492.328,9.78,0.000,410.273,7.83,0.000,410.273,6.85,0.000,287.191,4.89,0.000,533.355,6.85,0.000,400.016,5.87,0.000,574.383,8.80,0.000,410.273,8.80,0.000,246.164,2.93,0.000,476.943,6.85,0.000,328.219,5.87,0.000,369.246,4.89,0.000,328.219,4.89,0.000,369.246,8.80,0.000,328.219,4.89,0.000,205.137,1.96,0.000,369.246,7.83,0.000,451.301,9.78,0.000,369.246,5.87,0.000,320.526,5.87,0.000,328.219,5.87,0.000,123.082,1.96,0.000,410.273,9.78,0.000,574.383,7.83,0.000,656.437,10.76
2.8719,0.000,14490.683,8.05,41.67,0.00,0.000,535.167,8.83,0.000,741.001,11.78,0.000,658.667,16.69,0.000,494.001,5.89,0.000,576.334,7.85,0.000,329.334,4.91,0.000,370.500,4.91,0.000,452.834,4.91,0.000,370.500,6.87,0.000,699.834,9.81,0.000,576.334,7.85,0.000,411.667,6.87,0.000,617.501,6.87,0.000,452.834,7.85,0.000,411.667,6.87,0.000,535.167,7.85,0.000,288.167,4.91,0.000,494.001,8.83,0.000,370.500,8.83,0.000,741.001,10.80,0.000,494.001,6.87,0.000,494.001,8.83,0.000,205.834,4.91,0.000,494.001,5.89,0.000,535.167,6.87,0.000,370.500,4.91,0.000,288.167,4.91,0.000,535.167,20.61,0.000,411.667,6.87,0.000,535.167,10.80
2.9739,0.000,2632.205,1.67,37.30,0.00,0.000,41.128,1.96,0.000,82.256,1.96,0.000,164.513,0.98,0.000,205.641,3.92,0.000,0.000,0.00,0.000,205.641,3.92,0.000,164.513,1.96,0.000,41.128,0.98,0.000,82.256,1.96,0.000,41.128,1.96,0.000,41.128,0.98,0.000,41.128,0.98,0.000,205.641,2.94,0.000,82.256,0.98,0.000,82.256,0.98,0.000,82.256,1.96,0.000,205.641,2.94,0.000,41.128,1.96,0.000,82.256,1.96,0.000,82.256,0.98,0.000,123.385,0.98,0.000,0.000,0.00,0.000,123.385,2.94,0.000,41.128,0.98,0.000,82.256,1.96,0.000,82.256,1.96,0.000,0.000,0.00,0.000,41.128,0.98,0.000,41.128,0.98,0.000,123.385,2.94
3.0780,0.000,1288.794,0.99,46.23,0.00,0.000,120.824,2.88,0.000,201.374,3.84,0.000,40.275,0.00,0.000,0.000,0.00,0.000,0.000,0.00,0.000,0.000,0.00,0.000,80.550,0.96,0.000,40.275,1.92,0.000,40.275,0.00,0.000,0.000,0.00,0.000,0.000,0.00,0.000,0.000,0.00,0.000,0.000,0.00,0.000,0.000,0.00,0.000,40.275,0.96,0.000,0.000,0.00,0.000,0.000,0.00,0.000,40.275,1.92,0.000,0.000,0.00,0.000,80.550,1.92,0.000,0.000,0.00,0.000,40.275,0.96,0.000,120.824,3.84,0.000,120.824,3.84,0.000,40.275,0.96,0.000,40.275,1.92,0.000,120.824,1.92,0.000,40.275,0.96,0.000,40.275,0.96,0.000,40.275,0.00
3.1827,0.000,0.000,0.00,65.93,0.00,0.000,0.000,0.00,0.000,0.000,0.00,0.000,0.000,0.00,0.000,0.000,0.00,0.000,0.000,0.00,0.000,0.000,0.00,0.000,0.000,0.00,0.000,0.000,0.00,0.000,0.000,0.00,0.000,0.000,0.00,0.000,0.000,0.00,0.000,0.000,0.00,0.000,0.000,0.00,0.000,0.000,0.00,0.000,0.000,0.00,0.000,0.000,0.00,0.000,0.000,0.00,0.000,0.000,0.00,0.000,0.000,0.00,0.000,0.000,0.00,0.000,0.000,0.00,0.000,0.000,0.00,0.000,0.000,0.00,0.000,0.000,0.00,0.000,0.000,0.00,0.000,0.000,0.00,0.000,0.000,0.00,0.000,0.000,0.00,0.000,0.000,0.00,0.000,0.000,0.00
3.2850,0.000,5245.281,3.52,71.53,0.00,0.000,163.915,4.89,0.000,204.894,2.93,0.000,245.873,3.91,0.000,40.979,1.95,0.000,204.894,5.86,0.000,286.851,4.89,0.000,163.915,2.93,0.000,122.936,3.91,0.000,245.873,4.89,0.000,286.851,4.89,0.000,163.915,3.91,0.000,163.915,2.93,0.000,81.958,0.98,0.000,163.915,1.95,0.000,204.894,2.93,0.000,245.873,5.86,0.000,122.936,2.93,0.000,286.851,5.86,0.000,81.958,2.93,0.000,327.830,5.86,0.000,163.915,3.91,0.000,81.958,0.00,0.000,163.915,2.93,0.000,163.915,3.91,0.000,81.958,0.98,0.000,163.915,2.93,0.000,163.915,3.91,0.000,81.958,1.95,0.000,122.936,1.95,0.000,245.873,5.86
3.3875,0.000,5238.008,3.41,79.94,0.00,0.000,204.610,2.93,0.000,122.766,2.93,0.000,245.532,3.90,0.000,81.844,2.93,0.000,40.922,1.95,0.000,204.610,3.90,0.000,40.922,0.00,0.000,245.532,5.85,0.000,81.844,1.95,0.000,204.610,2.93,0.000,245.532,3.90,0.000,122.766,1.95,0.000,163.688,3.90,0.000,122.766,1.95,0.000,40.922,0.98,0.000,327.376,5.85,0.000,327.376,4.88,0.000,245.532,3.90,0.000,286.454,11.71,0.000,204.610,2.93,0.000,204.610,3.90,0.000,245.532,2.93,0.000,163.688,3.90,0.000,163.688,3.90,0.000,245.532,2.93,0.000,163.688,3.90,0.000,40.922,0.00,0.000,122.766,3.90,0.000,81.844,1.95,0.000,245.532,3.90
3.4925,0.000,3834.938,2.25,76.72,0.00,0.000,159.789,1.90,0.000,79.895,0.95,0.000,159.789,0.95,0.000,159.789,2.86,0.000,199.736,3.81,0.000,39.947,1.90,0.000,119.842,2.86,0.000,79.895,2.86,0.000,79.895,0.00,0.000,159.789,2.86,0.000,119.842,1.90,0.000,0.000,0.00,0.000,119.842,1.90,0.000,79.895,0.95,0.000,0.000,0.00,0.000,239.684,3.81,0.000,279.631,4.76,0.000,199.736,1.90,0.000,79.895,2.86,0.000,79.895,1.90,0.000,79.895,1.90,0.000,79.895,0.95,0.000,119.842,1.90,0.000,199.736,3.81,0.000,159.789,2.86,0.000,79.895,1.90,0.000,79.895,1.90,0.000,279.631,6.67,0.000,159.789,1.90,0.000,159.789,2.86
3.5949,0.000,9179.936,5.41,73.78,0.00,0.000,163.927,2.93,0.000,163.927,2.93,0.000,245.891,2.93,0.000,409.819,5.86,0.000,532.764,14.66,0.000,327.855,6.84,0.000,286.873,1.95,0.000,327.855,7.82,0.000,245.891,3.91,0.000,368.837,4.89,0.000,0.000,0.00,0.000,368.837,7.82,0.000,409.819,6.84,0.000,409.819,5.86,0.000,327.855,4.89,0.000,450.800,5.86,0.000,163.927,1.95,0.000,491.782,9.77,0.000,286.873,7.82,0.000,327.855,5.86,0.000,286.873,4.89,0.000,163.927,3.91,0.000,245.891,5.86,0.000,327.855,5.86,0.000,532.764,8.79,0.000,245.891,2.93,0.000,122.946,1.95,0.000,163.927,3.91,0.000,450.800,8.79,0.000,327.855,3.91
3.6975,0.000,6975.855,4.19,84.04,0.00,0.000,301.315,4.87,0.000,163.425,3.90,0.000,326.850,7.79,0.000,357.134,10.71,0.000,122.569,2.92,0.000,163.425,2.92,0.000,245.138,3.90,0.000,122.569,1.95,0.000,163.425,3.90,0.000,204.282,1.95,0.000,367.707,7.79,0.000,408.563,5.84,0.000,163.425,1.95,0.000,122.569,1.95,0.000,285.994,4.87,0.000,245.138,3.90,0.000,245.138,4.87,0.000,367.707,3.90,0.000,270.673,7.79,0.000,163.425,2.92,0.000,163.425,2.92,0.000,245.138,4.87,0.000,245.138,2.92,0.000,122.569,2.92,0.000,204.282,2.92,0.000,367.707,4.87,0.000,163.425,0.97,0.000,285.994,7.79,0.000,163.425,1.95,0.000,204.282,2.92
3.8001,0.000,9344.223,5.04,73.72,0.00,0.000,352.772,6.83,0.000,286.308,5.85,0.000,327.209,4.88,0.000,337.794,4.88,0.000,204.505,3.90,0.000,337.434,4.88,0.000,286.308,1.95,0.000,490.813,10.73,0.000,296.533,4.88,0.000,368.110,5.85,0.000,286.308,4.88,0.000,449.912,5.85,0.000,245.407,4.88,0.000,368.110,2.93,0.000,245.407,2.93,0.000,368.110,3.90,0.000,245.407,0.98,0.000,368.110,5.85,0.000,571.018,14.63,0.000,286.308,5.85,0.000,245.407,4.88,0.000,207.062,3.90,0.000,163.604,3.90,0.000,204.505,1.95,0.000,245.407,3.90,0.000,129.933,1.95,0.000,286.308,3.90,0.000,281.195,6.83,0.000,368.110,6.83,0.000,490.813,5.85
3.9027,0.000,6843.190,4.06,70.86,0.00,0.000,163.479,1.95,0.000,308.119,4.87,0.000,286.087,3.90,0.000,558.006,11.69,0.000,245.218,4.87,0.000,194.131,4.87,0.000,163.479,2.92,0.000,245.218,3.90,0.000,275.870,5.85,0.000,81.739,0.97,0.000,122.609,1.95,0.000,204.348,1.95,0.000,122.609,2.92,0.000,245.218,4.87,0.000,163.479,1.95,0.000,276.269,3.90,0.000,367.827,6.82,0.000,81.739,2.92,0.000,190.619,3.90,0.000,326.957,3.90,0.000,245.218,4.87,0.000,406.142,8.77,0.000,81.739,1.95,0.000,245.218,2.92,0.000,163.479,1.95,0.000,199.679,3.90,0.000,163.479,1.95,0.000,332.066,7.80,0.000,122.609,2.92,0.000,260.544,3.90
4.0065,0.000,4256.503,3.11,70.39,0.00,0.000,80.799,1.93,0.000,220.619,3.85,0.000,161.598,3.85,0.000,54.405,1.93,0.000,80.799,0.96,0.000,161.598,5.78,0.000,80.799,1.93,0.000,80.799,0.00,0.000,161.598,3.85,0.000,242.397,3.85,0.000,161.598,3.85,0.000,201.997,4.82,0.000,121.198,2.89,0.000,201.997,3.85,0.000,0.000,0.00,0.000,373.301,6.74,0.000,121.198,3.85,0.000,121.198,1.93,0.000,191.898,6.74,0.000,80.799,0.96,0.000,121.198,2.89,0.000,80.799,0.96,0.000,121.198,2.89,0.000,80.799,0.00,0.000,80.799,0.96,0.000,159.073,3.85,0.000,201.997,7.71,0.000,161.598,5.78,0.000,121.198,1.93,0.000,227.247,2.89
4.1095,0.000,6515.398,4.01,69.49,0.00,0.000,122.164,2.91,0.000,162.885,2.91,0.000,285.049,4.85,0.000,162.885,2.91,0.000,244.327,2.91,0.000,407.212,14.56,0.000,122.164,2.91,0.000,162.885,3.88,0.000,81.442,0.97,0.000,325.770,5.83,0.000,325.770,4.85,0.000,244.327,3.88,0.000,407.212,6.80,0.000,244.327,4.85,0.000,407.212,6.80,0.000,122.164,1.94,0.000,81.442,1.94,0.000,244.327,2.91,0.000,244.327,5.83,0.000,162.885,3.88,0.000,122.164,2.91,0.000,244.327,2.91,0.000,244.327,3.88,0.000,81.442,1.94,0.000,203.606,2.91,0.000,81.442,2.91,0.000,366.491,4.85,0.000,203.606,4.85,0.000,162.885,1.94,0.000,244.327,2.91
4.2119,0.000,5244.759,2.87,72.34,0.00,0.000,122.924,2.93,0.000,81.949,1.95,0.000,163.899,0.98,0.000,245.848,5.86,0.000,245.848,2.93,0.000,81.949,0.98,0.000,40.975,0.98,0.000,122.924,1.95,0.000,286.823,2.93,0.000,122.924,0.98,0.000,204.873,3.91,0.000,163.899,4.88,0.000,122.924,1.95,0.000,163.899,1.95,0.000,81.949,0.98,0.000,204.873,2.93,0.000,204.873,2.93,0.000,245.848,0.98,0.000,245.848,5.86,0.000,327.797,3.91,0.000,163.899,2.93,0.000,245.848,3.91,0.000,122.924,1.95,0.000,163.899,2.93,0.000,286.823,3.91,0.000,163.899,1.95,0.000,122.924,2.93,0.000,204.873,5.86,0.000,122.924,2.93,0.000,163.899,3.91
4.3140,0.000,14454.415,8.09,59.74,0.00,0.000,328.509,5.87,0.000,615.955,8.81,0.000,287.446,3.92,0.000,657.019,11.75,0.000,533.828,6.85,0.000,246.382,4.90,0.000,780.210,10.77,0.000,369.573,3.92,0.000,410.637,2.94,0.000,287.446,1.96,0.000,410.637,3.92,0.000,657.019,10.77,0.000,615.955,10.77,0.000,492.764,7.83,0.000,369.573,5.87,0.000,410.637,8.81,0.000,492.764,7.83,0.000,657.019,11.75,0.000,369.573,11.75,0.000,328.509,6.85,0.000,615.955,10.77,0.000,533.828,10.77,0.000,862.337,11.75,0.000,698.083,11.75,0.000,492.764,6.85,0.000,328.509,7.83,0.000,328.509,7.83,0.000,451.700,11.75,0.000,369.573,7.83,0.000,451.700,7.83
4.4162,0.000,6566.867,5.02,56.14,0.00,0.000,205.189,2.94,0.000,164.151,3.91,0.000,328.303,6.85,0.000,369.341,6.85,0.000,164.151,3.91,0.000,164.151,3.91,0.000,164.151,2.94,0.000,164.151,1.96,0.000,328.458,4.89,0.000,328.303,3.91,0.000,82.732,1.96,0.000,246.227,3.91,0.000,205.189,2.94,0.000,123.114,2.94,0.000,328.303,4.89,0.000,205.189,4.89,0.000,123.114,1.96,0.000,287.265,37.18,0.000,369.341,9.78,0.000,205.189,2.94,0.000,287.265,4.89,0.000,82.076,1.96,0.000,246.227,9.78,0.000,328.303,2.94,0.000,164.151,2.94,0.000,164.151,0.98,0.000,0.000,0.00,0.000,205.189,4.89,0.000,205.189,2.94,0.000,328.303,3.91
4.5182,0.000,3947.962,2.81,56.33,0.00,0.000,205.623,11.77,0.000,0.000,0.00,0.000,123.374,1.96,0.000,82.249,1.96,0.000,41.125,0.98,0.000,246.748,3.92,0.000,123.374,1.96,0.000,205.623,2.94,0.000,164.498,3.92,0.000,123.374,2.94,0.000,123.374,2.94,0.000,205.623,4.90,0.000,205.623,3.92,0.000,41.125,0.98,0.000,82.249,0.98,0.000,246.748,4.90,0.000,82.249,1.96,0.000,82.249,1.96,0.000,164.498,3.92,0.000,82.249,0.98,0.000,123.374,1.96,0.000,41.125,0.98,0.000,41.125,0.98,0.000,205.623,1.96,0.000,82.249,1.96,0.000,205.623,4.90,0.000,0.000,0.00,0.000,123.374,3.92,0.000,164.498,0.98,0.000,328.997,6.86
4.6203,0.000,5851.928,3.20,62.48,0.00,0.000,164.448,3.92,0.000,123.336,0.98,0.000,246.828,5.88,0.000,403.413,7.84,0.000,164.448,1.96,0.000,237.760,1.96,0.000,246.673,3.92,0.000,82.224,1.96,0.000,287.785,5.88,0.000,179.866,1.96,0.000,246.673,2.94,0.000,164.448,2.94,0.000,205.561,2.94,0.000,164.448,1.96,0.000,287.785,4.90,0.000,164.448,2.94,0.000,179.504,3.92,0.000,164.448,2.94,0.000,205.561,6.86,0.000,287.785,2.94,0.000,246.673,2.94,0.000,287.785,2.94,0.000,82.224,0.00,0.000,205.561,4.90,0.000,123.336,0.98,0.000,123.336,0.98,0.000,164.448,2.94,0.000,205.561,4.90,0.000,82.224,0.98,0.000,123.336,2.94
4.7223,0.000,2041.397,1.18,83.55,0.00,0.000,82.210,1.96,0.000,41.105,0.98,0.000,0.000,0.00,0.000,131.022,0.98,0.000,82.210,0.98,0.000,50.016,0.00,0.000,0.000,0.00,0.000,41.105,0.98,0.000,41.105,0.98,0.000,25.691,0.98,0.000,123.315,1.96,0.000,41.105,0.98,0.000,41.105,0.00,0.000,82.210,1.96,0.000,246.629,4.90,0.000,41.105,0.00,0.000,26.052,0.00,0.000,82.210,0.98,0.000,123.315,2.94,0.000,41.105,1.96,0.000,41.105,0.98,0.000,41.105,0.98,0.000,41.105,0.98,0.000,41.105,0.00,0.000,164.420,1.96,0.000,41.105,0.00,0.000,82.210,0.98,0.000,82.210,1.96,0.000,82.210,1.96,0.000,82.210,1.96
4.8258,0.000,7784.036,4.64,74.05,0.00,0.000,121.626,1.93,0.000,202.709,3.87,0.000,202.709,2.90,0.000,527.044,6.77,0.000,608.128,12.57,0.000,81.084,0.00,0.000,324.335,2.90,0.000,405.419,5.80,0.000,202.709,3.87,0.000,243.251,3.87,0.000,405.419,5.80,0.000,405.419,5.80,0.000,324.335,5.80,0.000,243.251,5.80,0.000,81.084,0.00,0.000,81.084,1.93,0.000,162.167,3.87,0.000,283.793,4.83,0.000,324.335,8.70,0.000,162.167,2.90,0.000,162.167,3.87,0.000,202.709,4.83,0.000,243.251,5.80,0.000,121.626,2.90,0.000,202.709,1.93,0.000,283.793,6.77,0.000,405.419,7.73,0.000,283.793,6.77,0.000,202.709,1.93,0.000,283.793,6.77
4.9305,0.000,3842.695,2.32,66.72,0.00,0.000,120.084,2.86,0.000,120.084,0.95,0.000,200.140,2.86,0.000,80.056,1.91,0.000,80.056,1.91,0.000,120.084,0.95,0.000,160.112,2.86,0.000,40.028,0.00,0.000,240.168,5.73,0.000,200.140,2.86,0.000,40.028,0.95,0.000,160.112,0.95,0.000,40.028,0.95,0.000,160.112,3.82,0.000,120.084,2.86,0.000,160.112,1.91,0.000,120.084,1.91,0.000,80.056,0.95,0.000,280.197,8.59,0.000,160.112,3.82,0.000,200.140,3.82,0.000,120.084,0.95,0.000,80.056,1.91,0.000,120.084,1.91,0.000,160.112,2.86,0.000,40.028,0.95,0.000,80.056,0.95,0.000,120.084,2.86,0.000,80.056,0.95,0.000,160.112,2.86
5.0329,0.000,6554.235,3.97,76.93,0.00,0.000,122.892,2.93,0.000,286.748,4.88,0.000,409.640,6.84,0.000,204.820,1.95,0.000,40.964,0.98,0.000,204.820,4.88,0.000,122.892,2.93,0.000,204.820,1.95,0.000,204.820,1.95,0.000,163.856,0.98,0.000,368.676,5.86,0.000,122.892,0.98,0.000,286.748,5.86,0.000,204.820,4.88,0.000,245.784,3.91,0.000,204.820,4.88,0.000,204.820,3.91,0.000,409.640,8.79,0.000,368.676,13.67,0.000,286.748,5.86,0.000,327.712,4.88,0.000,81.928,1.95,0.000,286.748,3.91,0.000,204.820,1.95,0.000,122.892,1.95,0.000,122.892,0.98,0.000,163.856,2.93,0.000,204.820,5.86,0.000,245.784,3.91,0.000,122.892,1.95
5.1352,0.000,10499.763,5.80,64.01,0.00,0.000,246.085,3.91,0.000,410.141,4.89,0.000,451.155,4.89,0.000,328.113,5.87,0.000,287.099,3.91,0.000,656.226,12.71,0.000,574.198,8.80,0.000,123.042,0.98,0.000,328.113,6.84,0.000,410.141,5.87,0.000,328.113,4.89,0.000,123.042,0.98,0.000,410.141,5.87,0.000,328.113,5.87,0.000,451.155,6.84,0.000,533.184,8.80,0.000,246.085,4.89,0.000,410.141,6.84,0.000,287.099,6.84,0.000,164.057,3.91,0.000,328.113,9.78,0.000,410.141,5.87,0.000,246.085,3.91,0.000,369.127,4.89,0.000,410.141,7.82,0.000,369.127,3.91,0.000,287.099,4.89,0.000,246.085,5.87,0.000,369.127,5.87,0.000,369.272,6.84
5.2405,0.000,7644.317,4.75,63.83,0.00,0.000,318.513,8.54,0.000,398.141,6.64,0.000,199.071,3.80,0.000,199.071,3.80,0.000,318.513,5.70,0.000,238.885,2.85,0.000,398.141,5.70,0.000,318.513,4.75,0.000,159.257,1.90,0.000,159.257,2.85,0.000,278.699,6.64,0.000,358.327,6.64,0.000,278.699,3.80,0.000,318.513,4.75,0.000,199.071,1.90,0.000,278.699,5.70,0.000,159.257,0.95,0.000,199.071,3.80,0.000,238.885,6.64,0.000,278.699,10.44,0.000,39.814,0.00,0.000,238.885,4.75,0.000,358.327,13.29,0.000,199.071,2.85,0.000,238.885,3.80,0.000,199.071,2.85,0.000,358.327,3.80,0.000,238.885,5.70,0.000,199.071,2.85,0.000,278.699,4.75
5.3429,0.000,4839.514,3.58,72.86,0.00,0.000,307.456,5.86,0.000,40.994,0.98,0.000,163.977,2.93,0.000,234.996,7.82,0.000,245.965,3.91,0.000,122.983,1.95,0.000,163.977,2.93,0.000,163.977,3.91,0.000,321.668,11.73,0.000,81.988,0.98,0.000,81.988,1.95,0.000,122.983,1.95,0.000,122.983,1.95,0.000,245.965,6.84,0.000,40.994,0.98,0.000,204.971,3.91,0.000,163.977,2.93,0.000,204.971,1.95,0.000,204.971,5.86,0.000,163.977,4.89,0.000,220.344,3.91,0.000,122.983,0.98,0.000,163.977,3.91,0.000,245.965,3.91,0.000,0.000,0.00,0.000,81.988,1.95,0.000,106.569,2.93,0.000,204.971,6.84,0.000,163.977,3.91,0.000,122.983,2.93
5.4448,0.000,4356.767,2.68,65.77,0.00,0.000,143.928,1.96,0.000,164.490,3.92,0.000,123.367,1.96,0.000,134.371,3.92,0.000,164.490,0.98,0.000,82.245,1.96,0.000,287.857,4.90,0.000,205.612,4.90,0.000,129.672,1.96,0.000,82.245,1.96,0.000,164.490,1.96,0.000,82.245,1.96,0.000,123.367,0.98,0.000,370.102,5.88,0.000,41.122,0.98,0.000,164.490,2.94,0.000,0.000,0.00,0.000,205.612,3.92,0.000,123.367,2.94,0.000,123.367,1.96,0.000,107.946,0.98,0.000,41.122,1.96,0.000,123.367,2.94,0.000,287.857,4.90,0.000,246.734,4.90,0.000,205.612,2.94,0.000,98.710,1.96,0.000,123.367,3.92,0.000,82.245,0.98,0.000,123.367,2.94
5.5470,0.000,5254.326,3.26,73.10,0.00,0.000,205.242,2.94,0.000,328.387,6.85,0.000,164.193,2.94,0.000,123.145,1.96,0.000,205.242,3.91,0.000,164.193,2.94,0.000,328.387,6.85,0.000,41.048,0.98,0.000,82.097,1.96,0.000,205.242,2.94,0.000,205.242,2.94,0.000,123.145,2.94,0.000,246.290,2.94,0.000,246.290,2.94,0.000,123.145,2.94,0.000,82.097,0.98,0.000,287.479,5.87,0.000,82.097,1.96,0.000,82.097,1.96,0.000,205.242,4.89,0.000,246.290,3.91,0.000,205.242,3.91,0.000,164.193,2.94,0.000,205.242,3.91,0.000,164.193,2.94,0.000,164.193,4.89,0.000,82.097,0.98,0.000,41.048,0.98,0.000,246.290,4.89,0.000,205.242,3.91
5.6495,0.000,5237.333,3.02,75.42,0.00,0.000,122.750,1.95,0.000,40.917,0.98,0.000,163.667,2.93,0.000,327.333,2.93,0.000,163.667,2.93,0.000,163.667,2.93,0.000,0.000,0.00,0.000,122.750,1.95,0.000,81.833,0.98,0.000,204.583,8.78,0.000,122.750,0.98,0.000,327.333,4.88,0.000,204.583,2.93,0.000,163.667,1.95,0.000,40.917,0.00,0.000,81.833,0.98,0.000,204.583,1.95,0.000,40.917,0.98,0.000,122.750,3.90,0.000,163.667,1.95,0.000,286.417,4.88,0.000,122.750,2.93,0.000,204.583,3.90,0.000,204.583,3.90,0.000,81.833,1.95,0.000,450.083,7.80,0.000,327.333,4.88,0.000,245.500,6.83,0.000,286.417,4.88,0.000,163.667,1.95
5.7518,0.000,10603.319,5.70,60.57,0.00,0.000,245.535,3.91,0.000,328.020,6.84,0.000,465.963,6.84,0.000,492.030,8.80,0.000,451.028,6.84,0.000,315.207,4.89,0.000,287.018,3.91,0.000,369.023,5.87,0.000,427.964,4.89,0.000,492.030,9.78,0.000,287.018,4.89,0.000,164.010,3.91,0.000,82.005,1.96,0.000,287.018,5.87,0.000,287.018,4.89,0.000,410.025,5.87,0.000,461.278,6.84,0.000,435.812,6.84,0.000,164.010,3.91,0.000,525.145,8.80,0.000,615.038,8.80,0.000,369.023,5.87,0.000,410.025,5.87,0.000,246.015,2.93,0.000,287.018,5.87,0.000,302.394,3.91,0.000,369.023,4.89,0.000,289.580,9.78,0.000,328.020,3.91,0.000,410.025,2.93
5.8544,0.000,11675.098,6.60,53.02,0.00,0.000,491.376,7.80,0.000,368.173,5.85,0.000,475.996,6.83,0.000,245.448,5.85,0.000,449.989,4.88,0.000,340.048,4.88,0.000,327.265,5.85,0.000,245.448,3.90,0.000,350.275,6.83,0.000,245.448,4.88,0.000,327.265,5.85,0.000,572.713,6.83,0.000,490.897,7.80,0.000,327.265,5.85,0.000,449.989,6.83,0.000,368.173,5.85,0.000,439.762,6.83,0.000,628.802,8.78,0.000,163.632,3.90,0.000,335.135,5.85,0.000,409.081,5.85,0.000,449.989,7.80,0.000,490.897,8.78,0.000,368.173,5.85,0.000,409.081,7.80,0.000,271.016,3.90,0.000,327.265,5.85,0.000,447.432,16.58,0.000,409.081,5.85,0.000,449.989,7.80
5.9566,0.000,2624.561,1.89,61.79,0.00,0.000,123.026,0.98,0.000,164.035,2.93,0.000,82.018,2.93,0.000,123.026,0.00,0.000,41.009,0.98,0.000,123.026,2.93,0.000,41.009,0.00,0.000,82.018,1.96,0.000,41.009,0.98,0.000,123.026,2.93,0.000,123.026,2.93,0.000,123.026,1.96,0.000,164.035,1.96,0.000,41.009,0.00,0.000,205.044,3.91,0.000,41.009,0.98,0.000,82.018,2.93,0.000,0.000,0.00,0.000,123.026,5.87,0.000,41.009,2.93,0.000,82.018,0.98,0.000,123.026,2.93,0.000,41.009,0.98,0.000,82.018,1.96,0.000,41.009,0.98,0.000,82.018,0.98,0.000,82.018,1.96,0.000,82.018,2.93,0.000,41.009,0.98,0.000,82.018,1.96
6.0589,0.000,5247.890,3.29,69.45,0.00,0.000,163.997,1.95,0.000,245.995,4.89,0.000,286.994,3.91,0.000,245.995,2.93,0.000,81.998,0.98,0.000,163.997,2.93,0.000,204.996,5.86,0.000,81.998,1.95,0.000,122.997,2.93,0.000,81.998,0.98,0.000,204.996,3.91,0.000,245.995,3.91,0.000,81.998,1.95,0.000,204.996,2.93,0.000,286.994,5.86,0.000,122.997,2.93,0.000,163.997,2.93,0.000,81.998,1.95,0.000,204.996,5.86,0.000,368.992,6.84,0.000,122.997,2.93,0.000,81.998,1.95,0.000,81.998,0.98,0.000,286.994,4.89,0.000,163.997,2.93,0.000,204.996,3.91,0.000,245.995,4.89,0.000,81.998,2.93,0.000,245.995,2.93,0.000,81.998,1.95
6.1635,0.000,5132.703,3.03,81.51,0.00,0.000,40.099,0.00,0.000,240.595,4.78,0.000,0.000,0.00,0.000,240.595,3.82,0.000,240.595,4.78,0.000,40.099,0.96,0.000,120.298,0.00,0.000,80.198,0.96,0.000,120.298,2.87,0.000,280.695,5.74,0.000,240.595,6.69,0.000,360.893,5.74,0.000,160.397,4.78,0.000,240.595,3.82,0.000,200.496,3.82,0.000,120.298,0.96,0.000,160.397,3.82,0.000,320.794,3.82,0.000,200.496,4.78,0.000,120.298,2.87,0.000,200.496,3.82,0.000,160.397,1.91,0.000,240.595,3.82,0.000,160.397,2.87,0.000,280.695,4.78,0.000,200.496,4.78,0.000,240.595,1.91,0.000,80.198,1.91,0.000,0.000,0.00,0.000,40.099,0.00
6.2658,0.000,4391.792,2.57,71.43,0.00,0.000,164.025,1.96,0.000,82.013,1.96,0.000,205.031,3.91,0.000,41.006,0.98,0.000,123.019,2.93,0.000,164.025,1.96,0.000,113.328,1.96,0.000,240.872,2.93,0.000,123.174,1.96,0.000,207.594,4.89,0.000,222.972,2.93,0.000,101.154,0.98,0.000,164.025,3.91,0.000,246.038,3.91,0.000,123.019,2.93,0.000,205.031,2.93,0.000,164.025,3.91,0.000,82.013,1.96,0.000,200.947,3.91,0.000,164.025,0.98,0.000,102.516,1.96,0.000,123.019,3.91,0.000,41.006,0.98,0.000,246.038,3.91,0.000,123.019,0.98,0.000,99.953,0.98,0.000,164.025,2.93,0.000,149.849,3.91,0.000,41.006,0.98,0.000,164.025,2.93
6.3684,0.000,4778.025,2.57,68.05,0.00,0.000,163.481,1.95,0.000,122.611,2.92,0.000,163.481,1.95,0.000,122.611,0.97,0.000,81.741,1.95,0.000,204.352,1.95,0.000,132.270,0.97,0.000,209.500,2.92,0.000,163.481,1.95,0.000,120.057,1.95,0.000,145.600,3.90,0.000,267.014,5.85,0.000,81.741,0.97,0.000,286.092,5.85,0.000,81.741,0.97,0.000,122.611,2.92,0.000,245.222,0.97,0.000,163.481,3.90,0.000,44.941,1.95,0.000,81.741,0.97,0.000,183.916,2.92,0.000,122.611,0.97,0.000,40.870,0.97,0.000,245.372,4.87,0.000,367.833,5.85,0.000,186.471,3.90,0.000,163.481,1.95,0.000,136.740,2.92,0.000,81.741,0.97,0.000,245.222,3.90
6.4735,0.000,7662.856,4.31,67.99,0.00,0.000,279.375,2.85,0.000,159.643,2.85,0.000,119.732,2.85,0.000,319.286,3.81,0.000,199.554,2.85,0.000,239.464,3.81,0.000,199.554,2.85,0.000,359.196,7.61,0.000,439.018,5.71,0.000,199.554,2.85,0.000,199.554,3.81,0.000,359.196,3.81,0.000,319.286,1.90,0.000,239.464,2.85,0.000,439.018,8.56,0.000,199.554,4.76,0.000,239.464,4.76,0.000,159.643,2.85,0.000,478.928,13.32,0.000,119.732,1.90,0.000,359.196,8.56,0.000,279.375,3.81,0.000,239.464,1.90,0.000,39.911,0.00,0.000,319.286,5.71,0.000,119.732,2.85,0.000,159.643,1.90,0.000,319.286,8.56,0.000,319.286,5.71,0.000,239.464,3.81
6.5762,0.000,10458.831,5.88,67.10,0.00,0.000,408.548,5.84,0.000,612.822,13.64,0.000,285.984,6.82,0.000,245.129,2.92,0.000,571.967,9.74,0.000,285.984,0.97,0.000,326.838,5.84,0.000,285.984,3.90,0.000,326.838,5.84,0.000,204.274,1.95,0.000,163.419,1.95,0.000,326.838,5.84,0.000,204.274,1.95,0.000,490.258,8.77,0.000,285.984,5.84,0.000,326.838,4.87,0.000,285.984,4.87,0.000,408.548,4.87,0.000,204.274,7.79,0.000,204.274,2.92,0.000,449.403,7.79,0.000,326.838,6.82,0.000,449.403,2.92,0.000,245.129,5.84,0.000,449.403,7.79,0.000,285.984,4.87,0.000,449.403,8.77,0.000,367.693,9.74,0.000,326.838,4.87,0.000,653.677,9.74
6.6785,0.000,9180.559,5.18,61.03,0.00,0.000,327.877,5.86,0.000,204.923,3.91,0.000,450.831,6.84,0.000,204.923,2.93,0.000,245.908,2.93,0.000,122.954,1.95,0.000,491.816,8.79,0.000,286.892,2.93,0.000,491.816,6.84,0.000,368.862,8.79,0.000,327.877,3.91,0.000,163.939,1.95,0.000,409.846,7.82,0.000,450.831,8.79,0.000,245.908,2.93,0.000,409.846,6.84,0.000,245.908,2.93,0.000,409.846,5.86,0.000,286.892,8.79,0.000,286.892,6.84,0.000,122.954,1.95,0.000,204.923,2.93,0.000,122.954,1.95,0.000,409.846,7.82,0.000,409.846,5.86,0.000,368.862,4.89,0.000,450.831,8.79,0.000,163.939,3.91,0.000,163.939,2.93,0.000,327.877,5.86
6.7807,0.000,1314.307,0.82,71.86,0.00,0.000,41.072,0.98,0.000,205.360,5.88,0.000,41.072,0.98,0.000,0.000,0.00,0.000,0.000,0.00,0.000,82.144,0.98,0.000,41.072,0.98,0.000,41.072,0.98,0.000,123.216,0.98,0.000,0.000,0.00,0.000,0.000,0.00,0.000,0.000,0.00,0.000,82.144,1.96,0.000,41.072,0.00,0.000,82.144,0.98,0.000,41.072,1.96,0.000,123.216,1.96,0.000,41.072,0.98,0.000,41.072,0.98,0.000,41.072,0.98,0.000,41.072,0.98,0.000,0.000,0.00,0.000,41.072,0.00,0.000,0.000,0.00,0.000,82.144,0.98,0.000,41.072,0.00,0.000,0.000,0.00,0.000,0.000,0.00,0.000,41.072,0.98,0.000,0.000,0.00
6.8828,0.000,5255.214,3.20,81.82,0.00,0.000,164.218,2.94,0.000,164.218,1.96,0.000,164.218,3.92,0.000,41.055,0.98,0.000,246.477,4.89,0.000,246.327,4.89,0.000,205.273,2.94,0.000,246.327,4.89,0.000,205.273,4.89,0.000,123.164,1.96,0.000,123.164,1.96,0.000,0.000,0.00,0.000,246.327,3.92,0.000,164.218,1.96,0.000,123.164,2.94,0.000,82.109,0.98,0.000,123.164,0.98,0.000,123.164,0.98,0.000,164.218,3.92,0.000,287.382,4.89,0.000,328.436,5.87,0.000,123.164,2.94,0.000,123.164,0.98,0.000,205.273,3.92,0.000,328.521,3.92,0.000,205.273,9.79,0.000,205.273,2.94,0.000,41.055,0.98,0.000,205.273,1.96,0.000,246.327,5.87
6.9851,0.000,7872.774,4.37,68.24,0.00,0.000,287.028,5.87,0.000,41.004,0.98,0.000,205.020,1.96,0.000,246.024,5.87,0.000,287.028,1.96,0.000,246.024,5.87,0.000,246.024,3.91,0.000,287.028,5.87,0.000,451.044,4.89,0.000,205.020,2.93,0.000,123.012,1.96,0.000,369.036,7.82,0.000,205.020,4.89,0.000,410.040,5.87,0.000,246.024,4.89,0.000,246.024,3.91,0.000,205.020,2.93,0.000,246.024,2.93,0.000,246.024,6.84,0.000,246.024,3.91,0.000,410.040,6.84,0.000,287.028,2.93,0.000,164.016,2.93,0.000,123.012,1.96,0.000,369.036,4.89,0.000,328.032,3.91,0.000,328.032,5.87,0.000,328.032,7.82,0.000,328.032,6.84,0.000,164.016,0.98
7.0872,0.000,7777.847,4.86,65.39,0.00,0.000,164.285,3.92,0.000,246.427,5.88,0.000,369.640,5.88,0.000,328.569,6.85,0.000,82.142,1.96,0.000,616.067,9.79,0.000,492.854,8.81,0.000,205.356,2.94,0.000,205.356,4.90,0.000,164.285,0.98,0.000,205.356,4.90,0.000,123.213,1.96,0.000,205.356,2.94,0.000,205.356,4.90,0.000,123.213,2.94,0.000,287.498,4.90,0.000,287.498,4.90,0.000,205.356,2.94,0.000,374.774,14.69,0.000,328.569,3.92,0.000,246.427,3.92,0.000,420.979,4.90,0.000,164.285,1.96,0.000,369.640,5.88,0.000,164.285,1.96,0.000,246.427,2.94,0.000,287.498,4.90,0.000,205.356,8.81,0.000,287.498,5.88,0.000,164.285,3.92
7.1926,0.000,9024.658,5.00,62.17,0.00,0.000,438.042,6.65,0.000,159.288,2.85,0.000,358.398,5.70,0.000,398.220,6.65,0.000,159.288,2.85,0.000,398.220,6.65,0.000,199.110,2.85,0.000,159.288,2.85,0.000,159.288,1.90,0.000,318.576,4.75,0.000,199.110,2.85,0.000,199.110,2.85,0.000,238.932,3.80,0.000,398.220,5.70,0.000,318.576,6.65,0.000,358.398,5.70,0.000,238.932,2.85,0.000,318.576,6.65,0.000,393.242,11.39,0.000,358.398,3.80,0.000,318.576,4.75,0.000,507.730,8.54,0.000,278.754,5.70,0.000,597.330,8.54,0.000,358.398,3.80,0.000,159.288,3.80,0.000,318.576,5.70,0.000,278.754,6.65,0.000,119.466,1.90,0.000,318.576,4.75
7.2949,0.000,6559.975,3.91,62.31,0.00,0.000,286.993,4.89,0.000,287.138,5.86,0.000,163.996,0.98,0.000,81.998,1.95,0.000,204.995,2.93,0.000,163.996,1.95,0.000,122.997,1.95,0.000,245.994,3.91,0.000,286.993,3.91,0.000,122.997,3.91,0.000,122.997,0.98,0.000,450.988,12.71,0.000,204.995,4.89,0.000,122.997,1.95,0.000,122.997,2.93,0.000,286.993,4.89,0.000,204.995,3.91,0.000,286.993,5.86,0.000,245.994,5.86,0.000,204.995,1.95,0.000,409.989,7.82,0.000,327.991,4.89,0.000,163.996,1.95,0.000,204.995,4.89,0.000,81.998,1.95,0.000,245.994,1.95,0.000,409.989,4.89,0.000,245.994,5.86,0.000,81.998,1.95,0.000,163.996,2.93
7.3972,0.000,3244.602,2.02,64.58,0.00,0.000,81.944,0.00,0.000,40.972,0.98,0.000,245.831,4.88,0.000,122.915,2.93,0.000,0.000,0.00,0.000,122.915,1.95,0.000,40.972,0.00,0.000,40.972,0.98,0.000,81.944,1.95,0.000,0.000,0.00,0.000,163.887,2.93,0.000,122.915,0.98,0.000,81.944,0.98,0.000,122.915,0.98,0.000,163.887,1.95,0.000,166.448,3.91,0.000,0.000,0.00,0.000,245.831,2.93,0.000,122.915,3.91,0.000,122.915,1.95,0.000,122.915,1.95,0.000,81.944,1.95,0.000,81.944,1.95,0.000,87.065,1.95,0.000,122.915,2.93,0.000,81.944,0.98,0.000,40.972,0.98,0.000,163.887,5.86,0.000,123.065,2.93,0.000,245.831,4.88
7.4995,0.000,5942.254,3.42,67.38,0.00,0.000,287.239,5.87,0.000,205.171,2.93,0.000,205.171,3.91,0.000,205.171,3.91,0.000,205.171,1.96,0.000,164.136,3.91,0.000,41.034,0.98,0.000,328.273,3.91,0.000,369.307,4.89,0.000,246.205,2.93,0.000,164.136,3.91,0.000,164.136,2.93,0.000,123.102,1.96,0.000,246.205,3.91,0.000,123.102,0.98,0.000,284.674,3.91,0.000,246.205,4.89,0.000,82.068,0.98,0.000,164.136,3.91,0.000,205.171,2.93,0.000,164.136,3.91,0.000,246.205,3.91,0.000,164.136,0.98,0.000,117.973,1.96,0.000,164.136,2.93,0.000,82.068,1.96,0.000,205.171,2.93,0.000,205.171,6.85,0.000,246.205,3.91,0.000,287.239,7.83
7.6018,0.000,5243.423,3.35,64.86,0.00,0.000,40.964,0.98,0.000,122.893,2.93,0.000,81.928,2.93,0.000,81.928,1.95,0.000,40.964,0.00,0.000,163.857,2.93,0.000,204.821,3.91,0.000,163.857,2.93,0.000,286.750,3.91,0.000,286.750,2.93,0.000,81.928,1.95,0.000,122.893,2.93,0.000,204.821,3.91,0.000,163.857,3.91,0.000,163.857,0.98,0.000,245.785,6.84,0.000,122.893,0.98,0.000,122.893,0.98,0.000,327.714,9.77,0.000,122.893,2.93,0.000,122.893,1.95,0.000,122.893,1.95,0.000,204.821,1.95,0.000,81.928,0.98,0.000,163.857,2.93,0.000,450.607,10.74,0.000,204.821,1.95,0.000,163.857,4.88,0.000,204.821,2.93,0.000,368.678,9.77
7.7076,0.000,5078.464,3.15,65.20,0.00,0.000,238.027,3.78,0.000,238.027,3.78,0.000,238.027,3.78,0.000,158.684,1.89,0.000,158.684,2.84,0.000,79.488,1.89,0.000,39.671,0.00,0.000,198.356,3.78,0.000,277.698,4.73,0.000,39.671,0.95,0.000,238.027,1.89,0.000,119.013,1.89,0.000,39.671,0.00,0.000,238.027,4.73,0.000,119.013,0.95,0.000,158.684,2.84,0.000,238.027,4.73,0.000,158.830,2.84,0.000,277.698,7.57,0.000,158.684,3.78,0.000,158.684,1.89,0.000,198.356,1.89,0.000,79.342,1.89,0.000,119.013,3.78,0.000,79.342,1.89,0.000,119.013,1.89,0.000,119.013,1.89,0.000,238.298,12.30,0.000,238.027,3.78,0.000,317.369,4.73
7.8115,0.000,9036.881,5.19,68.20,0.00,0.000,685.835,11.54,0.000,322.746,4.81,0.000,282.403,7.69,0.000,161.373,2.89,0.000,161.373,3.85,0.000,201.716,2.89,0.000,322.746,3.85,0.000,322.746,6.73,0.000,121.030,0.96,0.000,201.716,5.77,0.000,201.716,1.92,0.000,121.030,2.89,0.000,201.716,4.81,0.000,363.089,5.77,0.000,322.746,5.77,0.000,322.746,5.77,0.000,242.059,4.81,0.000,363.089,5.77,0.000,282.403,6.73,0.000,363.089,8.66,0.000,403.432,3.85,0.000,403.432,6.73,0.000,282.403,5.77,0.000,605.148,9.62,0.000,524.462,4.81,0.000,161.373,1.92,0.000,484.119,7.69,0.000,201.716,4.81,0.000,242.059,2.89,0.000,161.373,3.85
7.9138,0.000,4557.689,3.03,67.25,0.00,0.000,0.000,0.00,0.000,82.061,2.93,0.000,41.030,0.98,0.000,233.360,4.89,0.000,164.121,1.96,0.000,82.061,1.96,0.000,123.091,1.96,0.000,82.061,0.00,0.000,82.061,0.98,0.000,169.250,4.89,0.000,82.061,1.96,0.000,246.182,6.85,0.000,123.091,1.96,0.000,164.121,3.91,0.000,205.151,3.91,0.000,246.182,2.93,0.000,223.102,2.93,0.000,164.121,2.93,0.000,251.311,10.76,0.000,198.981,1.96,0.000,82.061,0.00,0.000,82.061,1.96,0.000,41.030,0.98,0.000,246.182,5.87,0.000,41.030,0.98,0.000,259.004,3.91,0.000,246.182,2.93,0.000,272.948,6.85,0.000,123.091,2.93,0.000,200.704,3.91
8.0163,0.000,7236.524,4.16,62.01,0.00,0.000,204.515,3.90,0.000,327.224,4.88,0.000,204.515,3.90,0.000,176.394,2.93,0.000,245.418,4.88,0.000,286.321,3.90,0.000,122.709,1.95,0.000,409.030,4.88,0.000,163.612,2.93,0.000,117.596,1.95,0.000,163.612,1.95,0.000,204.515,1.95,0.000,368.127,6.83,0.000,245.418,3.90,0.000,245.418,2.93,0.000,122.709,1.95,0.000,268.426,9.75,0.000,204.515,2.93,0.000,403.918,11.70,0.000,292.473,3.90,0.000,245.418,4.88,0.000,409.030,5.85,0.000,163.612,2.93,0.000,327.224,6.83,0.000,204.515,2.93,0.000,314.442,5.85,0.000,245.418,0.98,0.000,177.832,3.90,0.000,163.612,2.93,0.000,208.949,3.90
8.1185,0.000,3940.574,2.32,74.26,0.00,0.000,287.334,6.85,0.000,82.095,0.98,0.000,246.286,1.96,0.000,164.191,1.96,0.000,123.143,0.98,0.000,123.143,1.96,0.000,82.095,1.96,0.000,123.143,0.98,0.000,123.143,2.94,0.000,41.048,1.96,0.000,164.191,1.96,0.000,164.191,2.94,0.000,41.048,0.98,0.000,205.238,4.89,0.000,287.334,4.89,0.000,164.191,3.91,0.000,41.048,0.98,0.000,123.143,0.98,0.000,0.000,0.00,0.000,41.048,0.98,0.000,164.191,3.91,0.000,123.143,1.96,0.000,82.095,0.98,0.000,246.286,4.89,0.000,82.095,0.98,0.000,41.048,0.98,0.000,164.191,1.96,0.000,123.143,3.91,0.000,82.095,0.98,0.000,205.238,3.91
8.2211,0.000,10460.354,5.88,69.95,0.00,0.000,286.021,3.90,0.000,408.602,8.77,0.000,408.602,6.82,0.000,326.881,6.82,0.000,572.042,7.79,0.000,408.602,7.79,0.000,286.021,4.87,0.000,408.602,5.85,0.000,326.881,4.87,0.000,286.021,5.85,0.000,204.301,2.92,0.000,408.602,5.85,0.000,408.602,6.82,0.000,408.602,5.85,0.000,326.881,6.82,0.000,367.742,7.79,0.000,204.301,1.95,0.000,735.483,11.69,0.000,163.441,5.85,0.000,367.891,9.74,0.000,449.462,5.85,0.000,122.581,2.92,0.000,490.322,5.85,0.000,367.742,5.85,0.000,367.742,4.87,0.000,286.021,3.90,0.000,204.301,1.95,0.000,326.881,7.79,0.000,286.021,4.87,0.000,245.161,3.90
8.3235,0.000,6553.195,3.58,64.85,0.00,0.000,122.872,1.95,0.000,286.702,5.86,0.000,286.702,2.93,0.000,245.745,4.88,0.000,204.787,2.93,0.000,204.787,1.95,0.000,327.660,4.88,0.000,245.745,2.93,0.000,204.787,1.95,0.000,286.702,3.91,0.000,163.830,1.95,0.000,81.915,1.95,0.000,122.872,1.95,0.000,245.745,4.88,0.000,122.872,2.93,0.000,204.787,4.88,0.000,245.745,3.91,0.000,327.660,4.88,0.000,204.787,4.88,0.000,81.915,1.95,0.000,368.617,5.86,0.000,409.575,6.84,0.000,286.702,5.86,0.000,368.617,4.88,0.000,81.915,0.98,0.000,163.830,1.95,0.000,163.830,2.93,0.000,163.830,3.91,0.000,163.830,2.93,0.000,163.830,2.93
8.4259,0.000,3933.763,2.74,68.46,0.00,0.000,0.000,0.00,0.000,0.000,0.00,0.000,81.953,2.93,0.000,81.953,0.00,0.000,40.977,0.98,0.000,122.930,1.95,0.000,163.907,3.91,0.000,122.930,0.98,0.000,40.977,0.98,0.000,327.814,8.79,0.000,204.884,3.91,0.000,204.884,5.86,0.000,163.907,3.91,0.000,122.930,3.91,0.000,327.814,4.88,0.000,163.907,3.91,0.000,245.860,5.86,0.000,163.907,2.93,0.000,81.953,2.93,0.000,81.953,0.98,0.000,40.977,0.00,0.000,40.977,0.00,0.000,163.907,1.95,0.000,81.953,0.98,0.000,81.953,0.00,0.000,81.953,1.95,0.000,122.930,0.98,0.000,245.860,8.79,0.000,81.953,0.98,0.000,245.860,6.84
8.5282,0.000,3937.343,2.90,77.41,0.00,0.000,41.012,0.98,0.000,82.025,1.96,0.000,41.012,0.00,0.000,164.050,3.91,0.000,82.025,1.96,0.000,41.012,0.98,0.000,82.175,2.93,0.000,205.062,5.87,0.000,123.037,1.96,0.000,41.012,0.98,0.000,205.062,2.93,0.000,205.062,4.89,0.000,164.050,0.98,0.000,82.025,1.96,0.000,82.025,1.96,0.000,205.062,5.87,0.000,82.025,3.91,0.000,246.075,4.89,0.000,164.050,4.89,0.000,82.025,0.98,0.000,205.062,1.96,0.000,41.012,0.98,0.000,123.037,2.93,0.000,41.012,1.96,0.000,205.062,4.89,0.000,164.050,2.93,0.000,205.062,3.91,0.000,164.050,4.89,0.000,164.050,2.93,0.000,205.062,4.89
8.6305,0.000,10097.783,5.89,74.22,0.00,0.000,368.756,5.86,0.000,532.648,9.77,0.000,245.837,2.93,0.000,327.783,6.84,0.000,528.767,11.72,0.000,368.756,2.93,0.000,122.919,1.95,0.000,81.946,0.00,0.000,327.783,5.86,0.000,327.783,7.81,0.000,491.675,10.75,0.000,414.851,8.79,0.000,245.837,5.86,0.000,450.702,6.84,0.000,368.756,6.84,0.000,327.783,4.88,0.000,368.756,5.86,0.000,327.783,6.84,0.000,368.756,8.79,0.000,409.729,5.86,0.000,368.756,6.84,0.000,368.756,6.84,0.000,204.865,4.88,0.000,245.837,0.98,0.000,544.732,7.81,0.000,204.865,1.95,0.000,409.729,5.86,0.000,250.959,5.86,0.000,204.865,3.91,0.000,286.810,4.88
8.7331,0.000,8245.063,4.55,62.15,0.00,0.000,163.633,1.95,0.000,163.633,0.98,0.000,368.175,5.85,0.000,163.633,2.93,0.000,167.508,1.95,0.000,163.633,1.95,0.000,327.267,5.85,0.000,286.358,3.90,0.000,449.991,7.80,0.000,327.267,5.85,0.000,204.542,3.90,0.000,322.153,5.85,0.000,122.725,1.95,0.000,327.267,3.90,0.000,245.450,5.85,0.000,204.542,3.90,0.000,572.716,7.80,0.000,368.175,5.85,0.000,163.633,4.88,0.000,204.542,4.88,0.000,286.358,4.88,0.000,327.267,3.90,0.000,286.358,4.88,0.000,327.267,4.88,0.000,397.018,4.88,0.000,368.175,6.83,0.000,368.175,7.80,0.000,240.336,5.85,0.000,163.633,2.93,0.000,163.633,1.95
8.8352,0.000,3942.672,2.81,53.55,0.00,0.000,369.613,3.92,0.000,205.340,3.92,0.000,164.272,4.90,0.000,0.000,0.00,0.000,205.340,3.92,0.000,164.272,2.94,0.000,82.136,0.98,0.000,82.136,0.98,0.000,82.136,0.98,0.000,82.136,2.94,0.000,287.477,5.87,0.000,123.204,2.94,0.000,82.136,2.94,0.000,41.068,0.98,0.000,164.272,2.94,0.000,287.612,6.85,0.000,123.204,1.96,0.000,164.272,3.92,0.000,164.272,5.87,0.000,41.068,0.98,0.000,164.272,3.92,0.000,205.340,3.92,0.000,82.136,0.98,0.000,123.204,3.92,0.000,0.000,0.00,0.000,123.204,2.94,0.000,41.068,0.98,0.000,164.272,3.92,0.000,41.068,0.98,0.000,82.136,1.96
8.9381,0.000,9132.674,4.80,61.94,0.00,0.000,448.444,6.80,0.000,244.606,3.89,0.000,366.908,6.80,0.000,407.676,7.78,0.000,448.444,5.83,0.000,326.141,3.89,0.000,326.141,5.83,0.000,203.838,2.92,0.000,285.373,5.83,0.000,163.070,1.94,0.000,163.070,4.86,0.000,326.141,4.86,0.000,489.211,7.78,0.000,326.141,5.83,0.000,163.070,0.97,0.000,285.373,1.94,0.000,326.141,6.80,0.000,489.211,5.83,0.000,203.838,5.83,0.000,244.606,3.89,0.000,326.141,3.89,0.000,367.640,4.86,0.000,244.606,3.89,0.000,203.838,2.92,0.000,122.303,1.94,0.000,285.373,2.92,0.000,489.211,8.75,0.000,203.838,4.86,0.000,285.373,2.92,0.000,366.908,6.80
9.0415,0.000,3891.898,2.13,63.86,0.00,0.000,81.078,1.93,0.000,40.539,0.00,0.000,162.156,1.93,0.000,81.078,0.97,0.000,121.617,1.93,0.000,202.695,2.90,0.000,40.539,0.97,0.000,81.078,0.97,0.000,162.156,2.90,0.000,202.695,2.90,0.000,162.156,0.97,0.000,243.234,3.87,0.000,81.078,1.93,0.000,121.617,0.00,0.000,243.234,9.67,0.000,121.617,0.00,0.000,202.695,3.87,0.000,121.617,0.97,0.000,40.539,0.97,0.000,81.078,1.93,0.000,162.156,1.93,0.000,202.844,3.87,0.000,243.234,4.83,0.000,162.156,2.90,0.000,81.078,0.97,0.000,0.000,0.00,0.000,162.156,1.93,0.000,40.539,0.97,0.000,121.617,2.90,0.000,121.617,1.93
9.1438,0.000,9185.426,5.05,66.12,0.00,0.000,287.045,4.89,0.000,615.095,8.80,0.000,287.045,2.93,0.000,451.070,5.87,0.000,287.045,3.91,0.000,287.045,4.89,0.000,410.064,5.87,0.000,164.025,2.93,0.000,451.070,4.89,0.000,164.025,1.96,0.000,205.032,3.91,0.000,369.057,6.84,0.000,287.045,6.84,0.000,410.064,8.80,0.000,246.038,2.93,0.000,287.045,3.91,0.000,205.032,4.89,0.000,287.045,4.89,0.000,410.064,12.71,0.000,369.057,4.89,0.000,492.076,6.84,0.000,123.019,1.96,0.000,123.019,2.93,0.000,205.032,4.89,0.000,287.045,3.91,0.000,205.032,2.93,0.000,410.064,6.84,0.000,205.032,4.89,0.000,246.038,2.93,0.000,410.064,5.87
9.2458,0.000,2632.064,1.90,61.10,0.00,0.000,82.252,1.96,0.000,0.000,0.00,0.000,41.126,0.00,0.000,82.252,1.96,0.000,123.378,1.96,0.000,0.000,0.00,0.000,82.252,0.00,0.000,0.000,0.00,0.000,82.252,1.96,0.000,41.126,0.98,0.000,82.252,2.94,0.000,82.252,0.98,0.000,41.126,0.98,0.000,246.756,5.88,0.000,0.000,0.00,0.000,123.378,2.94,0.000,205.630,2.94,0.000,123.378,2.94,0.000,0.000,0.00,0.000,123.378,1.96,0.000,123.378,1.96,0.000,41.126,0.00,0.000,164.504,3.92,0.000,82.252,1.96,0.000,41.126,0.98,0.000,41.126,0.00,0.000,82.252,0.98,0.000,370.134,13.73,0.000,41.126,0.98,0.000,82.252,1.96
9.3478,0.000,2632.567,1.77,60.00,0.00,0.000,123.388,1.96,0.000,82.259,1.96,0.000,0.000,0.00,0.000,41.129,0.98,0.000,41.129,0.98,0.000,164.518,1.96,0.000,164.518,2.94,0.000,123.388,1.96,0.000,41.129,0.98,0.000,164.668,1.96,0.000,41.129,0.98,0.000,164.653,4.90,0.000,123.388,2.94,0.000,123.388,1.96,0.000,82.259,1.96,0.000,164.518,3.92,0.000,41.129,0.98,0.000,82.259,0.98,0.000,0.000,0.00,0.000,123.388,1.96,0.000,123.388,2.94,0.000,205.647,5.88,0.000,82.259,1.96,0.000,0.000,0.00,0.000,41.129,0.00,0.000,0.000,0.00,0.000,123.388,1.96,0.000,0.000,0.00,0.000,164.518,3.92,0.000,0.000,0.00
9.4501,0.000,6975.715,4.14,73.12,0.00,0.000,410.065,5.87,0.000,328.052,7.82,0.000,125.582,1.96,0.000,299.860,5.87,0.000,205.033,3.91,0.000,328.052,4.89,0.000,246.039,5.87,0.000,287.046,5.87,0.000,287.046,5.87,0.000,205.033,1.96,0.000,123.020,1.96,0.000,205.033,4.89,0.000,246.039,3.91,0.000,205.033,3.91,0.000,164.026,0.98,0.000,242.275,3.91,0.000,246.039,3.91,0.000,123.020,1.96,0.000,258.854,8.80,0.000,159.581,2.93,0.000,82.013,1.96,0.000,322.926,5.87,0.000,164.026,1.96,0.000,258.854,3.91,0.000,84.576,0.98,0.000,205.033,1.96,0.000,287.046,4.89,0.000,205.033,4.89,0.000,425.443,7.82,0.000,246.039,2.93
9.5527,0.000,14416.452,7.99,67.51,0.00,0.000,408.778,6.82,0.000,327.023,3.90,0.000,406.223,8.77,0.000,436.882,6.82,0.000,654.045,11.70,0.000,449.656,6.82,0.000,408.778,6.82,0.000,406.143,5.85,0.000,367.900,5.85,0.000,449.656,5.85,0.000,531.412,8.77,0.000,490.534,6.82,0.000,531.412,6.82,0.000,449.806,7.80,0.000,327.167,5.85,0.000,698.675,12.67,0.000,490.534,7.80,0.000,858.434,15.59,0.000,348.639,17.54,0.000,372.331,4.87,0.000,408.778,4.87,0.000,536.521,9.75,0.000,490.534,8.77,0.000,273.370,6.82,0.000,815.002,11.70,0.000,613.167,4.87,0.000,654.045,10.72,0.000,408.778,8.77,0.000,597.838,5.85,0.000,204.389,3.90
9.6550,0.000,3492.770,2.05,55.01,0.00,0.000,122.937,1.95,0.000,81.958,0.98,0.000,122.937,3.91,0.000,245.874,4.89,0.000,122.937,1.95,0.000,81.958,0.98,0.000,40.979,0.00,0.000,2.641,0.00,0.000,122.937,1.95,0.000,204.895,2.93,0.000,286.853,4.89,0.000,204.895,1.95,0.000,163.916,2.93,0.000,40.979,1.95,0.000,40.979,0.98,0.000,40.979,0.98,0.000,81.958,0.98,0.000,40.979,0.98,0.000,211.538,5.86,0.000,81.958,0.98,0.000,0.000,0.00,0.000,40.979,0.00,0.000,163.916,1.95,0.000,122.937,1.95,0.000,204.895,3.91,0.000,122.937,2.93,0.000,82.223,0.00,0.000,81.958,1.95,0.000,245.874,3.91,0.000,81.958,2.93
9.7571,0.000,1315.331,0.98,66.84,0.00,0.000,0.000,0.00,0.000,41.104,0.98,0.000,0.000,0.00,0.000,41.104,0.98,0.000,41.104,0.00,0.000,41.104,0.00,0.000,41.104,0.98,0.000,41.104,0.98,0.000,0.000,0.00,0.000,82.208,2.94,0.000,41.104,0.98,0.000,41.104,0.00,0.000,0.000,0.00,0.000,82.208,1.96,0.000,0.000,0.00,0.000,0.000,0.00,0.000,41.104,0.00,0.000,123.312,2.94,0.000,0.000,0.00,0.000,82.208,0.98,0.000,82.208,3.92,0.000,41.104,0.98,0.000,0.000,0.00,0.000,82.208,0.98,0.000,82.208,2.94,0.000,41.104,0.98,0.000,41.104,0.98,0.000,41.104,0.98,0.000,41.104,0.98,0.000,123.312,2.94
9.8589,0.000,3953.521,2.23,81.23,0.00,0.000,41.183,0.00,0.000,123.548,1.96,0.000,82.365,0.98,0.000,82.365,0.98,0.000,41.183,0.98,0.000,205.913,3.93,0.000,82.365,1.96,0.000,205.913,2.95,0.000,123.548,2.95,0.000,164.730,1.96,0.000,247.095,4.91,0.000,164.730,1.96,0.000,164.730,2.95,0.000,164.730,2.95,0.000,41.183,0.00,0.000,288.278,3.93,0.000,123.548,0.98,0.000,123.548,1.96,0.000,41.183,0.98,0.000,82.365,0.98,0.000,82.365,2.95,0.000,164.730,0.98,0.000,123.548,2.95,0.000,164.730,2.95,0.000,123.548,3.93,0.000,164.730,2.95,0.000,164.730,3.93,0.000,82.365,1.96,0.000,205.913,3.93,0.000,82.365,0.00
9.9613,0.000,13076.875,7.52,69.99,0.00,0.000,327.728,2.93,0.000,245.796,1.95,0.000,614.491,12.70,0.000,532.559,8.79,0.000,532.559,8.79,0.000,368.694,5.86,0.000,491.593,8.79,0.000,409.660,8.79,0.000,409.660,11.72,0.000,573.525,10.74,0.000,450.627,6.84,0.000,232.954,11.72,0.000,245.796,2.93,0.000,491.593,6.84,0.000,327.728,4.88,0.000,286.762,4.88,0.000,368.694,5.86,0.000,450.627,7.81,0.000,368.694,9.77,0.000,778.355,13.67,0.000,450.627,3.91,0.000,491.593,7.81,0.000,491.593,6.84,0.000,532.559,4.88,0.000,389.337,6.84,0.000,532.559,6.84,0.000,532.559,9.77,0.000,164.769,6.84,0.000,450.627,8.79,0.000,532.559,6.84
10.0633,0.000,6322.136,3.53,57.70,0.00,0.000,205.596,0.98,0.000,82.238,1.96,0.000,205.596,3.92,0.000,246.715,2.94,0.000,164.477,2.94,0.000,287.835,4.90,0.000,370.073,4.90,0.000,246.715,3.92,0.000,205.596,2.94,0.000,205.596,6.86,0.000,82.238,0.98,0.000,341.844,4.90,0.000,205.596,5.88,0.000,287.835,3.92,0.000,452.312,4.90,0.000,205.596,1.96,0.000,82.238,1.96,0.000,164.477,2.94,0.000,287.835,5.88,0.000,390.753,6.86,0.000,123.358,1.96,0.000,41.119,0.98,0.000,123.358,2.94,0.000,182.467,3.92,0.000,184.876,2.94,0.000,287.835,4.90,0.000,164.477,0.98,0.000,123.413,5.88,0.000,205.596,2.94,0.000,164.477,1.96
10.1654,0.000,2918.811,1.99,55.52,0.00,0.000,0.000,0.00,0.000,82.151,0.98,0.000,41.076,0.98,0.000,82.151,0.98,0.000,82.151,0.00,0.000,82.151,0.98,0.000,82.151,1.96,0.000,123.227,2.94,0.000,82.151,1.96,0.000,82.151,0.98,0.000,82.151,0.98,0.000,164.302,2.94,0.000,123.227,2.94,0.000,82.151,1.96,0.000,123.227,0.98,0.000,123.227,2.94,0.000,82.151,0.98,0.000,123.227,2.94,0.000,123.227,2.94,0.000,61.493,0.98,0.000,41.076,0.98,0.000,164.302,3.92,0.000,82.151,1.96,0.000,105.256,0.98,0.000,123.227,3.92,0.000,0.000,0.00,0.000,123.227,2.94,0.000,205.378,5.88,0.000,164.302,3.92,0.000,82.151,2.94
10.2677,0.000,7875.699,4.34,57.63,0.00,0.000,164.077,2.93,0.000,82.039,0.98,0.000,164.077,2.93,0.000,328.154,5.87,0.000,287.135,2.93,0.000,369.173,8.80,0.000,533.250,7.82,0.000,164.077,2.93,0.000,205.096,3.91,0.000,287.135,5.87,0.000,287.135,4.89,0.000,328.154,5.87,0.000,246.116,2.93,0.000,287.135,4.89,0.000,205.096,3.91,0.000,205.096,1.96,0.000,369.173,4.89,0.000,82.039,1.96,0.000,246.116,6.85,0.000,287.135,3.91,0.000,328.154,4.89,0.000,328.154,4.89,0.000,287.135,2.93,0.000,410.193,5.87,0.000,205.096,2.93,0.000,246.116,4.89,0.000,246.116,3.91,0.000,164.077,3.91,0.000,246.116,4.89,0.000,287.135,3.91
10.3705,0.000,4254.166,2.40,70.53,0.00,0.000,81.552,1.94,0.000,122.328,1.94,0.000,203.880,2.92,0.000,40.776,0.00,0.000,244.656,2.92,0.000,160.516,3.89,0.000,244.656,3.89,0.000,40.776,0.00,0.000,122.328,1.94,0.000,40.776,0.97,0.000,285.432,5.83,0.000,203.880,1.94,0.000,186.399,2.92,0.000,203.880,1.94,0.000,81.552,0.97,0.000,122.328,2.92,0.000,285.432,4.86,0.000,203.880,3.89,0.000,122.328,2.92,0.000,40.776,0.97,0.000,122.328,2.92,0.000,122.328,1.94,0.000,81.552,0.97,0.000,122.328,0.97,0.000,196.633,5.83,0.000,163.104,1.94,0.000,122.328,1.94,0.000,40.776,0.97,0.000,81.552,0.97,0.000,163.104,3.89
10.4730,0.000,6209.812,3.45,76.05,0.00,0.000,204.702,3.90,0.000,327.523,1.95,0.000,327.523,5.86,0.000,204.827,2.93,0.000,286.582,3.90,0.000,84.479,1.95,0.000,122.821,0.98,0.000,163.761,1.95,0.000,245.642,3.90,0.000,163.761,2.93,0.000,204.702,2.93,0.000,286.582,3.90,0.000,140.373,1.95,0.000,204.702,2.93,0.000,0.000,0.00,0.000,327.523,6.83,0.000,81.881,0.98,0.000,204.702,2.93,0.000,163.761,4.88,0.000,245.642,3.90,0.000,204.702,4.88,0.000,163.761,3.90,0.000,286.582,3.90,0.000,163.761,3.90,0.000,211.978,3.90,0.000,245.912,4.88,0.000,204.702,2.93,0.000,204.702,4.88,0.000,286.582,5.86,0.000,245.642,2.93
10.5749,0.000,5269.860,2.81,62.71,0.00,0.000,123.512,1.96,0.000,329.366,2.94,0.000,205.854,3.93,0.000,205.854,3.93,0.000,164.683,2.94,0.000,123.512,0.98,0.000,164.683,1.96,0.000,205.854,2.94,0.000,205.854,3.93,0.000,123.512,1.96,0.000,123.512,2.94,0.000,123.512,1.96,0.000,123.512,1.96,0.000,247.025,3.93,0.000,82.342,0.98,0.000,164.683,1.96,0.000,247.025,3.93,0.000,288.195,4.91,0.000,123.512,2.94,0.000,205.854,2.94,0.000,82.342,1.96,0.000,247.025,3.93,0.000,82.342,0.98,0.000,164.683,1.96,0.000,288.195,5.89,0.000,123.512,0.98,0.000,164.683,1.96,0.000,82.342,1.96,0.000,288.195,5.89,0.000,164.683,2.94
10.6771,0.000,5252.504,3.49,59.19,0.00,0.000,123.106,2.94,0.000,246.211,3.91,0.000,164.141,4.89,0.000,369.317,6.85,0.000,205.176,3.91,0.000,41.035,0.00,0.000,82.070,1.96,0.000,123.106,1.96,0.000,164.141,2.94,0.000,123.106,2.94,0.000,41.035,1.96,0.000,41.035,0.98,0.000,123.106,2.94,0.000,123.106,2.94,0.000,123.106,0.98,0.000,123.106,2.94,0.000,123.106,2.94,0.000,246.211,4.89,0.000,164.141,4.89,0.000,246.211,2.94,0.000,164.141,1.96,0.000,41.035,0.98,0.000,205.176,1.96,0.000,246.211,5.87,0.000,205.176,2.94,0.000,287.246,5.87,0.000,246.211,1.96,0.000,410.352,16.63,0.000,287.246,2.94,0.000,164.141,2.94
10.7790,0.000,3950.750,2.35,66.49,0.00,0.000,82.304,1.96,0.000,164.608,3.92,0.000,123.612,3.92,0.000,41.152,1.96,0.000,205.760,3.92,0.000,205.760,2.94,0.000,164.608,3.92,0.000,123.456,1.96,0.000,123.456,1.96,0.000,164.608,1.96,0.000,123.456,1.96,0.000,82.304,1.96,0.000,123.456,1.96,0.000,41.152,0.00,0.000,123.456,0.98,0.000,82.304,1.96,0.000,205.760,2.94,0.000,205.760,4.91,0.000,205.760,4.91,0.000,82.304,0.00,0.000,41.152,0.98,0.000,82.304,1.96,0.000,288.064,2.94,0.000,82.304,1.96,0.000,205.760,3.92,0.000,164.608,0.98,0.000,164.608,1.96,0.000,123.456,2.94,0.000,82.304,1.96,0.000,41.152,0.98
10.8815,0.000,8163.319,4.71,71.05,0.00,0.000,368.133,6.83,0.000,245.422,4.88,0.000,245.422,5.85,0.000,245.422,4.88,0.000,122.711,1.95,0.000,245.422,4.88,0.000,490.844,7.80,0.000,245.422,3.90,0.000,327.229,3.90,0.000,327.229,4.88,0.000,327.229,5.85,0.000,204.518,3.90,0.000,368.133,5.85,0.000,327.229,4.88,0.000,163.615,2.93,0.000,122.711,1.95,0.000,286.326,3.90,0.000,311.930,4.88,0.000,284.209,7.80,0.000,245.422,3.90,0.000,327.229,4.88,0.000,245.422,3.90,0.000,40.904,0.98,0.000,163.615,2.93,0.000,572.651,6.83,0.000,327.229,3.90,0.000,204.518,4.88,0.000,368.133,10.73,0.000,245.422,4.88,0.000,163.615,1.95
10.9842,0.000,14075.373,7.57,65.49,0.00,0.000,735.584,11.69,0.000,653.852,6.82,0.000,531.255,9.74,0.000,326.926,6.82,0.000,531.255,8.77,0.000,449.524,5.85,0.000,367.792,4.87,0.000,367.937,5.85,0.000,326.926,4.87,0.000,367.792,4.87,0.000,612.987,7.79,0.000,490.389,5.85,0.000,286.060,5.85,0.000,817.316,11.69,0.000,572.121,7.79,0.000,449.524,7.79,0.000,408.658,6.82,0.000,301.345,5.85,0.000,410.773,15.59,0.000,490.389,6.82,0.000,490.389,8.77,0.000,204.329,2.92,0.000,367.792,3.90,0.000,612.987,10.72,0.000,612.987,7.79,0.000,326.926,4.87,0.000,449.524,6.82,0.000,367.792,8.77,0.000,776.450,13.64,0.000,367.792,6.82
11.0865,0.000,1311.232,0.72,59.06,0.00,0.000,81.952,0.98,0.000,40.976,0.98,0.000,0.000,0.00,0.000,81.952,0.98,0.000,0.000,0.00,0.000,0.000,0.00,0.000,40.976,0.00,0.000,0.000,0.00,0.000,40.976,0.98,0.000,40.976,0.98,0.000,40.976,0.00,0.000,0.000,0.00,0.000,122.928,1.95,0.000,81.952,0.00,0.000,0.000,0.00,0.000,0.000,0.00,0.000,40.976,0.00,0.000,0.000,0.00,0.000,0.000,0.00,0.000,40.976,0.98,0.000,40.976,0.98,0.000,81.952,1.95,0.000,122.928,0.98,0.000,0.000,0.00,0.000,81.952,1.95,0.000,0.000,0.00,0.000,81.952,1.95,0.000,122.928,2.93,0.000,40.976,0.98,0.000,81.952,1.95
11.1890,0.000,3929.797,1.95,58.88,0.00,0.000,163.735,2.93,0.000,122.801,2.93,0.000,163.735,2.93,0.000,286.537,4.88,0.000,81.868,1.95,0.000,40.934,0.98,0.000,163.735,1.95,0.000,245.603,2.93,0.000,245.603,2.93,0.000,122.801,1.95,0.000,204.819,0.98,0.000,122.801,1.95,0.000,245.603,3.90,0.000,163.735,0.00,0.000,40.934,0.00,0.000,122.801,0.98,0.000,40.934,0.00,0.000,40.934,0.98,0.000,40.934,0.98,0.000,163.735,2.93,0.000,0.000,0.00,0.000,122.801,1.95,0.000,40.934,0.00,0.000,245.603,5.86,0.000,122.801,1.95,0.000,40.934,0.98,0.000,204.669,1.95,0.000,163.735,4.88,0.000,40.934,0.98,0.000,122.801,0.98
11.2911,0.000,8926.542,4.89,69.08,0.00,0.000,246.359,2.94,0.000,328.479,4.89,0.000,492.718,6.85,0.000,369.539,4.89,0.000,246.359,3.92,0.000,489.511,9.79,0.000,369.539,3.92,0.000,198.804,3.92,0.000,246.359,3.92,0.000,409.717,7.83,0.000,369.539,4.89,0.000,287.419,4.89,0.000,246.359,4.89,0.000,82.120,1.96,0.000,224.586,1.96,0.000,246.359,2.94,0.000,287.419,3.92,0.000,246.359,4.89,0.000,246.359,5.87,0.000,410.599,7.83,0.000,290.136,6.85,0.000,410.599,8.81,0.000,210.432,2.94,0.000,328.479,2.94,0.000,369.539,5.87,0.000,205.299,1.96,0.000,369.539,6.85,0.000,246.359,5.87,0.000,246.359,3.92,0.000,205.299,3.92
11.3936,0.000,6818.731,4.29,60.78,0.00,0.000,122.786,1.95,0.000,368.358,5.85,0.000,40.929,0.98,0.000,286.500,5.85,0.000,409.286,7.81,0.000,248.769,8.78,0.000,327.429,4.88,0.000,252.047,4.88,0.000,409.286,5.85,0.000,328.308,7.81,0.000,245.572,3.90,0.000,245.572,3.90,0.000,245.572,3.90,0.000,327.429,5.85,0.000,62.632,0.98,0.000,163.714,1.95,0.000,245.572,3.90,0.000,40.929,0.98,0.000,368.358,9.76,0.000,122.786,1.95,0.000,243.014,3.90,0.000,163.714,3.90,0.000,281.384,5.85,0.000,163.714,3.90,0.000,327.429,4.88,0.000,245.572,2.93,0.000,204.643,2.93,0.000,40.929,1.95,0.000,204.643,3.90,0.000,81.857,2.93
11.4975,0.000,5166.587,3.40,53.79,0.00,0.000,242.184,3.85,0.000,121.092,1.92,0.000,242.184,3.85,0.000,201.820,3.85,0.000,121.092,3.85,0.000,121.092,2.89,0.000,121.092,1.92,0.000,201.820,1.92,0.000,363.276,7.70,0.000,282.548,5.77,0.000,161.456,3.85,0.000,161.456,3.85,0.000,363.276,6.74,0.000,40.364,0.96,0.000,282.548,3.85,0.000,121.092,2.89,0.000,121.092,1.92,0.000,201.820,4.81,0.000,121.092,2.89,0.000,161.456,2.89,0.000,40.364,0.96,0.000,80.728,1.92,0.000,121.092,2.89,0.000,282.548,3.85,0.000,121.092,0.96,0.000,161.456,3.85,0.000,201.820,4.81,0.000,242.184,6.74,0.000,121.092,1.92,0.000,40.364,1.92
11.5999,0.000,1866.697,1.63,61.34,0.00,0.000,53.626,9.77,0.000,81.952,1.95,0.000,40.976,0.98,0.000,0.000,0.00,0.000,163.904,2.93,0.000,40.976,1.95,0.000,40.976,0.00,0.000,40.976,0.98,0.000,0.000,0.00,0.000,81.952,1.95,0.000,40.976,0.00,0.000,40.976,0.98,0.000,81.952,1.95,0.000,40.976,0.98,0.000,40.976,0.98,0.000,81.952,0.98,0.000,40.976,0.98,0.000,81.952,0.98,0.000,79.871,3.91,0.000,119.767,1.95,0.000,163.904,3.91,0.000,81.952,1.95,0.000,40.976,0.98,0.000,81.952,1.95,0.000,40.976,0.00,0.000,0.000,0.00,0.000,46.098,0.98,0.000,81.952,1.95,0.000,81.952,1.95,0.000,51.220,0.98
11.7023,0.000,4689.058,3.00,65.45,0.00,0.000,151.357,1.95,0.000,163.880,2.93,0.000,163.880,2.93,0.000,204.850,1.95,0.000,122.910,2.93,0.000,163.880,2.93,0.000,245.820,4.88,0.000,81.940,0.98,0.000,204.850,2.93,0.000,245.820,5.86,0.000,163.880,2.93,0.000,81.940,2.93,0.000,164.025,4.88,0.000,163.880,2.93,0.000,122.910,1.95,0.000,40.970,1.95,0.000,286.791,2.93,0.000,81.940,0.98,0.000,206.931,6.84,0.000,248.981,5.86,0.000,81.940,1.95,0.000,122.910,1.95,0.000,81.940,0.98,0.000,40.970,0.00,0.000,163.880,2.93,0.000,245.820,3.91,0.000,199.729,3.91,0.000,81.940,2.93,0.000,163.880,2.93,0.000,194.608,3.91
11.8056,0.000,9091.911,5.48,67.04,0.00,0.000,284.185,3.87,0.000,324.783,4.84,0.000,365.381,5.81,0.000,243.587,3.87,0.000,243.587,3.87,0.000,405.979,6.78,0.000,568.371,8.71,0.000,243.587,5.81,0.000,405.979,3.87,0.000,324.783,5.81,0.000,121.794,1.94,0.000,202.990,6.78,0.000,324.783,3.87,0.000,446.577,8.71,0.000,243.587,5.81,0.000,202.990,2.90,0.000,121.794,1.94,0.000,243.587,3.87,0.000,485.153,11.62,0.000,365.381,6.78,0.000,202.990,4.84,0.000,527.773,7.74,0.000,202.990,1.94,0.000,284.185,5.81,0.000,162.392,3.87,0.000,243.587,5.81,0.000,284.185,5.81,0.000,446.577,10.65,0.000,243.587,4.84,0.000,324.783,5.81
11.9085,0.000,9128.267,5.37,63.61,0.00,0.000,325.933,5.83,0.000,366.674,7.77,0.000,81.483,0.97,0.000,366.674,7.77,0.000,285.191,4.86,0.000,407.416,6.80,0.000,285.191,4.86,0.000,244.450,5.83,0.000,325.933,7.77,0.000,366.674,4.86,0.000,244.450,4.86,0.000,285.191,3.89,0.000,203.708,1.94,0.000,244.450,6.80,0.000,325.933,5.83,0.000,122.225,0.97,0.000,203.708,3.89,0.000,366.674,6.80,0.000,246.479,5.83,0.000,122.225,2.91,0.000,448.158,8.74,0.000,162.966,0.00,0.000,285.191,5.83,0.000,488.899,7.77,0.000,529.641,7.77,0.000,448.158,6.80,0.000,285.191,4.86,0.000,325.933,8.74,0.000,366.674,4.86,0.000,366.794,4.86
12.0106,0.000,3945.081,2.84,60.28,0.00,0.000,0.000,0.00,0.000,123.284,2.94,0.000,164.378,2.94,0.000,82.189,1.96,0.000,205.473,3.92,0.000,164.378,2.94,0.000,164.378,1.96,0.000,82.189,2.94,0.000,0.000,0.00,0.000,164.378,2.94,0.000,164.378,4.90,0.000,41.095,0.98,0.000,82.189,1.96,0.000,41.095,0.98,0.000,123.284,2.94,0.000,41.095,0.98,0.000,82.189,0.98,0.000,246.568,5.88,0.000,164.378,5.88,0.000,82.189,1.96,0.000,82.189,2.94,0.000,328.757,4.90,0.000,205.473,4.90,0.000,164.378,1.96,0.000,82.189,0.98,0.000,287.662,6.86,0.000,123.284,1.96,0.000,205.473,5.88,0.000,123.284,0.98,0.000,123.284,3.92
12.1129,0.000,2774.424,1.86,85.29,0.00,0.000,81.996,1.95,0.000,81.996,0.98,0.000,75.310,0.98,0.000,0.000,0.00,0.000,0.000,0.00,0.000,122.995,0.98,0.000,40.998,0.98,0.000,40.998,0.98,0.000,81.996,1.95,0.000,0.000,0.00,0.000,163.993,2.93,0.000,40.998,0.98,0.000,99.973,2.93,0.000,122.995,1.95,0.000,81.996,1.95,0.000,108.501,0.98,0.000,163.993,2.93,0.000,204.991,3.91,0.000,122.995,2.93,0.000,122.995,1.95,0.000,122.995,2.93,0.000,81.996,0.98,0.000,81.996,1.95,0.000,81.996,1.95,0.000,153.743,3.91,0.000,163.993,3.91,0.000,40.998,0.98,0.000,122.995,3.91,0.000,122.995,1.95,0.000,40.998,0.98
12.2153,0.000,10316.707,5.76,77.86,0.00,0.000,222.929,7.82,0.000,286.835,4.88,0.000,539.376,7.82,0.000,409.764,4.88,0.000,327.811,4.88,0.000,655.623,8.79,0.000,327.811,5.86,0.000,327.811,4.88,0.000,286.835,5.86,0.000,409.764,6.84,0.000,491.717,8.79,0.000,245.859,3.91,0.000,268.868,2.93,0.000,409.764,7.82,0.000,81.953,1.95,0.000,219.368,3.91,0.000,450.741,7.82,0.000,409.764,8.79,0.000,327.811,7.82,0.000,286.835,4.88,0.000,286.835,5.86,0.000,286.835,4.88,0.000,368.788,5.86,0.000,286.965,3.91,0.000,256.103,3.91,0.000,327.811,3.91,0.000,491.717,7.82,0.000,327.811,7.82,0.000,368.788,4.88,0.000,327.811,2.93
12.3175,0.000,5271.653,3.19,61.60,0.00,0.000,145.962,3.91,0.000,123.017,1.96,0.000,287.039,4.89,0.000,246.033,2.93,0.000,123.017,2.93,0.000,123.017,3.91,0.000,205.028,3.91,0.000,164.022,3.91,0.000,246.033,1.96,0.000,164.022,2.93,0.000,164.022,3.91,0.000,246.033,4.89,0.000,205.028,2.93,0.000,205.028,3.91,0.000,164.022,3.91,0.000,123.017,2.93,0.000,246.033,2.93,0.000,123.017,1.96,0.000,205.028,4.89,0.000,123.017,1.96,0.000,123.017,1.96,0.000,123.017,1.96,0.000,41.006,0.98,0.000,82.011,0.98,0.000,164.022,2.93,0.000,287.039,4.89,0.000,328.044,4.89,0.000,41.006,0.98,0.000,82.011,0.98,0.000,369.050,7.82
12.4205,0.000,9123.319,4.95,60.31,0.00,0.000,325.833,6.80,0.000,203.646,2.91,0.000,244.375,2.91,0.000,366.562,2.91,0.000,366.562,4.86,0.000,325.833,4.86,0.000,285.104,3.88,0.000,81.458,0.97,0.000,529.478,6.80,0.000,285.104,4.86,0.000,529.478,9.71,0.000,325.833,3.88,0.000,203.646,4.86,0.000,448.020,6.80,0.000,325.833,2.91,0.000,285.104,5.83,0.000,407.291,7.77,0.000,203.646,2.91,0.000,162.916,3.88,0.000,244.375,5.83,0.000,407.291,6.80,0.000,448.020,5.83,0.000,244.375,4.86,0.000,325.833,7.77,0.000,244.375,5.83,0.000,122.187,2.91,0.000,407.291,5.83,0.000,285.104,6.80,0.000,366.562,3.88,0.000,122.187,1.94
12.5235,0.000,2606.160,1.75,56.58,0.00,0.000,162.885,1.94,0.000,81.442,1.94,0.000,0.000,0.00,0.000,81.442,0.97,0.000,81.442,0.97,0.000,0.000,0.00,0.000,40.721,0.97,0.000,122.164,2.91,0.000,122.164,0.97,0.000,40.721,0.97,0.000,81.442,2.91,0.000,40.721,0.97,0.000,203.606,2.91,0.000,81.442,1.94,0.000,0.000,0.00,0.000,122.164,1.94,0.000,81.442,1.94,0.000,203.606,3.88,0.000,81.442,2.91,0.000,122.164,2.91,0.000,81.442,1.94,0.000,122.164,2.91,0.000,40.721,0.97,0.000,40.721,0.97,0.000,81.442,0.97,0.000,81.442,0.97,0.000,122.164,2.91,0.000,162.885,3.88,0.000,0.000,0.00,0.000,122.164,2.91
12.6259,0.000,10490.280,5.67,63.24,0.00,0.000,245.863,2.93,0.000,245.863,4.88,0.000,532.703,4.88,0.000,286.840,4.88,0.000,368.794,3.91,0.000,286.840,4.88,0.000,450.749,5.86,0.000,204.886,3.91,0.000,368.794,5.86,0.000,368.794,5.86,0.000,532.703,7.82,0.000,204.886,1.95,0.000,327.817,4.88,0.000,245.863,3.91,0.000,286.840,2.93,0.000,450.749,7.82,0.000,204.886,1.95,0.000,450.749,5.86,0.000,532.703,12.70,0.000,491.851,9.77,0.000,327.817,3.91,0.000,491.726,8.79,0.000,327.817,5.86,0.000,450.749,5.86,0.000,327.817,4.88,0.000,286.840,3.91,0.000,245.863,4.88,0.000,245.863,5.86,0.000,368.794,12.70,0.000,327.817,5.86
12.7325,0.000,3061.735,1.75,59.01,0.00,0.000,117.982,1.88,0.000,0.000,0.00,0.000,117.982,0.94,0.000,78.655,1.88,0.000,117.982,1.88,0.000,196.637,2.81,0.000,117.982,0.94,0.000,78.655,0.94,0.000,63.984,0.94,0.000,39.327,0.94,0.000,39.327,1.88,0.000,78.655,0.00,0.000,117.982,2.81,0.000,117.982,1.88,0.000,196.637,2.81,0.000,157.309,3.75,0.000,78.655,1.88,0.000,66.557,0.00,0.000,70.628,1.88,0.000,78.655,0.94,0.000,196.637,3.75,0.000,117.291,1.88,0.000,39.327,0.94,0.000,192.988,2.81,0.000,39.327,0.94,0.000,117.982,2.81,0.000,78.655,0.94,0.000,78.655,2.81,0.000,78.655,1.88,0.000,190.646,2.81
12.8349,0.000,5989.555,3.65,54.55,0.00,0.000,122.949,0.98,0.000,204.915,3.91,0.000,245.898,5.86,0.000,163.932,1.95,0.000,245.898,1.95,0.000,122.949,1.95,0.000,204.915,3.91,0.000,204.915,2.93,0.000,261.186,4.89,0.000,286.881,9.77,0.000,204.915,3.91,0.000,122.949,1.95,0.000,245.898,2.93,0.000,81.966,1.95,0.000,245.898,4.89,0.000,286.881,2.93,0.000,368.847,6.84,0.000,340.471,11.73,0.000,172.297,3.91,0.000,163.932,3.91,0.000,122.949,0.98,0.000,82.686,0.98,0.000,286.881,4.89,0.000,126.751,2.93,0.000,204.915,2.93,0.000,163.932,2.93,0.000,204.915,3.91,0.000,122.949,2.93,0.000,81.966,0.00,0.000,293.124,3.91
12.9368,0.000,6585.876,4.02,57.50,0.00,0.000,164.647,1.96,0.000,123.485,2.94,0.000,288.132,3.93,0.000,246.970,3.93,0.000,82.323,1.96,0.000,205.809,3.93,0.000,205.809,4.91,0.000,288.132,2.94,0.000,82.323,0.98,0.000,205.809,3.93,0.000,123.485,0.98,0.000,288.132,3.93,0.000,205.809,3.93,0.000,246.970,3.93,0.000,123.485,1.96,0.000,329.294,7.85,0.000,164.647,2.94,0.000,246.970,2.94,0.000,246.970,5.89,0.000,205.809,3.93,0.000,123.485,2.94,0.000,329.294,9.81,0.000,411.617,7.85,0.000,288.132,4.91,0.000,288.132,3.93,0.000,123.485,2.94,0.000,205.809,2.94,0.000,370.456,8.83,0.000,205.809,2.94,0.000,164.647,3.93
13.0418,0.000,2557.215,1.40,55.78,0.00,0.000,39.956,0.95,0.000,159.826,2.86,0.000,119.869,2.86,0.000,119.869,1.91,0.000,79.913,1.91,0.000,159.826,1.91,0.000,39.956,0.00,0.000,39.956,0.95,0.000,159.826,3.81,0.000,79.913,0.95,0.000,39.956,0.00,0.000,39.956,0.95,0.000,159.826,1.91,0.000,79.913,0.95,0.000,119.869,2.86,0.000,199.782,1.91,0.000,79.913,1.91,0.000,39.956,0.95,0.000,159.826,3.81,0.000,79.913,0.95,0.000,119.869,1.91,0.000,79.913,1.91,0.000,79.913,0.95,0.000,39.956,0.00,0.000,0.000,0.00,0.000,79.913,0.00,0.000,0.000,0.00,0.000,39.956,0.95,0.000,0.000,0.00,0.000,119.869,1.91
13.1437,0.000,9217.809,5.30,60.24,0.00,0.000,246.902,5.89,0.000,288.173,4.91,0.000,246.902,3.92,0.000,329.203,4.91,0.000,370.354,5.89,0.000,246.902,3.92,0.000,246.902,8.83,0.000,452.654,6.87,0.000,205.752,3.92,0.000,246.902,5.89,0.000,123.451,1.96,0.000,123.451,0.98,0.000,288.053,4.91,0.000,370.354,3.92,0.000,370.354,3.92,0.000,123.451,3.92,0.000,164.602,1.96,0.000,329.203,5.89,0.000,246.902,6.87,0.000,370.354,4.91,0.000,411.504,4.91,0.000,205.752,4.91,0.000,534.955,8.83,0.000,534.955,7.85,0.000,329.203,4.91,0.000,534.955,8.83,0.000,452.654,8.83,0.000,246.902,5.89,0.000,329.203,4.91,0.000,246.902,4.91
13.2457,0.000,6577.747,3.66,59.42,0.00,0.000,287.776,2.94,0.000,246.666,2.94,0.000,287.776,4.90,0.000,205.555,3.92,0.000,287.776,3.92,0.000,41.111,0.98,0.000,205.555,1.96,0.000,164.444,0.98,0.000,205.555,2.94,0.000,246.666,4.90,0.000,328.887,4.90,0.000,164.444,2.94,0.000,287.776,4.90,0.000,164.444,3.92,0.000,328.887,4.90,0.000,164.444,3.92,0.000,246.666,5.88,0.000,205.555,3.92,0.000,287.776,6.86,0.000,164.444,1.96,0.000,246.666,4.90,0.000,164.444,1.96,0.000,246.666,3.92,0.000,164.444,3.92,0.000,41.111,0.00,0.000,369.998,6.86,0.000,164.444,1.96,0.000,123.333,2.94,0.000,246.666,5.88,0.000,287.776,2.94
13.3480,0.000,1311.774,0.81,72.02,0.00,0.000,122.979,1.95,0.000,81.986,1.95,0.000,40.993,0.98,0.000,122.979,2.93,0.000,0.000,0.00,0.000,81.986,0.98,0.000,0.000,0.00,0.000,0.000,0.00,0.000,0.000,0.00,0.000,245.958,3.91,0.000,0.000,0.00,0.000,0.000,0.00,0.000,0.000,0.00,0.000,81.986,1.95,0.000,0.000,0.00,0.000,40.993,0.98,0.000,40.993,0.00,0.000,0.000,0.00,0.000,40.993,0.98,0.000,40.993,0.98,0.000,40.993,0.00,0.000,40.993,0.98,0.000,81.986,1.95,0.000,40.993,0.98,0.000,40.993,0.00,0.000,0.000,0.00,0.000,40.993,0.98,0.000,40.993,0.98,0.000,0.000,0.00,0.000,40.993,0.98
13.4504,0.000,3931.983,2.02,75.25,0.00,0.000,40.958,0.00,0.000,163.833,1.95,0.000,40.958,0.98,0.000,204.791,3.91,0.000,122.874,1.95,0.000,204.791,2.93,0.000,40.958,0.98,0.000,40.958,0.98,0.000,81.916,1.95,0.000,245.749,2.93,0.000,163.833,2.93,0.000,81.916,1.95,0.000,0.000,0.00,0.000,81.916,0.98,0.000,204.791,3.91,0.000,81.916,0.98,0.000,40.958,0.00,0.000,245.749,2.93,0.000,204.791,4.88,0.000,40.958,0.00,0.000,286.707,3.91,0.000,122.874,0.98,0.000,163.833,3.91,0.000,204.791,1.95,0.000,163.833,1.95,0.000,245.749,3.91,0.000,81.916,0.98,0.000,81.916,1.95,0.000,40.958,0.00,0.000,204.791,3.91
13.5525,0.000,7887.663,4.18,70.18,0.00,0.000,246.461,3.92,0.000,492.922,5.88,0.000,246.461,4.90,0.000,164.307,2.94,0.000,287.538,4.90,0.000,205.384,2.94,0.000,369.691,5.88,0.000,164.307,0.98,0.000,287.538,4.90,0.000,205.384,1.96,0.000,287.538,4.90,0.000,246.461,4.90,0.000,410.768,3.92,0.000,369.691,4.90,0.000,164.307,5.88,0.000,287.538,4.90,0.000,164.428,1.96,0.000,164.307,2.94,0.000,246.461,6.86,0.000,287.538,3.92,0.000,369.691,5.88,0.000,164.307,2.94,0.000,287.538,3.92,0.000,205.384,2.94,0.000,123.230,1.96,0.000,206.176,2.94,0.000,328.615,5.88,0.000,205.384,4.90,0.000,246.461,2.94,0.000,451.845,6.86
13.6575,0.000,10225.961,5.81,75.80,0.00,0.000,239.668,3.81,0.000,359.502,11.43,0.000,199.723,2.86,0.000,639.115,9.52,0.000,239.668,4.76,0.000,479.336,6.67,0.000,119.834,0.95,0.000,199.723,3.81,0.000,199.723,4.76,0.000,519.281,9.52,0.000,319.557,5.71,0.000,399.447,8.57,0.000,479.336,7.62,0.000,439.392,5.71,0.000,359.502,4.76,0.000,399.447,4.76,0.000,279.613,3.81,0.000,319.557,4.76,0.000,439.392,12.38,0.000,279.613,4.76,0.000,439.392,5.71,0.000,159.779,3.81,0.000,559.226,6.67,0.000,479.336,7.62,0.000,159.779,1.90,0.000,199.723,3.81,0.000,359.502,7.62,0.000,359.502,8.57,0.000,279.735,4.76,0.000,319.557,2.86
13.7620,0.000,5381.320,3.35,65.16,0.00,0.000,441.734,8.62,0.000,236.122,4.79,0.000,120.473,2.87,0.000,200.788,2.87,0.000,120.473,1.91,0.000,200.788,2.87,0.000,240.946,4.79,0.000,120.473,1.91,0.000,165.650,3.83,0.000,200.788,4.79,0.000,40.158,0.00,0.000,160.631,1.91,0.000,160.631,3.83,0.000,40.158,0.96,0.000,240.946,4.79,0.000,200.788,2.87,0.000,120.473,2.87,0.000,160.631,2.87,0.000,321.261,8.62,0.000,200.788,1.91,0.000,120.473,2.87,0.000,200.788,4.79,0.000,160.631,5.74,0.000,80.315,0.00,0.000,200.788,2.87,0.000,321.261,2.87,0.000,160.631,3.83,0.000,80.315,1.91,0.000,321.261,5.74,0.000,40.158,0.00
13.8645,0.000,7606.939,4.42,62.19,0.00,0.000,327.189,2.93,0.000,209.406,3.90,0.000,327.189,3.90,0.000,327.189,5.85,0.000,408.986,5.85,0.000,368.087,6.83,0.000,204.493,4.88,0.000,122.696,1.95,0.000,403.874,6.83,0.000,368.087,4.88,0.000,163.594,3.90,0.000,245.392,4.88,0.000,163.594,1.95,0.000,81.797,1.95,0.000,245.392,2.93,0.000,81.797,1.95,0.000,204.493,5.85,0.000,204.493,3.90,0.000,327.189,7.80,0.000,163.594,2.93,0.000,40.899,1.95,0.000,81.797,0.98,0.000,122.696,2.93,0.000,368.087,6.83,0.000,408.986,6.83,0.000,163.594,2.93,0.000,286.290,4.88,0.000,368.087,7.80,0.000,368.087,2.93,0.000,449.885,8.78
13.9668,0.000,2958.322,1.69,68.50,0.00,0.000,123.001,2.93,0.000,41.000,0.98,0.000,205.002,3.91,0.000,164.002,2.93,0.000,164.002,2.93,0.000,41.000,0.98,0.000,82.001,1.96,0.000,0.000,0.00,0.000,246.003,3.91,0.000,41.000,0.98,0.000,82.001,0.98,0.000,123.001,0.98,0.000,82.001,0.00,0.000,123.001,2.93,0.000,41.000,0.00,0.000,82.001,0.98,0.000,123.001,2.93,0.000,164.002,3.91,0.000,41.000,0.98,0.000,94.814,0.00,0.000,41.000,0.98,0.000,82.001,0.98,0.000,82.001,0.98,0.000,41.000,0.98,0.000,0.000,0.00,0.000,41.000,0.98,0.000,164.002,1.96,0.000,205.002,4.89,0.000,82.001,0.98,0.000,157.476,2.93
14.0696,0.000,7505.944,4.35,65.28,0.00,0.000,408.272,6.81,0.000,204.136,2.92,0.000,204.136,4.87,0.000,122.482,0.97,0.000,204.136,3.89,0.000,81.654,0.97,0.000,204.136,3.89,0.000,122.482,2.92,0.000,326.618,4.87,0.000,367.445,3.89,0.000,244.963,3.89,0.000,204.136,1.95,0.000,244.963,3.89,0.000,367.445,5.84,0.000,285.790,6.81,0.000,163.309,3.89,0.000,204.136,2.92,0.000,163.309,3.89,0.000,204.136,4.87,0.000,150.550,2.92,0.000,244.963,3.89,0.000,449.099,8.76,0.000,367.445,5.84,0.000,326.618,6.81,0.000,285.790,4.87,0.000,367.445,6.81,0.000,367.445,3.89,0.000,204.136,5.84,0.000,204.136,3.89,0.000,210.635,2.92
14.1719,0.000,6561.174,3.58,61.45,0.00,0.000,246.039,3.91,0.000,369.059,6.84,0.000,164.026,2.93,0.000,369.059,3.91,0.000,123.020,2.93,0.000,328.182,4.89,0.000,246.039,3.91,0.000,41.007,0.98,0.000,246.039,2.93,0.000,205.033,3.91,0.000,123.020,0.98,0.000,246.039,2.93,0.000,82.013,0.98,0.000,451.072,11.73,0.000,205.033,2.93,0.000,328.052,5.87,0.000,205.033,2.93,0.000,246.039,2.93,0.000,123.020,2.93,0.000,205.033,2.93,0.000,205.033,2.93,0.000,123.020,0.98,0.000,246.039,4.89,0.000,164.026,1.96,0.000,164.026,3.91,0.000,123.020,2.93,0.000,205.033,1.96,0.000,328.052,7.82,0.000,205.033,1.96,0.000,246.039,3.91
14.2765,0.000,9156.175,4.91,56.92,0.00,0.000,330.768,4.78,0.000,347.721,5.74,0.000,509.855,6.69,0.000,320.745,5.74,0.000,280.651,4.78,0.000,160.372,1.91,0.000,360.838,4.78,0.000,280.651,2.87,0.000,144.672,2.87,0.000,360.838,5.74,0.000,200.465,4.78,0.000,320.745,4.78,0.000,280.651,3.82,0.000,120.279,2.87,0.000,280.651,3.82,0.000,320.745,5.74,0.000,120.279,2.87,0.000,360.838,5.74,0.000,200.465,4.78,0.000,200.465,0.96,0.000,200.465,2.87,0.000,325.756,6.69,0.000,360.838,4.78,0.000,320.745,4.78,0.000,320.745,4.78,0.000,400.931,5.74,0.000,160.372,3.82,0.000,360.838,8.60,0.000,681.582,10.51,0.000,521.210,8.60
14.3785,0.000,3765.135,2.38,50.50,0.00,0.000,154.095,0.98,0.000,13.443,0.00,0.000,134.913,1.96,0.000,205.460,4.90,0.000,41.092,0.98,0.000,164.368,2.94,0.000,41.092,0.98,0.000,123.276,1.96,0.000,180.460,4.90,0.000,123.276,2.94,0.000,246.552,4.90,0.000,82.184,0.98,0.000,0.000,0.00,0.000,205.460,3.92,0.000,41.092,0.00,0.000,123.276,3.92,0.000,369.828,5.88,0.000,123.276,2.94,0.000,205.460,4.90,0.000,205.460,3.92,0.000,123.276,2.94,0.000,77.048,0.98,0.000,123.276,2.94,0.000,123.276,1.96,0.000,82.184,1.96,0.000,164.368,1.96,0.000,82.184,0.98,0.000,82.184,1.96,0.000,82.184,0.98,0.000,41.092,0.98
14.4805,0.000,7894.920,4.64,47.28,0.00,0.000,82.239,0.00,0.000,287.836,4.90,0.000,205.597,3.92,0.000,123.358,1.96,0.000,205.597,4.90,0.000,287.836,4.90,0.000,328.955,4.90,0.000,82.239,0.98,0.000,246.716,3.92,0.000,287.836,2.94,0.000,493.433,8.82,0.000,82.239,1.96,0.000,246.716,2.94,0.000,205.597,2.94,0.000,370.074,5.88,0.000,287.836,4.90,0.000,164.478,0.98,0.000,164.478,2.94,0.000,328.955,7.84,0.000,328.955,5.88,0.000,370.074,6.86,0.000,246.716,2.94,0.000,370.074,4.90,0.000,370.074,7.84,0.000,452.313,9.80,0.000,123.358,1.96,0.000,370.074,7.84,0.000,411.194,9.80,0.000,246.716,5.88,0.000,123.358,2.94
14.5833,0.000,5223.631,2.98,55.58,0.00,0.000,367.287,4.86,0.000,285.667,3.89,0.000,122.429,1.95,0.000,122.429,1.95,0.000,163.238,2.92,0.000,122.429,2.92,0.000,0.000,0.00,0.000,163.238,1.95,0.000,204.048,3.89,0.000,163.238,0.97,0.000,81.619,1.95,0.000,122.429,0.97,0.000,204.048,3.89,0.000,367.287,13.62,0.000,244.858,2.92,0.000,244.858,3.89,0.000,285.667,6.81,0.000,40.810,0.97,0.000,122.429,2.92,0.000,204.048,1.95,0.000,0.000,0.00,0.000,408.096,4.86,0.000,122.429,1.95,0.000,204.048,3.89,0.000,204.048,2.92,0.000,244.858,2.92,0.000,81.619,0.97,0.000,122.429,2.92,0.000,81.619,0.97,0.000,122.429,2.92
14.6855,0.000,3938.869,2.28,59.36,0.00,0.000,246.179,5.87,0.000,82.060,0.98,0.000,164.120,1.96,0.000,123.090,2.93,0.000,205.149,3.91,0.000,164.120,2.93,0.000,164.120,2.93,0.000,205.149,3.91,0.000,123.090,2.93,0.000,123.090,1.96,0.000,205.149,2.93,0.000,205.149,1.96,0.000,41.030,0.00,0.000,164.120,2.93,0.000,164.120,4.89,0.000,41.030,0.98,0.000,123.090,0.98,0.000,123.090,0.98,0.000,41.030,0.98,0.000,82.060,1.96,0.000,123.090,2.93,0.000,164.120,1.96,0.000,123.090,1.96,0.000,41.030,0.00,0.000,123.090,1.96,0.000,123.090,1.96,0.000,205.149,2.93,0.000,123.090,2.93,0.000,41.030,0.98,0.000,82.060,1.96
14.7879,0.000,5243.941,2.80,65.49,0.00,0.000,81.937,1.95,0.000,163.873,3.91,0.000,286.778,5.86,0.000,40.968,0.00,0.000,245.810,4.88,0.000,40.968,0.98,0.000,286.778,3.91,0.000,81.937,0.00,0.000,204.841,2.93,0.000,204.841,1.95,0.000,327.746,5.86,0.000,204.841,0.98,0.000,163.873,0.98,0.000,163.873,2.93,0.000,122.905,0.98,0.000,204.841,3.91,0.000,163.873,2.93,0.000,122.905,2.93,0.000,163.873,3.91,0.000,204.841,2.93,0.000,245.810,2.93,0.000,163.873,3.91,0.000,204.841,2.93,0.000,122.905,1.95,0.000,122.905,0.98,0.000,122.905,1.95,0.000,286.778,3.91,0.000,40.968,1.95,0.000,245.810,4.88,0.000,204.841,3.91
14.8903,0.000,2623.066,1.63,69.25,0.00,0.000,40.985,0.98,0.000,122.956,5.86,0.000,40.985,0.98,0.000,40.985,0.00,0.000,204.927,3.91,0.000,81.971,0.98,0.000,81.971,1.95,0.000,81.971,0.98,0.000,40.985,0.98,0.000,40.985,0.98,0.000,81.971,1.95,0.000,122.956,1.95,0.000,122.956,0.98,0.000,163.942,1.95,0.000,0.000,0.00,0.000,81.971,0.98,0.000,163.942,2.93,0.000,40.985,0.98,0.000,122.956,2.93,0.000,40.985,1.95,0.000,81.971,1.95,0.000,40.985,0.98,0.000,81.971,0.00,0.000,245.912,4.89,0.000,81.971,1.95,0.000,81.971,0.98,0.000,81.971,0.98,0.000,0.000,0.00,0.000,81.971,0.98,0.000,122.956,1.95
14.9924,0.000,5457.424,3.17,71.96,0.00,0.000,123.174,1.96,0.000,205.290,2.94,0.000,41.058,0.00,0.000,287.406,4.89,0.000,123.174,2.94,0.000,109.622,0.00,0.000,164.232,1.96,0.000,205.290,2.94,0.000,164.232,2.94,0.000,328.464,2.94,0.000,123.174,1.96,0.000,205.290,3.92,0.000,123.174,2.94,0.000,164.232,3.92,0.000,205.290,2.94,0.000,451.638,6.85,0.000,123.174,2.94,0.000,82.116,1.96,0.000,256.612,5.87,0.000,41.058,0.98,0.000,123.174,2.94,0.000,164.232,5.87,0.000,287.406,4.89,0.000,328.464,6.85,0.000,82.116,1.96,0.000,123.174,0.98,0.000,369.522,2.94,0.000,205.290,4.89,0.000,164.232,3.92,0.000,82.116,1.96
15.0975,0.000,10024.041,5.52,65.24,0.00,0.000,279.462,5.71,0.000,319.385,5.71,0.000,558.923,8.57,0.000,239.538,4.76,0.000,239.538,5.71,0.000,452.332,5.71,0.000,319.385,4.76,0.000,479.077,8.57,0.000,319.536,4.76,0.000,239.538,3.81,0.000,239.538,6.66,0.000,119.769,0.00,0.000,239.538,4.76,0.000,319.385,3.81,0.000,159.692,0.95,0.000,319.385,5.71,0.000,598.846,8.57,0.000,319.385,5.71,0.000,189.635,4.76,0.000,399.231,4.76,0.000,399.231,6.66,0.000,399.231,4.76,0.000,279.462,5.71,0.000,439.154,5.71,0.000,279.462,4.76,0.000,359.308,4.76,0.000,279.462,4.76,0.000,439.154,11.42,0.000,479.077,7.61,0.000,319.385,5.71
15.2000,0.000,5237.969,3.12,67.91,0.00,0.000,163.687,3.90,0.000,163.687,2.93,0.000,163.687,1.95,0.000,163.687,1.95,0.000,122.765,1.95,0.000,81.843,1.95,0.000,81.843,0.98,0.000,81.843,0.98,0.000,122.765,1.95,0.000,286.451,4.88,0.000,122.765,0.98,0.000,204.608,3.90,0.000,163.687,0.98,0.000,286.451,5.85,0.000,204.608,2.93,0.000,163.687,2.93,0.000,204.608,6.83,0.000,40.922,0.00,0.000,163.687,3.90,0.000,122.765,1.95,0.000,245.530,4.88,0.000,40.922,0.98,0.000,163.687,2.93,0.000,204.608,3.90,0.000,286.451,4.88,0.000,327.373,5.85,0.000,286.451,4.88,0.000,286.451,6.83,0.000,122.765,1.95,0.000,163.687,2.93
15.3020,0.000,9204.180,5.32,62.30,0.00,0.000,287.631,3.92,0.000,493.081,5.88,0.000,369.811,5.88,0.000,369.811,6.86,0.000,410.901,7.84,0.000,164.360,2.94,0.000,328.721,2.94,0.000,451.991,6.86,0.000,164.360,2.94,0.000,616.351,12.74,0.000,246.541,2.94,0.000,287.631,5.88,0.000,369.811,6.86,0.000,534.171,9.80,0.000,164.360,1.96,0.000,82.180,1.96,0.000,287.631,12.74,0.000,246.541,3.92,0.000,205.450,4.90,0.000,205.450,3.92,0.000,287.631,3.92,0.000,287.631,3.92,0.000,205.450,2.94,0.000,328.721,5.88,0.000,328.721,3.92,0.000,246.541,2.94,0.000,328.721,4.90,0.000,328.721,7.84,0.000,328.721,6.86,0.000,246.541,2.94
15.4045,0.000,5238.387,3.28,71.75,0.00,0.000,327.391,5.85,0.000,204.620,4.88,0.000,122.772,2.93,0.000,163.696,2.93,0.000,204.744,2.93,0.000,163.696,2.93,0.000,327.391,5.85,0.000,245.544,5.85,0.000,40.924,1.95,0.000,81.848,0.98,0.000,204.620,4.88,0.000,81.848,0.98,0.000,286.467,3.90,0.000,327.391,5.85,0.000,245.544,4.88,0.000,81.848,1.95,0.000,122.772,2.93,0.000,286.467,4.88,0.000,81.848,1.95,0.000,81.848,0.98,0.000,40.924,0.00,0.000,204.620,3.90,0.000,163.696,2.93,0.000,163.696,2.93,0.000,163.696,1.95,0.000,122.772,0.98,0.000,327.391,4.88,0.000,122.772,3.90,0.000,204.620,5.85,0.000,40.924,0.98
15.5076,0.000,3907.743,2.62,75.09,0.00,0.000,81.411,0.97,0.000,162.823,3.88,0.000,162.823,2.91,0.000,162.823,4.85,0.000,162.823,2.91,0.000,122.117,3.88,0.000,40.706,1.94,0.000,162.823,2.91,0.000,162.823,3.88,0.000,81.411,1.94,0.000,81.411,0.97,0.000,203.528,3.88,0.000,122.117,1.94,0.000,81.411,1.94,0.000,203.528,4.85,0.000,203.528,2.91,0.000,122.117,0.97,0.000,162.823,3.88,0.000,81.411,1.94,0.000,122.117,2.91,0.000,0.000,0.00,0.000,0.000,0.00,0.000,203.528,3.88,0.000,81.411,0.97,0.000,203.528,2.91,0.000,162.823,3.88,0.000,244.234,3.88,0.000,122.117,2.91,0.000,122.117,1.94,0.000,81.411,1.94
15.6099,0.000,7170.391,4.20,67.44,0.00,0.000,163.908,2.93,0.000,245.863,3.91,0.000,178.795,3.91,0.000,286.840,2.93,0.000,286.840,4.88,0.000,204.886,3.91,0.000,327.817,3.91,0.000,163.908,3.91,0.000,204.886,4.88,0.000,163.908,1.95,0.000,81.954,0.98,0.000,245.863,2.93,0.000,244.742,3.91,0.000,327.817,9.77,0.000,286.840,5.86,0.000,286.840,3.91,0.000,122.931,1.95,0.000,234.858,5.86,0.000,286.840,6.84,0.000,368.794,6.84,0.000,245.863,3.91,0.000,284.439,4.88,0.000,40.977,0.98,0.000,433.541,5.86,0.000,163.908,3.91,0.000,286.840,4.88,0.000,254.461,2.93,0.000,363.632,8.79,0.000,40.977,0.00,0.000,340.622,3.91
15.7126,0.000,5910.876,4.06,57.91,0.00,0.000,81.703,1.95,0.000,81.703,0.97,0.000,189.417,2.92,0.000,204.257,1.95,0.000,245.109,4.87,0.000,163.406,2.92,0.000,163.406,2.92,0.000,245.109,4.87,0.000,204.257,3.90,0.000,163.406,2.92,0.000,122.554,1.95,0.000,204.257,4.87,0.000,164.523,6.82,0.000,367.663,7.79,0.000,285.960,3.90,0.000,204.257,4.87,0.000,163.406,2.92,0.000,460.337,7.79,0.000,353.501,10.71,0.000,122.554,2.92,0.000,122.554,1.95,0.000,124.948,1.95,0.000,163.406,3.90,0.000,180.560,4.87,0.000,122.554,1.95,0.000,163.406,2.92,0.000,237.509,4.87,0.000,331.958,9.74,0.000,40.851,0.97,0.000,232.343,3.90
15.8149,0.000,7310.343,4.01,52.79,0.00,0.000,409.898,6.84,0.000,217.758,3.91,0.000,245.939,3.91,0.000,204.949,2.93,0.000,245.939,4.89,0.000,409.898,6.84,0.000,327.919,4.89,0.000,286.929,3.91,0.000,245.939,3.91,0.000,122.969,0.98,0.000,81.980,0.00,0.000,163.959,2.93,0.000,327.919,5.86,0.000,245.939,2.93,0.000,532.868,8.80,0.000,163.959,2.93,0.000,327.919,5.86,0.000,204.949,2.93,0.000,124.250,1.95,0.000,245.939,4.89,0.000,204.949,3.91,0.000,122.969,2.93,0.000,163.959,3.91,0.000,204.949,3.91,0.000,246.004,3.91,0.000,245.939,2.93,0.000,204.949,2.93,0.000,204.949,4.89,0.000,286.929,4.89,0.000,286.929,3.91
15.9171,0.000,8459.857,4.76,50.99,0.00,0.000,164.267,3.92,0.000,192.500,2.94,0.000,369.600,4.90,0.000,246.400,1.96,0.000,328.533,5.87,0.000,410.667,4.90,0.000,410.667,6.85,0.000,410.667,5.87,0.000,164.267,0.98,0.000,328.533,7.83,0.000,205.333,2.94,0.000,287.467,5.87,0.000,369.600,6.85,0.000,246.400,2.94,0.000,164.267,2.94,0.000,82.133,0.98,0.000,205.333,3.92,0.000,246.400,2.94,0.000,218.287,5.87,0.000,328.533,5.87,0.000,328.533,3.92,0.000,205.333,2.94,0.000,246.400,4.90,0.000,328.533,6.85,0.000,123.200,3.92,0.000,287.467,4.90,0.000,328.533,3.92,0.000,328.533,10.77,0.000,369.600,6.85,0.000,533.867,6.85
16.0195,0.000,5239.269,2.86,47.65,0.00,0.000,204.659,2.93,0.000,245.591,4.88,0.000,245.591,0.98,0.000,81.864,0.98,0.000,81.864,0.98,0.000,163.727,2.93,0.000,204.659,2.93,0.000,122.795,2.93,0.000,122.795,1.95,0.000,245.591,3.90,0.000,327.454,6.83,0.000,245.591,2.93,0.000,40.932,0.98,0.000,122.795,1.95,0.000,122.795,2.93,0.000,122.795,2.93,0.000,122.795,1.95,0.000,204.659,2.93,0.000,163.727,3.90,0.000,81.864,0.00,0.000,245.591,3.90,0.000,163.727,1.95,0.000,204.659,3.90,0.000,81.864,0.98,0.000,81.864,0.98,0.000,122.795,2.93,0.000,327.454,5.86,0.000,163.727,3.90,0.000,327.454,3.90,0.000,245.591,4.88
16.1215,0.000,2631.470,1.47,52.85,0.00,0.000,123.350,1.96,0.000,164.467,3.92,0.000,0.000,0.00,0.000,82.233,0.98,0.000,164.467,2.94,0.000,82.233,0.98,0.000,123.350,1.96,0.000,82.233,1.96,0.000,164.467,1.96,0.000,123.350,1.96,0.000,41.117,0.00,0.000,41.117,0.98,0.000,164.467,2.94,0.000,164.467,1.96,0.000,164.467,2.94,0.000,123.350,0.98,0.000,82.233,1.96,0.000,123.350,2.94,0.000,41.117,0.98,0.000,82.233,1.96,0.000,82.233,0.98,0.000,82.233,0.98,0.000,82.233,1.96,0.000,41.117,0.98,0.000,82.233,0.00,0.000,0.000,0.00,0.000,0.000,0.00,0.000,82.233,1.96,0.000,41.117,0.98,0.000,0.000,0.00
16.2245,0.000,5212.929,2.78,66.01,0.00,0.000,122.178,1.94,0.000,285.082,0.97,0.000,162.904,2.91,0.000,203.630,2.91,0.000,203.630,3.88,0.000,122.178,2.91,0.000,244.356,4.85,0.000,285.082,5.83,0.000,162.904,1.94,0.000,162.904,1.94,0.000,203.630,2.91,0.000,122.178,1.94,0.000,81.452,0.00,0.000,81.452,0.97,0.000,162.904,2.91,0.000,122.178,2.91,0.000,203.630,2.91,0.000,81.452,0.97,0.000,162.904,5.83,0.000,244.356,2.91,0.000,162.904,1.94,0.000,447.986,6.80,0.000,162.904,1.94,0.000,122.178,0.97,0.000,81.452,0.97,0.000,122.178,2.91,0.000,162.904,1.94,0.000,244.356,5.83,0.000,122.178,2.91,0.000,162.904,2.91
16.3277,0.000,3904.005,2.33,68.75,0.00,0.000,81.333,1.94,0.000,244.000,5.82,0.000,122.000,0.97,0.000,81.333,1.94,0.000,122.000,1.94,0.000,40.667,0.97,0.000,40.667,0.97,0.000,203.334,2.91,0.000,122.000,1.94,0.000,162.667,3.88,0.000,284.667,1.94,0.000,122.000,0.97,0.000,162.667,3.88,0.000,203.334,7.76,0.000,162.667,2.91,0.000,203.334,2.91,0.000,162.667,2.91,0.000,122.000,0.97,0.000,40.667,0.97,0.000,40.667,0.00,0.000,40.667,0.97,0.000,40.667,0.97,0.000,162.667,4.85,0.000,81.333,0.97,0.000,244.000,3.88,0.000,162.667,1.94,0.000,122.000,2.91,0.000,203.334,4.85,0.000,81.333,0.00,0.000,40.667,0.00
16.4305,0.000,3916.928,1.94,73.89,0.00,0.000,122.324,2.92,0.000,285.424,3.89,0.000,163.099,3.89,0.000,163.099,2.92,0.000,40.775,0.97,0.000,0.000,0.00,0.000,203.874,3.89,0.000,244.649,0.97,0.000,40.775,0.00,0.000,122.324,2.92,0.000,122.324,2.92,0.000,0.000,0.00,0.000,163.099,1.94,0.000,40.775,0.00,0.000,122.324,1.94,0.000,163.099,2.92,0.000,122.324,1.94,0.000,163.099,2.92,0.000,43.323,0.97,0.000,163.099,0.97,0.000,163.099,2.92,0.000,0.000,0.00,0.000,122.324,1.94,0.000,81.550,1.94,0.000,122.324,1.94,0.000,122.324,2.92,0.000,285.424,1.94,0.000,122.324,2.92,0.000,163.099,0.97,0.000,244.649,1.94
16.5329,0.000,9178.068,4.98,60.63,0.00,0.000,204.925,3.91,0.000,163.940,3.91,0.000,286.895,2.93,0.000,327.880,5.86,0.000,245.910,3.91,0.000,81.970,1.95,0.000,327.880,4.89,0.000,532.804,7.82,0.000,327.880,3.91,0.000,163.940,2.93,0.000,245.910,3.91,0.000,327.880,5.86,0.000,204.925,1.95,0.000,327.880,5.86,0.000,286.895,2.93,0.000,286.895,5.86,0.000,204.925,3.91,0.000,409.850,5.86,0.000,366.303,9.77,0.000,491.819,7.82,0.000,327.880,2.93,0.000,409.850,5.86,0.000,409.850,6.84,0.000,122.955,0.98,0.000,573.789,6.84,0.000,286.895,5.86,0.000,245.910,3.91,0.000,245.910,6.84,0.000,409.850,7.82,0.000,327.880,5.86
16.6355,0.000,5229.573,3.05,61.07,0.00,0.000,81.712,2.92,0.000,122.568,2.92,0.000,163.424,2.92,0.000,285.992,1.95,0.000,163.424,2.92,0.000,204.280,2.92,0.000,285.992,3.90,0.000,245.136,2.92,0.000,204.280,2.92,0.000,285.992,6.82,0.000,122.568,1.95,0.000,204.280,4.87,0.000,122.568,3.90,0.000,40.856,0.97,0.000,81.712,0.97,0.000,204.280,3.90,0.000,163.424,3.90,0.000,40.856,0.97,0.000,204.280,4.87,0.000,204.280,2.92,0.000,285.992,3.90,0.000,326.848,5.84,0.000,81.712,0.97,0.000,0.000,0.00,0.000,163.424,2.92,0.000,245.136,3.90,0.000,122.568,1.95,0.000,163.424,3.90,0.000,204.280,4.87,0.000,204.280,0.97
16.7379,0.000,9182.397,5.21,63.84,0.00,0.000,327.943,4.89,0.000,368.936,5.86,0.000,327.943,10.75,0.000,409.928,6.84,0.000,204.964,3.91,0.000,491.914,7.82,0.000,81.986,0.98,0.000,327.943,4.89,0.000,245.957,3.91,0.000,368.936,5.86,0.000,245.957,3.91,0.000,245.957,3.91,0.000,368.936,3.91,0.000,368.936,4.89,0.000,409.928,6.84,0.000,409.928,5.86,0.000,245.957,3.91,0.000,245.957,5.86,0.000,286.950,6.84,0.000,81.986,0.98,0.000,286.950,3.91,0.000,122.979,1.95,0.000,368.936,6.84,0.000,163.971,1.95,0.000,245.957,4.89,0.000,368.936,5.86,0.000,450.921,6.84,0.000,409.928,9.77,0.000,450.921,6.84,0.000,245.957,4.89
16.8405,0.000,6535.876,3.67,69.82,0.00,0.000,122.548,1.95,0.000,204.246,2.92,0.000,245.095,2.92,0.000,122.548,1.95,0.000,81.698,0.97,0.000,81.698,1.95,0.000,122.548,2.92,0.000,245.095,4.87,0.000,81.698,0.97,0.000,245.095,4.87,0.000,245.095,5.84,0.000,204.246,2.92,0.000,285.945,3.90,0.000,122.548,0.97,0.000,285.945,6.82,0.000,326.794,4.87,0.000,408.492,7.79,0.000,367.643,4.87,0.000,204.246,4.87,0.000,122.548,1.95,0.000,163.397,2.92,0.000,408.492,4.87,0.000,285.945,4.87,0.000,163.397,1.95,0.000,449.341,6.82,0.000,245.095,3.90,0.000,204.246,3.90,0.000,122.548,2.92,0.000,204.246,3.90,0.000,163.397,2.92
16.9429,0.000,3935.079,2.38,68.49,0.00,0.000,163.962,3.91,0.000,122.971,1.95,0.000,204.952,1.95,0.000,286.933,3.91,0.000,163.962,2.93,0.000,0.000,0.00,0.000,81.981,0.98,0.000,163.962,2.93,0.000,163.962,2.93,0.000,81.981,1.95,0.000,40.990,0.00,0.000,204.952,3.91,0.000,40.990,0.98,0.000,204.952,4.89,0.000,163.962,8.80,0.000,81.981,0.00,0.000,81.981,1.95,0.000,81.981,0.98,0.000,40.990,0.98,0.000,163.962,2.93,0.000,163.962,2.93,0.000,40.990,0.00,0.000,163.962,2.93,0.000,81.981,0.98,0.000,122.971,2.93,0.000,122.971,1.95,0.000,204.952,2.93,0.000,163.962,3.91,0.000,204.952,1.95,0.000,122.971,1.95
17.0455,0.000,2154.679,1.75,76.83,0.00,0.000,40.848,0.97,0.000,40.848,0.97,0.000,0.000,0.00,0.000,40.848,0.97,0.000,204.242,3.90,0.000,40.848,0.00,0.000,122.545,0.97,0.000,114.128,3.90,0.000,122.545,5.84,0.000,40.848,0.97,0.000,0.000,0.00,0.000,245.091,4.87,0.000,122.545,4.87,0.000,0.000,0.00,0.000,0.000,0.00,0.000,40.848,0.97,0.000,40.848,0.97,0.000,81.697,1.95,0.000,64.464,1.95,0.000,40.848,0.00,0.000,122.545,0.97,0.000,0.000,0.00,0.000,81.697,0.97,0.000,81.697,3.90,0.000,40.848,0.97,0.000,103.517,1.95,0.000,116.083,2.92,0.000,81.697,2.92,0.000,122.545,3.90,0.000,0.000,0.00
17.1477,0.000,5718.554,3.46,68.61,0.00,0.000,164.258,4.90,0.000,123.194,1.96,0.000,164.258,1.96,0.000,246.388,5.87,0.000,328.517,4.90,0.000,205.323,3.92,0.000,82.129,0.98,0.000,378.043,5.87,0.000,287.452,5.87,0.000,246.388,0.98,0.000,82.129,0.98,0.000,164.374,1.96,0.000,205.323,2.94,0.000,164.258,2.94,0.000,82.129,1.96,0.000,205.438,4.90,0.000,123.194,0.98,0.000,164.258,3.92,0.000,181.582,3.92,0.000,82.129,0.00,0.000,164.258,2.94,0.000,369.581,4.90,0.000,123.194,1.96,0.000,205.323,4.90,0.000,369.581,5.87,0.000,306.581,6.85,0.000,129.690,5.87,0.000,164.258,4.90,0.000,205.323,3.92,0.000,0.000,0.00
17.2497,0.000,14475.651,7.68,56.04,0.00,0.000,452.364,5.88,0.000,534.612,2.94,0.000,616.860,10.79,0.000,370.116,3.92,0.000,452.364,7.84,0.000,575.736,9.80,0.000,370.116,5.88,0.000,452.364,7.84,0.000,452.364,6.86,0.000,452.364,6.86,0.000,534.612,8.82,0.000,370.116,6.86,0.000,575.736,10.79,0.000,328.992,4.90,0.000,452.364,6.86,0.000,534.612,6.86,0.000,657.984,10.79,0.000,452.364,7.84,0.000,452.364,10.79,0.000,493.488,9.80,0.000,370.116,6.86,0.000,616.860,9.80,0.000,575.736,7.84,0.000,452.364,6.86,0.000,534.612,7.84,0.000,699.108,10.79,0.000,575.736,5.88,0.000,370.116,7.84,0.000,370.116,9.80,0.000,328.992,3.92
17.3546,0.000,6395.445,3.78,52.48,0.00,0.000,79.943,1.91,0.000,119.915,2.86,0.000,79.943,0.95,0.000,279.801,4.76,0.000,559.601,10.48,0.000,79.943,0.95,0.000,119.915,2.86,0.000,159.886,3.81,0.000,319.772,6.67,0.000,279.801,5.72,0.000,279.801,4.76,0.000,119.915,0.95,0.000,119.915,1.91,0.000,279.801,4.76,0.000,239.829,3.81,0.000,439.687,6.67,0.000,199.858,2.86,0.000,159.886,2.86,0.000,199.858,4.76,0.000,199.858,3.81,0.000,279.801,4.76,0.000,159.886,1.91,0.000,159.886,4.76,0.000,39.972,0.00,0.000,119.915,1.91,0.000,279.801,3.81,0.000,319.772,4.76,0.000,199.858,5.72,0.000,279.801,3.81,0.000,239.829,3.81
17.4565,0.000,5267.116,2.91,52.17,0.00,0.000,288.037,4.91,0.000,205.741,3.92,0.000,123.444,1.96,0.000,164.593,1.96,0.000,123.444,1.96,0.000,205.741,3.92,0.000,205.892,3.92,0.000,246.889,2.94,0.000,205.741,2.94,0.000,123.444,2.94,0.000,123.444,1.96,0.000,82.296,1.96,0.000,164.593,3.92,0.000,246.889,0.00,0.000,164.593,3.92,0.000,82.296,1.96,0.000,288.037,5.89,0.000,123.444,0.98,0.000,123.444,2.94,0.000,205.741,2.94,0.000,123.444,2.94,0.000,205.741,3.92,0.000,329.185,2.94,0.000,205.741,3.92,0.000,164.593,1.96,0.000,82.296,1.96,0.000,205.741,4.91,0.000,164.593,3.92,0.000,82.296,0.98,0.000,205.741,1.96
17.5602,0.000,3885.445,2.48,54.86,0.00,0.000,40.473,0.96,0.000,121.420,2.89,0.000,80.947,0.96,0.000,242.840,1.93,0.000,121.420,0.96,0.000,161.894,2.89,0.000,80.947,1.93,0.000,121.420,0.96,0.000,161.894,2.89,0.000,161.894,2.89,0.000,80.947,2.89,0.000,40.473,0.00,0.000,80.947,1.93,0.000,202.367,3.86,0.000,202.367,3.86,0.000,161.894,2.89,0.000,202.367,4.82,0.000,0.000,0.00,0.000,202.367,6.75,0.000,202.367,2.89,0.000,121.420,1.93,0.000,121.420,1.93,0.000,121.420,2.89,0.000,80.947,0.96,0.000,40.473,0.96,0.000,80.947,0.96,0.000,121.420,3.86,0.000,202.367,4.82,0.000,202.367,4.82,0.000,121.420,1.93
17.6624,0.000,6567.101,5.41,58.89,0.00,0.000,123.128,0.98,0.000,164.170,2.94,0.000,164.170,2.94,0.000,410.426,3.91,0.000,328.341,5.87,0.000,82.085,1.96,0.000,205.213,4.89,0.000,246.255,2.94,0.000,287.298,5.87,0.000,246.255,2.94,0.000,205.213,3.91,0.000,287.298,4.89,0.000,246.255,3.91,0.000,287.298,4.89,0.000,123.128,2.94,0.000,205.213,1.96,0.000,205.213,3.91,0.000,246.406,5.87,0.000,287.438,11.74,0.000,123.128,1.96,0.000,164.170,0.98,0.000,164.170,1.96,0.000,82.085,1.96,0.000,123.128,1.96,0.000,205.213,3.91,0.000,410.426,8.81,0.000,369.383,49.91,0.000,164.170,3.91,0.000,246.255,3.91,0.000,164.170,3.91
17.7655,0.000,1300.784,0.78,63.00,0.00,0.000,81.299,1.94,0.000,40.649,0.97,0.000,0.000,0.00,0.000,40.649,0.00,0.000,81.299,0.97,0.000,0.000,0.00,0.000,40.649,0.97,0.000,121.948,1.94,0.000,0.000,0.00,0.000,0.000,0.00,0.000,40.649,0.97,0.000,81.299,1.94,0.000,81.299,0.97,0.000,0.000,0.00,0.000,40.649,0.00,0.000,81.299,0.97,0.000,0.000,0.00,0.000,40.649,0.97,0.000,40.649,0.97,0.000,40.649,0.97,0.000,40.649,0.97,0.000,0.000,0.00,0.000,0.000,0.00,0.000,40.649,0.97,0.000,81.299,1.94,0.000,121.948,1.94,0.000,40.649,0.00,0.000,40.649,0.97,0.000,40.649,0.97,0.000,40.649,0.97
17.8678,0.000,3938.239,2.15,63.73,0.00,0.000,164.093,1.96,0.000,82.047,1.96,0.000,0.000,0.00,0.000,82.047,0.00,0.000,123.070,3.91,0.000,123.070,2.93,0.000,287.163,6.85,0.000,123.070,2.93,0.000,246.140,1.96,0.000,82.047,1.96,0.000,41.023,0.00,0.000,246.140,1.96,0.000,82.047,0.98,0.000,123.070,1.96,0.000,82.047,1.96,0.000,82.047,0.98,0.000,164.093,2.93,0.000,205.117,3.91,0.000,41.023,0.98,0.000,123.070,1.96,0.000,205.117,3.91,0.000,246.140,3.91,0.000,123.070,0.00,0.000,164.093,2.93,0.000,164.093,1.96,0.000,205.117,4.89,0.000,82.047,0.98,0.000,123.070,2.93,0.000,41.023,0.00,0.000,82.047,0.98
17.9703,0.000,9165.418,5.30,53.81,0.00,0.000,204.585,3.90,0.000,286.419,2.93,0.000,286.419,3.90,0.000,327.336,3.90,0.000,450.088,6.83,0.000,245.502,3.90,0.000,81.834,1.95,0.000,368.253,6.83,0.000,613.756,7.80,0.000,122.751,0.98,0.000,368.253,7.80,0.000,204.585,4.88,0.000,327.336,5.85,0.000,245.502,3.90,0.000,409.170,5.85,0.000,286.419,2.93,0.000,327.336,4.88,0.000,286.419,3.90,0.000,286.419,8.78,0.000,286.419,5.85,0.000,204.585,2.93,0.000,327.336,5.85,0.000,327.336,3.90,0.000,368.253,5.85,0.000,368.253,7.80,0.000,286.419,4.88,0.000,450.088,7.80,0.000,409.170,15.61,0.000,81.834,1.95,0.000,327.336,4.88
18.0725,0.000,5253.113,3.16,58.13,0.00,0.000,41.040,0.98,0.000,287.280,4.89,0.000,205.200,3.91,0.000,123.120,1.96,0.000,369.360,5.87,0.000,0.000,0.00,0.000,205.200,3.91,0.000,205.200,2.94,0.000,82.080,0.00,0.000,287.280,4.89,0.000,82.080,0.98,0.000,164.160,6.85,0.000,205.200,3.91,0.000,41.040,0.98,0.000,123.120,1.96,0.000,287.280,4.89,0.000,205.200,2.94,0.000,287.280,4.89,0.000,123.120,2.94,0.000,164.160,1.96,0.000,205.200,3.91,0.000,41.040,0.98,0.000,205.200,4.89,0.000,41.040,0.98,0.000,164.160,3.91,0.000,328.320,5.87,0.000,369.360,4.89,0.000,82.080,2.94,0.000,123.120,1.96,0.000,205.200,2.94
18.1745,0.000,5260.988,3.07,77.33,0.00,0.000,123.304,0.98,0.000,164.406,2.94,0.000,164.406,2.94,0.000,205.507,2.94,0.000,123.304,1.96,0.000,41.101,0.98,0.000,164.406,3.92,0.000,246.609,4.90,0.000,41.101,0.98,0.000,205.507,3.92,0.000,164.406,1.96,0.000,123.304,1.96,0.000,246.609,4.90,0.000,82.203,0.98,0.000,246.609,2.94,0.000,287.710,3.92,0.000,82.203,0.98,0.000,287.710,5.88,0.000,246.609,5.88,0.000,164.406,1.96,0.000,82.203,0.98,0.000,287.710,5.88,0.000,452.116,7.84,0.000,246.609,4.90,0.000,123.304,1.96,0.000,164.406,2.94,0.000,0.000,0.00,0.000,287.710,6.86,0.000,164.406,1.96,0.000,41.101,0.98
18.2769,0.000,7864.957,4.33,69.05,0.00,0.000,204.935,1.95,0.000,204.810,2.93,0.000,245.771,3.91,0.000,409.619,5.86,0.000,163.848,2.93,0.000,450.581,6.84,0.000,409.619,5.86,0.000,368.657,7.81,0.000,245.771,4.88,0.000,368.657,5.86,0.000,204.810,2.93,0.000,204.810,2.93,0.000,122.886,2.93,0.000,163.848,2.93,0.000,286.878,3.91,0.000,368.657,5.86,0.000,163.848,2.93,0.000,368.657,7.81,0.000,204.810,4.88,0.000,286.733,4.88,0.000,204.810,2.93,0.000,204.810,3.91,0.000,204.810,3.91,0.000,204.810,3.91,0.000,532.505,7.81,0.000,81.924,1.95,0.000,327.695,4.88,0.000,81.924,1.95,0.000,286.733,4.88,0.000,286.733,2.93
18.3805,0.000,5181.891,2.96,84.15,0.00,0.000,283.385,6.76,0.000,242.901,2.90,0.000,121.451,1.93,0.000,121.451,2.90,0.000,80.967,0.00,0.000,121.451,0.97,0.000,202.418,3.86,0.000,242.901,1.93,0.000,242.901,4.83,0.000,121.451,1.93,0.000,283.385,6.76,0.000,202.418,3.86,0.000,121.451,1.93,0.000,121.451,1.93,0.000,121.451,1.93,0.000,121.451,0.97,0.000,283.385,4.83,0.000,80.967,0.00,0.000,40.484,0.97,0.000,80.967,1.93,0.000,121.451,1.93,0.000,161.934,2.90,0.000,202.418,2.90,0.000,161.934,2.90,0.000,202.418,4.83,0.000,161.934,1.93,0.000,242.901,4.83,0.000,283.385,6.76,0.000,242.901,2.90,0.000,161.934,3.86
18.4836,0.000,6513.220,3.56,68.69,0.00,0.000,244.246,3.88,0.000,284.953,2.91,0.000,162.830,3.88,0.000,203.538,1.94,0.000,122.123,0.00,0.000,407.076,5.82,0.000,244.246,3.88,0.000,244.246,4.85,0.000,81.415,0.97,0.000,203.538,2.91,0.000,203.538,3.88,0.000,366.369,3.88,0.000,162.830,2.91,0.000,162.830,2.91,0.000,284.953,5.82,0.000,284.953,5.82,0.000,203.538,4.85,0.000,244.246,3.88,0.000,284.953,6.79,0.000,203.538,2.91,0.000,325.661,5.82,0.000,81.415,0.97,0.000,162.830,2.91,0.000,40.708,0.97,0.000,162.830,1.94,0.000,203.538,2.91,0.000,203.538,2.91,0.000,203.538,4.85,0.000,284.953,4.85,0.000,244.246,3.88
18.5868,0.000,9100.480,5.00,64.38,0.00,0.000,487.519,8.72,0.000,162.506,2.91,0.000,162.506,2.91,0.000,243.759,3.87,0.000,365.639,4.84,0.000,243.759,2.91,0.000,325.013,5.81,0.000,284.386,2.91,0.000,446.892,7.75,0.000,284.386,4.84,0.000,325.013,6.78,0.000,365.639,2.91,0.000,365.639,6.78,0.000,325.141,4.84,0.000,284.386,5.81,0.000,284.386,3.87,0.000,203.133,2.91,0.000,203.133,4.84,0.000,203.133,8.72,0.000,365.639,3.87,0.000,406.266,6.78,0.000,121.880,2.91,0.000,325.013,4.84,0.000,325.013,4.84,0.000,325.013,5.81,0.000,406.266,3.87,0.000,284.386,3.87,0.000,446.892,10.65,0.000,365.639,5.81,0.000,162.506,1.94
18.6892,0.000,6478.669,4.13,64.89,0.00,0.000,183.805,4.88,0.000,163.845,3.91,0.000,245.767,4.88,0.000,204.806,3.91,0.000,81.922,0.98,0.000,368.651,5.86,0.000,122.884,1.95,0.000,204.806,3.91,0.000,40.961,0.98,0.000,286.728,4.88,0.000,286.728,6.84,0.000,122.884,2.93,0.000,204.806,4.88,0.000,327.690,5.86,0.000,286.728,5.86,0.000,245.767,3.91,0.000,163.845,2.93,0.000,204.806,3.91,0.000,204.806,4.88,0.000,286.728,5.86,0.000,163.845,2.93,0.000,81.922,0.98,0.000,191.646,3.91,0.000,327.690,4.88,0.000,286.728,4.88,0.000,245.767,2.93,0.000,204.806,2.93,0.000,204.806,6.84,0.000,163.845,3.91,0.000,368.651,5.86
18.7912,0.000,2707.665,1.60,59.41,0.00,0.000,226.730,3.92,0.000,41.129,0.00,0.000,41.129,0.98,0.000,164.515,1.96,0.000,41.129,0.98,0.000,0.000,0.00,0.000,123.386,4.90,0.000,205.643,2.94,0.000,41.129,0.00,0.000,164.515,2.94,0.000,82.257,1.96,0.000,205.643,2.94,0.000,164.515,2.94,0.000,41.129,0.98,0.000,82.257,1.96,0.000,41.129,0.98,0.000,0.000,0.00,0.000,123.386,1.96,0.000,82.257,1.96,0.000,123.386,1.96,0.000,82.257,1.96,0.000,0.000,0.00,0.000,95.472,0.00,0.000,82.257,0.98,0.000,82.257,0.98,0.000,82.257,1.96,0.000,123.386,0.98,0.000,41.129,1.96,0.000,82.257,1.96,0.000,41.129,0.98
18.8965,0.000,8504.239,4.97,65.74,0.00,0.000,159.246,2.85,0.000,199.057,2.85,0.000,358.302,7.59,0.000,278.680,4.75,0.000,278.680,2.85,0.000,129.387,5.70,0.000,79.623,2.85,0.000,278.680,2.85,0.000,398.114,5.70,0.000,238.868,5.70,0.000,437.925,6.64,0.000,238.868,4.75,0.000,209.010,4.75,0.000,222.384,1.90,0.000,517.548,10.44,0.000,318.491,5.70,0.000,318.491,5.70,0.000,358.302,5.70,0.000,238.868,5.70,0.000,318.491,6.64,0.000,238.868,3.80,0.000,379.297,4.75,0.000,278.680,4.75,0.000,318.491,2.85,0.000,119.434,1.90,0.000,199.057,2.85,0.000,318.491,5.70,0.000,318.491,7.59,0.000,398.114,7.59,0.000,358.302,5.70
18.9988,0.000,5676.002,3.32,57.64,0.00,0.000,123.047,1.96,0.000,205.078,2.93,0.000,246.093,7.82,0.000,205.078,3.91,0.000,123.047,1.96,0.000,235.839,5.87,0.000,164.062,0.98,0.000,328.124,2.93,0.000,246.093,3.91,0.000,205.078,3.91,0.000,246.093,5.87,0.000,287.109,4.89,0.000,153.808,1.96,0.000,181.045,4.89,0.000,41.016,0.98,0.000,246.093,2.93,0.000,246.093,3.91,0.000,164.062,1.96,0.000,164.062,3.91,0.000,82.031,0.98,0.000,164.062,2.93,0.000,224.464,4.89,0.000,123.047,1.96,0.000,246.093,3.91,0.000,82.031,0.98,0.000,205.078,3.91,0.000,123.047,1.96,0.000,82.031,1.96,0.000,246.093,4.89,0.000,287.109,3.91
19.1008,0.000,4309.769,2.71,57.14,0.00,0.000,164.518,3.92,0.000,164.518,2.94,0.000,246.777,4.90,0.000,205.648,3.92,0.000,41.130,0.98,0.000,123.389,1.96,0.000,82.259,1.96,0.000,164.518,1.96,0.000,123.389,2.94,0.000,205.648,4.90,0.000,164.518,1.96,0.000,123.389,2.94,0.000,123.389,1.96,0.000,287.907,3.92,0.000,164.518,2.94,0.000,287.907,5.88,0.000,164.518,2.94,0.000,123.389,2.94,0.000,41.130,0.98,0.000,123.389,1.96,0.000,41.130,0.98,0.000,82.259,0.98,0.000,205.648,4.90,0.000,196.811,2.94,0.000,41.130,0.00,0.000,164.518,2.94,0.000,82.259,1.96,0.000,164.518,3.92,0.000,82.259,0.98,0.000,123.389,2.94
19.2028,0.000,12789.728,7.25,54.02,0.00,0.000,410.957,5.88,0.000,534.244,9.80,0.000,534.244,7.84,0.000,410.957,5.88,0.000,287.670,4.90,0.000,493.148,9.80,0.000,452.052,7.84,0.000,657.531,11.76,0.000,328.765,4.90,0.000,452.052,7.84,0.000,534.244,9.80,0.000,287.670,2.94,0.000,328.911,6.86,0.000,410.957,7.84,0.000,452.052,8.82,0.000,575.339,9.80,0.000,410.957,6.86,0.000,246.574,3.92,0.000,410.957,10.78,0.000,328.765,5.88,0.000,452.052,4.90,0.000,410.957,4.90,0.000,410.957,3.92,0.000,584.169,10.78,0.000,369.861,6.86,0.000,452.052,7.84,0.000,534.244,8.82,0.000,246.574,7.84,0.000,328.765,5.88,0.000,452.052,5.88
19.3047,0.000,2635.515,1.44,49.69,0.00,0.000,123.534,0.98,0.000,41.178,0.98,0.000,123.534,0.98,0.000,205.890,1.96,0.000,0.000,0.00,0.000,82.356,0.00,0.000,0.000,0.00,0.000,164.712,2.95,0.000,82.356,0.98,0.000,0.000,0.00,0.000,41.178,0.98,0.000,0.000,0.00,0.000,41.178,0.98,0.000,41.178,0.98,0.000,41.178,0.98,0.000,82.356,1.96,0.000,0.000,0.00,0.000,247.068,3.93,0.000,123.534,2.95,0.000,123.534,1.96,0.000,41.178,0.98,0.000,205.890,2.95,0.000,41.178,0.98,0.000,205.890,3.93,0.000,41.178,0.98,0.000,164.712,1.96,0.000,41.178,0.98,0.000,41.178,1.96,0.000,41.178,0.98,0.000,247.189,3.93
19.4085,0.000,1767.329,1.06,51.07,0.00,0.000,40.392,0.96,0.000,121.177,1.93,0.000,40.392,0.96,0.000,121.177,2.89,0.000,40.392,0.00,0.000,151.630,3.85,0.000,80.785,0.96,0.000,80.785,0.96,0.000,0.000,0.00,0.000,80.785,0.96,0.000,0.000,0.00,0.000,80.785,0.96,0.000,0.000,0.00,0.000,0.000,0.00,0.000,40.392,0.96,0.000,161.570,1.93,0.000,0.000,0.00,0.000,40.392,0.96,0.000,40.392,1.93,0.000,40.392,0.00,0.000,80.785,0.96,0.000,0.000,0.00,0.000,80.785,1.93,0.000,40.392,0.96,0.000,40.392,0.96,0.000,0.000,0.00,0.000,121.177,1.93,0.000,40.392,0.96,0.000,161.570,3.85,0.000,40.392,0.00
19.5105,0.000,7412.262,4.48,65.48,0.00,0.000,246.738,3.92,0.000,123.369,2.94,0.000,205.615,4.90,0.000,287.861,4.90,0.000,164.492,0.98,0.000,256.858,4.90,0.000,328.984,5.88,0.000,370.107,6.86,0.000,287.861,10.78,0.000,287.861,3.92,0.000,205.615,3.92,0.000,287.861,5.88,0.000,246.738,2.94,0.000,246.738,2.94,0.000,82.246,1.96,0.000,246.738,1.96,0.000,328.984,4.90,0.000,164.492,1.96,0.000,123.369,2.94,0.000,246.738,3.92,0.000,246.738,3.92,0.000,328.984,4.90,0.000,205.615,1.96,0.000,123.369,3.92,0.000,205.615,3.92,0.000,370.107,8.82,0.000,164.492,2.94,0.000,287.861,6.86,0.000,411.230,6.86,0.000,328.984,6.86
19.6125,0.000,2631.787,1.47,65.02,0.00,0.000,0.000,0.00,0.000,41.122,0.98,0.000,164.487,2.94,0.000,0.000,0.00,0.000,82.243,0.98,0.000,123.365,1.96,0.000,41.122,0.98,0.000,41.122,0.98,0.000,123.365,0.98,0.000,41.122,0.98,0.000,82.243,0.98,0.000,82.243,1.96,0.000,41.122,0.98,0.000,205.608,1.96,0.000,205.608,3.92,0.000,41.122,0.98,0.000,82.243,0.98,0.000,0.000,0.00,0.000,82.243,1.96,0.000,82.243,1.96,0.000,82.243,0.98,0.000,82.243,1.96,0.000,246.730,2.94,0.000,0.000,0.00,0.000,123.365,1.96,0.000,246.730,3.92,0.000,0.000,0.00,0.000,205.608,3.92,0.000,0.000,0.00,0.000,82.243,1.96
19.7148,0.000,5251.482,3.13,75.50,0.00,0.000,123.082,0.98,0.000,82.054,0.98,0.000,369.245,5.87,0.000,205.136,2.93,0.000,205.136,3.91,0.000,205.136,3.91,0.000,82.054,1.96,0.000,369.245,12.72,0.000,123.082,1.96,0.000,246.163,4.89,0.000,205.136,2.93,0.000,123.082,1.96,0.000,205.136,0.98,0.000,164.109,2.93,0.000,164.109,2.93,0.000,164.109,3.91,0.000,205.136,2.93,0.000,123.082,2.93,0.000,41.027,1.96,0.000,82.054,0.98,0.000,123.082,1.96,0.000,82.054,1.96,0.000,123.082,2.93,0.000,123.082,1.96,0.000,369.245,5.87,0.000,82.054,0.98,0.000,246.163,3.91,0.000,205.136,4.89,0.000,205.136,1.96,0.000,205.136,2.93
19.8170,0.000,7879.181,4.66,67.32,0.00,0.000,205.187,2.94,0.000,205.187,2.94,0.000,123.112,1.96,0.000,164.150,1.96,0.000,287.262,4.89,0.000,451.411,9.78,0.000,82.075,0.98,0.000,205.187,4.89,0.000,287.262,4.89,0.000,328.299,12.72,0.000,369.337,5.87,0.000,287.262,3.91,0.000,246.224,3.91,0.000,205.187,2.94,0.000,410.374,6.85,0.000,123.112,0.98,0.000,287.262,3.91,0.000,205.187,3.91,0.000,328.299,8.81,0.000,369.337,4.89,0.000,164.150,2.94,0.000,410.374,5.87,0.000,369.337,5.87,0.000,164.150,3.91,0.000,246.224,3.91,0.000,246.224,4.89,0.000,287.262,4.89,0.000,328.299,7.83,0.000,205.187,1.96,0.000,287.262,3.91
19.9205,0.000,7927.938,4.28,61.13,0.00,0.000,202.495,3.86,0.000,202.495,2.90,0.000,161.996,2.90,0.000,202.495,4.83,0.000,161.996,1.93,0.000,242.993,3.86,0.000,121.497,2.90,0.000,283.492,4.83,0.000,233.937,3.86,0.000,283.492,4.83,0.000,404.989,5.79,0.000,202.495,2.90,0.000,242.993,2.90,0.000,161.996,1.93,0.000,445.488,8.69,0.000,323.991,3.86,0.000,485.987,7.72,0.000,313.076,4.83,0.000,253.118,5.79,0.000,283.492,4.83,0.000,283.492,5.79,0.000,404.989,4.83,0.000,202.495,2.90,0.000,161.996,1.93,0.000,283.492,4.83,0.000,323.991,1.93,0.000,202.495,2.90,0.000,283.492,6.76,0.000,364.490,7.72,0.000,202.495,2.90
20.0245,0.000,3720.208,2.24,59.38,0.00,0.000,120.991,0.00,0.000,40.330,0.96,0.000,120.991,0.96,0.000,80.661,1.92,0.000,40.330,0.96,0.000,80.661,1.92,0.000,80.661,1.92,0.000,120.991,1.92,0.000,210.671,4.81,0.000,40.330,0.00,0.000,120.991,2.88,0.000,161.322,2.88,0.000,161.322,2.88,0.000,80.661,1.92,0.000,40.330,0.00,0.000,120.991,1.92,0.000,40.330,0.96,0.000,172.192,1.92,0.000,191.570,4.81,0.000,201.652,2.88,0.000,40.330,0.96,0.000,161.322,2.88,0.000,120.991,1.92,0.000,201.652,1.92,0.000,201.652,4.81,0.000,40.330,0.96,0.000,80.661,0.96,0.000,161.322,4.81,0.000,161.322,3.85,0.000,322.644,5.77
20.1265,0.000,10533.997,5.85,68.63,0.00,0.000,658.375,8.83,0.000,205.742,3.92,0.000,370.336,5.89,0.000,452.633,7.85,0.000,246.891,2.94,0.000,411.484,7.85,0.000,329.187,6.87,0.000,205.742,3.92,0.000,205.742,3.92,0.000,288.039,4.91,0.000,288.039,3.92,0.000,288.039,3.92,0.000,411.484,5.89,0.000,452.633,5.89,0.000,329.187,4.91,0.000,288.039,5.89,0.000,452.633,7.85,0.000,370.336,4.91,0.000,288.039,7.85,0.000,452.633,6.87,0.000,452.633,6.87,0.000,329.187,5.89,0.000,452.633,6.87,0.000,246.891,5.89,0.000,411.484,6.87,0.000,288.039,5.89,0.000,329.187,5.89,0.000,164.594,3.92,0.000,658.375,8.83,0.000,205.742,3.92
20.2285,0.000,3944.905,2.32,59.18,0.00,0.000,205.464,1.96,0.000,164.371,3.92,0.000,41.093,0.98,0.000,123.278,1.96,0.000,205.464,3.92,0.000,0.000,0.00,0.000,164.371,1.96,0.000,123.278,1.96,0.000,123.278,1.96,0.000,205.464,2.94,0.000,246.557,4.90,0.000,41.093,0.00,0.000,123.278,1.96,0.000,123.278,3.92,0.000,123.278,2.94,0.000,82.186,1.96,0.000,164.371,3.92,0.000,82.186,1.96,0.000,82.186,1.96,0.000,246.557,2.94,0.000,287.649,4.90,0.000,41.093,0.98,0.000,82.186,0.98,0.000,82.186,2.94,0.000,164.371,1.96,0.000,123.278,1.96,0.000,123.278,1.96,0.000,41.093,0.98,0.000,164.371,2.94,0.000,164.371,1.96
20.3315,0.000,2606.154,1.88,77.51,0.00,0.000,0.000,0.00,0.000,0.000,0.00,0.000,40.721,0.97,0.000,244.327,3.88,0.000,40.721,0.97,0.000,81.442,1.94,0.000,40.721,0.97,0.000,81.442,1.94,0.000,81.442,1.94,0.000,81.442,1.94,0.000,81.442,1.94,0.000,0.000,0.00,0.000,122.163,1.94,0.000,244.327,5.83,0.000,81.442,0.97,0.000,162.885,2.91,0.000,122.163,3.88,0.000,81.442,1.94,0.000,81.442,1.94,0.000,244.327,5.83,0.000,40.721,0.00,0.000,0.000,0.00,0.000,40.721,0.97,0.000,81.442,1.94,0.000,40.721,0.97,0.000,81.442,0.97,0.000,0.000,0.00,0.000,203.606,4.85,0.000,81.442,0.97,0.000,122.163,3.88
20.4353,0.000,5268.142,3.21,67.86,0.00,0.000,63.146,0.96,0.000,202.067,3.85,0.000,121.240,0.96,0.000,282.894,3.85,0.000,80.827,0.96,0.000,202.067,3.85,0.000,202.067,1.93,0.000,161.654,1.93,0.000,282.894,5.78,0.000,202.067,2.89,0.000,202.067,4.82,0.000,202.067,3.85,0.000,121.240,2.89,0.000,121.240,1.93,0.000,202.067,2.89,0.000,363.721,5.78,0.000,80.827,1.93,0.000,121.240,0.96,0.000,202.067,7.71,0.000,80.827,1.93,0.000,0.000,0.00,0.000,121.393,3.85,0.000,157.786,3.85,0.000,202.067,2.89,0.000,245.006,2.89,0.000,194.924,2.89,0.000,242.480,1.93,0.000,323.307,10.60,0.000,40.413,0.96,0.000,242.480,4.82
20.5377,0.000,5147.612,2.87,59.80,0.00,0.000,181.799,3.91,0.000,204.843,1.95,0.000,122.906,0.98,0.000,163.875,2.93,0.000,245.812,4.88,0.000,122.906,0.98,0.000,122.906,2.93,0.000,81.937,0.98,0.000,81.937,0.98,0.000,81.937,0.98,0.000,204.843,3.91,0.000,245.812,4.88,0.000,40.969,0.98,0.000,122.906,0.98,0.000,204.843,2.93,0.000,163.875,1.95,0.000,368.718,5.86,0.000,81.937,1.95,0.000,122.906,2.93,0.000,40.969,0.98,0.000,122.906,1.95,0.000,122.906,1.95,0.000,249.733,3.91,0.000,286.781,5.86,0.000,407.126,3.91,0.000,130.148,1.95,0.000,81.937,1.95,0.000,245.812,5.86,0.000,286.781,6.84,0.000,204.843,2.93
20.6395,0.000,14446.324,8.02,56.65,0.00,0.000,370.712,4.91,0.000,494.283,4.91,0.000,576.664,8.84,0.000,453.223,7.86,0.000,741.425,10.80,0.000,329.522,4.91,0.000,247.142,2.95,0.000,288.332,2.95,0.000,741.425,11.78,0.000,453.093,7.86,0.000,411.903,6.87,0.000,453.093,7.86,0.000,535.473,10.80,0.000,453.093,3.93,0.000,535.473,9.82,0.000,370.712,5.89,0.000,494.283,6.87,0.000,317.937,9.82,0.000,288.332,6.87,0.000,741.425,10.80,0.000,700.234,10.80,0.000,576.664,11.78,0.000,370.712,7.86,0.000,247.142,3.93,0.000,494.283,7.86,0.000,535.473,10.80,0.000,864.995,14.73,0.000,329.522,7.86,0.000,370.712,6.87,0.000,659.044,10.80
20.7415,0.000,3999.874,2.29,54.38,0.00,0.000,205.583,0.98,0.000,370.049,3.92,0.000,82.233,0.98,0.000,41.117,1.96,0.000,41.117,0.00,0.000,41.117,0.98,0.000,82.233,1.96,0.000,205.583,3.92,0.000,41.117,0.98,0.000,164.466,2.94,0.000,205.583,3.92,0.000,123.350,1.96,0.000,123.350,1.96,0.000,164.466,0.98,0.000,164.466,2.94,0.000,82.233,0.98,0.000,164.466,2.94,0.000,258.264,8.82,0.000,82.233,1.96,0.000,82.233,0.98,0.000,41.117,0.00,0.000,82.233,0.98,0.000,205.583,1.96,0.000,82.233,1.96,0.000,123.350,1.96,0.000,164.466,4.90,0.000,164.466,1.96,0.000,123.350,2.94,0.000,82.233,1.96,0.000,205.583,3.92
20.8438,0.000,7872.033,4.50,51.02,0.00,0.000,369.002,5.87,0.000,246.001,3.91,0.000,533.002,9.78,0.000,205.001,3.91,0.000,328.001,4.89,0.000,205.001,2.93,0.000,328.001,4.89,0.000,410.002,7.82,0.000,287.001,5.87,0.000,164.001,1.96,0.000,328.001,5.87,0.000,328.001,7.82,0.000,205.001,1.96,0.000,123.001,2.93,0.000,205.001,3.91,0.000,246.001,4.89,0.000,410.002,4.89,0.000,328.001,3.91,0.000,287.001,6.84,0.000,451.002,6.84,0.000,41.000,0.98,0.000,123.001,2.93,0.000,164.001,1.96,0.000,123.001,1.96,0.000,246.001,4.89,0.000,164.001,1.96,0.000,246.001,3.91,0.000,205.001,4.89,0.000,287.001,4.89,0.000,287.001,4.89
20.9475,0.000,1294.296,0.93,49.06,0.00,0.000,0.000,0.00,0.000,40.447,0.96,0.000,0.000,0.00,0.000,40.447,0.96,0.000,40.447,0.96,0.000,80.893,0.96,0.000,0.000,0.00,0.000,121.340,2.89,0.000,0.000,0.00,0.000,40.447,0.96,0.000,0.000,0.00,0.000,161.787,3.86,0.000,80.893,0.96,0.000,40.447,0.00,0.000,40.447,0.96,0.000,0.000,0.00,0.000,40.447,0.96,0.000,80.893,1.93,0.000,40.447,1.93,0.000,40.447,0.96,0.000,40.447,0.96,0.000,40.447,0.00,0.000,40.447,0.96,0.000,40.447,0.96,0.000,40.447,0.96,0.000,0.000,0.00,0.000,80.893,1.93,0.000,40.447,0.96,0.000,0.000,0.00,0.000,80.893,1.93
21.0505,0.000,7818.170,4.40,64.38,0.00,0.000,81.439,0.97,0.000,244.318,1.94,0.000,203.598,2.91,0.000,244.318,3.88,0.000,162.879,1.94,0.000,244.318,3.88,0.000,325.757,3.88,0.000,162.879,2.91,0.000,407.196,5.82,0.000,285.037,3.88,0.000,407.196,6.80,0.000,203.598,4.85,0.000,203.598,3.88,0.000,325.757,4.85,0.000,366.477,5.82,0.000,325.757,4.85,0.000,162.879,3.88,0.000,244.318,6.80,0.000,244.318,5.82,0.000,366.477,4.85,0.000,244.318,4.85,0.000,162.879,3.88,0.000,244.318,4.85,0.000,366.477,6.80,0.000,203.598,3.88,0.000,244.318,3.88,0.000,447.916,6.80,0.000,244.318,5.82,0.000,244.318,3.88,0.000,203.598,2.91
21.1527,0.000,5257.411,3.07,61.57,0.00,0.000,41.074,0.98,0.000,287.515,9.79,0.000,164.294,2.94,0.000,246.441,4.90,0.000,246.441,3.92,0.000,82.147,0.98,0.000,164.294,1.96,0.000,123.221,1.96,0.000,82.147,0.98,0.000,287.515,4.90,0.000,205.368,2.94,0.000,164.294,1.96,0.000,246.441,3.92,0.000,246.441,3.92,0.000,123.221,2.94,0.000,41.074,0.00,0.000,123.221,1.96,0.000,205.368,3.92,0.000,164.294,3.92,0.000,246.441,4.90,0.000,123.221,1.96,0.000,287.515,4.90,0.000,246.441,2.94,0.000,164.294,2.94,0.000,328.588,4.90,0.000,164.294,2.94,0.000,41.074,0.98,0.000,41.074,0.98,0.000,246.441,3.92,0.000,123.221,1.96
21.2550,0.000,3934.554,2.34,56.31,0.00,0.000,163.911,2.93,0.000,163.911,3.91,0.000,81.956,0.98,0.000,122.934,2.93,0.000,122.934,1.95,0.000,40.978,0.98,0.000,122.934,0.00,0.000,81.956,1.95,0.000,286.845,5.86,0.000,81.956,1.95,0.000,204.889,3.91,0.000,163.911,3.91,0.000,122.934,1.95,0.000,163.911,2.93,0.000,0.000,0.00,0.000,245.867,2.93,0.000,81.956,0.98,0.000,122.934,2.93,0.000,81.956,1.95,0.000,122.934,0.00,0.000,81.956,0.98,0.000,122.934,2.93,0.000,40.978,0.98,0.000,122.934,0.00,0.000,164.592,3.91,0.000,204.889,4.88,0.000,122.934,2.93,0.000,122.934,2.93,0.000,204.889,2.93,0.000,163.911,2.93
21.3573,0.000,2625.392,1.86,63.33,0.00,0.000,123.065,1.96,0.000,82.043,0.98,0.000,41.022,0.00,0.000,0.000,0.00,0.000,123.065,1.96,0.000,41.022,0.98,0.000,205.109,3.91,0.000,82.043,3.91,0.000,82.043,0.98,0.000,0.000,0.00,0.000,123.065,2.93,0.000,123.065,2.93,0.000,41.022,0.98,0.000,82.043,0.98,0.000,123.065,2.93,0.000,205.109,3.91,0.000,164.087,3.91,0.000,164.087,2.93,0.000,41.022,1.96,0.000,41.022,0.98,0.000,82.043,1.96,0.000,123.065,2.93,0.000,0.000,0.00,0.000,164.087,3.91,0.000,164.087,2.93,0.000,0.000,0.00,0.000,123.065,1.96,0.000,82.043,2.93,0.000,0.000,0.00,0.000,0.000,0.00
21.4596,0.000,5248.188,3.45,66.46,0.00,0.000,286.995,6.84,0.000,40.999,0.98,0.000,82.154,3.91,0.000,163.997,2.93,0.000,81.998,1.95,0.000,122.998,2.93,0.000,245.995,2.93,0.000,286.995,4.89,0.000,204.996,4.89,0.000,245.995,3.91,0.000,122.998,1.95,0.000,122.998,2.93,0.000,0.000,0.00,0.000,245.995,5.86,0.000,409.992,5.86,0.000,81.998,1.95,0.000,163.997,3.91,0.000,245.995,3.91,0.000,204.996,5.86,0.000,245.995,4.89,0.000,246.126,5.86,0.000,163.997,1.95,0.000,163.997,2.93,0.000,204.996,4.89,0.000,163.997,2.93,0.000,81.998,0.98,0.000,204.996,4.89,0.000,40.999,0.98,0.000,204.996,1.95,0.000,163.997,2.93
21.5618,0.000,8376.174,4.92,72.35,0.00,0.000,246.127,5.87,0.000,369.191,5.87,0.000,205.106,3.91,0.000,275.050,4.89,0.000,164.085,3.91,0.000,389.140,5.87,0.000,574.297,7.82,0.000,328.170,4.89,0.000,246.127,1.96,0.000,246.127,4.89,0.000,246.127,3.91,0.000,123.064,1.96,0.000,328.170,5.87,0.000,164.085,1.96,0.000,328.170,3.91,0.000,246.127,4.89,0.000,328.170,5.87,0.000,246.127,3.91,0.000,328.170,7.82,0.000,123.064,2.93,0.000,246.127,5.87,0.000,205.106,3.91,0.000,246.127,4.89,0.000,369.191,5.87,0.000,287.148,5.87,0.000,533.275,8.80,0.000,205.106,2.93,0.000,246.127,6.85,0.000,246.127,2.93,0.000,287.148,6.85
21.6643,0.000,7354.989,4.23,72.79,0.00,0.000,122.714,2.93,0.000,368.141,10.73,0.000,40.905,0.98,0.000,216.586,3.90,0.000,449.950,6.83,0.000,307.343,3.90,0.000,204.523,2.93,0.000,204.523,3.90,0.000,245.427,2.93,0.000,122.714,1.95,0.000,368.141,7.80,0.000,245.427,2.93,0.000,163.618,2.93,0.000,204.523,4.88,0.000,409.045,5.85,0.000,163.618,2.93,0.000,163.618,2.93,0.000,163.618,2.93,0.000,245.427,6.83,0.000,245.427,3.90,0.000,368.141,5.85,0.000,245.427,1.95,0.000,327.236,4.88,0.000,81.809,0.98,0.000,204.523,2.93,0.000,122.714,0.98,0.000,286.332,5.85,0.000,327.236,8.78,0.000,449.950,5.85,0.000,286.332,3.90
21.7662,0.000,7303.814,4.22,66.47,0.00,0.000,288.139,4.91,0.000,331.875,3.93,0.000,288.139,5.89,0.000,201.392,3.93,0.000,109.097,1.96,0.000,41.163,0.00,0.000,123.488,1.96,0.000,356.596,3.93,0.000,288.139,4.91,0.000,391.649,6.87,0.000,164.651,1.96,0.000,123.488,2.94,0.000,246.976,6.87,0.000,182.700,3.93,0.000,288.139,3.93,0.000,246.976,4.91,0.000,164.651,2.94,0.000,329.302,5.89,0.000,411.627,9.81,0.000,411.627,6.87,0.000,246.976,5.89,0.000,221.250,2.94,0.000,164.651,2.94,0.000,329.302,4.91,0.000,288.139,2.94,0.000,411.627,6.87,0.000,164.651,1.96,0.000,164.651,3.93,0.000,82.325,1.96,0.000,240.424,3.93
21.8695,0.000,7088.083,3.94,67.07,0.00,0.000,284.234,1.94,0.000,362.906,3.87,0.000,121.815,2.90,0.000,410.410,8.71,0.000,176.615,1.94,0.000,121.815,1.94,0.000,284.234,3.87,0.000,297.914,5.81,0.000,324.839,5.81,0.000,19.708,0.00,0.000,162.419,0.97,0.000,81.210,0.97,0.000,284.234,6.78,0.000,185.220,3.87,0.000,203.024,4.84,0.000,243.629,4.84,0.000,365.444,7.74,0.000,203.024,2.90,0.000,203.024,4.84,0.000,406.048,5.81,0.000,81.210,1.94,0.000,390.822,4.84,0.000,284.234,3.87,0.000,121.815,1.94,0.000,406.048,5.81,0.000,243.629,3.87,0.000,243.629,4.84,0.000,324.839,7.74,0.000,121.815,0.97,0.000,128.278,1.94
21.9719,0.000,2621.217,1.73,74.45,0.00,0.000,81.913,1.95,0.000,81.913,0.98,0.000,122.870,0.98,0.000,81.913,2.93,0.000,81.913,1.95,0.000,81.913,1.95,0.000,40.957,0.98,0.000,0.000,0.00,0.000,122.870,2.93,0.000,81.913,1.95,0.000,40.957,0.98,0.000,81.913,0.98,0.000,0.000,0.00,0.000,327.652,9.76,0.000,122.870,0.98,0.000,40.957,0.98,0.000,0.000,0.00,0.000,122.870,1.95,0.000,40.957,1.95,0.000,204.783,1.95,0.000,40.957,0.98,0.000,40.957,0.00,0.000,81.913,0.98,0.000,40.957,1.95,0.000,163.826,2.93,0.000,0.000,0.00,0.000,245.739,4.88,0.000,81.913,1.95,0.000,81.913,0.98,0.000,81.913,0.98
22.0742,0.000,6561.718,3.68,76.41,0.00,0.000,205.054,2.93,0.000,164.043,2.93,0.000,82.021,1.96,0.000,164.043,2.93,0.000,82.021,0.98,0.000,246.064,2.93,0.000,205.054,3.91,0.000,492.129,7.82,0.000,287.075,5.87,0.000,287.075,1.96,0.000,205.054,2.93,0.000,123.032,0.98,0.000,41.011,0.98,0.000,205.054,2.93,0.000,123.032,1.96,0.000,451.118,6.84,0.000,164.043,2.93,0.000,410.107,9.78,0.000,246.064,5.87,0.000,164.043,4.89,0.000,82.021,1.96,0.000,205.054,3.91,0.000,287.075,2.93,0.000,123.032,2.93,0.000,205.054,2.93,0.000,123.032,0.98,0.000,369.097,5.87,0.000,205.054,4.89,0.000,328.086,5.87,0.000,287.075,3.91
22.1765,0.000,10494.119,6.48,58.30,0.00,0.000,409.927,7.82,0.000,327.941,3.91,0.000,327.941,3.91,0.000,450.919,7.82,0.000,245.956,11.73,0.000,368.934,5.86,0.000,245.956,1.95,0.000,286.949,5.86,0.000,286.949,2.93,0.000,327.941,4.89,0.000,204.963,2.93,0.000,327.941,5.86,0.000,163.971,3.91,0.000,655.882,11.73,0.000,122.978,0.98,0.000,163.971,3.91,0.000,368.934,5.86,0.000,409.927,5.86,0.000,491.912,12.71,0.000,491.912,7.82,0.000,409.927,7.82,0.000,409.927,5.86,0.000,409.927,5.86,0.000,245.956,3.91,0.000,532.904,10.75,0.000,286.949,5.86,0.000,491.912,15.64,0.000,245.956,5.86,0.000,491.912,8.80,0.000,286.949,5.86
22.2789,0.000,6556.348,3.71,50.50,0.00,0.000,286.840,4.88,0.000,245.863,4.88,0.000,163.909,1.95,0.000,163.909,2.93,0.000,327.817,7.82,0.000,204.886,2.93,0.000,163.909,3.91,0.000,122.932,1.95,0.000,122.932,1.95,0.000,245.863,3.91,0.000,286.840,4.88,0.000,491.726,8.79,0.000,245.863,3.91,0.000,245.863,2.93,0.000,163.909,1.95,0.000,122.932,2.93,0.000,122.932,0.00,0.000,163.909,2.93,0.000,368.795,8.79,0.000,122.932,1.95,0.000,81.954,0.98,0.000,286.840,4.88,0.000,122.932,0.98,0.000,245.863,5.86,0.000,204.886,0.98,0.000,286.840,5.86,0.000,368.795,5.86,0.000,163.909,3.91,0.000,245.863,3.91,0.000,163.909,1.95
22.3808,0.000,3951.397,2.29,51.07,0.00,0.000,205.802,1.96,0.000,123.481,2.94,0.000,123.481,0.98,0.000,164.642,2.94,0.000,82.321,1.96,0.000,164.642,2.94,0.000,82.321,1.96,0.000,246.962,3.93,0.000,123.481,2.94,0.000,164.642,1.96,0.000,164.642,1.96,0.000,41.160,0.98,0.000,82.321,1.96,0.000,205.802,4.91,0.000,123.481,2.94,0.000,246.962,4.91,0.000,205.802,3.93,0.000,41.160,0.98,0.000,123.481,2.94,0.000,0.000,0.00,0.000,164.642,1.96,0.000,164.642,1.96,0.000,123.481,1.96,0.000,123.481,1.96,0.000,82.321,1.96,0.000,123.481,2.94,0.000,123.481,1.96,0.000,0.000,0.00,0.000,41.160,0.98,0.000,288.123,2.94
22.4831,0.000,7874.591,4.95,51.38,0.00,0.000,287.094,5.87,0.000,246.081,5.87,0.000,164.054,2.93,0.000,205.067,3.91,0.000,287.094,3.91,0.000,287.094,6.84,0.000,246.081,1.96,0.000,369.121,4.89,0.000,287.094,4.89,0.000,328.108,3.91,0.000,82.027,0.98,0.000,369.121,5.87,0.000,246.081,4.89,0.000,369.121,8.80,0.000,328.108,5.87,0.000,205.067,3.91,0.000,246.081,3.91,0.000,287.094,3.91,0.000,164.054,4.89,0.000,328.108,6.84,0.000,246.081,3.91,0.000,369.121,13.69,0.000,328.108,5.87,0.000,287.094,6.84,0.000,205.067,1.96,0.000,164.054,1.96,0.000,123.040,2.93,0.000,328.108,7.82,0.000,164.054,1.96,0.000,328.108,6.84
22.5849,0.000,7905.372,4.74,54.07,0.00,0.000,247.043,4.91,0.000,123.521,2.94,0.000,247.043,4.91,0.000,164.695,1.96,0.000,247.043,4.91,0.000,205.869,3.93,0.000,288.217,5.89,0.000,164.695,2.94,0.000,288.217,4.91,0.000,411.738,5.89,0.000,247.043,3.93,0.000,247.043,2.94,0.000,164.695,0.98,0.000,123.521,1.96,0.000,452.912,5.89,0.000,247.043,3.93,0.000,288.217,10.80,0.000,205.869,3.93,0.000,288.217,6.87,0.000,370.564,6.87,0.000,288.217,4.91,0.000,82.348,1.96,0.000,247.043,5.89,0.000,247.043,4.91,0.000,205.869,3.93,0.000,452.912,6.87,0.000,288.217,4.91,0.000,288.217,6.87,0.000,329.390,4.91,0.000,452.912,5.89
22.6881,0.000,0.000,0.00,49.45,0.00,0.000,0.000,0.00,0.000,0.000,0.00,0.000,0.000,0.00,0.000,0.000,0.00,0.000,0.000,0.00,0.000,0.000,0.00,0.000,0.000,0.00,0.000,0.000,0.00,0.000,0.000,0.00,0.000,0.000,0.00,0.000,0.000,0.00,0.000,0.000,0.00,0.000,0.000,0.00,0.000,0.000,0.00,0.000,0.000,0.00,0.000,0.000,0.00,0.000,0.000,0.00,0.000,0.000,0.00,0.000,0.000,0.00,0.000,0.000,0.00,0.000,0.000,0.00,0.000,0.000,0.00,0.000,0.000,0.00,0.000,0.000,0.00,0.000,0.000,0.00,0.000,0.000,0.00,0.000,0.000,0.00,0.000,0.000,0.00,0.000,0.000,0.00,0.000,0.000,0.00
22.7900,0.000,3953.034,2.23,61.24,0.00,0.000,164.710,1.96,0.000,41.177,0.00,0.000,41.177,0.00,0.000,164.710,2.95,0.000,123.532,2.95,0.000,82.355,1.96,0.000,82.355,1.96,0.000,82.355,1.96,0.000,164.710,2.95,0.000,82.355,1.96,0.000,82.355,0.98,0.000,123.532,1.96,0.000,247.065,4.91,0.000,164.710,0.98,0.000,205.887,3.93,0.000,82.355,1.96,0.000,123.532,2.95,0.000,123.532,2.95,0.000,164.710,3.93,0.000,247.065,1.96,0.000,41.177,0.98,0.000,247.065,4.91,0.000,164.710,2.95,0.000,164.710,2.95,0.000,123.532,2.95,0.000,41.177,0.00,0.000,123.532,0.00,0.000,123.532,2.95,0.000,247.065,2.95,0.000,82.355,0.98
22.8935,0.000,5185.351,3.06,65.13,0.00,0.000,202.553,3.86,0.000,202.553,3.86,0.000,283.574,5.80,0.000,243.063,4.83,0.000,121.532,1.93,0.000,81.021,1.93,0.000,162.042,2.90,0.000,202.553,3.86,0.000,324.084,4.83,0.000,121.532,2.90,0.000,243.063,4.83,0.000,202.553,3.86,0.000,81.021,0.00,0.000,283.574,4.83,0.000,81.021,0.97,0.000,324.084,5.80,0.000,81.021,1.93,0.000,162.042,1.93,0.000,202.553,5.80,0.000,121.532,0.97,0.000,162.042,0.97,0.000,202.553,3.86,0.000,162.042,1.93,0.000,81.021,1.93,0.000,81.021,0.97,0.000,81.021,0.00,0.000,121.532,2.90,0.000,162.042,3.86,0.000,162.042,3.86,0.000,243.063,3.86
22.9958,0.000,6559.856,3.84,61.95,0.00,0.000,286.994,6.84,0.000,122.997,1.95,0.000,163.996,3.91,0.000,327.993,4.89,0.000,163.996,1.95,0.000,204.996,4.89,0.000,122.997,1.95,0.000,81.998,1.95,0.000,122.997,2.93,0.000,204.996,2.93,0.000,286.994,5.86,0.000,122.997,1.95,0.000,163.996,2.93,0.000,204.996,2.93,0.000,327.993,4.89,0.000,204.996,3.91,0.000,286.994,4.89,0.000,122.997,0.98,0.000,327.993,7.82,0.000,327.993,3.91,0.000,368.992,3.91,0.000,163.996,2.93,0.000,409.991,5.86,0.000,204.996,1.95,0.000,204.996,5.86,0.000,163.996,1.95,0.000,163.996,3.91,0.000,409.991,10.75,0.000,122.997,1.95,0.000,163.996,1.95
23.0996,0.000,3881.794,2.28,68.87,0.00,0.000,40.435,0.96,0.000,40.435,0.96,0.000,161.741,3.86,0.000,80.871,0.00,0.000,80.871,0.96,0.000,121.306,0.96,0.000,80.871,0.96,0.000,161.741,2.89,0.000,242.612,4.82,0.000,121.306,0.96,0.000,283.047,5.78,0.000,121.306,1.93,0.000,161.741,2.89,0.000,80.871,1.93,0.000,80.871,0.96,0.000,202.177,3.86,0.000,121.306,2.89,0.000,202.177,2.89,0.000,161.741,3.86,0.000,202.177,4.82,0.000,161.741,3.86,0.000,80.871,0.00,0.000,202.177,2.89,0.000,80.871,0.96,0.000,121.306,1.93,0.000,161.741,1.93,0.000,80.871,1.93,0.000,80.871,1.93,0.000,121.306,2.89,0.000,40.435,0.96
23.2046,0.000,8944.144,5.20,75.13,0.00,0.000,399.292,7.62,0.000,319.434,5.71,0.000,199.646,3.81,0.000,439.221,6.66,0.000,319.434,5.71,0.000,279.505,3.81,0.000,279.505,3.81,0.000,279.505,3.81,0.000,239.575,4.76,0.000,319.434,5.71,0.000,199.646,3.81,0.000,199.646,1.90,0.000,399.292,7.62,0.000,239.575,3.81,0.000,239.575,3.81,0.000,239.575,3.81,0.000,319.434,7.62,0.000,239.575,3.81,0.000,359.363,8.57,0.000,399.292,6.66,0.000,279.505,5.71,0.000,199.646,2.86,0.000,439.221,8.57,0.000,439.221,5.71,0.000,239.575,4.76,0.000,279.505,3.81,0.000,319.434,3.81,0.000,319.434,7.62,0.000,439.221,6.66,0.000,79.858,3.81
23.3070,0.000,6302.439,3.32,79.98,0.00,0.000,286.886,5.86,0.000,204.918,3.91,0.000,163.935,3.91,0.000,327.869,3.91,0.000,245.902,3.91,0.000,245.902,3.91,0.000,81.967,0.98,0.000,122.951,2.93,0.000,204.918,3.91,0.000,163.935,2.93,0.000,286.886,3.91,0.000,81.967,0.98,0.000,245.902,2.93,0.000,327.869,4.89,0.000,142.242,0.98,0.000,81.967,0.98,0.000,204.918,2.93,0.000,122.951,0.98,0.000,204.918,4.89,0.000,163.935,2.93,0.000,204.918,2.93,0.000,225.410,2.93,0.000,204.918,2.93,0.000,286.886,4.89,0.000,245.902,5.86,0.000,368.853,3.91,0.000,327.869,4.89,0.000,115.106,2.93,0.000,204.918,1.95,0.000,204.918,3.91
23.4095,0.000,10721.679,6.04,69.41,0.00,0.000,286.216,3.90,0.000,204.440,1.95,0.000,163.552,0.97,0.000,490.656,7.80,0.000,245.328,4.87,0.000,245.328,2.92,0.000,327.104,6.82,0.000,408.880,5.85,0.000,449.768,7.80,0.000,163.552,0.97,0.000,367.992,5.85,0.000,327.104,2.92,0.000,408.880,7.80,0.000,204.440,3.90,0.000,634.962,9.75,0.000,327.104,4.87,0.000,286.216,4.87,0.000,327.104,2.92,0.000,572.432,14.62,0.000,408.880,7.80,0.000,449.768,8.77,0.000,592.876,10.72,0.000,408.880,7.80,0.000,449.768,6.82,0.000,163.552,3.90,0.000,490.656,6.82,0.000,327.104,7.80,0.000,539.370,12.67,0.000,163.552,3.90,0.000,286.216,2.92
23.5125,0.000,2606.251,1.88,70.16,0.00,0.000,81.445,1.94,0.000,81.445,1.94,0.000,122.168,2.91,0.000,81.445,0.97,0.000,81.445,1.94,0.000,122.168,2.91,0.000,40.723,1.94,0.000,162.891,2.91,0.000,162.891,2.91,0.000,81.445,1.94,0.000,40.723,0.97,0.000,203.613,2.91,0.000,162.891,1.94,0.000,0.000,0.00,0.000,40.723,0.97,0.000,40.723,0.97,0.000,0.000,0.00,0.000,122.168,1.94,0.000,122.168,2.91,0.000,0.000,0.00,0.000,40.723,0.97,0.000,81.445,1.94,0.000,81.445,1.94,0.000,162.891,2.91,0.000,122.168,2.91,0.000,40.723,0.97,0.000,122.168,2.91,0.000,81.445,2.91,0.000,40.723,1.94,0.000,81.445,1.94
23.6149,0.000,3240.554,1.86,73.80,0.00,0.000,189.661,3.91,0.000,40.973,0.98,0.000,141.765,3.91,0.000,40.973,0.98,0.000,40.973,0.98,0.000,204.865,4.88,0.000,156.250,0.98,0.000,81.946,0.00,0.000,40.973,1.95,0.000,81.946,0.98,0.000,163.892,3.91,0.000,40.973,0.98,0.000,122.919,1.95,0.000,163.892,1.95,0.000,163.892,2.93,0.000,286.811,4.88,0.000,122.919,0.98,0.000,81.946,1.95,0.000,40.973,0.98,0.000,40.973,0.00,0.000,163.892,2.93,0.000,122.919,1.95,0.000,122.919,1.95,0.000,122.919,2.93,0.000,89.629,1.95,0.000,0.000,0.00,0.000,40.973,0.00,0.000,40.973,0.98,0.000,204.865,0.98,0.000,81.946,1.95
23.7175,0.000,8542.732,4.68,57.39,0.00,0.000,301.238,4.87,0.000,204.337,2.92,0.000,349.010,4.87,0.000,245.205,2.92,0.000,367.807,4.87,0.000,326.940,4.87,0.000,375.430,5.85,0.000,245.205,2.92,0.000,286.072,5.85,0.000,204.337,4.87,0.000,204.337,3.90,0.000,367.807,5.85,0.000,326.940,6.82,0.000,204.337,1.95,0.000,490.409,6.82,0.000,204.337,2.92,0.000,250.313,2.92,0.000,326.940,6.82,0.000,163.470,3.90,0.000,81.735,0.97,0.000,204.337,2.92,0.000,367.807,5.85,0.000,286.072,5.85,0.000,326.940,5.85,0.000,401.012,7.79,0.000,326.940,5.85,0.000,367.807,5.85,0.000,286.072,5.85,0.000,163.470,1.95,0.000,286.072,4.87
23.8197,0.000,6565.102,3.75,56.09,0.00,0.000,369.576,5.87,0.000,82.128,0.98,0.000,82.128,0.98,0.000,164.256,1.96,0.000,246.384,1.96,0.000,164.256,3.92,0.000,82.128,1.96,0.000,287.448,5.87,0.000,369.576,4.90,0.000,205.320,0.98,0.000,287.448,5.87,0.000,164.256,3.92,0.000,369.576,6.85,0.000,287.448,3.92,0.000,328.512,10.77,0.000,123.192,1.96,0.000,159.123,2.94,0.000,287.448,4.90,0.000,246.384,5.87,0.000,205.320,2.94,0.000,164.256,2.94,0.000,205.320,1.96,0.000,369.576,3.92,0.000,123.192,1.96,0.000,328.512,5.87,0.000,164.256,2.94,0.000,41.064,0.00,0.000,164.256,3.92,0.000,164.256,3.92,0.000,328.512,5.87
23.9216,0.000,8441.320,4.97,51.42,0.00,0.000,210.872,2.94,0.000,205.729,4.90,0.000,309.759,5.89,0.000,205.729,3.92,0.000,370.312,7.85,0.000,288.021,2.94,0.000,370.312,4.90,0.000,246.875,3.92,0.000,370.312,3.92,0.000,370.438,6.87,0.000,334.310,5.89,0.000,288.021,5.89,0.000,246.875,4.90,0.000,246.875,3.92,0.000,288.021,4.90,0.000,246.875,4.90,0.000,288.021,4.90,0.000,329.166,7.85,0.000,164.583,3.92,0.000,205.729,3.92,0.000,288.021,3.92,0.000,370.312,6.87,0.000,164.583,3.92,0.000,205.729,3.92,0.000,370.312,6.87,0.000,426.888,9.81,0.000,164.583,0.00,0.000,288.021,6.87,0.000,329.166,4.90,0.000,246.875,2.94
24.0236,0.000,6234.992,3.33,52.49,0.00,0.000,611.858,7.85,0.000,205.667,3.92,0.000,309.906,3.92,0.000,287.933,3.92,0.000,246.800,2.94,0.000,164.533,3.92,0.000,123.400,2.94,0.000,0.000,0.00,0.000,205.667,3.92,0.000,164.533,2.94,0.000,262.225,2.94,0.000,123.400,0.98,0.000,0.000,0.00,0.000,287.933,3.92,0.000,82.267,1.96,0.000,41.133,0.98,0.000,123.400,1.96,0.000,282.189,1.96,0.000,246.800,5.88,0.000,354.574,4.90,0.000,0.000,0.00,0.000,329.067,4.90,0.000,246.800,3.92,0.000,164.533,2.94,0.000,246.800,2.94,0.000,231.375,3.92,0.000,246.800,4.90,0.000,275.200,7.85,0.000,82.267,1.96,0.000,287.933,4.90
24.1260,0.000,6359.112,4.00,41.55,0.00,0.000,204.780,3.91,0.000,327.649,5.86,0.000,202.221,4.88,0.000,204.780,3.91,0.000,163.824,2.93,0.000,204.780,4.88,0.000,286.693,4.88,0.000,81.912,0.98,0.000,286.693,9.76,0.000,368.605,5.86,0.000,511.951,7.81,0.000,122.868,1.95,0.000,204.780,4.88,0.000,163.824,3.91,0.000,81.912,1.95,0.000,81.912,1.95,0.000,450.517,5.86,0.000,210.500,2.93,0.000,81.912,1.95,0.000,138.427,0.98,0.000,204.780,2.93,0.000,286.693,4.88,0.000,81.912,0.98,0.000,245.736,3.91,0.000,122.868,2.93,0.000,163.824,3.91,0.000,245.736,4.88,0.000,381.284,8.79,0.000,40.956,0.98,0.000,204.780,3.91
24.2289,0.000,2118.671,1.26,51.21,0.00,0.000,81.524,1.94,0.000,163.047,2.92,0.000,81.524,0.97,0.000,122.286,1.94,0.000,81.524,1.94,0.000,0.000,0.97,0.000,40.762,0.97,0.000,81.524,0.97,0.000,40.762,0.97,0.000,0.000,0.00,0.000,26.949,0.00,0.000,40.762,0.00,0.000,122.286,1.94,0.000,81.524,0.97,0.000,81.524,1.94,0.000,40.762,0.97,0.000,0.000,0.00,0.000,81.524,1.94,0.000,203.809,4.86,0.000,81.524,0.97,0.000,40.762,0.97,0.000,81.524,0.97,0.000,163.047,1.94,0.000,81.524,1.94,0.000,40.762,0.97,0.000,0.000,0.00,0.000,81.524,0.97,0.000,40.762,0.97,0.000,40.891,0.00,0.000,94.262,1.94
24.3312,0.000,7050.999,3.84,61.10,0.00,0.000,81.954,1.95,0.000,163.909,1.95,0.000,245.863,3.91,0.000,327.818,1.95,0.000,163.909,2.93,0.000,122.932,3.91,0.000,245.863,5.86,0.000,122.932,1.95,0.000,122.932,2.93,0.000,368.795,6.84,0.000,218.772,3.91,0.000,327.818,5.86,0.000,204.886,2.93,0.000,163.909,2.93,0.000,163.909,2.93,0.000,327.818,4.88,0.000,122.932,2.93,0.000,450.749,4.88,0.000,491.726,11.72,0.000,286.840,2.93,0.000,204.886,2.93,0.000,163.909,1.95,0.000,288.681,4.88,0.000,122.932,2.93,0.000,245.863,2.93,0.000,286.840,3.91,0.000,245.863,2.93,0.000,163.909,3.91,0.000,204.886,3.91,0.000,396.967,4.88
24.4336,0.000,2621.664,1.40,58.97,0.00,0.000,122.887,3.91,0.000,163.849,1.95,0.000,0.000,0.00,0.000,163.849,3.91,0.000,122.887,1.95,0.000,0.000,0.00,0.000,81.925,0.98,0.000,40.962,0.98,0.000,40.962,0.98,0.000,122.887,0.98,0.000,40.962,0.98,0.000,81.925,0.98,0.000,204.811,2.93,0.000,163.849,1.95,0.000,204.811,2.93,0.000,40.962,0.98,0.000,81.925,1.95,0.000,245.774,3.91,0.000,40.962,0.98,0.000,81.925,0.98,0.000,40.962,0.98,0.000,40.962,0.00,0.000,163.929,1.95,0.000,40.962,0.00,0.000,0.000,0.00,0.000,0.000,0.00,0.000,40.962,0.98,0.000,81.925,1.95,0.000,40.962,0.00,0.000,122.887,1.95
24.5360,0.000,6295.786,3.84,73.14,0.00,0.000,122.970,1.95,0.000,204.949,3.91,0.000,163.959,2.93,0.000,163.959,2.93,0.000,122.970,2.93,0.000,163.959,2.93,0.000,210.073,3.91,0.000,122.970,2.93,0.000,81.980,1.95,0.000,81.980,0.98,0.000,245.939,3.91,0.000,81.980,1.95,0.000,163.959,2.93,0.000,286.929,5.86,0.000,122.970,1.95,0.000,409.899,6.84,0.000,286.929,5.86,0.000,163.959,2.93,0.000,306.143,9.77,0.000,204.949,2.93,0.000,450.888,5.86,0.000,286.929,3.91,0.000,163.959,2.93,0.000,163.959,2.93,0.000,245.939,2.93,0.000,450.888,8.80,0.000,245.939,3.91,0.000,204.949,5.86,0.000,204.949,3.91,0.000,163.959,1.95
24.6383,0.000,4199.114,2.41,64.54,0.00,0.000,205.022,2.93,0.000,287.031,5.87,0.000,41.004,0.98,0.000,164.018,2.93,0.000,123.013,0.00,0.000,41.004,0.98,0.000,117.888,2.93,0.000,205.022,3.91,0.000,164.018,2.93,0.000,123.013,1.96,0.000,82.009,1.96,0.000,123.013,0.00,0.000,82.009,1.96,0.000,0.000,0.00,0.000,123.013,1.96,0.000,164.018,2.93,0.000,82.009,1.96,0.000,205.022,3.91,0.000,185.801,6.84,0.000,82.009,1.96,0.000,82.009,1.96,0.000,328.036,4.89,0.000,82.009,0.00,0.000,164.018,1.96,0.000,164.018,1.96,0.000,164.018,2.93,0.000,205.022,1.96,0.000,123.013,2.93,0.000,164.018,3.91,0.000,123.013,0.98
24.7404,0.000,4187.407,2.32,74.29,0.00,0.000,123.165,1.96,0.000,125.731,0.98,0.000,205.275,3.92,0.000,41.055,0.98,0.000,205.275,4.89,0.000,202.508,2.94,0.000,123.165,1.96,0.000,123.165,2.94,0.000,164.220,1.96,0.000,123.165,1.96,0.000,205.275,0.98,0.000,123.165,2.94,0.000,82.110,1.96,0.000,0.000,0.00,0.000,82.110,1.96,0.000,205.275,3.92,0.000,164.220,1.96,0.000,164.220,1.96,0.000,246.330,5.87,0.000,205.275,2.94,0.000,246.330,3.92,0.000,205.275,3.92,0.000,82.110,0.98,0.000,41.055,0.00,0.000,41.055,0.00,0.000,82.110,0.98,0.000,82.110,1.96,0.000,164.220,3.92,0.000,82.110,0.98,0.000,246.330,3.92
24.8434,0.000,8876.497,5.24,74.10,0.00,0.000,122.141,1.94,0.000,323.164,4.85,0.000,407.136,11.65,0.000,325.709,4.85,0.000,325.709,4.85,0.000,369.166,5.82,0.000,325.709,3.88,0.000,447.849,5.82,0.000,407.136,7.77,0.000,122.141,2.91,0.000,162.854,3.88,0.000,325.709,2.91,0.000,284.995,4.85,0.000,447.849,6.79,0.000,407.136,6.79,0.000,284.995,4.85,0.000,366.422,4.85,0.000,284.995,5.82,0.000,366.422,8.74,0.000,122.141,1.94,0.000,244.281,4.85,0.000,162.854,1.94,0.000,325.709,4.85,0.000,367.163,7.77,0.000,244.281,3.88,0.000,81.427,0.97,0.000,203.568,2.91,0.000,407.136,12.62,0.000,366.422,7.77,0.000,244.281,3.88
24.9465,0.000,6955.416,3.94,74.42,0.00,0.000,279.325,4.85,0.000,162.724,2.91,0.000,40.681,0.00,0.000,325.448,3.88,0.000,471.805,9.70,0.000,83.905,0.97,0.000,40.681,0.97,0.000,162.724,1.94,0.000,162.724,1.94,0.000,325.448,4.85,0.000,300.420,5.82,0.000,406.810,6.79,0.000,162.724,2.91,0.000,366.129,4.85,0.000,205.948,3.88,0.000,122.043,2.91,0.000,81.362,1.94,0.000,122.043,2.91,0.000,244.086,5.82,0.000,325.448,4.85,0.000,284.767,3.88,0.000,203.405,2.91,0.000,244.086,3.88,0.000,325.478,4.85,0.000,244.086,3.88,0.000,203.405,1.94,0.000,244.086,3.88,0.000,122.043,2.91,0.000,284.767,5.82,0.000,406.810,9.70
25.0495,0.000,8675.010,4.98,69.45,0.00,0.000,331.230,7.77,0.000,325.782,4.85,0.000,366.504,6.80,0.000,162.891,2.91,0.000,260.721,3.88,0.000,323.236,4.85,0.000,325.782,3.88,0.000,122.168,1.94,0.000,244.336,1.94,0.000,447.950,9.71,0.000,432.281,7.77,0.000,285.059,1.94,0.000,325.782,5.83,0.000,325.782,6.80,0.000,445.405,8.74,0.000,162.891,2.91,0.000,203.614,3.88,0.000,244.336,3.88,0.000,203.614,4.85,0.000,285.059,6.80,0.000,285.059,5.83,0.000,203.614,3.88,0.000,366.504,3.88,0.000,203.614,2.91,0.000,285.059,6.80,0.000,285.059,3.88,0.000,488.672,5.83,0.000,203.614,4.85,0.000,325.782,4.85,0.000,203.614,4.85
25.1523,0.000,3919.897,2.50,63.97,0.00,0.000,163.329,1.95,0.000,122.497,1.95,0.000,204.161,3.89,0.000,122.497,3.89,0.000,81.665,0.97,0.000,81.665,0.97,0.000,40.832,0.97,0.000,163.329,3.89,0.000,163.329,1.95,0.000,81.665,1.95,0.000,204.161,4.87,0.000,163.329,2.92,0.000,244.994,5.84,0.000,40.832,0.97,0.000,81.665,0.97,0.000,163.329,1.95,0.000,81.665,0.97,0.000,122.497,1.95,0.000,163.329,3.89,0.000,163.329,2.92,0.000,163.329,1.95,0.000,204.161,3.89,0.000,122.497,1.95,0.000,40.832,0.00,0.000,163.329,3.89,0.000,40.832,0.97,0.000,163.329,3.89,0.000,81.665,1.95,0.000,204.161,4.87,0.000,81.665,1.95
25.2546,0.000,5170.198,2.87,66.92,0.00,0.000,163.971,3.91,0.000,122.978,1.95,0.000,204.963,5.86,0.000,122.978,1.95,0.000,204.963,2.93,0.000,204.963,2.93,0.000,409.926,7.82,0.000,163.971,2.93,0.000,122.978,1.95,0.000,40.993,0.00,0.000,163.971,2.93,0.000,245.956,4.89,0.000,204.963,3.91,0.000,327.941,4.89,0.000,163.971,3.91,0.000,163.971,2.93,0.000,245.956,3.91,0.000,327.941,4.89,0.000,122.978,2.93,0.000,163.971,0.98,0.000,122.978,0.98,0.000,46.117,0.00,0.000,81.985,0.98,0.000,40.993,0.00,0.000,122.978,1.95,0.000,163.971,1.95,0.000,122.978,1.95,0.000,204.963,4.89,0.000,204.963,3.91,0.000,163.971,0.98
25.3576,0.000,9193.891,5.11,61.02,0.00,0.000,244.221,2.91,0.000,284.924,5.82,0.000,488.441,8.73,0.000,407.034,6.79,0.000,284.924,4.85,0.000,325.628,4.85,0.000,407.034,0.97,0.000,325.628,7.76,0.000,447.738,7.76,0.000,284.924,2.91,0.000,407.034,8.73,0.000,407.034,4.85,0.000,407.034,6.79,0.000,284.924,5.82,0.000,162.814,2.91,0.000,325.628,3.88,0.000,366.331,3.88,0.000,162.814,2.91,0.000,244.221,8.73,0.000,162.814,1.94,0.000,284.924,4.85,0.000,198.429,4.85,0.000,81.407,0.97,0.000,447.738,8.73,0.000,366.331,7.76,0.000,244.221,3.88,0.000,325.628,1.94,0.000,122.110,2.91,0.000,488.441,9.70,0.000,203.517,3.88
25.4599,0.000,3777.636,2.18,53.29,0.00,0.000,164.087,2.93,0.000,41.022,0.98,0.000,41.022,0.98,0.000,123.065,0.98,0.000,82.043,1.96,0.000,164.087,3.91,0.000,287.151,2.93,0.000,123.065,2.93,0.000,82.043,1.96,0.000,123.065,1.96,0.000,164.087,2.93,0.000,369.195,4.89,0.000,123.065,0.98,0.000,82.043,1.96,0.000,164.087,3.91,0.000,123.065,2.93,0.000,201.062,2.93,0.000,87.171,0.98,0.000,123.065,2.93,0.000,123.065,1.96,0.000,123.065,0.98,0.000,41.022,0.98,0.000,0.000,0.00,0.000,205.108,2.93,0.000,164.087,2.93,0.000,82.043,0.00,0.000,123.065,2.93,0.000,166.650,4.89,0.000,41.022,0.98,0.000,41.022,0.98
25.5647,0.000,6560.149,3.82,56.27,0.00,0.000,360.195,4.77,0.000,240.130,3.82,0.000,240.130,5.73,0.000,280.151,3.82,0.000,240.130,2.86,0.000,200.108,2.86,0.000,200.108,0.95,0.000,240.130,3.82,0.000,200.108,2.86,0.000,320.173,3.82,0.000,80.043,0.95,0.000,240.130,1.91,0.000,120.065,1.91,0.000,320.173,3.82,0.000,240.130,3.82,0.000,80.043,1.91,0.000,124.012,2.86,0.000,235.127,4.77,0.000,360.195,10.50,0.000,160.087,3.82,0.000,200.108,2.86,0.000,200.108,3.82,0.000,200.108,2.86,0.000,200.108,4.77,0.000,320.173,5.73,0.000,320.173,4.77,0.000,200.108,3.82,0.000,237.785,12.40,0.000,120.065,0.95,0.000,80.043,0.95
25.6675,0.000,2609.516,1.59,55.01,0.00,0.000,122.321,1.94,0.000,122.321,0.97,0.000,81.547,1.94,0.000,40.774,0.97,0.000,81.547,0.97,0.000,81.547,0.97,0.000,81.547,1.94,0.000,122.321,1.94,0.000,40.774,0.97,0.000,122.321,1.94,0.000,81.547,0.97,0.000,0.000,0.00,0.000,163.095,2.92,0.000,0.000,0.00,0.000,40.774,0.97,0.000,81.547,0.97,0.000,81.547,0.97,0.000,40.774,0.00,0.000,40.774,0.97,0.000,40.774,1.94,0.000,122.321,2.92,0.000,40.774,0.00,0.000,203.868,5.83,0.000,203.868,5.83,0.000,203.868,2.92,0.000,81.547,0.97,0.000,40.774,0.97,0.000,81.547,1.94,0.000,40.774,0.97,0.000,122.321,0.97
25.7698,0.000,10873.024,6.29,53.75,0.00,0.000,246.028,3.91,0.000,369.043,5.87,0.000,164.019,1.96,0.000,533.062,6.84,0.000,287.033,4.89,0.000,451.052,8.80,0.000,369.043,5.87,0.000,410.047,5.87,0.000,420.299,5.87,0.000,427.587,4.89,0.000,287.033,3.91,0.000,287.033,5.87,0.000,410.047,7.82,0.000,205.024,1.96,0.000,287.033,2.93,0.000,205.024,4.89,0.000,451.052,5.87,0.000,410.047,4.89,0.000,574.066,20.53,0.000,246.028,4.89,0.000,410.047,5.87,0.000,451.052,6.84,0.000,246.028,2.93,0.000,246.028,2.93,0.000,287.033,4.89,0.000,512.039,8.80,0.000,369.043,5.87,0.000,574.066,18.57,0.000,287.033,5.87,0.000,451.052,7.82
25.8721,0.000,4873.024,2.80,46.21,0.00,0.000,164.027,3.91,0.000,205.033,4.89,0.000,123.020,1.96,0.000,164.027,1.96,0.000,123.020,1.96,0.000,328.053,4.89,0.000,123.020,0.98,0.000,205.033,3.91,0.000,235.788,1.96,0.000,310.513,3.91,0.000,246.040,4.89,0.000,205.033,3.91,0.000,123.020,0.98,0.000,123.020,1.96,0.000,82.013,0.00,0.000,164.027,3.91,0.000,164.027,1.96,0.000,164.027,3.91,0.000,205.033,4.89,0.000,82.013,1.96,0.000,41.007,0.00,0.000,246.040,4.89,0.000,123.020,1.96,0.000,123.020,1.96,0.000,82.013,1.96,0.000,226.057,3.91,0.000,205.033,3.91,0.000,82.013,2.93,0.000,164.027,1.96,0.000,41.007,1.96
25.9755,0.000,2595.312,1.55,51.14,0.00,0.000,162.199,2.90,0.000,40.550,0.97,0.000,121.649,2.90,0.000,0.000,0.00,0.000,40.550,0.97,0.000,81.100,0.00,0.000,40.550,0.97,0.000,81.100,1.93,0.000,81.100,0.97,0.000,162.199,3.87,0.000,81.100,0.97,0.000,40.550,0.00,0.000,40.550,0.00,0.000,0.000,0.00,0.000,0.000,0.00,0.000,162.199,3.87,0.000,40.550,0.97,0.000,40.550,0.97,0.000,40.550,0.97,0.000,121.773,1.93,0.000,202.749,2.90,0.000,121.649,0.97,0.000,162.199,1.93,0.000,81.100,1.93,0.000,121.649,1.93,0.000,81.100,2.90,0.000,40.550,0.97,0.000,40.550,1.93,0.000,121.649,2.90,0.000,243.299,2.90
26.0773,0.000,6592.598,3.80,59.91,0.00,0.000,206.019,1.96,0.000,123.611,2.95,0.000,123.611,2.95,0.000,288.426,3.93,0.000,164.815,2.95,0.000,164.815,2.95,0.000,164.815,3.93,0.000,164.815,0.98,0.000,247.222,3.93,0.000,329.630,3.93,0.000,123.611,1.96,0.000,206.019,1.96,0.000,164.815,1.96,0.000,329.630,5.89,0.000,164.815,0.98,0.000,41.204,0.00,0.000,329.630,4.91,0.000,247.222,3.93,0.000,288.426,7.86,0.000,288.426,5.89,0.000,206.019,4.91,0.000,288.426,4.91,0.000,123.611,1.96,0.000,164.815,2.95,0.000,247.222,3.93,0.000,329.630,4.91,0.000,412.037,7.86,0.000,288.426,9.82,0.000,206.019,3.93,0.000,164.815,2.95
26.1798,0.000,5240.809,3.03,60.72,0.00,0.000,163.775,3.90,0.000,286.607,3.90,0.000,122.831,0.98,0.000,163.775,1.95,0.000,81.888,1.95,0.000,204.719,2.93,0.000,40.944,0.00,0.000,81.888,0.98,0.000,163.775,3.90,0.000,163.775,1.95,0.000,163.775,1.95,0.000,122.831,2.93,0.000,122.831,0.00,0.000,204.719,2.93,0.000,245.663,2.93,0.000,122.831,0.98,0.000,245.663,3.90,0.000,40.944,0.98,0.000,163.775,4.88,0.000,245.663,3.90,0.000,163.775,2.93,0.000,327.551,3.90,0.000,40.944,1.95,0.000,122.831,2.93,0.000,245.663,6.83,0.000,245.663,4.88,0.000,204.719,3.90,0.000,368.494,8.79,0.000,327.551,5.86,0.000,40.944,0.98
26.2825,0.000,6530.796,3.60,82.54,0.00,0.000,204.087,3.89,0.000,204.087,2.92,0.000,204.087,2.92,0.000,204.087,3.89,0.000,122.452,2.92,0.000,163.270,3.89,0.000,122.452,0.97,0.000,163.270,2.92,0.000,163.270,1.95,0.000,285.722,5.84,0.000,122.452,1.95,0.000,163.270,1.95,0.000,244.905,3.89,0.000,163.270,1.95,0.000,204.087,1.95,0.000,367.357,2.92,0.000,448.992,6.81,0.000,81.635,0.97,0.000,367.357,10.70,0.000,163.270,2.92,0.000,367.357,5.84,0.000,448.992,8.76,0.000,244.905,2.92,0.000,244.905,2.92,0.000,122.452,2.92,0.000,326.540,5.84,0.000,122.452,0.00,0.000,122.452,3.89,0.000,285.722,4.87,0.000,81.635,1.95
26.3850,0.000,2744.630,1.63,74.64,0.00,0.000,0.000,0.00,0.000,81.884,1.95,0.000,81.884,1.95,0.000,81.884,1.95,0.000,81.884,0.98,0.000,40.942,0.00,0.000,204.711,3.90,0.000,245.653,3.90,0.000,0.000,0.00,0.000,81.884,1.95,0.000,81.884,1.95,0.000,40.942,0.00,0.000,0.000,0.00,0.000,204.711,4.88,0.000,0.000,0.00,0.000,204.711,4.88,0.000,82.624,1.95,0.000,81.884,0.98,0.000,40.942,0.98,0.000,0.000,0.00,0.000,122.827,2.93,0.000,122.827,0.98,0.000,205.471,2.93,0.000,40.942,0.98,0.000,40.942,0.00,0.000,40.942,0.98,0.000,204.711,2.93,0.000,40.942,0.98,0.000,81.884,0.98,0.000,204.711,2.93
26.4875,0.000,6662.653,4.36,65.74,0.00,0.000,245.391,3.90,0.000,282.935,6.83,0.000,204.493,1.95,0.000,245.391,4.88,0.000,163.594,3.90,0.000,245.391,2.93,0.000,122.696,3.90,0.000,291.402,4.88,0.000,408.985,7.80,0.000,327.188,5.85,0.000,204.493,3.90,0.000,368.087,7.80,0.000,245.391,4.88,0.000,163.594,2.93,0.000,204.493,2.93,0.000,140.948,3.90,0.000,163.624,3.90,0.000,286.290,7.80,0.000,266.040,7.80,0.000,204.493,2.93,0.000,163.594,2.93,0.000,163.594,2.93,0.000,245.391,4.88,0.000,122.696,1.95,0.000,163.594,2.93,0.000,163.594,2.93,0.000,327.188,5.85,0.000,272.470,6.83,0.000,204.493,2.93,0.000,51.123,0.98
26.5901,0.000,6425.762,3.48,63.08,0.00,0.000,122.712,2.93,0.000,371.491,6.83,0.000,81.808,0.00,0.000,245.424,2.93,0.000,245.424,4.88,0.000,245.424,5.85,0.000,163.616,1.95,0.000,199.407,3.90,0.000,81.808,0.98,0.000,327.232,4.88,0.000,163.616,2.93,0.000,327.232,5.85,0.000,81.808,0.98,0.000,286.328,3.90,0.000,163.616,2.93,0.000,308.977,3.90,0.000,163.616,1.95,0.000,81.808,1.95,0.000,306.580,7.80,0.000,204.520,1.95,0.000,81.808,0.98,0.000,286.328,3.90,0.000,245.424,2.93,0.000,286.328,4.88,0.000,40.904,0.00,0.000,286.328,1.95,0.000,327.232,5.85,0.000,259.245,5.85,0.000,122.712,2.93,0.000,317.006,5.85
26.6925,0.000,9176.160,5.73,68.36,0.00,0.000,286.755,12.70,0.000,327.720,6.84,0.000,122.895,1.95,0.000,327.720,4.88,0.000,245.790,3.91,0.000,204.825,4.88,0.000,245.790,4.88,0.000,368.685,4.88,0.000,368.685,11.72,0.000,409.650,6.84,0.000,286.755,4.88,0.000,163.860,3.91,0.000,327.720,2.93,0.000,122.895,2.93,0.000,409.650,7.81,0.000,450.615,8.79,0.000,409.650,6.84,0.000,163.860,0.00,0.000,245.790,5.86,0.000,163.860,2.93,0.000,368.685,6.84,0.000,368.685,5.86,0.000,204.825,1.95,0.000,368.685,6.84,0.000,245.790,1.95,0.000,245.790,4.88,0.000,163.860,2.93,0.000,573.510,13.67,0.000,614.475,10.74,0.000,368.685,5.86
26.7947,0.000,5251.121,2.93,56.53,0.00,0.000,246.146,4.89,0.000,328.195,3.91,0.000,287.171,4.89,0.000,205.122,3.91,0.000,82.049,1.96,0.000,328.195,3.91,0.000,123.073,1.96,0.000,82.049,1.96,0.000,123.073,1.96,0.000,246.146,2.93,0.000,82.049,0.98,0.000,41.024,0.98,0.000,246.146,3.91,0.000,205.122,3.91,0.000,123.073,0.98,0.000,41.024,0.98,0.000,205.122,2.93,0.000,205.122,2.93,0.000,123.073,2.93,0.000,82.049,0.98,0.000,205.122,2.93,0.000,164.098,2.93,0.000,123.073,2.93,0.000,205.122,2.93,0.000,82.049,0.98,0.000,123.073,1.96,0.000,82.049,1.96,0.000,246.146,7.82,0.000,328.195,4.89,0.000,287.171,4.89
26.8968,0.000,6570.072,3.88,61.37,0.00,0.000,328.496,5.87,0.000,164.248,1.96,0.000,164.248,2.94,0.000,287.434,4.89,0.000,205.310,3.92,0.000,205.310,4.89,0.000,369.558,3.92,0.000,246.372,7.83,0.000,246.372,3.92,0.000,205.310,3.92,0.000,287.434,4.89,0.000,123.186,2.94,0.000,328.496,3.92,0.000,123.186,2.94,0.000,205.310,0.98,0.000,205.310,2.94,0.000,164.248,2.94,0.000,164.248,3.92,0.000,164.248,3.92,0.000,164.248,3.92,0.000,246.372,2.94,0.000,205.310,2.94,0.000,287.594,6.85,0.000,205.310,3.92,0.000,246.372,4.89,0.000,164.248,2.94,0.000,164.248,1.96,0.000,164.248,3.92,0.000,287.434,4.89,0.000,246.372,3.92
26.9995,0.000,3921.032,2.34,59.69,0.00,0.000,204.220,4.87,0.000,122.532,2.92,0.000,40.844,0.00,0.000,204.220,2.92,0.000,204.220,2.92,0.000,204.220,1.95,0.000,163.376,6.82,0.000,122.532,1.95,0.000,122.532,0.97,0.000,163.376,2.92,0.000,81.688,2.92,0.000,40.844,0.00,0.000,204.220,5.84,0.000,81.688,0.97,0.000,81.688,0.00,0.000,163.376,0.97,0.000,81.688,1.95,0.000,163.376,2.92,0.000,163.376,3.90,0.000,40.844,0.97,0.000,163.376,1.95,0.000,122.532,2.92,0.000,204.220,1.95,0.000,122.532,0.97,0.000,40.844,0.97,0.000,204.220,3.90,0.000,81.688,0.00,0.000,122.532,2.92,0.000,81.688,2.92,0.000,122.532,2.92
27.1015,0.000,6578.720,4.25,64.60,0.00,0.000,41.117,0.98,0.000,287.819,4.90,0.000,123.351,3.92,0.000,205.585,2.94,0.000,246.702,4.90,0.000,205.585,3.92,0.000,452.287,7.84,0.000,205.585,3.92,0.000,164.468,4.90,0.000,41.117,0.98,0.000,328.936,7.84,0.000,287.819,4.90,0.000,205.585,4.90,0.000,164.468,4.90,0.000,205.585,2.94,0.000,287.819,4.90,0.000,534.521,9.80,0.000,205.585,4.90,0.000,123.351,3.92,0.000,287.819,2.94,0.000,246.702,3.92,0.000,246.702,2.94,0.000,164.468,3.92,0.000,164.468,3.92,0.000,164.468,0.98,0.000,82.234,0.98,0.000,287.819,5.88,0.000,246.702,5.88,0.000,205.585,3.92,0.000,164.468,3.92
27.2045,0.000,7165.050,5.63,54.68,0.00,0.000,162.903,2.91,0.000,325.805,4.85,0.000,203.628,4.85,0.000,244.354,4.85,0.000,407.257,5.83,0.000,122.177,1.94,0.000,366.531,2.91,0.000,244.354,5.83,0.000,285.080,50.49,0.000,285.080,5.83,0.000,203.628,3.88,0.000,203.628,3.88,0.000,122.177,0.97,0.000,203.628,3.88,0.000,404.592,6.80,0.000,40.726,0.97,0.000,285.080,2.91,0.000,325.805,5.83,0.000,244.354,5.83,0.000,203.628,3.88,0.000,122.177,2.91,0.000,162.903,3.88,0.000,285.080,2.91,0.000,162.903,1.94,0.000,244.354,5.83,0.000,447.982,6.80,0.000,122.177,0.97,0.000,325.805,8.74,0.000,162.903,2.91,0.000,244.354,2.91
27.3068,0.000,7223.990,4.43,52.15,0.00,0.000,82.060,1.96,0.000,246.181,2.93,0.000,205.151,3.91,0.000,410.301,4.89,0.000,205.151,3.91,0.000,369.271,8.80,0.000,328.241,6.85,0.000,328.241,11.74,0.000,246.181,1.96,0.000,164.121,2.93,0.000,82.060,0.98,0.000,369.271,4.89,0.000,164.121,2.93,0.000,451.332,6.85,0.000,289.896,2.93,0.000,82.060,1.96,0.000,164.121,2.93,0.000,246.181,2.93,0.000,410.301,9.78,0.000,287.211,4.89,0.000,123.090,2.93,0.000,287.211,6.85,0.000,164.121,2.93,0.000,123.090,0.98,0.000,205.151,2.93,0.000,82.060,0.98,0.000,246.181,4.89,0.000,246.181,5.87,0.000,533.392,11.74,0.000,82.060,1.96
27.4086,0.000,1318.120,0.88,50.93,0.00,0.000,123.504,2.94,0.000,0.000,0.00,0.000,0.000,0.00,0.000,123.504,2.94,0.000,41.168,0.00,0.000,0.000,0.00,0.000,123.504,2.94,0.000,82.336,2.94,0.000,82.336,1.96,0.000,41.168,0.00,0.000,41.168,0.00,0.000,41.168,0.98,0.000,41.168,0.98,0.000,0.749,0.00,0.000,0.000,0.00,0.000,0.000,0.00,0.000,41.168,0.98,0.000,82.336,0.98,0.000,41.168,0.98,0.000,0.000,0.00,0.000,123.504,1.96,0.000,41.168,0.98,0.000,0.000,0.00,0.000,41.168,0.98,0.000,41.168,0.98,0.000,41.168,0.98,0.000,41.168,0.98,0.000,41.168,0.98,0.000,0.000,0.00,0.000,41.168,0.00
27.5106,0.000,9218.957,5.66,64.87,0.00,0.000,288.092,3.92,0.000,329.248,5.89,0.000,370.405,5.89,0.000,370.405,7.85,0.000,370.405,7.85,0.000,205.780,3.92,0.000,123.468,3.92,0.000,411.561,7.85,0.000,329.248,5.89,0.000,288.092,4.91,0.000,205.780,1.96,0.000,246.936,3.92,0.000,246.936,2.94,0.000,123.468,2.94,0.000,452.717,6.87,0.000,205.780,4.91,0.000,164.624,1.96,0.000,411.561,7.85,0.000,329.248,9.81,0.000,246.936,3.92,0.000,452.717,6.87,0.000,411.561,6.87,0.000,452.717,7.85,0.000,329.248,3.92,0.000,329.248,5.89,0.000,493.873,8.83,0.000,205.780,2.94,0.000,205.780,10.79,0.000,246.936,2.94,0.000,370.405,7.85
27.6145,0.000,3872.383,2.15,60.03,0.00,0.000,161.349,2.89,0.000,161.349,1.92,0.000,40.337,0.96,0.000,121.012,1.92,0.000,121.012,1.92,0.000,40.337,0.96,0.000,121.012,1.92,0.000,121.012,2.89,0.000,121.012,1.92,0.000,161.349,2.89,0.000,201.687,4.81,0.000,161.349,1.92,0.000,161.349,2.89,0.000,80.675,0.96,0.000,40.337,0.00,0.000,80.675,0.96,0.000,121.012,0.96,0.000,80.675,1.92,0.000,80.675,1.92,0.000,0.000,0.00,0.000,161.349,3.85,0.000,161.349,2.89,0.000,161.349,0.96,0.000,201.687,2.89,0.000,121.012,1.92,0.000,121.012,1.92,0.000,242.024,4.81,0.000,161.349,3.85,0.000,201.687,3.85,0.000,161.349,0.96
27.7165,0.000,5263.498,3.30,63.16,0.00,0.000,246.726,3.92,0.000,370.090,5.88,0.000,41.121,0.98,0.000,164.484,0.98,0.000,205.605,2.94,0.000,164.484,1.96,0.000,82.242,1.96,0.000,41.121,0.98,0.000,205.605,4.90,0.000,82.242,1.96,0.000,123.363,2.94,0.000,82.242,0.98,0.000,370.090,5.88,0.000,328.969,3.92,0.000,328.969,5.88,0.000,123.363,0.00,0.000,41.121,0.00,0.000,205.605,1.96,0.000,287.848,10.78,0.000,41.121,0.00,0.000,82.242,0.98,0.000,328.969,11.76,0.000,82.242,1.96,0.000,164.484,3.92,0.000,82.242,1.96,0.000,82.242,1.96,0.000,246.726,3.92,0.000,205.605,3.92,0.000,246.726,3.92,0.000,205.605,5.88
27.8189,0.000,3932.759,2.18,59.45,0.00,0.000,245.793,3.91,0.000,163.862,2.93,0.000,163.862,1.95,0.000,40.966,0.00,0.000,204.828,3.91,0.000,40.966,0.98,0.000,122.897,2.93,0.000,122.897,0.98,0.000,163.862,1.95,0.000,0.000,0.00,0.000,81.931,0.00,0.000,40.966,0.00,0.000,245.793,3.91,0.000,81.931,1.95,0.000,163.862,3.91,0.000,204.828,9.77,0.000,122.897,2.93,0.000,163.862,2.93,0.000,122.897,0.98,0.000,204.828,2.93,0.000,81.931,0.98,0.000,40.966,0.98,0.000,122.897,1.95,0.000,122.897,1.95,0.000,163.927,2.93,0.000,204.828,2.93,0.000,81.931,1.95,0.000,163.862,1.95,0.000,122.897,0.98,0.000,122.897,0.00
27.9210,0.000,5725.398,3.10,66.49,0.00,0.000,82.142,0.98,0.000,205.356,4.90,0.000,369.641,4.90,0.000,205.356,3.92,0.000,123.961,2.94,0.000,206.103,3.92,0.000,41.071,0.00,0.000,164.285,1.96,0.000,246.427,2.94,0.000,206.093,3.92,0.000,82.142,0.98,0.000,247.159,1.96,0.000,123.214,0.98,0.000,352.555,6.85,0.000,164.285,2.94,0.000,329.307,5.88,0.000,123.214,2.94,0.000,164.285,3.92,0.000,205.356,3.92,0.000,206.098,3.92,0.000,41.818,0.00,0.000,82.142,1.96,0.000,164.285,0.98,0.000,82.142,0.98,0.000,287.498,2.94,0.000,246.427,3.92,0.000,205.356,4.90,0.000,192.682,1.96,0.000,369.641,6.85,0.000,205.356,3.92
28.0235,0.000,7399.549,3.94,56.96,0.00,0.000,204.716,4.88,0.000,204.716,4.88,0.000,204.716,3.90,0.000,245.659,3.90,0.000,368.488,5.86,0.000,327.575,3.90,0.000,245.659,3.90,0.000,163.773,2.93,0.000,327.545,5.86,0.000,245.689,3.90,0.000,122.829,1.95,0.000,204.741,1.95,0.000,163.773,2.93,0.000,344.578,5.86,0.000,368.488,5.86,0.000,368.518,6.83,0.000,286.602,2.93,0.000,163.773,1.95,0.000,81.886,0.98,0.000,204.716,1.95,0.000,491.318,7.81,0.000,204.716,4.88,0.000,245.659,5.86,0.000,327.545,4.88,0.000,245.659,3.90,0.000,81.886,1.95,0.000,286.602,3.90,0.000,258.294,2.93,0.000,286.602,2.93,0.000,122.829,1.95
28.1255,0.000,8474.156,4.80,58.41,0.00,0.000,287.897,4.90,0.000,205.641,2.94,0.000,370.153,7.84,0.000,201.142,1.96,0.000,411.281,5.88,0.000,123.384,1.96,0.000,205.641,2.94,0.000,452.409,4.90,0.000,205.641,0.98,0.000,205.641,1.96,0.000,411.281,9.81,0.000,164.512,1.96,0.000,287.897,4.90,0.000,411.281,6.86,0.000,246.769,3.92,0.000,329.025,6.86,0.000,164.512,2.94,0.000,164.512,2.94,0.000,370.153,5.88,0.000,329.025,6.86,0.000,493.537,9.81,0.000,246.769,4.90,0.000,164.512,2.94,0.000,140.133,3.92,0.000,287.897,3.92,0.000,287.897,4.90,0.000,452.409,7.84,0.000,246.769,3.92,0.000,359.670,10.79,0.000,246.769,1.96
28.2274,0.000,3373.266,1.90,76.12,0.00,0.000,123.477,0.98,0.000,370.431,5.89,0.000,123.477,1.96,0.000,86.820,2.94,0.000,164.636,2.94,0.000,164.636,1.96,0.000,41.159,0.98,0.000,41.159,0.98,0.000,82.318,0.00,0.000,82.318,0.98,0.000,82.318,2.94,0.000,82.318,0.00,0.000,82.318,0.98,0.000,41.159,0.98,0.000,123.477,2.94,0.000,41.159,0.98,0.000,82.318,1.96,0.000,164.636,1.96,0.000,205.795,4.91,0.000,82.318,0.98,0.000,82.318,1.96,0.000,41.159,0.98,0.000,123.477,1.96,0.000,24.398,0.00,0.000,123.477,1.96,0.000,164.636,1.96,0.000,123.477,2.94,0.000,82.318,1.96,0.000,175.127,2.94,0.000,164.636,1.96
28.3300,0.000,5231.920,3.12,76.95,0.00,0.000,163.498,2.92,0.000,245.246,6.82,0.000,204.372,5.85,0.000,204.372,3.90,0.000,245.246,1.95,0.000,408.744,8.77,0.000,204.372,4.87,0.000,204.372,2.92,0.000,0.000,0.00,0.000,204.372,0.97,0.000,326.995,3.90,0.000,245.246,4.87,0.000,286.121,4.87,0.000,163.498,2.92,0.000,81.749,1.95,0.000,163.498,3.90,0.000,163.498,2.92,0.000,81.749,1.95,0.000,204.372,2.92,0.000,163.498,1.95,0.000,81.749,0.97,0.000,286.121,4.87,0.000,81.749,0.97,0.000,40.874,0.97,0.000,81.749,1.95,0.000,81.749,1.95,0.000,204.372,3.90,0.000,163.498,2.92,0.000,122.623,0.97,0.000,122.623,2.92
28.4323,0.000,5248.921,2.54,60.88,0.00,0.000,122.987,2.93,0.000,122.987,1.95,0.000,286.969,6.84,0.000,163.982,1.95,0.000,327.965,5.86,0.000,245.974,1.95,0.000,81.991,0.98,0.000,122.987,1.95,0.000,122.987,0.98,0.000,81.991,0.00,0.000,163.982,0.98,0.000,245.974,5.86,0.000,204.978,1.95,0.000,245.974,1.95,0.000,40.996,0.98,0.000,204.978,1.95,0.000,81.991,0.98,0.000,204.978,2.93,0.000,204.978,1.95,0.000,245.974,3.91,0.000,122.987,1.95,0.000,204.978,2.93,0.000,81.991,0.00,0.000,122.987,2.93,0.000,163.982,3.91,0.000,204.978,2.93,0.000,204.978,2.93,0.000,245.974,3.91,0.000,82.737,1.95,0.000,287.705,3.91
28.5344,0.000,7196.085,3.85,72.02,0.00,0.000,205.355,2.94,0.000,246.426,4.90,0.000,246.426,5.88,0.000,164.284,3.92,0.000,123.213,0.98,0.000,451.781,7.83,0.000,369.639,5.88,0.000,82.142,0.98,0.000,164.284,1.96,0.000,451.781,6.85,0.000,123.213,2.94,0.000,164.284,3.92,0.000,205.355,3.92,0.000,328.568,2.94,0.000,213.056,3.92,0.000,82.142,0.00,0.000,369.639,5.88,0.000,287.497,4.90,0.000,328.568,4.90,0.000,123.213,1.96,0.000,205.355,1.96,0.000,595.971,8.81,0.000,328.568,4.90,0.000,41.071,0.00,0.000,164.284,1.96,0.000,123.213,0.98,0.000,226.372,5.88,0.000,164.284,1.96,0.000,328.568,5.88,0.000,287.527,5.88
28.6368,0.000,8457.580,4.56,58.70,0.00,0.000,204.858,3.91,0.000,368.744,4.88,0.000,409.715,7.81,0.000,233.946,3.91,0.000,204.858,2.93,0.000,409.715,5.86,0.000,245.829,2.93,0.000,122.915,1.95,0.000,327.772,3.91,0.000,368.744,5.86,0.000,204.858,2.93,0.000,409.715,6.84,0.000,245.829,2.93,0.000,245.829,8.79,0.000,361.062,4.88,0.000,122.915,0.98,0.000,368.744,5.86,0.000,163.886,2.93,0.000,245.829,3.91,0.000,40.972,0.00,0.000,245.829,2.93,0.000,511.704,7.81,0.000,368.744,5.86,0.000,286.801,5.86,0.000,286.801,5.86,0.000,163.886,3.91,0.000,183.892,1.95,0.000,286.801,3.91,0.000,365.703,7.81,0.000,450.687,6.84
28.7389,0.000,11918.804,6.66,55.84,0.00,0.000,616.335,9.80,0.000,369.801,6.86,0.000,328.712,4.90,0.000,217.362,6.86,0.000,451.979,5.88,0.000,287.623,3.92,0.000,411.040,7.84,0.000,493.068,7.84,0.000,369.801,7.84,0.000,739.602,9.80,0.000,534.157,8.82,0.000,205.445,3.92,0.000,328.712,5.88,0.000,410.890,8.82,0.000,410.890,5.88,0.000,410.890,7.84,0.000,328.712,3.92,0.000,246.534,2.94,0.000,493.068,6.86,0.000,328.712,3.92,0.000,410.890,8.82,0.000,246.534,3.92,0.000,287.623,2.94,0.000,493.068,9.80,0.000,369.801,6.86,0.000,328.712,4.90,0.000,522.039,6.86,0.000,410.890,4.90,0.000,331.761,4.90,0.000,534.157,15.67
28.8408,0.000,4251.149,2.32,47.34,0.00,0.000,123.478,1.96,0.000,82.319,1.96,0.000,205.797,4.91,0.000,41.159,0.98,0.000,205.797,3.93,0.000,123.478,0.98,0.000,41.159,0.98,0.000,205.797,3.93,0.000,41.159,0.98,0.000,41.159,0.98,0.000,123.478,0.98,0.000,167.210,0.98,0.000,196.070,3.93,0.000,123.478,0.98,0.000,107.601,1.96,0.000,123.478,2.94,0.000,164.637,2.94,0.000,136.340,2.94,0.000,205.797,0.98,0.000,123.478,1.96,0.000,202.260,3.93,0.000,41.159,0.98,0.000,123.478,1.96,0.000,177.500,2.94,0.000,193.336,2.94,0.000,177.540,3.93,0.000,135.617,0.98,0.000,329.275,4.91,0.000,164.637,2.94,0.000,123.478,1.96
28.9429,0.000,3654.693,2.35,44.51,0.00,0.000,41.051,0.98,0.000,329.151,5.87,0.000,82.102,2.94,0.000,82.102,2.94,0.000,123.153,1.96,0.000,82.102,1.96,0.000,0.000,0.00,0.000,164.205,2.94,0.000,164.205,3.91,0.000,41.051,0.98,0.000,41.051,0.00,0.000,120.588,0.98,0.000,256.008,3.91,0.000,0.000,0.00,0.000,138.989,1.96,0.000,123.153,3.91,0.000,287.358,5.87,0.000,315.581,4.89,0.000,0.000,0.00,0.000,0.000,0.00,0.000,167.732,3.91,0.000,287.358,3.91,0.000,0.000,0.00,0.000,315.581,6.85,0.000,12.428,0.00,0.000,151.336,1.96,0.000,123.153,2.94,0.000,41.051,0.98,0.000,41.051,0.98,0.000,123.153,2.94
29.0449,0.000,2632.683,1.54,53.00,0.00,0.000,82.270,0.98,0.000,123.436,2.94,0.000,41.135,0.98,0.000,0.000,0.00,0.000,82.270,0.98,0.000,82.270,1.96,0.000,41.135,0.98,0.000,123.406,3.92,0.000,0.000,0.00,0.000,82.270,0.98,0.000,164.541,1.96,0.000,123.406,1.96,0.000,0.000,0.00,0.000,246.811,2.94,0.000,41.135,0.98,0.000,82.270,1.96,0.000,82.270,0.98,0.000,164.541,2.94,0.000,82.270,1.96,0.000,123.406,1.96,0.000,82.270,0.98,0.000,82.270,0.98,0.000,41.135,0.98,0.000,41.135,0.00,0.000,41.135,0.98,0.000,82.270,1.96,0.000,205.676,3.92,0.000,41.135,0.98,0.000,123.406,1.96,0.000,123.406,1.96
29.1468,0.000,5268.983,2.94,58.59,0.00,0.000,123.492,1.96,0.000,329.311,4.91,0.000,123.492,3.93,0.000,123.492,2.94,0.000,41.164,0.98,0.000,288.148,3.93,0.000,246.984,5.89,0.000,205.820,2.94,0.000,123.492,0.00,0.000,41.164,0.00,0.000,164.656,1.96,0.000,82.328,0.98,0.000,123.492,1.96,0.000,164.656,3.93,0.000,246.984,5.89,0.000,329.311,4.91,0.000,123.492,1.96,0.000,205.820,2.94,0.000,205.820,4.91,0.000,329.311,4.91,0.000,123.492,1.96,0.000,164.656,2.94,0.000,123.492,0.98,0.000,411.639,9.81,0.000,123.492,1.96,0.000,205.820,1.96,0.000,41.164,0.00,0.000,205.820,3.93,0.000,82.328,0.98,0.000,164.656,1.96
29.2489,0.000,5257.655,3.07,65.56,0.00,0.000,123.226,1.96,0.000,205.377,2.94,0.000,205.377,4.90,0.000,164.302,1.96,0.000,287.528,5.88,0.000,246.453,4.90,0.000,287.528,4.90,0.000,164.302,2.94,0.000,164.302,1.96,0.000,41.075,0.00,0.000,123.226,2.94,0.000,205.377,2.94,0.000,246.453,2.94,0.000,123.226,1.96,0.000,246.453,4.90,0.000,164.302,1.96,0.000,123.226,2.94,0.000,246.453,6.86,0.000,123.226,2.94,0.000,123.226,0.98,0.000,246.453,3.92,0.000,82.151,0.98,0.000,205.377,3.92,0.000,82.151,0.98,0.000,123.226,1.96,0.000,164.302,3.92,0.000,205.377,3.92,0.000,246.453,3.92,0.000,123.226,1.96,0.000,164.302,2.94
29.3514,0.000,3929.745,2.28,66.21,0.00,0.000,81.870,0.98,0.000,122.805,1.95,0.000,286.544,4.88,0.000,163.739,3.90,0.000,204.674,2.93,0.000,163.739,2.93,0.000,0.000,0.00,0.000,163.739,1.95,0.000,204.674,3.90,0.000,81.870,0.98,0.000,122.805,2.93,0.000,245.609,4.88,0.000,163.739,2.93,0.000,40.935,0.00,0.000,122.805,2.93,0.000,122.805,0.98,0.000,245.609,2.93,0.000,163.739,0.98,0.000,81.870,2.93,0.000,40.935,0.00,0.000,122.805,1.95,0.000,81.870,1.95,0.000,40.935,0.98,0.000,204.674,4.88,0.000,122.805,2.93,0.000,81.870,0.98,0.000,122.805,2.93,0.000,40.935,0.98,0.000,163.739,3.90,0.000,122.805,0.98
29.4555,0.000,3866.590,2.21,68.34,0.00,0.000,161.071,1.92,0.000,40.268,0.96,0.000,80.536,1.92,0.000,161.071,2.88,0.000,281.875,4.80,0.000,161.071,2.88,0.000,120.803,2.88,0.000,41.000,0.00,0.000,40.268,0.00,0.000,161.071,2.88,0.000,161.219,1.92,0.000,201.339,2.88,0.000,80.536,1.92,0.000,161.071,3.84,0.000,120.803,2.88,0.000,80.536,1.92,0.000,161.071,3.84,0.000,80.536,0.96,0.000,281.875,4.80,0.000,161.071,1.92,0.000,120.803,1.92,0.000,80.536,1.92,0.000,80.536,1.92,0.000,120.803,2.88,0.000,120.803,0.96,0.000,80.536,1.92,0.000,120.803,0.96,0.000,161.071,1.92,0.000,161.071,2.88,0.000,80.536,0.96
29.5575,0.000,9272.594,5.17,80.76,0.00,0.000,370.291,7.85,0.000,205.717,1.96,0.000,288.004,4.90,0.000,329.148,6.87,0.000,288.004,4.90,0.000,370.291,8.83,0.000,164.574,2.94,0.000,123.430,0.98,0.000,411.435,6.87,0.000,205.717,2.94,0.000,370.291,4.90,0.000,617.152,9.81,0.000,221.026,4.90,0.000,288.004,3.92,0.000,329.148,6.87,0.000,123.430,2.94,0.000,288.004,3.92,0.000,329.148,6.87,0.000,288.004,4.90,0.000,288.004,4.90,0.000,288.004,4.90,0.000,246.861,2.94,0.000,452.578,6.87,0.000,370.291,5.89,0.000,205.717,3.92,0.000,288.004,3.92,0.000,288.004,3.92,0.000,164.574,2.94,0.000,617.152,7.85,0.000,452.578,8.83
29.6606,0.000,5906.047,3.33,67.86,0.00,0.000,244.135,1.94,0.000,284.824,4.85,0.000,122.067,1.94,0.000,244.135,4.85,0.000,244.135,4.85,0.000,0.000,0.00,0.000,162.757,2.91,0.000,325.513,8.73,0.000,162.757,0.97,0.000,122.067,0.97,0.000,122.067,1.94,0.000,325.513,7.76,0.000,351.063,5.82,0.000,244.135,4.85,0.000,81.378,0.00,0.000,162.757,0.97,0.000,122.067,2.91,0.000,244.135,2.91,0.000,162.757,3.88,0.000,325.513,5.82,0.000,197.883,3.88,0.000,122.067,1.94,0.000,167.843,2.91,0.000,284.824,4.85,0.000,162.757,2.91,0.000,122.067,1.94,0.000,162.757,2.91,0.000,81.378,0.97,0.000,231.658,2.91,0.000,319.036,5.82
29.7635,0.000,8369.512,4.60,69.45,0.00,0.000,285.124,4.86,0.000,162.928,2.91,0.000,407.320,5.83,0.000,325.856,4.86,0.000,285.124,4.86,0.000,203.660,2.91,0.000,325.856,6.80,0.000,366.588,8.74,0.000,203.660,2.91,0.000,325.856,5.83,0.000,203.660,1.94,0.000,203.660,0.00,0.000,162.928,3.88,0.000,529.516,10.68,0.000,244.392,2.91,0.000,203.660,3.88,0.000,366.588,5.83,0.000,366.588,5.83,0.000,407.320,8.74,0.000,407.320,4.86,0.000,249.961,2.91,0.000,325.856,6.80,0.000,117.105,2.91,0.000,162.928,3.88,0.000,203.660,4.86,0.000,122.196,0.00,0.000,366.588,4.86,0.000,122.196,1.94,0.000,338.346,5.83,0.000,373.072,4.86
29.8678,0.000,5148.972,3.04,66.94,0.00,0.000,201.132,3.84,0.000,201.132,2.88,0.000,120.679,1.92,0.000,120.679,0.96,0.000,160.905,2.88,0.000,80.453,0.00,0.000,120.679,2.88,0.000,281.584,5.75,0.000,160.905,3.84,0.000,160.905,2.88,0.000,281.584,3.84,0.000,160.905,2.88,0.000,201.132,4.80,0.000,120.679,0.96,0.000,160.905,2.88,0.000,321.811,5.75,0.000,80.453,1.92,0.000,321.811,4.80,0.000,160.905,2.88,0.000,120.679,2.88,0.000,40.226,0.96,0.000,281.584,2.88,0.000,120.679,1.92,0.000,160.905,2.88,0.000,80.453,0.96,0.000,201.132,4.80,0.000,201.132,3.84,0.000,201.132,3.84,0.000,120.679,2.88,0.000,201.132,4.80
29.9700,0.000,6566.606,3.49,61.21,0.00,0.000,287.175,4.89,0.000,205.125,2.93,0.000,123.075,1.96,0.000,205.125,3.91,0.000,164.100,3.91,0.000,205.125,3.91,0.000,164.100,1.96,0.000,246.150,2.93,0.000,410.250,7.82,0.000,328.200,4.89,0.000,246.150,3.91,0.000,164.100,2.93,0.000,246.150,4.89,0.000,205.125,2.93,0.000,205.125,0.98,0.000,205.125,1.96,0.000,287.175,3.91,0.000,246.150,2.93,0.000,205.125,1.96,0.000,123.075,2.93,0.000,205.125,4.89,0.000,82.050,1.96,0.000,248.754,3.91,0.000,287.175,1.96,0.000,246.150,10.76,0.000,287.175,3.91,0.000,205.125,2.93,0.000,369.225,4.89,0.000,82.050,0.00,0.000,82.050,0.98
30.0723,0.000,6190.659,3.72,70.66,0.00,0.000,246.155,3.91,0.000,205.129,2.93,0.000,123.078,1.96,0.000,123.078,2.93,0.000,246.155,4.89,0.000,328.207,6.85,0.000,103.166,2.93,0.000,205.129,5.87,0.000,287.181,4.89,0.000,246.155,5.87,0.000,287.181,4.89,0.000,130.770,1.96,0.000,328.207,4.89,0.000,274.360,1.96,0.000,20.513,0.00,0.000,205.129,2.93,0.000,246.155,4.89,0.000,164.103,3.91,0.000,164.103,1.96,0.000,246.155,3.91,0.000,246.155,3.91,0.000,292.309,4.89,0.000,205.129,2.93,0.000,205.129,3.91,0.000,246.155,3.91,0.000,205.129,3.91,0.000,123.078,2.93,0.000,41.026,0.98,0.000,123.078,2.93,0.000,323.359,6.85
30.1743,0.000,5635.757,3.07,54.30,0.00,0.000,205.529,3.92,0.000,164.423,0.98,0.000,123.318,1.96,0.000,82.212,1.96,0.000,164.423,3.92,0.000,164.423,2.94,0.000,143.268,1.96,0.000,82.212,0.98,0.000,369.953,5.88,0.000,123.318,2.94,0.000,41.106,0.98,0.000,115.610,1.96,0.000,164.423,2.94,0.000,218.375,1.96,0.000,184.976,2.94,0.000,287.741,2.94,0.000,82.212,1.96,0.000,205.529,2.94,0.000,205.529,4.90,0.000,287.741,4.90,0.000,82.212,1.96,0.000,282.603,4.90,0.000,205.529,1.96,0.000,246.635,1.96,0.000,287.741,3.92,0.000,82.212,1.96,0.000,246.635,5.88,0.000,246.635,3.92,0.000,287.741,5.88,0.000,251.492,3.92
30.2761,0.000,6590.003,3.80,52.52,0.00,0.000,205.938,3.93,0.000,164.750,2.95,0.000,123.563,0.98,0.000,123.563,2.95,0.000,205.938,2.95,0.000,205.938,1.96,0.000,329.500,5.89,0.000,205.938,3.93,0.000,82.375,1.96,0.000,247.125,3.93,0.000,370.688,5.89,0.000,329.500,4.91,0.000,164.750,2.95,0.000,288.313,2.95,0.000,370.688,6.87,0.000,123.563,3.93,0.000,329.500,4.91,0.000,123.563,2.95,0.000,247.125,3.93,0.000,123.563,2.95,0.000,164.750,3.93,0.000,247.125,4.91,0.000,41.188,0.00,0.000,288.313,2.95,0.000,82.375,1.96,0.000,411.875,8.84,0.000,164.750,3.93,0.000,247.125,3.93,0.000,205.938,3.93,0.000,370.688,5.89
30.3785,0.000,5243.730,3.06,46.65,0.00,0.000,204.833,0.98,0.000,122.900,1.95,0.000,245.800,3.91,0.000,163.867,2.93,0.000,122.900,0.98,0.000,368.700,5.86,0.000,163.867,2.93,0.000,122.900,2.93,0.000,286.766,3.91,0.000,81.933,1.95,0.000,122.900,1.95,0.000,409.666,13.67,0.000,327.733,5.86,0.000,122.900,2.93,0.000,163.867,2.93,0.000,163.867,2.93,0.000,40.967,0.00,0.000,163.867,2.93,0.000,327.733,4.88,0.000,204.833,1.95,0.000,163.867,2.93,0.000,122.900,2.93,0.000,163.867,2.93,0.000,81.933,0.98,0.000,40.967,0.00,0.000,81.933,0.98,0.000,163.867,3.91,0.000,204.833,3.91,0.000,163.867,3.91,0.000,122.900,0.98
30.4810,0.000,10483.051,5.24,47.55,0.00,0.000,163.798,1.95,0.000,163.798,1.95,0.000,573.292,7.81,0.000,450.444,5.86,0.000,245.697,4.88,0.000,245.697,1.95,0.000,286.646,5.86,0.000,573.292,7.81,0.000,491.393,5.86,0.000,245.697,2.93,0.000,245.697,3.91,0.000,327.595,2.93,0.000,450.444,5.86,0.000,245.697,3.91,0.000,327.595,5.86,0.000,368.545,6.83,0.000,409.494,5.86,0.000,327.595,4.88,0.000,122.848,1.95,0.000,286.646,4.88,0.000,245.697,3.91,0.000,368.545,6.83,0.000,245.697,2.93,0.000,409.494,6.83,0.000,327.595,3.91,0.000,491.393,6.83,0.000,655.191,13.67,0.000,532.342,5.86,0.000,286.646,5.86,0.000,368.545,6.83
30.5839,0.000,3909.981,2.43,47.74,0.00,0.000,122.187,2.91,0.000,244.374,4.86,0.000,285.103,7.77,0.000,81.458,1.94,0.000,40.729,0.97,0.000,81.458,0.97,0.000,162.916,1.94,0.000,162.916,2.91,0.000,81.458,1.94,0.000,203.645,2.91,0.000,40.729,0.00,0.000,122.187,0.97,0.000,81.458,1.94,0.000,81.458,1.94,0.000,81.458,1.94,0.000,162.916,4.86,0.000,162.916,2.91,0.000,40.729,0.00,0.000,162.916,1.94,0.000,122.187,1.94,0.000,244.374,5.83,0.000,0.000,0.00,0.000,81.458,1.94,0.000,40.729,0.97,0.000,122.187,2.91,0.000,203.645,1.94,0.000,407.290,5.83,0.000,40.729,0.97,0.000,122.187,2.91,0.000,122.187,1.94
30.6863,0.000,2958.391,1.79,53.43,0.00,0.000,163.948,3.91,0.000,34.022,0.00,0.000,40.987,0.98,0.000,81.974,1.95,0.000,277.703,3.91,0.000,40.987,0.98,0.000,40.987,0.98,0.000,0.000,0.00,0.000,122.961,1.95,0.000,40.987,0.00,0.000,122.961,0.98,0.000,163.948,2.93,0.000,40.987,0.98,0.000,40.987,0.98,0.000,40.987,0.98,0.000,40.987,0.98,0.000,163.948,3.91,0.000,122.961,1.95,0.000,225.869,4.89,0.000,0.000,0.00,0.000,204.935,2.93,0.000,81.974,0.98,0.000,0.000,0.00,0.000,163.948,3.91,0.000,163.948,2.93,0.000,122.961,1.95,0.000,81.974,1.95,0.000,81.974,0.98,0.000,81.974,0.98,0.000,166.510,3.91
30.7888,0.000,974.788,0.49,72.39,0.00,0.000,81.842,1.95,0.000,47.874,0.98,0.000,40.921,0.00,0.000,0.000,0.00,0.000,50.112,0.00,0.000,40.921,0.98,0.000,0.000,0.00,0.000,0.000,0.00,0.000,122.763,1.95,0.000,40.921,0.98,0.000,0.000,0.00,0.000,81.842,0.00,0.000,0.000,0.00,0.000,0.000,0.00,0.000,40.921,0.98,0.000,40.921,0.98,0.000,81.842,0.98,0.000,0.000,0.00,0.000,60.942,0.98,0.000,0.000,0.00,0.000,0.000,0.00,0.000,0.000,0.00,0.000,40.921,0.98,0.000,40.921,0.00,0.000,0.000,0.00,0.000,0.000,0.00,0.000,0.000,0.00,0.000,0.000,0.00,0.000,81.842,1.95,0.000,79.284,0.98
30.8925,0.000,2586.949,1.48,85.59,0.00,0.000,0.000,0.00,0.000,121.263,0.96,0.000,80.842,0.96,0.000,202.105,2.89,0.000,161.684,2.89,0.000,40.421,0.96,0.000,80.842,0.96,0.000,0.000,0.00,0.000,0.000,0.00,0.000,40.421,0.96,0.000,40.421,0.96,0.000,121.263,1.93,0.000,121.263,1.93,0.000,40.421,0.96,0.000,80.842,1.93,0.000,0.000,0.00,0.000,121.263,1.93,0.000,40.421,2.89,0.000,40.421,0.96,0.000,121.263,0.96,0.000,161.684,3.85,0.000,161.684,2.89,0.000,80.842,0.96,0.000,40.421,0.00,0.000,161.684,3.85,0.000,80.842,0.00,0.000,40.421,0.00,0.000,242.526,3.85,0.000,121.263,2.89,0.000,40.421,0.96
30.9949,0.000,10671.704,7.39,73.74,0.00,0.000,360.354,1.95,0.000,472.082,7.82,0.000,738.370,14.65,0.000,369.538,3.91,0.000,368.798,5.86,0.000,245.865,3.91,0.000,164.675,2.93,0.000,330.381,5.86,0.000,246.640,6.84,0.000,409.775,4.88,0.000,327.820,4.88,0.000,204.888,2.93,0.000,409.775,54.71,0.000,409.775,6.84,0.000,422.546,5.86,0.000,286.843,3.91,0.000,327.820,7.82,0.000,369.568,5.86,0.000,351.745,3.91,0.000,491.730,9.77,0.000,248.426,3.91,0.000,327.820,6.84,0.000,491.730,7.82,0.000,204.888,3.91,0.000,163.910,2.93,0.000,696.618,12.70,0.000,245.865,2.93,0.000,327.820,4.88,0.000,286.843,3.91,0.000,368.798,6.84
31.0970,0.000,9025.382,5.65,57.08,0.00,0.000,337.091,5.88,0.000,266.167,3.92,0.000,328.687,2.94,0.000,164.343,2.94,0.000,328.627,5.88,0.000,369.705,4.90,0.000,369.765,5.88,0.000,202.824,3.92,0.000,410.844,7.84,0.000,164.313,2.94,0.000,82.157,1.96,0.000,164.313,1.96,0.000,205.392,11.75,0.000,616.175,10.77,0.000,357.731,5.88,0.000,82.157,0.98,0.000,410.783,3.92,0.000,451.922,9.79,0.000,182.215,1.96,0.000,205.392,1.96,0.000,408.216,7.84,0.000,287.548,2.94,0.000,328.627,5.88,0.000,287.548,8.81,0.000,410.783,9.79,0.000,328.627,5.88,0.000,328.627,11.75,0.000,205.392,3.92,0.000,451.862,7.84,0.000,287.548,6.86
31.1988,0.000,6589.847,4.26,50.76,0.00,0.000,370.679,6.87,0.000,164.746,3.93,0.000,164.746,2.95,0.000,164.746,2.95,0.000,247.119,3.93,0.000,329.492,6.87,0.000,164.746,1.96,0.000,411.865,8.84,0.000,247.119,3.93,0.000,123.560,0.98,0.000,123.560,3.93,0.000,205.933,3.93,0.000,123.560,2.95,0.000,247.119,5.89,0.000,164.746,2.95,0.000,0.000,0.00,0.000,247.119,2.95,0.000,288.306,4.91,0.000,411.865,6.87,0.000,205.933,3.93,0.000,164.746,2.95,0.000,288.306,2.95,0.000,82.373,1.96,0.000,41.187,1.96,0.000,329.492,11.78,0.000,288.306,7.86,0.000,164.746,0.98,0.000,123.560,3.93,0.000,411.865,6.87,0.000,288.306,4.91
31.3011,0.000,9173.360,5.18,58.53,0.00,0.000,164.041,2.93,0.000,164.041,1.96,0.000,246.062,4.89,0.000,369.092,6.84,0.000,287.072,4.89,0.000,287.072,2.93,0.000,369.092,7.82,0.000,123.031,2.93,0.000,287.072,5.87,0.000,205.051,2.93,0.000,287.072,3.91,0.000,246.062,1.96,0.000,369.092,7.82,0.000,369.092,6.84,0.000,369.092,7.82,0.000,369.092,4.89,0.000,492.123,7.82,0.000,164.041,3.91,0.000,451.113,8.80,0.000,328.082,5.87,0.000,328.082,6.84,0.000,328.082,5.87,0.000,246.062,2.93,0.000,492.123,4.89,0.000,164.041,3.91,0.000,438.177,5.87,0.000,164.041,2.93,0.000,164.041,1.96,0.000,287.072,5.87,0.000,615.154,10.76
31.4035,0.000,1323.274,0.65,79.15,0.00,0.000,0.000,0.00,0.000,122.846,1.95,0.000,40.949,0.98,0.000,0.000,0.00,0.000,0.000,0.00,0.000,40.949,0.00,0.000,40.949,0.98,0.000,40.949,0.98,0.000,81.897,1.95,0.000,0.000,0.00,0.000,81.897,0.98,0.000,40.949,0.00,0.000,0.000,0.00,0.000,81.897,1.95,0.000,81.897,1.95,0.000,0.000,0.00,0.000,81.897,0.98,0.000,0.000,0.00,0.000,0.000,0.00,0.000,81.897,0.98,0.000,0.000,0.00,0.000,81.897,0.98,0.000,0.000,0.00,0.000,0.000,0.00,0.000,81.897,0.98,0.000,135.762,0.98,0.000,40.949,0.00,0.000,81.897,0.98,0.000,40.949,0.98,0.000,40.949,0.98
31.5073,0.000,3879.480,1.89,79.76,0.00,0.000,202.017,2.89,0.000,121.210,2.89,0.000,80.807,1.93,0.000,202.017,0.96,0.000,121.210,0.96,0.000,121.210,2.89,0.000,40.403,0.00,0.000,161.614,2.89,0.000,161.614,1.93,0.000,121.210,0.96,0.000,40.403,0.00,0.000,121.210,0.96,0.000,162.363,2.89,0.000,80.807,0.00,0.000,121.210,0.00,0.000,323.228,5.78,0.000,40.403,0.00,0.000,0.000,0.00,0.000,202.017,2.89,0.000,80.807,0.96,0.000,121.210,1.93,0.000,202.017,3.85,0.000,161.614,2.89,0.000,161.614,3.85,0.000,40.403,0.96,0.000,323.228,4.82,0.000,40.403,0.96,0.000,121.210,2.89,0.000,121.210,1.93,0.000,80.807,0.96
31.6096,0.000,6559.792,3.26,57.14,0.00,0.000,81.997,1.95,0.000,122.995,2.93,0.000,163.993,1.95,0.000,163.993,1.95,0.000,122.995,0.00,0.000,409.983,3.91,0.000,409.983,5.86,0.000,163.993,0.98,0.000,245.990,2.93,0.000,368.985,6.84,0.000,327.987,3.91,0.000,327.987,5.86,0.000,164.053,2.93,0.000,204.992,1.95,0.000,204.992,2.93,0.000,368.985,3.91,0.000,286.988,5.86,0.000,204.992,2.93,0.000,122.995,2.93,0.000,81.997,0.00,0.000,122.995,0.98,0.000,163.993,3.91,0.000,204.992,3.91,0.000,286.988,5.86,0.000,204.992,3.91,0.000,122.995,1.95,0.000,327.987,4.89,0.000,204.992,3.91,0.000,286.988,3.91,0.000,81.997,1.95
31.7135,0.000,2722.614,1.57,54.13,0.00,0.000,80.745,0.96,0.000,80.745,0.96,0.000,40.372,0.96,0.000,80.745,1.93,0.000,40.372,0.00,0.000,80.745,1.93,0.000,0.000,0.00,0.000,40.372,0.96,0.000,80.745,0.96,0.000,80.745,0.96,0.000,80.745,0.96,0.000,282.607,3.85,0.000,80.745,1.93,0.000,128.687,0.96,0.000,242.234,9.63,0.000,80.745,0.00,0.000,80.745,1.93,0.000,90.838,0.96,0.000,80.745,1.93,0.000,40.372,0.96,0.000,161.490,0.96,0.000,80.745,0.96,0.000,161.490,2.89,0.000,121.117,2.89,0.000,40.372,0.96,0.000,121.117,2.89,0.000,80.745,0.96,0.000,80.745,0.96,0.000,80.745,0.96,0.000,0.000,0.00
31.8185,0.000,14343.039,7.81,48.84,0.00,0.000,439.394,7.62,0.000,519.284,8.57,0.000,639.119,10.48,0.000,399.449,4.76,0.000,559.229,8.57,0.000,519.284,7.62,0.000,639.119,8.57,0.000,439.394,8.57,0.000,439.394,7.62,0.000,559.229,9.52,0.000,639.119,8.57,0.000,719.009,10.48,0.000,399.449,6.67,0.000,471.850,8.57,0.000,439.394,8.57,0.000,479.339,6.67,0.000,359.504,4.76,0.000,309.573,4.76,0.000,406.939,4.76,0.000,380.452,8.57,0.000,634.594,14.29,0.000,635.491,9.52,0.000,519.284,11.43,0.000,439.394,6.67,0.000,319.559,7.62,0.000,399.449,6.67,0.000,519.284,8.57,0.000,399.449,3.81,0.000,439.394,6.67,0.000,279.615,4.76
31.9206,0.000,10093.613,5.36,47.21,0.00,0.000,205.579,3.92,0.000,287.811,4.90,0.000,123.347,0.98,0.000,370.042,5.88,0.000,328.927,2.94,0.000,328.927,4.90,0.000,164.463,2.94,0.000,328.927,5.88,0.000,493.390,9.80,0.000,575.622,10.78,0.000,328.927,5.88,0.000,328.927,4.90,0.000,328.927,6.86,0.000,534.506,8.82,0.000,452.274,8.82,0.000,246.695,3.92,0.000,123.347,1.96,0.000,246.695,3.92,0.000,526.796,6.86,0.000,266.249,3.92,0.000,456.932,4.90,0.000,414.892,5.88,0.000,246.695,2.94,0.000,328.927,3.92,0.000,411.158,4.90,0.000,287.811,4.90,0.000,287.811,5.88,0.000,370.042,6.86,0.000,205.579,2.94,0.000,493.390,8.82
32.0227,0.000,1314.111,0.78,45.88,0.00,0.000,82.132,1.96,0.000,82.132,0.98,0.000,41.066,0.98,0.000,0.000,0.00,0.000,82.132,0.98,0.000,0.000,0.00,0.000,41.066,0.98,0.000,82.132,1.96,0.000,41.066,0.00,0.000,41.066,0.98,0.000,41.066,0.98,0.000,41.066,0.98,0.000,41.066,0.98,0.000,41.066,0.00,0.000,0.000,0.00,0.000,82.132,1.96,0.000,0.000,0.00,0.000,41.066,0.98,0.000,0.000,0.00,0.000,82.132,0.98,0.000,0.000,0.00,0.000,123.198,1.96,0.000,164.264,2.94,0.000,41.066,0.98,0.000,41.066,0.98,0.000,0.000,0.00,0.000,0.000,0.00,0.000,82.132,0.98,0.000,0.000,0.00,0.000,0.000,0.00
32.1265,0.000,0.000,0.00,47.62,0.00,0.000,0.000,0.00,0.000,0.000,0.00,0.000,0.000,0.00,0.000,0.000,0.00,0.000,0.000,0.00,0.000,0.000,0.00,0.000,0.000,0.00,0.000,0.000,0.00,0.000,0.000,0.00,0.000,0.000,0.00,0.000,0.000,0.00,0.000,0.000,0.00,0.000,0.000,0.00,0.000,0.000,0.00,0.000,0.000,0.00,0.000,0.000,0.00,0.000,0.000,0.00,0.000,0.000,0.00,0.000,0.000,0.00,0.000,0.000,0.00,0.000,0.000,0.00,0.000,0.000,0.00,0.000,0.000,0.00,0.000,0.000,0.00,0.000,0.000,0.00,0.000,0.000,0.00,0.000,0.000,0.00,0.000,0.000,0.00,0.000,0.000,0.00,0.000,0.000,0.00
32.2292,0.000,3920.092,2.40,70.29,0.00,0.000,122.503,1.95,0.000,204.171,3.89,0.000,40.834,0.97,0.000,40.834,0.97,0.000,122.503,1.95,0.000,122.503,0.97,0.000,122.503,1.95,0.000,122.503,1.95,0.000,122.503,2.92,0.000,163.337,3.89,0.000,163.337,1.95,0.000,81.669,1.95,0.000,81.669,0.97,0.000,122.503,1.95,0.000,81.669,1.95,0.000,81.669,1.95,0.000,285.840,5.84,0.000,122.503,1.95,0.000,81.669,1.95,0.000,204.171,2.92,0.000,81.669,1.95,0.000,285.840,4.87,0.000,163.337,4.87,0.000,81.669,0.97,0.000,122.503,1.95,0.000,40.834,0.97,0.000,245.006,5.84,0.000,81.669,0.97,0.000,245.006,2.92,0.000,81.669,1.95
32.3314,0.000,3595.129,2.02,69.17,0.00,0.000,242.508,4.90,0.000,82.160,0.00,0.000,41.080,0.98,0.000,75.340,1.96,0.000,41.080,0.98,0.000,164.319,1.96,0.000,123.240,0.98,0.000,82.160,1.96,0.000,328.639,4.90,0.000,123.240,0.98,0.000,82.160,1.96,0.000,82.160,1.96,0.000,246.479,3.92,0.000,164.319,2.94,0.000,0.000,0.00,0.000,164.319,2.94,0.000,287.559,3.92,0.000,123.240,1.96,0.000,246.479,4.90,0.000,41.080,0.98,0.000,82.160,0.98,0.000,196.293,2.94,0.000,0.000,0.00,0.000,123.240,1.96,0.000,41.080,0.98,0.000,0.000,0.00,0.000,123.240,2.94,0.000,123.240,0.98,0.000,82.160,2.94,0.000,82.160,1.96
32.4337,0.000,7570.495,4.10,65.34,0.00,0.000,249.924,3.91,0.000,256.289,3.91,0.000,204.967,4.89,0.000,293.760,5.86,0.000,204.967,3.91,0.000,245.961,4.89,0.000,163.974,2.93,0.000,122.980,1.95,0.000,204.967,2.93,0.000,286.954,2.93,0.000,368.941,6.84,0.000,163.974,2.93,0.000,81.987,1.95,0.000,245.961,3.91,0.000,245.961,3.91,0.000,122.980,0.98,0.000,327.947,3.91,0.000,163.974,2.93,0.000,368.941,7.82,0.000,491.921,7.82,0.000,327.947,1.95,0.000,378.028,5.86,0.000,284.472,3.91,0.000,163.974,2.93,0.000,245.961,4.89,0.000,245.961,4.89,0.000,368.941,5.86,0.000,286.954,2.93,0.000,286.954,3.91,0.000,163.974,4.89
32.5372,0.000,7123.170,3.77,61.23,0.00,0.000,203.491,0.97,0.000,232.861,3.86,0.000,283.579,4.83,0.000,243.068,1.93,0.000,283.579,3.86,0.000,243.068,2.90,0.000,162.045,3.86,0.000,243.068,3.86,0.000,283.579,3.86,0.000,324.090,5.80,0.000,283.579,7.73,0.000,324.090,3.86,0.000,81.023,0.97,0.000,243.068,2.90,0.000,445.624,4.83,0.000,364.602,6.76,0.000,81.023,0.97,0.000,162.045,3.86,0.000,243.068,3.86,0.000,243.068,4.83,0.000,324.090,6.76,0.000,81.023,1.93,0.000,164.498,2.90,0.000,243.068,2.90,0.000,121.534,2.90,0.000,324.090,4.83,0.000,324.090,4.83,0.000,243.068,3.86,0.000,243.068,4.83,0.000,81.023,0.97
32.6395,0.000,2622.885,1.30,66.26,0.00,0.000,0.000,0.00,0.000,122.948,0.98,0.000,0.000,0.00,0.000,40.983,0.00,0.000,40.983,0.98,0.000,122.948,1.95,0.000,40.983,0.98,0.000,40.983,0.00,0.000,81.965,1.95,0.000,122.948,1.95,0.000,81.965,1.95,0.000,122.948,0.98,0.000,0.000,0.00,0.000,81.965,1.95,0.000,40.983,0.98,0.000,81.965,0.98,0.000,0.000,0.00,0.000,40.983,0.98,0.000,122.948,0.98,0.000,40.983,0.00,0.000,204.913,2.93,0.000,204.913,2.93,0.000,81.965,0.98,0.000,122.948,0.98,0.000,204.913,2.93,0.000,0.000,0.00,0.000,81.965,0.98,0.000,40.983,0.98,0.000,286.878,4.89,0.000,163.930,3.91
32.7419,0.000,9174.591,4.85,86.18,0.00,0.000,245.748,4.88,0.000,122.874,1.95,0.000,163.832,3.91,0.000,204.790,4.88,0.000,204.790,3.91,0.000,368.622,4.88,0.000,450.538,5.86,0.000,204.790,3.91,0.000,204.790,1.95,0.000,368.622,3.91,0.000,532.454,9.77,0.000,327.664,3.91,0.000,163.832,1.95,0.000,204.790,1.95,0.000,327.664,3.91,0.000,163.832,2.93,0.000,327.664,3.91,0.000,163.832,1.95,0.000,286.706,4.88,0.000,573.412,11.72,0.000,245.748,5.86,0.000,327.664,2.93,0.000,450.538,10.74,0.000,204.790,2.93,0.000,450.538,8.79,0.000,409.580,4.88,0.000,491.496,6.84,0.000,204.790,3.91,0.000,409.580,5.86,0.000,368.622,5.86
32.8445,0.000,7853.882,4.42,69.21,0.00,0.000,204.528,3.90,0.000,204.528,2.93,0.000,327.245,12.68,0.000,327.245,4.88,0.000,204.528,3.90,0.000,327.245,4.88,0.000,163.623,3.90,0.000,286.339,4.88,0.000,40.906,0.98,0.000,204.528,1.95,0.000,409.056,5.85,0.000,163.623,1.95,0.000,286.339,5.85,0.000,327.245,4.88,0.000,245.434,4.88,0.000,286.339,4.88,0.000,327.245,3.90,0.000,368.151,5.85,0.000,245.434,2.93,0.000,368.151,5.85,0.000,245.434,4.88,0.000,245.434,3.90,0.000,204.528,3.90,0.000,368.151,7.80,0.000,122.717,1.95,0.000,245.434,2.93,0.000,409.056,5.85,0.000,163.623,1.95,0.000,245.434,1.95,0.000,286.339,5.85
32.9465,0.000,6578.899,3.89,69.22,0.00,0.000,370.063,8.82,0.000,287.827,4.90,0.000,123.354,2.94,0.000,328.945,3.92,0.000,246.709,3.92,0.000,123.354,1.96,0.000,123.354,5.88,0.000,82.236,0.98,0.000,205.591,2.94,0.000,123.354,1.96,0.000,164.472,3.92,0.000,123.354,2.94,0.000,205.591,4.90,0.000,287.827,5.88,0.000,164.472,1.96,0.000,205.591,4.90,0.000,41.118,0.98,0.000,287.827,2.94,0.000,493.417,7.84,0.000,328.945,5.88,0.000,411.181,6.86,0.000,123.354,2.94,0.000,287.827,2.94,0.000,205.591,2.94,0.000,164.472,3.92,0.000,246.709,3.92,0.000,164.472,1.96,0.000,123.354,1.96,0.000,287.827,3.92,0.000,246.709,4.90
33.0505,0.000,2580.078,1.60,63.15,0.00,0.000,0.000,0.00,0.000,201.569,3.84,0.000,80.627,2.88,0.000,0.000,0.00,0.000,40.314,0.96,0.000,80.627,0.96,0.000,40.314,0.96,0.000,161.255,0.96,0.000,80.627,0.96,0.000,161.255,2.88,0.000,201.569,5.77,0.000,80.627,0.96,0.000,120.941,1.92,0.000,40.314,0.96,0.000,201.569,2.88,0.000,40.314,0.96,0.000,120.941,1.92,0.000,80.627,1.92,0.000,80.627,2.88,0.000,80.627,0.00,0.000,241.882,2.88,0.000,40.314,0.96,0.000,40.314,0.96,0.000,80.627,2.88,0.000,40.314,0.96,0.000,40.314,0.96,0.000,40.314,0.96,0.000,120.941,2.88,0.000,40.314,0.00,0.000,0.000,0.00
33.1528,0.000,6562.597,3.78,61.28,0.00,0.000,328.130,4.89,0.000,205.081,3.91,0.000,246.097,3.91,0.000,246.097,3.91,0.000,123.049,2.93,0.000,41.016,0.98,0.000,287.114,5.87,0.000,164.065,1.96,0.000,328.130,6.85,0.000,451.179,6.85,0.000,205.081,4.89,0.000,82.032,0.98,0.000,82.032,0.98,0.000,287.114,3.91,0.000,246.097,4.89,0.000,328.130,7.82,0.000,123.049,0.98,0.000,205.081,2.93,0.000,328.130,4.89,0.000,164.065,3.91,0.000,123.049,1.96,0.000,205.081,4.89,0.000,164.065,2.93,0.000,328.130,5.87,0.000,164.065,0.98,0.000,205.081,3.91,0.000,246.097,3.91,0.000,205.081,4.89,0.000,246.097,3.91,0.000,205.081,1.96
33.2547,0.000,9219.083,5.17,55.37,0.00,0.000,411.566,6.87,0.000,164.626,2.94,0.000,493.879,6.87,0.000,246.940,3.93,0.000,452.723,5.89,0.000,246.940,4.91,0.000,411.566,7.85,0.000,329.253,3.93,0.000,452.723,5.89,0.000,246.940,3.93,0.000,329.253,3.93,0.000,493.879,13.74,0.000,82.313,0.98,0.000,288.096,4.91,0.000,452.723,7.85,0.000,164.626,1.96,0.000,288.096,6.87,0.000,246.940,4.91,0.000,205.783,2.94,0.000,370.410,5.89,0.000,411.566,5.89,0.000,452.723,5.89,0.000,329.253,5.89,0.000,164.626,2.94,0.000,205.783,2.94,0.000,246.940,3.93,0.000,288.096,2.94,0.000,493.879,13.74,0.000,82.313,0.98,0.000,164.626,2.94
33.3565,0.000,11808.475,6.35,50.42,0.00,0.000,406.056,8.84,0.000,247.280,4.91,0.000,412.134,6.88,0.000,453.347,6.88,0.000,370.920,5.90,0.000,453.347,7.86,0.000,618.201,9.83,0.000,494.560,8.84,0.000,494.560,7.86,0.000,164.853,2.95,0.000,206.067,2.95,0.000,247.280,5.90,0.000,329.707,3.93,0.000,123.640,1.97,0.000,206.067,3.93,0.000,370.920,3.93,0.000,370.920,5.90,0.000,576.987,8.84,0.000,453.347,6.88,0.000,412.134,7.86,0.000,247.280,3.93,0.000,494.560,9.83,0.000,370.920,4.91,0.000,618.201,8.84,0.000,164.853,1.97,0.000,522.090,6.88,0.000,618.201,10.81,0.000,453.347,6.88,0.000,412.134,5.90,0.000,494.560,7.86
33.4586,0.000,2690.429,1.70,45.91,0.00,0.000,88.235,1.96,0.000,164.352,3.92,0.000,0.000,0.00,0.000,82.176,0.98,0.000,164.352,2.94,0.000,246.529,4.90,0.000,82.176,1.96,0.000,123.264,1.96,0.000,246.529,3.92,0.000,123.264,0.98,0.000,82.176,1.96,0.000,82.176,0.98,0.000,41.088,0.98,0.000,41.088,0.98,0.000,41.088,0.00,0.000,82.176,2.94,0.000,123.264,2.94,0.000,0.000,0.00,0.000,82.176,1.96,0.000,41.088,0.98,0.000,41.088,0.98,0.000,41.088,0.98,0.000,82.176,1.96,0.000,164.352,2.94,0.000,82.176,0.98,0.000,177.995,1.96,0.000,41.088,0.98,0.000,41.088,0.98,0.000,41.088,0.98,0.000,41.088,0.98
33.5606,0.000,5259.131,2.87,40.38,0.00,0.000,164.348,3.92,0.000,246.522,3.92,0.000,41.087,0.00,0.000,246.522,3.92,0.000,246.522,3.92,0.000,0.000,0.00,0.000,123.261,0.98,0.000,246.522,3.92,0.000,123.261,1.96,0.000,246.522,4.90,0.000,246.522,3.92,0.000,287.609,4.90,0.000,41.087,0.00,0.000,205.435,1.96,0.000,123.261,0.98,0.000,164.348,2.94,0.000,82.174,0.98,0.000,164.348,2.94,0.000,82.174,0.00,0.000,246.522,2.94,0.000,246.522,4.90,0.000,205.435,3.92,0.000,287.609,4.90,0.000,205.435,5.88,0.000,164.348,2.94,0.000,205.435,3.92,0.000,41.087,0.00,0.000,246.522,4.90,0.000,123.261,1.96,0.000,205.435,3.92
33.6625,0.000,2098.277,1.18,49.69,0.00,0.000,41.189,0.98,0.000,0.000,0.00,0.000,0.000,0.00,0.000,82.378,0.98,0.000,27.111,0.98,0.000,59.934,0.98,0.000,164.757,3.93,0.000,123.568,1.96,0.000,41.189,0.98,0.000,123.568,1.96,0.000,0.000,0.00,0.000,0.000,0.00,0.000,41.189,0.98,0.000,164.757,1.96,0.000,82.378,1.96,0.000,123.568,1.96,0.000,16.974,0.00,0.000,164.757,2.95,0.000,0.000,0.00,0.000,41.189,0.00,0.000,41.189,0.98,0.000,123.568,2.95,0.000,123.568,1.96,0.000,41.189,0.98,0.000,73.851,1.96,0.000,41.189,0.00,0.000,82.378,0.98,0.000,41.189,0.00,0.000,41.189,0.00,0.000,190.460,2.95
33.7647,0.000,4476.196,2.54,60.42,0.00,0.000,246.266,4.89,0.000,287.310,5.87,0.000,246.266,3.91,0.000,41.044,0.98,0.000,55.073,0.00,0.000,227.588,4.89,0.000,123.133,2.94,0.000,246.266,4.89,0.000,123.133,0.98,0.000,205.222,2.94,0.000,328.355,3.91,0.000,82.089,2.94,0.000,82.089,1.96,0.000,164.177,2.94,0.000,123.133,2.94,0.000,123.133,1.96,0.000,106.218,0.98,0.000,82.089,0.98,0.000,82.089,1.96,0.000,246.266,2.94,0.000,82.089,0.98,0.000,41.044,0.00,0.000,82.089,1.96,0.000,205.222,2.94,0.000,90.586,1.96,0.000,0.000,0.00,0.000,205.222,3.91,0.000,41.044,0.00,0.000,82.089,1.96,0.000,425.875,6.85
33.8668,0.000,3942.141,2.22,63.71,0.00,0.000,123.192,1.96,0.000,164.256,1.96,0.000,123.192,1.96,0.000,82.128,0.00,0.000,246.384,4.90,0.000,164.256,2.94,0.000,82.128,0.98,0.000,123.192,2.94,0.000,82.128,0.98,0.000,123.192,2.94,0.000,82.128,1.96,0.000,82.128,0.98,0.000,123.192,1.96,0.000,164.256,3.92,0.000,123.192,1.96,0.000,82.128,1.96,0.000,0.000,0.00,0.000,246.384,5.87,0.000,328.512,3.92,0.000,82.128,0.98,0.000,164.256,1.96,0.000,164.256,2.94,0.000,41.064,0.98,0.000,82.128,0.98,0.000,164.256,2.94,0.000,123.192,2.94,0.000,164.256,2.94,0.000,41.064,0.98,0.000,246.384,2.94,0.000,123.192,1.96
33.9691,0.000,6562.710,3.81,67.37,0.00,0.000,123.051,2.93,0.000,41.017,0.98,0.000,287.119,5.87,0.000,164.068,3.91,0.000,246.102,3.91,0.000,246.102,4.89,0.000,246.102,2.93,0.000,205.085,2.93,0.000,164.068,3.91,0.000,205.085,3.91,0.000,369.152,4.89,0.000,82.034,1.96,0.000,205.085,5.87,0.000,369.152,6.85,0.000,369.152,5.87,0.000,164.068,2.93,0.000,164.068,1.96,0.000,287.119,3.91,0.000,164.068,4.89,0.000,164.068,1.96,0.000,287.119,3.91,0.000,82.034,1.96,0.000,287.119,5.87,0.000,287.119,2.93,0.000,123.051,2.93,0.000,164.068,2.93,0.000,205.085,3.91,0.000,287.119,4.89,0.000,205.085,3.91,0.000,369.152,3.91
34.0715,0.000,1309.689,0.81,73.63,0.00,0.000,81.856,1.95,0.000,81.856,0.98,0.000,0.000,0.00,0.000,40.928,0.98,0.000,0.000,0.00,0.000,40.928,0.98,0.000,40.928,0.00,0.000,81.856,0.00,0.000,40.928,0.98,0.000,122.783,2.93,0.000,40.928,0.98,0.000,40.928,0.98,0.000,40.928,0.00,0.000,0.000,0.00,0.000,0.000,0.00,0.000,40.928,0.00,0.000,40.928,0.98,0.000,40.928,0.98,0.000,40.928,0.00,0.000,40.928,0.98,0.000,0.000,0.00,0.000,163.711,4.88,0.000,0.000,0.00,0.000,40.928,0.98,0.000,40.928,0.00,0.000,40.928,0.98,0.000,81.856,1.95,0.000,0.000,0.00,0.000,40.928,0.98,0.000,40.928,0.98
34.1740,0.000,6548.774,3.64,66.52,0.00,0.000,286.509,3.90,0.000,163.719,1.95,0.000,204.649,3.90,0.000,81.860,1.95,0.000,409.298,7.81,0.000,81.860,0.98,0.000,81.860,1.95,0.000,204.649,2.93,0.000,409.298,5.86,0.000,163.719,3.90,0.000,245.579,5.86,0.000,81.860,2.93,0.000,81.860,1.95,0.000,368.369,5.86,0.000,122.790,1.95,0.000,286.509,3.90,0.000,204.649,3.90,0.000,245.579,2.93,0.000,245.579,1.95,0.000,163.719,2.93,0.000,245.579,2.93,0.000,245.579,4.88,0.000,245.579,5.86,0.000,327.439,4.88,0.000,204.649,2.93,0.000,286.509,4.88,0.000,81.860,1.95,0.000,204.649,2.93,0.000,286.509,5.86,0.000,286.509,2.93
34.2764,0.000,4009.873,2.41,75.34,0.00,0.000,204.787,3.91,0.000,81.915,1.95,0.000,81.915,1.95,0.000,81.915,1.95,0.000,163.830,4.88,0.000,81.915,1.95,0.000,204.787,2.93,0.000,122.872,1.95,0.000,75.275,0.98,0.000,122.872,2.93,0.000,0.000,0.00,0.000,81.915,0.98,0.000,0.000,0.00,0.000,122.872,0.00,0.000,163.830,3.91,0.000,204.787,2.93,0.000,122.872,2.93,0.000,204.787,2.93,0.000,245.745,2.93,0.000,215.027,3.91,0.000,122.872,1.95,0.000,122.872,1.95,0.000,204.787,3.91,0.000,163.830,2.93,0.000,122.872,2.93,0.000,46.077,1.95,0.000,163.830,3.91,0.000,110.193,1.95,0.000,286.702,3.91,0.000,81.915,0.98
34.3788,0.000,15657.524,9.02,72.53,0.00,0.000,204.890,3.91,0.000,409.779,6.84,0.000,450.757,7.82,0.000,614.669,11.72,0.000,778.580,10.75,0.000,573.691,12.70,0.000,286.845,4.88,0.000,737.602,11.72,0.000,293.488,5.86,0.000,450.757,5.86,0.000,491.735,5.86,0.000,532.713,10.75,0.000,409.779,5.86,0.000,327.823,5.86,0.000,573.691,8.79,0.000,450.757,8.79,0.000,655.647,12.70,0.000,614.669,8.79,0.000,655.647,12.70,0.000,727.358,9.77,0.000,450.757,10.75,0.000,655.647,12.70,0.000,450.757,9.77,0.000,286.845,6.84,0.000,614.669,11.72,0.000,527.591,7.82,0.000,573.691,7.82,0.000,627.354,11.72,0.000,696.625,10.75,0.000,532.713,8.79
34.4810,0.000,3938.166,2.18,66.26,0.00,0.000,41.023,0.98,0.000,123.068,1.96,0.000,0.000,0.00,0.000,123.068,1.96,0.000,205.113,3.91,0.000,205.113,3.91,0.000,123.068,2.93,0.000,123.068,1.96,0.000,41.023,0.98,0.000,82.045,1.96,0.000,123.068,2.93,0.000,205.113,3.91,0.000,205.113,3.91,0.000,164.090,0.98,0.000,164.090,3.91,0.000,205.113,2.93,0.000,205.113,2.93,0.000,82.045,0.98,0.000,123.068,2.93,0.000,82.045,1.96,0.000,82.045,1.96,0.000,41.023,0.98,0.000,41.023,0.00,0.000,123.068,2.93,0.000,287.158,1.96,0.000,41.023,0.00,0.000,328.181,3.91,0.000,0.000,0.00,0.000,123.068,1.96,0.000,246.135,3.91
34.5844,0.000,5191.401,3.16,76.09,0.00,0.000,243.311,4.83,0.000,81.104,0.97,0.000,121.656,1.93,0.000,283.863,5.80,0.000,243.311,3.87,0.000,121.656,2.90,0.000,121.656,2.90,0.000,202.760,3.87,0.000,81.104,0.97,0.000,243.311,5.80,0.000,203.517,6.77,0.000,243.311,3.87,0.000,405.519,10.64,0.000,162.208,0.97,0.000,162.208,0.97,0.000,202.760,3.87,0.000,324.415,5.80,0.000,202.760,3.87,0.000,202.760,4.83,0.000,40.552,0.00,0.000,202.760,0.97,0.000,81.104,0.97,0.000,162.208,2.90,0.000,162.208,1.93,0.000,202.760,2.90,0.000,81.104,1.93,0.000,121.656,2.90,0.000,121.656,1.93,0.000,0.000,0.00,0.000,162.208,2.90
34.6866,0.000,6446.794,3.56,60.78,0.00,0.000,328.480,5.87,0.000,246.360,1.96,0.000,328.480,4.89,0.000,74.421,1.96,0.000,328.480,4.89,0.000,205.300,3.92,0.000,82.120,1.96,0.000,246.360,4.89,0.000,46.192,0.00,0.000,369.540,5.87,0.000,287.480,4.89,0.000,369.540,4.89,0.000,246.360,3.92,0.000,123.180,1.96,0.000,287.420,2.94,0.000,369.540,6.85,0.000,367.294,6.85,0.000,87.252,1.96,0.000,41.060,0.98,0.000,164.240,2.94,0.000,123.180,0.98,0.000,246.360,3.92,0.000,205.300,3.92,0.000,246.360,4.89,0.000,82.120,2.94,0.000,123.180,0.98,0.000,164.240,2.94,0.000,123.180,1.96,0.000,246.360,4.89,0.000,287.420,4.89
34.7887,0.000,4666.843,2.55,53.25,0.00,0.000,123.271,1.96,0.000,205.452,2.94,0.000,138.680,1.96,0.000,89.885,2.94,0.000,164.361,1.96,0.000,82.181,0.98,0.000,82.181,1.96,0.000,246.542,3.92,0.000,238.838,4.90,0.000,38.522,0.00,0.000,82.181,1.96,0.000,123.271,2.94,0.000,41.090,0.98,0.000,123.271,0.98,0.000,123.271,1.96,0.000,246.542,3.92,0.000,234.062,2.94,0.000,159.225,2.94,0.000,280.610,3.92,0.000,164.361,1.96,0.000,205.452,3.92,0.000,246.542,2.94,0.000,164.361,2.94,0.000,41.090,0.98,0.000,158.703,1.96,0.000,164.361,2.94,0.000,123.271,2.94,0.000,164.361,1.96,0.000,287.632,3.92,0.000,123.271,3.92
34.8915,0.000,7234.883,4.12,53.29,0.00,0.000,203.895,2.92,0.000,203.895,2.92,0.000,147.824,2.92,0.000,326.232,5.83,0.000,203.895,2.92,0.000,122.337,2.92,0.000,326.232,5.83,0.000,326.232,2.92,0.000,491.896,8.75,0.000,206.444,3.89,0.000,203.895,6.81,0.000,285.453,4.86,0.000,244.674,3.89,0.000,163.116,0.97,0.000,367.011,9.72,0.000,448.569,7.78,0.000,218.510,3.89,0.000,326.232,7.78,0.000,170.085,1.94,0.000,163.116,3.89,0.000,81.558,1.94,0.000,40.779,0.00,0.000,81.558,1.94,0.000,244.674,1.94,0.000,413.405,5.83,0.000,407.790,7.78,0.000,163.116,1.94,0.000,244.674,1.94,0.000,367.011,6.81,0.000,40.779,0.00
34.9934,0.000,9221.135,5.50,47.93,0.00,0.000,205.829,4.91,0.000,205.829,3.93,0.000,452.824,11.78,0.000,246.995,2.94,0.000,246.995,3.93,0.000,205.829,3.93,0.000,246.995,2.94,0.000,329.326,5.89,0.000,288.160,4.91,0.000,370.492,6.87,0.000,329.326,5.89,0.000,452.824,6.87,0.000,452.824,7.85,0.000,370.492,7.85,0.000,452.824,7.85,0.000,41.166,0.00,0.000,246.995,2.94,0.000,370.492,6.87,0.000,329.326,6.87,0.000,370.492,6.87,0.000,288.160,7.85,0.000,246.995,3.93,0.000,246.995,4.91,0.000,493.989,6.87,0.000,164.663,1.96,0.000,329.326,5.89,0.000,329.326,6.87,0.000,288.160,3.93,0.000,288.160,5.89,0.000,329.326,4.91
35.0953,0.000,3953.592,2.36,44.95,0.00,0.000,41.183,1.96,0.000,82.367,1.96,0.000,41.183,0.98,0.000,123.550,2.95,0.000,82.367,1.96,0.000,123.550,0.98,0.000,205.916,2.95,0.000,82.367,1.96,0.000,123.550,1.96,0.000,41.183,0.98,0.000,164.733,2.95,0.000,0.000,0.00,0.000,288.283,3.93,0.000,123.550,1.96,0.000,82.367,0.98,0.000,123.550,0.98,0.000,123.550,2.95,0.000,205.916,3.93,0.000,82.367,1.96,0.000,288.283,5.89,0.000,82.367,1.96,0.000,123.550,0.98,0.000,205.916,3.93,0.000,82.367,2.95,0.000,123.550,2.95,0.000,123.550,0.98,0.000,123.550,1.96,0.000,288.283,3.93,0.000,164.733,2.95,0.000,205.916,3.93
35.1972,0.000,3949.837,2.39,49.77,0.00,0.000,123.432,2.94,0.000,164.577,2.94,0.000,41.144,0.98,0.000,82.288,2.94,0.000,0.000,0.00,0.000,246.865,1.96,0.000,82.288,0.98,0.000,82.288,2.94,0.000,123.432,2.94,0.000,123.432,1.96,0.000,246.865,4.90,0.000,329.153,3.92,0.000,123.432,1.96,0.000,246.865,5.89,0.000,246.865,2.94,0.000,123.432,1.96,0.000,82.288,1.96,0.000,82.288,0.98,0.000,41.144,1.96,0.000,82.288,1.96,0.000,164.577,2.94,0.000,41.144,0.00,0.000,123.432,2.94,0.000,123.432,0.98,0.000,82.288,0.98,0.000,123.432,1.96,0.000,164.577,3.92,0.000,329.153,5.89,0.000,41.144,0.98,0.000,82.288,1.96
35.2993,0.000,5258.169,3.13,54.73,0.00,0.000,164.318,3.92,0.000,287.556,5.88,0.000,41.079,0.98,0.000,205.397,5.88,0.000,246.477,2.94,0.000,82.159,0.98,0.000,205.397,3.92,0.000,205.397,4.90,0.000,164.318,2.94,0.000,123.238,3.92,0.000,164.318,3.92,0.000,123.238,1.96,0.000,41.079,1.96,0.000,205.397,3.92,0.000,369.715,6.86,0.000,82.159,1.96,0.000,205.397,2.94,0.000,205.397,2.94,0.000,123.238,1.96,0.000,123.238,0.98,0.000,205.397,2.94,0.000,41.079,0.00,0.000,164.318,1.96,0.000,246.477,3.92,0.000,246.477,3.92,0.000,287.556,3.92,0.000,123.238,1.96,0.000,287.556,3.92,0.000,123.238,1.96,0.000,164.318,3.92
35.4045,0.000,4142.310,2.31,52.68,0.00,0.000,278.998,3.80,0.000,159.427,1.90,0.000,106.882,1.90,0.000,159.427,1.90,0.000,79.714,0.00,0.000,79.714,0.95,0.000,185.817,2.85,0.000,239.141,2.85,0.000,39.857,0.00,0.000,103.067,2.85,0.000,39.857,0.00,0.000,39.857,0.95,0.000,159.427,3.80,0.000,119.571,1.90,0.000,79.714,1.90,0.000,199.284,2.85,0.000,119.571,1.90,0.000,79.714,1.90,0.000,79.714,1.90,0.000,79.714,1.90,0.000,119.571,2.85,0.000,278.998,3.80,0.000,119.571,2.85,0.000,278.998,9.50,0.000,39.857,0.00,0.000,119.571,0.95,0.000,159.427,2.85,0.000,239.141,2.85,0.000,159.427,1.90,0.000,199.284,3.80
35.5069,0.000,6231.328,3.42,60.56,0.00,0.000,204.883,5.86,0.000,204.883,4.88,0.000,135.975,1.95,0.000,286.836,4.88,0.000,491.719,7.82,0.000,81.953,0.98,0.000,136.775,0.98,0.000,122.930,1.95,0.000,163.906,1.95,0.000,180.873,2.93,0.000,204.883,3.91,0.000,204.883,2.93,0.000,81.953,1.95,0.000,204.883,2.93,0.000,204.883,1.95,0.000,163.906,0.98,0.000,286.836,5.86,0.000,163.906,2.93,0.000,163.906,1.95,0.000,163.906,1.95,0.000,163.906,2.93,0.000,163.906,2.93,0.000,81.953,0.98,0.000,368.790,7.82,0.000,245.860,3.91,0.000,163.906,2.93,0.000,327.813,3.91,0.000,368.790,6.84,0.000,122.930,2.93,0.000,368.790,5.86
35.6096,0.000,1307.133,0.71,68.99,0.00,0.000,40.848,0.97,0.000,0.000,0.00,0.000,81.696,0.97,0.000,40.848,0.97,0.000,0.000,0.00,0.000,0.000,0.00,0.000,81.696,0.97,0.000,40.848,0.97,0.000,40.848,0.97,0.000,0.000,0.00,0.000,122.544,0.97,0.000,81.696,0.00,0.000,40.848,0.97,0.000,122.544,2.92,0.000,40.848,0.97,0.000,0.000,0.00,0.000,81.696,0.97,0.000,81.696,1.95,0.000,0.000,0.00,0.000,0.000,0.00,0.000,40.848,0.97,0.000,0.000,0.00,0.000,40.848,0.97,0.000,81.696,1.95,0.000,0.000,0.00,0.000,40.848,0.97,0.000,40.848,0.00,0.000,122.544,0.97,0.000,0.000,0.00,0.000,40.848,0.97
35.7120,0.000,6602.106,3.64,81.51,0.00,0.000,81.875,0.98,0.000,163.749,3.90,0.000,286.561,3.90,0.000,204.687,3.90,0.000,204.687,4.88,0.000,409.373,4.88,0.000,204.687,3.90,0.000,204.687,2.93,0.000,204.687,3.90,0.000,204.687,3.90,0.000,163.749,1.95,0.000,286.561,5.86,0.000,286.561,4.88,0.000,81.875,0.00,0.000,163.749,1.95,0.000,204.687,3.90,0.000,368.436,4.88,0.000,122.812,1.95,0.000,163.749,1.95,0.000,245.624,4.88,0.000,327.498,6.83,0.000,245.624,4.88,0.000,297.760,5.86,0.000,327.498,1.95,0.000,122.812,2.93,0.000,245.624,4.88,0.000,122.812,2.93,0.000,286.561,3.90,0.000,245.624,4.88,0.000,122.812,0.98
35.8145,0.000,3928.668,2.11,78.33,0.00,0.000,40.924,0.98,0.000,122.771,2.93,0.000,40.924,0.98,0.000,40.924,0.00,0.000,163.694,1.95,0.000,204.618,1.95,0.000,122.771,0.98,0.000,81.847,1.95,0.000,122.771,1.95,0.000,204.618,4.88,0.000,40.924,0.98,0.000,204.618,2.93,0.000,122.771,1.95,0.000,204.618,3.90,0.000,204.618,1.95,0.000,204.618,3.90,0.000,40.924,0.98,0.000,163.694,1.95,0.000,163.694,1.95,0.000,81.847,1.95,0.000,204.618,2.93,0.000,163.694,1.95,0.000,40.924,0.98,0.000,122.771,0.98,0.000,163.694,2.93,0.000,122.771,1.95,0.000,245.542,4.88,0.000,163.694,2.93,0.000,122.771,2.93,0.000,0.000,0.00
35.9167,0.000,10509.142,5.71,84.09,0.00,0.000,410.513,5.87,0.000,164.205,3.91,0.000,656.821,6.85,0.000,246.308,4.89,0.000,205.257,3.91,0.000,287.359,5.87,0.000,205.257,2.94,0.000,287.359,3.91,0.000,451.565,7.83,0.000,328.411,2.94,0.000,533.667,8.81,0.000,410.513,5.87,0.000,123.154,0.98,0.000,287.359,4.89,0.000,246.308,2.94,0.000,246.308,4.89,0.000,451.565,5.87,0.000,492.616,13.70,0.000,328.411,3.91,0.000,410.513,7.83,0.000,205.257,3.91,0.000,246.308,3.91,0.000,451.565,7.83,0.000,492.616,7.83,0.000,410.513,8.81,0.000,410.513,7.83,0.000,328.411,3.91,0.000,410.513,7.83,0.000,369.462,5.87,0.000,410.513,4.89
36.0200,0.000,9952.208,5.68,66.54,0.00,0.000,162.417,2.90,0.000,406.043,6.78,0.000,406.043,8.71,0.000,324.834,4.84,0.000,238.550,3.87,0.000,365.438,5.81,0.000,406.043,7.74,0.000,162.417,2.90,0.000,406.043,5.81,0.000,527.855,6.78,0.000,365.438,4.84,0.000,365.438,5.81,0.000,324.834,3.87,0.000,203.021,3.87,0.000,243.626,5.81,0.000,162.417,3.87,0.000,365.438,7.74,0.000,324.834,3.87,0.000,299.456,5.81,0.000,243.626,2.90,0.000,481.264,7.74,0.000,365.438,7.74,0.000,446.647,7.74,0.000,406.043,9.68,0.000,487.251,5.81,0.000,324.834,6.78,0.000,243.626,3.87,0.000,284.230,4.84,0.000,446.647,8.71,0.000,162.417,2.90
36.1221,0.000,7019.276,3.82,61.45,0.00,0.000,369.657,6.85,0.000,287.511,2.94,0.000,246.438,4.90,0.000,451.803,6.85,0.000,292.645,4.90,0.000,205.365,1.96,0.000,328.584,3.92,0.000,123.219,1.96,0.000,492.876,6.85,0.000,246.438,4.90,0.000,205.365,2.94,0.000,369.657,5.88,0.000,82.146,1.96,0.000,123.219,1.96,0.000,246.438,3.92,0.000,82.146,1.96,0.000,205.365,3.92,0.000,287.511,6.85,0.000,107.817,2.94,0.000,205.365,4.90,0.000,211.422,3.92,0.000,287.511,4.90,0.000,205.365,2.94,0.000,82.146,0.98,0.000,287.511,4.90,0.000,246.438,3.92,0.000,123.219,1.96,0.000,41.073,0.98,0.000,246.438,2.94,0.000,328.584,3.92
36.2248,0.000,1306.762,0.78,66.36,0.00,0.000,122.509,3.89,0.000,0.000,0.00,0.000,0.000,0.00,0.000,122.509,2.92,0.000,81.673,0.97,0.000,0.000,0.00,0.000,40.836,0.00,0.000,0.000,0.00,0.000,81.673,0.97,0.000,40.836,0.00,0.000,81.673,1.95,0.000,0.000,0.00,0.000,0.000,0.00,0.000,0.000,0.00,0.000,122.509,1.95,0.000,81.673,0.97,0.000,0.000,0.00,0.000,0.000,0.00,0.000,0.000,0.00,0.000,0.000,0.00,0.000,163.345,2.92,0.000,0.000,0.00,0.000,40.836,0.00,0.000,40.836,0.97,0.000,81.673,1.95,0.000,81.673,0.97,0.000,40.836,0.97,0.000,40.836,0.97,0.000,40.836,0.97,0.000,0.000,0.00
36.3271,0.000,9187.373,4.86,64.35,0.00,0.000,533.196,5.87,0.000,533.196,16.62,0.000,328.120,1.96,0.000,164.060,2.93,0.000,369.136,5.87,0.000,287.105,3.91,0.000,287.105,3.91,0.000,123.045,2.93,0.000,287.105,5.87,0.000,410.151,8.80,0.000,410.151,8.80,0.000,328.120,5.87,0.000,246.090,1.96,0.000,246.090,2.93,0.000,328.120,4.89,0.000,287.105,4.89,0.000,123.045,0.00,0.000,287.105,4.89,0.000,451.166,7.82,0.000,164.060,3.91,0.000,287.105,4.89,0.000,246.090,2.93,0.000,328.120,4.89,0.000,205.075,3.91,0.000,205.075,1.96,0.000,246.090,2.93,0.000,492.181,7.82,0.000,205.075,2.93,0.000,328.120,3.91,0.000,451.166,4.89
36.4294,0.000,3935.054,1.99,52.71,0.00,0.000,0.000,0.00,0.000,204.951,2.93,0.000,204.951,2.93,0.000,81.980,1.95,0.000,163.961,0.98,0.000,81.980,0.98,0.000,40.990,0.98,0.000,40.990,0.00,0.000,40.990,0.98,0.000,245.941,3.91,0.000,163.961,1.95,0.000,81.980,0.98,0.000,163.961,1.95,0.000,40.990,0.98,0.000,204.951,3.91,0.000,81.980,1.95,0.000,81.980,1.95,0.000,204.951,2.93,0.000,163.961,2.93,0.000,163.961,1.95,0.000,204.951,3.91,0.000,122.970,2.93,0.000,245.941,3.91,0.000,81.980,0.98,0.000,122.970,1.95,0.000,81.980,1.95,0.000,122.970,1.95,0.000,122.970,1.95,0.000,245.941,2.93,0.000,122.970,0.00
36.5316,0.000,9191.240,4.79,50.99,0.00,0.000,205.162,4.89,0.000,328.259,4.89,0.000,369.291,4.89,0.000,287.226,4.89,0.000,246.194,1.96,0.000,246.194,4.89,0.000,246.194,2.93,0.000,369.291,6.85,0.000,246.194,3.91,0.000,82.065,0.98,0.000,410.323,6.85,0.000,328.259,7.83,0.000,492.388,8.80,0.000,492.388,4.89,0.000,246.194,2.93,0.000,410.323,5.87,0.000,205.162,2.93,0.000,246.194,3.91,0.000,369.291,4.89,0.000,328.259,6.85,0.000,328.259,5.87,0.000,328.259,5.87,0.000,287.226,6.85,0.000,205.162,2.93,0.000,205.162,2.93,0.000,369.291,3.91,0.000,533.420,6.85,0.000,205.162,3.91,0.000,246.194,3.91,0.000,328.259,3.91
36.6337,0.000,7886.778,4.47,53.58,0.00,0.000,287.539,2.94,0.000,246.462,4.90,0.000,328.616,4.90,0.000,205.385,1.96,0.000,246.462,3.92,0.000,205.385,3.92,0.000,328.616,6.86,0.000,328.616,5.88,0.000,246.462,3.92,0.000,410.770,6.86,0.000,410.770,7.83,0.000,123.231,0.98,0.000,328.616,4.90,0.000,287.539,5.88,0.000,82.154,0.98,0.000,164.308,1.96,0.000,41.077,0.98,0.000,328.616,3.92,0.000,328.616,6.86,0.000,287.539,3.92,0.000,205.385,4.90,0.000,287.539,4.90,0.000,246.462,4.90,0.000,287.539,3.92,0.000,369.693,5.88,0.000,246.462,5.88,0.000,246.462,4.90,0.000,369.693,7.83,0.000,123.231,0.98,0.000,287.539,5.88
36.7357,0.000,4681.617,2.65,45.08,0.00,0.000,123.360,2.94,0.000,164.480,2.94,0.000,82.240,0.98,0.000,123.360,1.96,0.000,41.120,0.00,0.000,164.480,1.96,0.000,210.740,2.94,0.000,82.240,1.96,0.000,246.720,4.90,0.000,82.240,0.98,0.000,154.120,2.94,0.000,164.480,2.94,0.000,156.208,2.94,0.000,82.240,0.98,0.000,246.720,2.94,0.000,514.442,8.82,0.000,259.570,5.88,0.000,41.120,0.98,0.000,82.240,1.96,0.000,123.360,2.94,0.000,164.480,0.98,0.000,123.360,1.96,0.000,164.480,1.96,0.000,205.600,5.88,0.000,123.360,2.94,0.000,82.240,0.98,0.000,343.657,6.86,0.000,82.240,0.98,0.000,123.360,1.96,0.000,123.360,0.00
36.8377,0.000,4532.713,2.78,37.73,0.00,0.000,41.151,0.98,0.000,164.605,2.94,0.000,82.303,1.96,0.000,164.605,2.94,0.000,288.059,11.77,0.000,205.757,3.92,0.000,118.310,0.98,0.000,41.151,0.98,0.000,123.454,2.94,0.000,82.303,1.96,0.000,257.276,2.94,0.000,205.757,1.96,0.000,131.732,1.96,0.000,205.757,3.92,0.000,370.362,4.91,0.000,61.285,3.92,0.000,110.594,2.94,0.000,82.303,0.98,0.000,41.151,0.98,0.000,205.757,2.94,0.000,246.908,2.94,0.000,164.605,1.96,0.000,41.151,0.00,0.000,246.908,3.92,0.000,123.454,1.96,0.000,82.303,1.96,0.000,232.200,4.91,0.000,123.454,2.94,0.000,164.605,2.94,0.000,123.454,0.98
36.9400,0.000,2624.360,1.92,46.72,0.00,0.000,0.000,0.00,0.000,123.017,2.93,0.000,41.006,0.00,0.000,41.006,0.98,0.000,123.017,2.93,0.000,82.011,1.96,0.000,164.022,2.93,0.000,205.028,2.93,0.000,0.000,0.00,0.000,205.028,2.93,0.000,123.017,5.87,0.000,205.028,5.87,0.000,82.011,0.98,0.000,41.006,0.98,0.000,164.022,3.91,0.000,41.006,0.98,0.000,0.000,0.00,0.000,123.017,1.96,0.000,123.017,1.96,0.000,41.006,0.98,0.000,123.017,2.93,0.000,41.006,0.00,0.000,0.000,0.00,0.000,123.017,2.93,0.000,41.006,0.98,0.000,82.011,1.96,0.000,0.000,0.00,0.000,41.006,0.98,0.000,0.000,0.00,0.000,246.034,6.84
37.0418,0.000,3954.227,2.00,53.50,0.00,0.000,205.949,3.93,0.000,164.759,3.93,0.000,123.570,2.95,0.000,247.139,3.93,0.000,164.759,2.95,0.000,123.570,0.98,0.000,82.380,0.98,0.000,164.759,1.96,0.000,82.380,1.96,0.000,123.570,1.96,0.000,123.570,1.96,0.000,123.570,1.96,0.000,123.570,1.96,0.000,41.190,0.00,0.000,164.759,2.95,0.000,82.380,0.98,0.000,123.570,1.96,0.000,82.380,0.98,0.000,82.380,1.96,0.000,123.570,0.98,0.000,288.329,3.93,0.000,247.139,4.91,0.000,247.139,2.95,0.000,0.000,0.00,0.000,205.949,1.96,0.000,41.190,0.98,0.000,41.190,0.98,0.000,41.190,0.00,0.000,82.380,0.98,0.000,205.949,1.96
37.1441,0.000,4042.093,2.22,78.37,0.00,0.000,59.015,0.00,0.000,204.991,2.93,0.000,245.990,4.89,0.000,122.995,1.95,0.000,122.995,0.98,0.000,159.389,3.91,0.000,163.993,3.91,0.000,40.998,0.98,0.000,163.993,1.95,0.000,122.995,1.95,0.000,204.991,2.93,0.000,286.988,5.86,0.000,204.991,2.93,0.000,163.993,2.93,0.000,122.995,1.95,0.000,40.998,0.98,0.000,40.998,0.00,0.000,40.998,0.98,0.000,81.997,0.98,0.000,81.997,1.95,0.000,286.988,5.86,0.000,81.997,0.98,0.000,182.090,1.95,0.000,40.998,0.98,0.000,204.991,2.93,0.000,89.684,0.98,0.000,163.993,2.93,0.000,40.998,0.00,0.000,108.061,0.98,0.000,163.993,3.91
37.2461,0.000,2523.836,1.57,81.38,0.00,0.000,64.137,1.96,0.000,123.298,1.96,0.000,41.099,0.98,0.000,82.199,0.98,0.000,41.099,0.98,0.000,169.013,3.92,0.000,41.099,0.98,0.000,82.199,0.98,0.000,123.298,1.96,0.000,123.298,2.94,0.000,82.199,1.96,0.000,41.099,0.98,0.000,82.199,2.94,0.000,41.099,0.98,0.000,82.199,0.98,0.000,123.298,1.96,0.000,123.298,1.96,0.000,41.099,0.98,0.000,82.199,1.96,0.000,41.099,0.00,0.000,82.199,1.96,0.000,82.199,0.98,0.000,146.256,1.96,0.000,41.099,0.98,0.000,164.397,0.98,0.000,197.791,4.90,0.000,0.000,0.00,0.000,41.099,0.98,0.000,56.070,0.00,0.000,82.199,1.96
37.3495,0.000,6490.117,3.38,64.94,0.00,0.000,283.943,5.80,0.000,121.690,0.97,0.000,40.563,0.97,0.000,162.253,3.87,0.000,243.379,3.87,0.000,405.632,6.77,0.000,202.816,2.90,0.000,324.506,6.77,0.000,243.379,4.84,0.000,324.506,8.70,0.000,243.379,3.87,0.000,283.943,2.90,0.000,243.379,3.87,0.000,162.253,2.90,0.000,202.816,1.93,0.000,202.816,1.93,0.000,243.379,1.93,0.000,121.690,1.93,0.000,202.816,1.93,0.000,283.943,5.80,0.000,324.506,4.84,0.000,283.943,4.84,0.000,121.690,1.93,0.000,202.816,3.87,0.000,121.690,1.93,0.000,243.379,2.90,0.000,162.253,0.97,0.000,81.126,0.00,0.000,324.506,4.84,0.000,81.126,0.97
37.4520,0.000,3930.396,2.31,64.32,0.00,0.000,163.766,0.98,0.000,204.708,2.93,0.000,122.825,1.95,0.000,163.766,3.90,0.000,163.766,3.90,0.000,163.766,3.90,0.000,122.825,2.93,0.000,40.942,0.98,0.000,122.825,2.93,0.000,163.766,2.93,0.000,40.942,1.95,0.000,163.766,2.93,0.000,0.000,0.00,0.000,163.766,3.90,0.000,81.883,1.95,0.000,81.883,1.95,0.000,122.825,2.93,0.000,204.708,2.93,0.000,81.883,0.98,0.000,81.883,0.98,0.000,163.766,2.93,0.000,122.825,1.95,0.000,163.766,2.93,0.000,122.825,0.98,0.000,81.883,0.00,0.000,163.766,4.88,0.000,163.766,0.98,0.000,204.708,4.88,0.000,81.883,0.98,0.000,204.708,0.98
37.5576,0.000,7627.765,4.39,63.64,0.00,0.000,278.096,4.74,0.000,238.368,2.84,0.000,238.368,5.68,0.000,437.007,10.42,0.000,278.096,4.74,0.000,278.096,2.84,0.000,317.824,4.74,0.000,238.368,4.74,0.000,317.824,3.79,0.000,198.640,3.79,0.000,119.184,2.84,0.000,238.368,5.68,0.000,198.640,3.79,0.000,158.912,2.84,0.000,158.912,1.89,0.000,317.824,4.74,0.000,357.551,5.68,0.000,278.096,3.79,0.000,556.191,9.47,0.000,158.912,2.84,0.000,437.007,5.68,0.000,278.096,3.79,0.000,119.184,2.84,0.000,278.096,5.68,0.000,79.456,1.89,0.000,238.368,4.74,0.000,79.456,1.89,0.000,198.640,2.84,0.000,119.184,1.89,0.000,437.007,8.52
37.6599,0.000,15733.059,8.99,74.69,0.00,0.000,655.544,8.79,0.000,327.772,5.86,0.000,655.544,10.75,0.000,614.573,9.77,0.000,696.516,12.70,0.000,573.601,10.75,0.000,532.630,7.81,0.000,860.402,13.68,0.000,368.744,6.84,0.000,450.687,5.86,0.000,327.772,4.88,0.000,573.601,15.63,0.000,696.516,9.77,0.000,573.601,8.79,0.000,327.772,3.91,0.000,245.829,4.88,0.000,532.630,9.77,0.000,286.801,5.86,0.000,491.658,8.79,0.000,450.687,9.77,0.000,655.544,10.75,0.000,286.801,2.93,0.000,409.715,7.81,0.000,819.430,16.61,0.000,491.658,10.75,0.000,532.630,10.75,0.000,450.687,5.86,0.000,573.601,9.77,0.000,614.573,7.81,0.000,655.544,11.72
37.7623,0.000,0.000,0.00,60.54,0.00,0.000,0.000,0.00,0.000,0.000,0.00,0.000,0.000,0.00,0.000,0.000,0.00,0.000,0.000,0.00,0.000,0.000,0.00,0.000,0.000,0.00,0.000,0.000,0.00,0.000,0.000,0.00,0.000,0.000,0.00,0.000,0.000,0.00,0.000,0.000,0.00,0.000,0.000,0.00,0.000,0.000,0.00,0.000,0.000,0.00,0.000,0.000,0.00,0.000,0.000,0.00,0.000,0.000,0.00,0.000,0.000,0.00,0.000,0.000,0.00,0.000,0.000,0.00,0.000,0.000,0.00,0.000,0.000,0.00,0.000,0.000,0.00,0.000,0.000,0.00,0.000,0.000,0.00,0.000,0.000,0.00,0.000,0.000,0.00,0.000,0.000,0.00,0.000,0.000,0.00
37.8642,0.000,5267.476,2.65,60.58,0.00,0.000,164.609,1.96,0.000,205.761,2.94,0.000,82.304,1.96,0.000,329.217,4.91,0.000,411.522,2.94,0.000,288.065,3.92,0.000,123.456,1.96,0.000,288.065,2.94,0.000,164.609,2.94,0.000,205.761,3.92,0.000,41.152,0.98,0.000,288.065,6.87,0.000,164.609,1.96,0.000,123.456,2.94,0.000,288.065,4.91,0.000,288.065,5.89,0.000,41.152,0.98,0.000,205.761,2.94,0.000,246.913,3.92,0.000,41.152,0.98,0.000,123.456,2.94,0.000,82.304,1.96,0.000,82.304,0.98,0.000,123.456,1.96,0.000,205.761,1.96,0.000,123.456,1.96,0.000,82.304,0.00,0.000,205.761,0.98,0.000,164.609,2.94,0.000,82.304,0.98
37.9664,0.000,2627.598,1.40,67.73,0.00,0.000,123.169,2.94,0.000,164.225,2.94,0.000,0.000,0.00,0.000,164.225,1.96,0.000,0.000,0.00,0.000,0.000,0.00,0.000,82.112,0.98,0.000,82.112,1.96,0.000,123.169,2.94,0.000,0.000,0.00,0.000,123.169,1.96,0.000,41.056,0.00,0.000,82.112,0.98,0.000,205.281,1.96,0.000,123.169,1.96,0.000,123.169,0.98,0.000,123.169,1.96,0.000,164.225,3.92,0.000,82.112,1.96,0.000,82.112,0.98,0.000,41.056,0.00,0.000,41.056,0.00,0.000,41.056,0.98,0.000,82.112,0.98,0.000,123.169,1.96,0.000,123.169,1.96,0.000,164.225,2.94,0.000,0.000,0.00,0.000,0.000,0.00,0.000,123.169,2.94
38.0686,0.000,5251.534,3.00,70.36,0.00,0.000,246.166,3.91,0.000,287.193,5.87,0.000,41.028,0.00,0.000,328.221,7.83,0.000,82.055,0.98,0.000,41.028,0.98,0.000,82.055,1.96,0.000,205.138,1.96,0.000,246.166,4.89,0.000,246.166,4.89,0.000,164.110,2.93,0.000,82.055,1.96,0.000,369.248,4.89,0.000,41.028,0.98,0.000,205.138,4.89,0.000,205.138,3.91,0.000,246.166,2.93,0.000,164.110,1.96,0.000,164.110,3.91,0.000,205.138,1.96,0.000,82.055,1.96,0.000,164.110,2.93,0.000,287.193,3.91,0.000,123.083,1.96,0.000,164.110,2.93,0.000,82.055,0.98,0.000,123.083,1.96,0.000,246.166,4.89,0.000,205.138,2.93,0.000,123.083,1.96
38.1710,0.000,14975.288,8.27,56.81,0.00,0.000,655.625,12.70,0.000,573.672,7.82,0.000,491.719,5.86,0.000,286.836,2.93,0.000,532.695,11.72,0.000,478.273,8.79,0.000,327.812,3.91,0.000,669.831,8.79,0.000,327.812,4.88,0.000,614.648,9.77,0.000,204.883,2.93,0.000,573.672,8.79,0.000,491.719,11.72,0.000,614.648,9.77,0.000,450.742,8.79,0.000,409.765,8.79,0.000,532.695,6.84,0.000,491.719,4.88,0.000,614.648,8.79,0.000,409.765,3.91,0.000,532.695,7.82,0.000,450.742,7.82,0.000,573.672,12.70,0.000,614.648,8.79,0.000,696.601,19.54,0.000,614.648,9.77,0.000,327.972,4.88,0.000,386.716,7.82,0.000,573.672,8.79,0.000,450.742,7.82
38.2731,0.000,6019.054,3.66,48.65,0.00,0.000,205.367,4.90,0.000,164.293,0.98,0.000,205.367,3.92,0.000,205.367,3.92,0.000,369.660,7.83,0.000,136.697,2.94,0.000,246.440,3.92,0.000,232.201,4.90,0.000,287.514,5.88,0.000,246.440,3.92,0.000,82.147,2.94,0.000,205.367,3.92,0.000,205.367,4.90,0.000,246.440,1.96,0.000,287.514,4.90,0.000,246.440,5.88,0.000,205.367,3.92,0.000,246.440,3.92,0.000,82.147,0.98,0.000,82.147,1.96,0.000,41.073,0.98,0.000,205.367,3.92,0.000,123.220,2.94,0.000,205.367,2.94,0.000,123.220,2.94,0.000,246.440,3.92,0.000,123.220,1.96,0.000,392.764,5.88,0.000,164.293,2.94,0.000,205.367,2.94
38.3750,0.000,3951.879,3.86,38.96,0.00,0.000,164.662,2.94,0.000,246.992,2.94,0.000,41.165,0.00,0.000,123.496,2.94,0.000,205.827,3.93,0.000,41.165,0.00,0.000,0.000,0.00,0.000,123.496,2.94,0.000,205.827,1.96,0.000,82.331,0.98,0.000,82.331,0.98,0.000,288.158,5.89,0.000,123.496,2.94,0.000,164.662,3.93,0.000,205.827,52.02,0.000,123.496,0.98,0.000,82.331,0.98,0.000,123.496,1.96,0.000,123.496,1.96,0.000,205.827,3.93,0.000,164.662,2.94,0.000,41.165,0.98,0.000,82.331,0.00,0.000,123.496,1.96,0.000,82.331,1.96,0.000,164.662,2.94,0.000,123.496,2.94,0.000,205.827,3.93,0.000,41.165,0.98,0.000,164.662,2.94
38.4772,0.000,6565.587,3.52,41.62,0.00,0.000,164.140,2.94,0.000,164.140,3.91,0.000,246.210,4.89,0.000,123.105,1.96,0.000,287.244,2.94,0.000,164.140,2.94,0.000,82.070,0.98,0.000,123.105,0.98,0.000,164.140,1.96,0.000,328.279,5.87,0.000,246.210,5.87,0.000,164.140,2.94,0.000,246.210,1.96,0.000,287.244,6.85,0.000,164.140,2.94,0.000,287.244,6.85,0.000,410.349,5.87,0.000,328.279,6.85,0.000,287.244,2.94,0.000,164.140,2.94,0.000,205.175,4.89,0.000,246.210,2.94,0.000,205.175,2.94,0.000,41.035,0.98,0.000,287.244,0.98,0.000,287.244,3.91,0.000,41.035,0.98,0.000,123.105,1.96,0.000,287.244,3.91,0.000,410.349,6.85
38.5792,0.000,2632.234,1.50,58.67,0.00,0.000,0.000,0.00,0.000,0.000,0.00,0.000,41.129,0.98,0.000,123.386,2.94,0.000,41.129,0.00,0.000,164.515,1.96,0.000,41.129,0.98,0.000,123.386,2.94,0.000,82.257,1.96,0.000,82.257,0.98,0.000,123.386,1.96,0.000,82.257,0.00,0.000,164.515,2.94,0.000,123.386,4.90,0.000,0.000,0.00,0.000,123.386,2.94,0.000,82.257,1.96,0.000,0.000,0.00,0.000,82.257,1.96,0.000,0.000,0.00,0.000,205.643,3.92,0.000,82.257,0.00,0.000,164.515,1.96,0.000,164.515,1.96,0.000,41.129,0.98,0.000,123.386,0.98,0.000,0.000,0.00,0.000,41.129,0.98,0.000,123.386,2.94,0.000,205.643,1.96
38.6812,0.000,3167.066,1.86,68.22,0.00,0.000,233.827,3.92,0.000,82.225,1.96,0.000,82.225,0.98,0.000,82.225,0.98,0.000,123.337,1.96,0.000,41.112,0.98,0.000,41.112,0.98,0.000,0.000,0.00,0.000,41.112,0.98,0.000,41.112,0.00,0.000,164.450,2.94,0.000,41.112,0.98,0.000,41.112,0.00,0.000,241.536,5.88,0.000,100.212,2.94,0.000,272.370,2.94,0.000,41.112,0.00,0.000,0.000,0.00,0.000,249.244,3.92,0.000,205.562,3.92,0.000,131.046,2.94,0.000,123.337,0.00,0.000,41.112,0.98,0.000,82.225,1.96,0.000,113.581,2.94,0.000,236.638,4.90,0.000,63.475,0.98,0.000,134.097,1.96,0.000,82.225,1.96,0.000,34.327,0.98
38.7845,0.000,4666.737,2.65,60.36,0.00,0.000,296.832,3.87,0.000,121.777,1.94,0.000,81.185,1.94,0.000,365.331,4.84,0.000,202.962,1.94,0.000,81.185,1.94,0.000,81.185,0.97,0.000,0.000,0.00,0.000,202.962,4.84,0.000,162.370,1.94,0.000,162.370,2.90,0.000,81.185,0.97,0.000,243.554,4.84,0.000,5.074,0.00,0.000,144.610,1.94,0.000,136.999,2.90,0.000,121.777,2.90,0.000,40.592,0.97,0.000,241.017,2.90,0.000,121.777,1.94,0.000,276.536,8.71,0.000,243.554,1.94,0.000,81.185,1.94,0.000,121.777,1.94,0.000,131.410,0.97,0.000,131.687,0.97,0.000,302.659,8.71,0.000,151.746,2.90,0.000,121.777,0.97,0.000,209.661,3.87
38.8868,0.000,2624.382,1.56,63.30,0.00,0.000,41.006,0.98,0.000,41.006,0.98,0.000,82.012,2.93,0.000,164.024,4.89,0.000,82.012,1.96,0.000,123.018,1.96,0.000,0.000,0.00,0.000,0.000,0.00,0.000,82.012,1.96,0.000,164.024,1.96,0.000,41.006,0.98,0.000,82.012,1.96,0.000,41.006,0.98,0.000,82.012,0.00,0.000,123.018,1.96,0.000,0.000,0.00,0.000,82.012,0.98,0.000,82.012,0.98,0.000,41.006,0.98,0.000,164.024,1.96,0.000,41.006,0.00,0.000,41.006,0.00,0.000,41.006,0.98,0.000,164.024,2.93,0.000,123.018,2.93,0.000,123.018,3.91,0.000,164.024,2.93,0.000,246.036,2.93,0.000,41.006,0.00,0.000,123.018,1.96
38.9891,0.000,4751.758,2.74,77.29,0.00,0.000,41.010,0.00,0.000,328.080,4.89,0.000,164.040,1.96,0.000,0.000,0.00,0.000,261.599,4.89,0.000,324.916,5.87,0.000,287.070,1.96,0.000,41.010,0.00,0.000,82.020,1.96,0.000,164.040,3.91,0.000,102.886,1.96,0.000,233.285,4.89,0.000,82.020,0.98,0.000,164.040,2.93,0.000,205.050,3.91,0.000,246.060,4.89,0.000,48.699,1.96,0.000,191.033,2.93,0.000,164.040,2.93,0.000,52.224,0.98,0.000,246.060,3.91,0.000,164.040,1.96,0.000,123.030,1.96,0.000,123.030,4.89,0.000,246.060,1.96,0.000,174.293,2.93,0.000,82.020,3.91,0.000,205.050,3.91,0.000,82.020,0.98,0.000,123.030,1.96
39.0925,0.000,9578.974,5.22,59.19,0.00,0.000,567.927,9.67,0.000,365.096,6.77,0.000,243.397,2.90,0.000,486.795,4.84,0.000,268.593,3.87,0.000,246.527,4.84,0.000,202.831,2.90,0.000,202.831,2.90,0.000,324.530,3.87,0.000,202.831,3.87,0.000,344.456,7.74,0.000,174.902,3.87,0.000,202.831,2.90,0.000,283.963,5.80,0.000,324.530,11.61,0.000,202.831,4.84,0.000,276.357,1.93,0.000,500.660,7.74,0.000,446.228,9.67,0.000,272.871,3.87,0.000,202.831,0.97,0.000,202.831,3.87,0.000,324.530,5.80,0.000,283.963,2.90,0.000,486.795,5.80,0.000,152.123,2.90,0.000,608.493,9.67,0.000,527.361,7.74,0.000,365.096,5.80,0.000,283.963,4.84
39.1964,0.000,11625.080,6.06,58.14,0.00,0.000,322.895,5.77,0.000,242.171,2.89,0.000,161.448,2.89,0.000,282.533,5.77,0.000,282.533,5.77,0.000,484.343,8.66,0.000,403.619,7.70,0.000,322.895,4.81,0.000,605.428,14.43,0.000,686.152,9.62,0.000,524.705,7.70,0.000,363.257,3.85,0.000,201.809,1.92,0.000,443.981,7.70,0.000,363.257,4.81,0.000,242.171,4.81,0.000,565.066,8.66,0.000,484.343,9.62,0.000,201.809,3.85,0.000,322.895,5.77,0.000,363.257,3.85,0.000,283.390,4.81,0.000,363.257,4.81,0.000,282.533,2.89,0.000,363.257,2.89,0.000,605.428,9.62,0.000,524.705,7.70,0.000,484.343,6.74,0.000,201.809,1.92,0.000,645.790,9.62
39.3005,0.000,3866.891,2.59,67.14,0.00,0.000,281.961,6.72,0.000,40.280,0.96,0.000,120.840,1.92,0.000,120.840,1.92,0.000,120.840,2.88,0.000,161.120,2.88,0.000,161.120,2.88,0.000,241.681,5.76,0.000,161.120,2.88,0.000,120.840,2.88,0.000,161.120,2.88,0.000,80.560,0.96,0.000,120.840,3.84,0.000,281.961,6.72,0.000,0.000,0.00,0.000,80.560,0.96,0.000,161.120,2.88,0.000,80.560,2.88,0.000,201.401,3.84,0.000,40.280,0.96,0.000,161.120,1.92,0.000,40.280,0.96,0.000,0.000,0.00,0.000,161.120,4.80,0.000,80.560,0.96,0.000,80.560,1.92,0.000,120.840,1.92,0.000,80.560,0.96,0.000,201.401,3.84,0.000,201.401,2.88
39.4029,0.000,4068.256,2.54,71.19,0.00,0.000,40.970,0.98,0.000,143.394,0.98,0.000,40.970,0.98,0.000,95.943,3.91,0.000,40.970,0.98,0.000,182.604,1.95,0.000,81.940,1.95,0.000,245.819,3.91,0.000,163.879,3.91,0.000,204.849,1.95,0.000,163.879,2.93,0.000,40.970,0.98,0.000,81.940,2.93,0.000,245.819,2.93,0.000,122.909,2.93,0.000,286.789,2.93,0.000,286.789,4.88,0.000,40.970,0.98,0.000,163.879,4.88,0.000,122.909,2.93,0.000,122.909,2.93,0.000,245.819,4.88,0.000,122.909,1.95,0.000,122.909,1.95,0.000,81.940,1.95,0.000,81.940,1.95,0.000,81.940,1.95,0.000,122.909,1.95,0.000,40.970,0.98,0.000,245.819,4.88
39.5050,0.000,5121.190,3.39,75.24,0.00,0.000,164.271,3.92,0.000,184.805,2.94,0.000,246.406,6.85,0.000,355.572,11.75,0.000,164.271,2.94,0.000,63.366,1.96,0.000,369.609,7.83,0.000,41.068,0.98,0.000,164.271,2.94,0.000,82.135,1.96,0.000,205.338,4.90,0.000,123.203,1.96,0.000,205.338,4.90,0.000,82.135,1.96,0.000,205.338,1.96,0.000,82.135,1.96,0.000,205.338,3.92,0.000,205.338,3.92,0.000,164.271,1.96,0.000,205.338,2.94,0.000,246.406,2.94,0.000,369.609,5.87,0.000,82.135,1.96,0.000,82.135,0.98,0.000,82.135,0.00,0.000,41.068,0.98,0.000,287.474,4.90,0.000,164.271,2.94,0.000,164.271,5.87,0.000,82.135,0.98
39.6080,0.000,3912.276,2.17,70.14,0.00,0.000,40.753,0.97,0.000,81.506,1.94,0.000,122.259,2.91,0.000,81.506,1.94,0.000,203.764,2.91,0.000,203.764,3.89,0.000,203.764,2.91,0.000,163.012,3.89,0.000,122.259,2.91,0.000,81.506,0.00,0.000,285.270,3.89,0.000,122.259,1.94,0.000,163.012,2.91,0.000,122.259,0.97,0.000,40.753,0.00,0.000,40.753,0.00,0.000,40.753,1.94,0.000,81.506,0.97,0.000,163.012,2.91,0.000,163.012,2.91,0.000,163.012,3.89,0.000,203.764,2.91,0.000,203.764,4.86,0.000,163.012,2.91,0.000,40.753,0.97,0.000,40.753,0.97,0.000,163.012,1.94,0.000,81.506,0.00,0.000,122.259,0.00,0.000,203.764,3.89
39.7124,0.000,8994.785,4.72,59.94,0.00,0.000,200.776,2.87,0.000,160.621,2.87,0.000,281.087,3.83,0.000,281.087,2.87,0.000,441.708,6.70,0.000,361.398,4.79,0.000,281.087,6.70,0.000,281.087,6.70,0.000,321.242,2.87,0.000,441.708,7.66,0.000,200.776,3.83,0.000,120.466,1.91,0.000,160.621,2.87,0.000,120.466,1.91,0.000,281.087,1.91,0.000,361.398,6.70,0.000,401.553,5.74,0.000,240.932,4.79,0.000,481.863,7.66,0.000,200.776,2.87,0.000,401.553,6.70,0.000,321.242,3.83,0.000,281.087,3.83,0.000,441.708,5.74,0.000,240.932,4.79,0.000,401.553,8.62,0.000,401.553,6.70,0.000,321.242,4.79,0.000,321.242,4.79,0.000,240.932,3.83
39.8147,0.000,7871.596,4.40,47.04,0.00,0.000,205.049,1.96,0.000,164.039,2.93,0.000,246.059,3.91,0.000,287.068,5.87,0.000,243.776,4.89,0.000,328.078,4.89,0.000,328.078,5.87,0.000,328.078,3.91,0.000,287.068,4.89,0.000,287.068,6.84,0.000,164.039,3.91,0.000,369.088,6.84,0.000,205.049,2.93,0.000,369.088,7.82,0.000,287.068,5.87,0.000,123.029,1.96,0.000,205.049,4.89,0.000,287.068,4.89,0.000,205.049,2.93,0.000,533.127,6.84,0.000,205.049,3.91,0.000,164.039,2.93,0.000,246.059,2.93,0.000,82.020,0.98,0.000,369.088,6.84,0.000,369.088,5.87,0.000,205.049,3.91,0.000,123.029,0.98,0.000,451.108,5.87,0.000,205.049,2.93
39.9168,0.000,7852.791,3.98,46.25,0.00,0.000,246.451,4.90,0.000,246.451,4.90,0.000,164.301,3.92,0.000,123.226,2.94,0.000,413.039,9.79,0.000,164.301,3.92,0.000,287.527,3.92,0.000,410.752,4.90,0.000,410.752,5.88,0.000,164.301,3.92,0.000,128.360,0.98,0.000,328.602,3.92,0.000,246.451,2.94,0.000,246.451,0.98,0.000,123.226,0.98,0.000,246.451,2.94,0.000,451.828,6.86,0.000,246.451,4.90,0.000,246.451,4.90,0.000,287.527,4.90,0.000,451.828,7.83,0.000,164.301,1.96,0.000,410.752,6.86,0.000,164.301,1.96,0.000,369.677,3.92,0.000,123.226,0.98,0.000,287.527,3.92,0.000,246.451,2.94,0.000,287.527,2.94,0.000,164.301,2.94
40.0191,0.000,6598.079,3.52,47.12,0.00,0.000,246.082,2.93,0.000,123.041,2.93,0.000,287.096,5.87,0.000,246.082,1.96,0.000,164.055,1.96,0.000,287.096,4.89,0.000,82.027,1.96,0.000,205.069,3.91,0.000,287.096,2.93,0.000,287.096,4.89,0.000,199.942,2.93,0.000,205.069,3.91,0.000,287.096,3.91,0.000,410.137,4.89,0.000,246.082,5.87,0.000,246.082,2.93,0.000,410.137,6.84,0.000,328.110,4.89,0.000,41.014,0.00,0.000,82.027,1.96,0.000,123.041,2.93,0.000,123.041,1.96,0.000,164.055,1.96,0.000,328.110,5.87,0.000,246.082,4.89,0.000,164.055,2.93,0.000,205.069,2.93,0.000,246.082,3.91,0.000,164.055,2.93,0.000,164.055,2.93
40.1213,0.000,2625.006,1.30,51.25,0.00,0.000,123.047,1.96,0.000,123.047,0.98,0.000,0.000,0.00,0.000,164.063,2.93,0.000,82.031,0.98,0.000,0.000,0.00,0.000,205.079,2.93,0.000,82.031,1.96,0.000,82.031,1.96,0.000,82.031,1.96,0.000,164.063,1.96,0.000,41.016,0.98,0.000,41.016,0.00,0.000,82.031,1.96,0.000,82.031,0.98,0.000,41.016,0.98,0.000,205.079,2.93,0.000,164.063,1.96,0.000,41.016,0.00,0.000,0.000,0.00,0.000,164.063,2.93,0.000,164.063,2.93,0.000,0.000,0.00,0.000,0.000,0.00,0.000,41.016,0.00,0.000,123.047,1.96,0.000,0.000,0.00,0.000,123.047,0.98,0.000,82.031,0.98,0.000,123.047,1.96
40.2235,0.000,2626.476,1.53,52.84,0.00,0.000,0.000,0.00,0.000,82.071,0.98,0.000,246.213,4.89,0.000,82.071,1.96,0.000,82.071,1.96,0.000,82.071,0.98,0.000,82.071,1.96,0.000,41.036,0.98,0.000,41.036,0.00,0.000,123.107,1.96,0.000,205.178,4.89,0.000,82.071,0.98,0.000,82.071,0.00,0.000,0.000,0.00,0.000,123.107,1.96,0.000,205.178,3.91,0.000,82.071,1.96,0.000,123.107,2.94,0.000,41.036,0.98,0.000,41.036,0.00,0.000,0.000,0.00,0.000,41.036,0.98,0.000,82.071,1.96,0.000,205.178,2.94,0.000,82.071,0.98,0.000,82.071,1.96,0.000,41.036,0.00,0.000,41.236,0.00,0.000,123.107,1.96,0.000,82.071,1.96
40.3255,0.000,2445.537,1.31,68.77,0.00,0.000,164.479,0.98,0.000,41.120,0.98,0.000,62.844,0.00,0.000,41.120,0.00,0.000,123.359,0.98,0.000,82.239,0.98,0.000,41.120,0.98,0.000,0.000,0.00,0.000,109.465,0.98,0.000,41.120,0.98,0.000,123.359,1.96,0.000,41.120,0.98,0.000,103.924,1.96,0.000,82.239,0.98,0.000,82.239,1.96,0.000,41.120,0.98,0.000,82.239,0.98,0.000,82.239,0.98,0.000,69.630,2.94,0.000,82.239,1.96,0.000,123.359,2.94,0.000,82.239,1.96,0.000,82.239,0.98,0.000,82.239,1.96,0.000,0.000,0.00,0.000,205.598,2.94,0.000,41.120,0.00,0.000,41.120,0.00,0.000,123.359,2.94,0.000,167.049,2.94
40.4280,0.000,2805.675,1.63,73.10,0.00,0.000,40.943,0.98,0.000,122.829,0.98,0.000,19.312,0.98,0.000,40.943,0.00,0.000,122.829,1.95,0.000,81.886,1.95,0.000,122.829,0.98,0.000,81.886,0.98,0.000,54.777,1.95,0.000,81.886,0.98,0.000,40.943,0.98,0.000,163.772,2.93,0.000,101.238,1.95,0.000,81.886,0.98,0.000,0.000,0.00,0.000,40.943,0.98,0.000,40.943,0.98,0.000,81.886,0.98,0.000,299.156,9.76,0.000,40.943,0.00,0.000,204.715,3.90,0.000,40.943,0.98,0.000,40.943,0.00,0.000,40.943,0.98,0.000,204.715,3.90,0.000,40.943,0.00,0.000,122.829,1.95,0.000,204.715,2.93,0.000,81.886,0.98,0.000,161.213,1.95
40.5299,0.000,10532.554,5.82,67.95,0.00,0.000,411.428,6.87,0.000,205.714,1.96,0.000,370.285,4.90,0.000,452.571,7.85,0.000,288.000,2.94,0.000,493.713,9.81,0.000,246.857,3.92,0.000,205.714,1.96,0.000,370.285,2.94,0.000,329.142,3.92,0.000,575.999,9.81,0.000,329.142,5.89,0.000,452.571,7.85,0.000,205.714,3.92,0.000,246.857,2.94,0.000,493.713,8.83,0.000,329.142,3.92,0.000,329.142,4.90,0.000,493.713,12.75,0.000,288.000,5.89,0.000,493.713,6.87,0.000,164.571,2.94,0.000,288.000,5.89,0.000,575.999,10.79,0.000,329.142,6.87,0.000,288.000,5.89,0.000,411.428,5.89,0.000,288.000,4.90,0.000,246.857,3.92,0.000,329.142,6.87
40.6323,0.000,7870.359,4.63,52.88,0.00,0.000,245.949,3.91,0.000,163.966,2.93,0.000,368.923,5.86,0.000,327.932,5.86,0.000,286.940,3.91,0.000,327.932,4.89,0.000,368.923,7.82,0.000,245.949,3.91,0.000,81.983,1.95,0.000,204.957,4.89,0.000,245.949,3.91,0.000,245.949,3.91,0.000,286.940,4.89,0.000,163.966,1.95,0.000,286.940,5.86,0.000,204.957,2.93,0.000,245.949,4.89,0.000,286.940,4.89,0.000,368.923,4.89,0.000,204.957,0.98,0.000,163.966,4.89,0.000,204.957,2.93,0.000,286.940,3.91,0.000,204.957,2.93,0.000,163.966,2.93,0.000,573.880,11.73,0.000,245.949,4.89,0.000,450.906,13.68,0.000,286.940,4.89,0.000,122.974,0.98
40.7342,0.000,6580.441,3.82,51.71,0.00,0.000,329.022,4.90,0.000,205.639,3.92,0.000,205.639,1.96,0.000,82.256,0.98,0.000,82.256,1.96,0.000,123.383,2.94,0.000,205.639,2.94,0.000,164.511,1.96,0.000,123.383,2.94,0.000,205.639,3.92,0.000,82.256,0.98,0.000,329.022,4.90,0.000,329.022,7.84,0.000,370.150,5.88,0.000,164.511,3.92,0.000,41.128,0.98,0.000,205.639,4.90,0.000,82.256,1.96,0.000,164.511,1.96,0.000,205.639,1.96,0.000,164.511,1.96,0.000,164.511,4.90,0.000,329.022,5.88,0.000,123.383,1.96,0.000,534.661,6.86,0.000,287.894,4.90,0.000,411.278,11.77,0.000,411.278,6.86,0.000,287.894,3.92,0.000,164.511,1.96
40.8363,0.000,7892.505,4.31,66.26,0.00,0.000,328.854,5.88,0.000,369.961,4.90,0.000,164.427,1.96,0.000,287.748,4.90,0.000,452.175,7.84,0.000,411.068,5.88,0.000,246.641,3.92,0.000,205.534,2.94,0.000,82.214,2.94,0.000,205.534,2.94,0.000,328.854,4.90,0.000,287.748,4.90,0.000,123.320,1.96,0.000,164.427,1.96,0.000,205.534,2.94,0.000,287.748,4.90,0.000,287.748,3.92,0.000,164.427,1.96,0.000,287.748,5.88,0.000,328.854,4.90,0.000,328.854,6.86,0.000,287.748,4.90,0.000,369.961,6.86,0.000,164.427,5.88,0.000,411.068,5.88,0.000,123.320,1.96,0.000,287.748,5.88,0.000,287.748,3.92,0.000,164.427,0.98,0.000,246.641,3.92
40.9385,0.000,5250.077,2.97,74.29,0.00,0.000,164.065,3.91,0.000,164.065,3.91,0.000,205.081,1.96,0.000,82.032,0.00,0.000,246.097,3.91,0.000,164.065,3.91,0.000,205.081,2.93,0.000,82.032,0.98,0.000,246.097,4.89,0.000,205.081,1.96,0.000,164.065,4.89,0.000,246.097,3.91,0.000,164.065,1.96,0.000,287.114,5.87,0.000,123.049,1.96,0.000,205.081,3.91,0.000,123.049,1.96,0.000,246.097,4.89,0.000,246.097,4.89,0.000,328.130,4.89,0.000,164.065,0.98,0.000,164.065,1.96,0.000,82.032,0.98,0.000,205.081,2.93,0.000,123.049,1.96,0.000,82.032,1.96,0.000,246.097,5.87,0.000,123.049,1.96,0.000,82.032,0.98,0.000,82.032,1.96
41.0407,0.000,1313.106,1.01,69.63,0.00,0.000,205.173,4.89,0.000,0.000,0.00,0.000,41.035,1.96,0.000,0.000,0.00,0.000,41.035,0.98,0.000,0.000,0.00,0.000,123.104,0.98,0.000,0.000,0.00,0.000,82.069,1.96,0.000,0.000,0.00,0.000,0.000,0.00,0.000,82.069,1.96,0.000,41.035,0.98,0.000,0.000,0.00,0.000,82.069,2.94,0.000,41.035,0.98,0.000,0.000,0.00,0.000,82.069,1.96,0.000,41.035,0.98,0.000,0.000,0.00,0.000,0.000,0.00,0.000,82.069,2.94,0.000,41.035,0.98,0.000,0.000,0.00,0.000,123.104,1.96,0.000,0.000,0.00,0.000,123.104,2.94,0.000,41.035,0.98,0.000,0.000,0.00,0.000,41.035,0.00
41.1431,0.000,2623.044,1.60,75.06,0.00,0.000,40.985,0.98,0.000,163.940,2.93,0.000,163.940,2.93,0.000,81.970,0.98,0.000,81.970,1.95,0.000,81.970,0.98,0.000,81.970,0.98,0.000,40.985,0.98,0.000,81.970,1.95,0.000,0.000,0.00,0.000,81.970,0.98,0.000,122.955,1.95,0.000,40.985,0.98,0.000,163.940,1.95,0.000,40.985,0.98,0.000,163.940,2.93,0.000,40.985,0.98,0.000,40.985,0.00,0.000,81.970,1.95,0.000,81.970,1.95,0.000,40.985,0.98,0.000,0.000,0.00,0.000,122.955,2.93,0.000,81.970,1.95,0.000,163.940,1.95,0.000,40.985,0.98,0.000,163.940,3.91,0.000,81.970,1.95,0.000,81.970,0.98,0.000,163.940,2.93
41.2454,0.000,7867.173,4.46,65.64,0.00,0.000,245.849,5.86,0.000,163.899,2.93,0.000,327.799,4.88,0.000,286.824,3.91,0.000,409.749,5.86,0.000,245.849,3.91,0.000,286.824,4.88,0.000,122.925,2.93,0.000,163.899,2.93,0.000,204.874,3.91,0.000,450.723,8.79,0.000,286.824,4.88,0.000,532.673,9.77,0.000,245.849,3.91,0.000,163.899,1.95,0.000,327.799,7.82,0.000,327.799,7.82,0.000,327.799,3.91,0.000,81.950,0.98,0.000,245.849,2.93,0.000,327.799,3.91,0.000,122.925,1.95,0.000,409.749,6.84,0.000,286.824,3.91,0.000,81.950,1.95,0.000,327.799,6.84,0.000,327.799,3.91,0.000,204.874,2.93,0.000,163.899,3.91,0.000,163.899,2.93
41.3505,0.000,12771.690,7.42,54.05,0.00,0.000,279.381,4.76,0.000,478.938,5.71,0.000,399.115,6.66,0.000,399.115,5.71,0.000,279.381,4.76,0.000,478.938,9.52,0.000,359.204,7.61,0.000,439.027,7.61,0.000,279.381,5.71,0.000,638.584,10.47,0.000,558.761,6.66,0.000,319.292,7.61,0.000,518.850,8.56,0.000,399.115,7.61,0.000,478.938,9.52,0.000,439.027,8.56,0.000,638.584,11.42,0.000,359.204,6.66,0.000,439.027,8.56,0.000,359.204,6.66,0.000,239.469,2.85,0.000,598.673,7.61,0.000,399.115,9.52,0.000,638.584,9.52,0.000,359.204,6.66,0.000,319.292,6.66,0.000,478.938,7.61,0.000,399.115,8.56,0.000,359.204,6.66,0.000,439.027,6.66
41.4529,0.000,9177.307,4.92,42.92,0.00,0.000,450.671,6.84,0.000,286.791,4.88,0.000,409.701,5.86,0.000,286.791,3.91,0.000,368.731,7.81,0.000,491.641,8.79,0.000,368.731,5.86,0.000,204.851,4.88,0.000,409.701,4.88,0.000,286.791,2.93,0.000,122.910,2.93,0.000,409.701,5.86,0.000,245.821,5.86,0.000,245.821,4.88,0.000,81.940,0.98,0.000,573.582,5.86,0.000,204.851,3.91,0.000,286.791,4.88,0.000,450.671,6.84,0.000,163.880,2.93,0.000,245.821,2.93,0.000,204.851,0.98,0.000,450.671,7.81,0.000,204.851,3.91,0.000,204.851,1.95,0.000,286.791,4.88,0.000,81.940,1.95,0.000,491.641,8.79,0.000,614.552,11.72,0.000,40.970,0.98
41.5565,0.000,3885.674,2.54,36.30,0.00,0.000,80.952,2.90,0.000,202.379,4.83,0.000,40.476,0.97,0.000,121.427,2.90,0.000,40.476,0.97,0.000,121.427,1.93,0.000,80.952,1.93,0.000,202.379,2.90,0.000,121.427,2.90,0.000,80.952,1.93,0.000,202.379,4.83,0.000,323.806,5.79,0.000,161.903,2.90,0.000,80.952,0.97,0.000,121.427,1.93,0.000,121.427,0.97,0.000,202.379,3.86,0.000,161.903,2.90,0.000,202.379,2.90,0.000,40.476,0.00,0.000,40.476,0.97,0.000,242.855,4.83,0.000,283.330,4.83,0.000,40.476,1.93,0.000,202.379,4.83,0.000,0.000,0.00,0.000,121.427,0.97,0.000,161.903,3.86,0.000,0.000,0.00,0.000,80.952,2.90
41.6588,0.000,2625.868,1.70,48.30,0.00,0.000,82.058,1.96,0.000,123.088,0.98,0.000,0.000,0.00,0.000,164.117,3.91,0.000,41.029,0.98,0.000,82.058,0.98,0.000,0.000,0.00,0.000,164.117,3.91,0.000,123.088,1.96,0.000,123.088,1.96,0.000,0.000,0.00,0.000,82.058,1.96,0.000,41.029,0.98,0.000,82.058,1.96,0.000,41.029,0.98,0.000,82.058,1.96,0.000,41.029,0.98,0.000,123.088,0.98,0.000,41.029,0.98,0.000,123.088,0.98,0.000,164.117,1.96,0.000,82.058,0.98,0.000,82.058,1.96,0.000,41.029,0.98,0.000,123.088,2.93,0.000,164.117,3.91,0.000,82.058,2.93,0.000,164.117,1.96,0.000,0.000,0.00,0.000,164.117,4.89
41.7606,0.000,2635.101,1.28,53.95,0.00,0.000,123.520,0.98,0.000,82.347,1.96,0.000,123.520,2.94,0.000,82.347,1.96,0.000,82.347,1.96,0.000,41.173,0.00,0.000,370.561,5.89,0.000,41.173,0.98,0.000,164.694,0.98,0.000,41.173,0.98,0.000,123.520,2.94,0.000,82.347,0.98,0.000,82.347,0.98,0.000,82.347,0.00,0.000,41.173,0.98,0.000,82.347,1.96,0.000,82.347,1.96,0.000,41.173,0.00,0.000,41.173,0.00,0.000,41.173,0.00,0.000,329.388,3.93,0.000,41.173,0.00,0.000,123.520,1.96,0.000,41.173,0.00,0.000,41.173,0.00,0.000,82.347,1.96,0.000,41.173,0.98,0.000,0.000,0.00,0.000,0.000,0.00,0.000,82.347,0.98
41.8629,0.000,3938.014,2.15,61.58,0.00,0.000,41.021,0.00,0.000,164.084,3.91,0.000,123.063,1.96,0.000,246.126,3.91,0.000,123.063,1.96,0.000,41.021,0.98,0.000,123.063,1.96,0.000,82.042,0.98,0.000,82.042,1.96,0.000,82.042,1.96,0.000,205.105,0.98,0.000,328.168,2.93,0.000,123.063,1.96,0.000,164.084,2.93,0.000,123.063,2.93,0.000,82.042,1.96,0.000,164.084,1.96,0.000,123.063,1.96,0.000,41.021,0.98,0.000,82.042,0.98,0.000,123.063,1.96,0.000,82.042,1.96,0.000,82.042,0.98,0.000,41.021,0.98,0.000,164.084,3.91,0.000,287.147,3.91,0.000,246.126,5.87,0.000,82.042,0.98,0.000,123.063,1.96,0.000,164.084,2.93
41.9649,0.000,2630.735,1.57,60.18,0.00,0.000,164.421,1.96,0.000,41.105,0.98,0.000,0.000,0.00,0.000,123.316,2.94,0.000,123.316,0.98,0.000,41.105,0.98,0.000,41.105,0.98,0.000,82.210,1.96,0.000,82.210,1.96,0.000,41.105,0.98,0.000,123.316,3.92,0.000,41.105,0.00,0.000,82.210,0.98,0.000,123.316,2.94,0.000,41.105,0.00,0.000,82.210,0.98,0.000,82.210,0.98,0.000,41.105,0.98,0.000,82.210,0.98,0.000,41.105,0.98,0.000,246.631,4.90,0.000,41.105,0.00,0.000,82.210,0.98,0.000,123.316,1.96,0.000,82.210,1.96,0.000,123.316,0.98,0.000,41.105,0.98,0.000,82.210,1.96,0.000,164.421,3.92,0.000,164.421,2.94
42.0670,0.000,3944.578,2.06,67.25,0.00,0.000,82.179,0.98,0.000,0.000,0.00,0.000,123.268,1.96,0.000,287.625,5.88,0.000,123.268,1.96,0.000,41.089,0.00,0.000,164.357,2.94,0.000,123.268,0.98,0.000,205.447,2.94,0.000,246.536,4.90,0.000,123.268,2.94,0.000,82.179,0.98,0.000,164.357,2.94,0.000,123.268,1.96,0.000,287.625,3.92,0.000,205.447,2.94,0.000,41.089,0.00,0.000,205.447,2.94,0.000,123.268,0.98,0.000,82.179,1.96,0.000,205.447,4.90,0.000,41.089,0.00,0.000,0.000,0.00,0.000,41.089,0.00,0.000,82.179,0.00,0.000,0.000,0.00,0.000,246.536,5.88,0.000,328.715,4.90,0.000,82.179,1.96,0.000,82.179,0.00
42.1693,0.000,5247.269,2.96,58.69,0.00,0.000,122.983,1.95,0.000,245.966,2.93,0.000,81.989,1.95,0.000,163.977,2.93,0.000,122.983,0.98,0.000,409.943,6.84,0.000,163.977,1.95,0.000,163.977,2.93,0.000,204.971,2.93,0.000,81.989,0.98,0.000,81.989,0.98,0.000,81.989,0.98,0.000,122.983,1.95,0.000,81.989,1.95,0.000,245.966,2.93,0.000,163.977,1.95,0.000,204.971,4.89,0.000,286.960,2.93,0.000,327.954,7.82,0.000,163.977,1.95,0.000,204.971,3.91,0.000,122.983,1.95,0.000,204.971,1.95,0.000,245.966,5.86,0.000,163.977,3.91,0.000,163.977,3.91,0.000,122.983,2.93,0.000,122.983,1.95,0.000,163.977,2.93,0.000,204.971,4.89
42.2718,0.000,7858.210,4.23,65.47,0.00,0.000,286.497,3.90,0.000,450.210,7.81,0.000,122.785,0.00,0.000,245.569,4.88,0.000,163.713,2.93,0.000,286.497,3.90,0.000,163.713,3.90,0.000,122.785,1.95,0.000,286.497,4.88,0.000,286.497,6.83,0.000,695.779,10.73,0.000,286.497,4.88,0.000,368.354,5.85,0.000,409.282,3.90,0.000,327.425,3.90,0.000,245.569,2.93,0.000,245.569,3.90,0.000,81.856,1.95,0.000,368.354,5.85,0.000,163.713,2.93,0.000,245.569,2.93,0.000,245.569,3.90,0.000,368.354,4.88,0.000,368.354,6.83,0.000,163.713,2.93,0.000,163.713,2.93,0.000,245.569,4.88,0.000,245.569,4.88,0.000,81.856,0.98,0.000,122.785,3.90
42.3737,0.000,11853.444,7.03,78.23,0.00,0.000,246.947,4.91,0.000,370.420,3.93,0.000,617.367,10.79,0.000,246.947,7.85,0.000,535.051,9.81,0.000,288.105,4.91,0.000,329.262,6.87,0.000,205.789,3.93,0.000,123.473,1.96,0.000,452.736,7.85,0.000,493.894,8.83,0.000,370.420,3.93,0.000,370.420,5.89,0.000,370.420,6.87,0.000,535.051,6.87,0.000,699.682,12.76,0.000,452.736,8.83,0.000,288.105,3.93,0.000,493.894,9.81,0.000,411.578,10.79,0.000,411.578,9.81,0.000,288.105,5.89,0.000,493.894,4.91,0.000,452.736,6.87,0.000,329.262,4.91,0.000,205.789,3.93,0.000,452.736,11.78,0.000,246.947,1.96,0.000,452.736,7.85,0.000,617.367,11.78
42.4761,0.000,3196.040,1.86,80.03,0.00,0.000,122.920,1.95,0.000,40.973,0.98,0.000,122.920,2.93,0.000,81.947,0.98,0.000,51.217,0.98,0.000,89.629,1.95,0.000,163.893,2.93,0.000,40.973,0.98,0.000,40.973,0.98,0.000,163.893,2.93,0.000,40.973,0.00,0.000,81.947,0.98,0.000,81.947,0.98,0.000,59.459,0.98,0.000,0.000,0.00,0.000,77.385,0.98,0.000,122.920,2.93,0.000,163.893,3.91,0.000,144.567,1.95,0.000,166.454,3.91,0.000,81.947,1.95,0.000,56.738,0.00,0.000,204.867,1.95,0.000,122.920,2.93,0.000,133.163,1.95,0.000,163.893,3.91,0.000,163.893,2.93,0.000,40.973,0.98,0.000,204.867,1.95,0.000,163.893,2.93
42.5787,0.000,6459.345,3.83,69.31,0.00,0.000,286.002,8.77,0.000,163.430,1.95,0.000,204.287,1.95,0.000,204.287,2.92,0.000,107.450,1.95,0.000,237.484,3.90,0.000,286.002,5.84,0.000,81.715,0.97,0.000,204.287,3.90,0.000,245.145,2.92,0.000,140.567,2.92,0.000,163.430,0.97,0.000,245.145,3.90,0.000,550.099,9.74,0.000,122.572,1.95,0.000,290.551,5.84,0.000,122.572,2.92,0.000,280.376,5.84,0.000,305.274,4.87,0.000,365.163,5.84,0.000,40.857,0.00,0.000,188.567,2.92,0.000,245.145,4.87,0.000,326.859,5.84,0.000,275.788,4.87,0.000,245.145,4.87,0.000,122.572,3.90,0.000,163.430,2.92,0.000,163.430,4.87,0.000,81.715,0.00
42.6815,0.000,2512.839,1.36,79.95,0.00,0.000,53.541,0.00,0.000,40.793,0.97,0.000,81.586,1.95,0.000,0.000,0.00,0.000,86.486,1.95,0.000,81.586,0.97,0.000,81.586,0.97,0.000,40.793,0.97,0.000,163.172,1.95,0.000,58.481,0.97,0.000,104.413,1.95,0.000,122.379,2.92,0.000,40.793,0.00,0.000,125.845,2.92,0.000,122.379,0.00,0.000,122.379,0.97,0.000,122.379,2.92,0.000,130.546,1.95,0.000,0.000,0.00,0.000,40.793,0.97,0.000,40.793,0.97,0.000,40.793,0.00,0.000,81.586,0.97,0.000,0.000,0.00,0.000,158.631,2.92,0.000,0.000,0.00,0.000,122.379,1.95,0.000,285.552,4.86,0.000,81.586,1.95,0.000,81.586,1.95
42.7836,0.000,8804.788,4.77,62.04,0.00,0.000,192.589,2.94,0.000,287.600,4.90,0.000,123.257,2.94,0.000,410.857,5.88,0.000,246.514,3.92,0.000,246.514,5.88,0.000,123.257,1.96,0.000,205.429,2.94,0.000,246.514,2.94,0.000,393.043,3.92,0.000,287.600,2.94,0.000,287.600,5.88,0.000,328.686,5.88,0.000,205.429,2.94,0.000,205.429,1.96,0.000,205.429,3.92,0.000,534.115,8.82,0.000,572.633,10.78,0.000,246.514,3.92,0.000,246.514,6.86,0.000,369.772,5.88,0.000,410.857,6.86,0.000,287.600,4.90,0.000,328.686,4.90,0.000,292.174,3.92,0.000,328.686,5.88,0.000,246.514,2.94,0.000,287.600,4.90,0.000,534.115,7.84,0.000,123.257,2.94
42.8855,0.000,10535.274,5.56,59.57,0.00,0.000,246.920,3.92,0.000,370.381,7.85,0.000,534.994,7.85,0.000,411.534,4.91,0.000,370.381,3.92,0.000,329.227,4.91,0.000,411.534,6.87,0.000,164.614,3.92,0.000,534.994,9.81,0.000,288.074,4.91,0.000,329.227,6.87,0.000,329.227,6.87,0.000,288.074,2.94,0.000,164.614,2.94,0.000,205.767,1.96,0.000,411.534,5.89,0.000,411.534,6.87,0.000,534.994,7.85,0.000,329.227,6.87,0.000,246.920,0.98,0.000,246.920,3.92,0.000,452.688,7.85,0.000,246.920,1.96,0.000,205.767,4.91,0.000,534.994,10.79,0.000,370.381,6.87,0.000,493.841,7.85,0.000,493.841,6.87,0.000,411.534,4.91,0.000,164.614,1.96
42.9878,0.000,7876.051,4.40,44.67,0.00,0.000,410.211,6.85,0.000,123.063,2.93,0.000,246.127,2.93,0.000,328.169,5.87,0.000,205.106,2.93,0.000,287.148,6.85,0.000,164.084,0.00,0.000,205.106,2.93,0.000,246.127,4.89,0.000,205.106,2.93,0.000,287.148,6.85,0.000,451.232,6.85,0.000,287.148,5.87,0.000,451.232,6.85,0.000,205.106,2.93,0.000,164.084,1.96,0.000,287.148,4.89,0.000,287.148,3.91,0.000,164.084,3.91,0.000,246.127,4.89,0.000,164.084,2.93,0.000,328.169,3.91,0.000,164.084,2.93,0.000,451.232,5.87,0.000,451.232,7.82,0.000,369.190,6.85,0.000,164.084,2.93,0.000,82.042,1.96,0.000,205.106,4.89,0.000,246.127,3.91
43.0896,0.000,1318.340,1.21,50.69,0.00,0.000,0.000,0.00,0.000,123.594,3.93,0.000,82.396,3.93,0.000,41.198,0.98,0.000,82.396,2.95,0.000,41.198,1.96,0.000,82.396,1.96,0.000,0.000,0.00,0.000,41.198,0.98,0.000,82.396,1.96,0.000,82.396,0.98,0.000,0.000,0.00,0.000,0.000,0.00,0.000,41.198,0.98,0.000,41.198,0.98,0.000,41.198,0.98,0.000,0.000,0.00,0.000,41.198,0.98,0.000,82.396,1.96,0.000,41.198,0.98,0.000,41.198,0.00,0.000,41.198,0.98,0.000,82.396,1.96,0.000,41.198,0.98,0.000,82.396,1.96,0.000,0.000,0.00,0.000,41.198,0.98,0.000,0.000,0.00,0.000,0.000,0.00,0.000,41.198,2.95
43.1945,0.000,8953.598,4.57,47.50,0.00,0.000,279.800,2.86,0.000,159.886,2.86,0.000,159.886,2.86,0.000,359.743,6.67,0.000,199.857,1.91,0.000,439.686,7.62,0.000,359.743,4.76,0.000,439.686,5.72,0.000,279.800,5.72,0.000,319.771,2.86,0.000,239.829,3.81,0.000,399.714,7.62,0.000,399.714,3.81,0.000,239.829,3.81,0.000,239.829,2.86,0.000,199.857,3.81,0.000,279.800,1.91,0.000,239.829,4.76,0.000,439.686,6.67,0.000,279.800,6.67,0.000,359.743,3.81,0.000,279.800,2.86,0.000,319.771,5.72,0.000,119.914,1.91,0.000,119.914,2.86,0.000,399.714,5.72,0.000,279.800,4.76,0.000,359.743,6.67,0.000,479.657,8.58,0.000,279.800,4.76
43.2969,0.000,3411.468,2.21,51.98,0.00,0.000,0.000,0.00,0.000,81.971,1.95,0.000,122.956,3.91,0.000,51.232,1.95,0.000,245.912,4.89,0.000,163.941,2.93,0.000,40.985,0.98,0.000,122.956,1.95,0.000,40.985,1.95,0.000,40.985,0.98,0.000,81.971,1.95,0.000,122.956,2.93,0.000,97.660,1.95,0.000,171.626,2.93,0.000,122.956,0.98,0.000,81.971,0.98,0.000,0.000,0.00,0.000,122.956,2.93,0.000,222.938,5.86,0.000,81.971,1.95,0.000,181.872,2.93,0.000,81.971,0.98,0.000,163.941,2.93,0.000,163.941,3.91,0.000,122.956,1.95,0.000,81.971,1.95,0.000,163.941,1.95,0.000,122.956,0.98,0.000,204.927,1.95,0.000,104.064,2.93
43.3995,0.000,7058.214,3.99,54.79,0.00,0.000,81.709,0.97,0.000,204.274,2.92,0.000,163.419,1.95,0.000,234.915,3.90,0.000,163.419,3.90,0.000,163.419,1.95,0.000,204.274,4.87,0.000,285.983,4.87,0.000,285.983,6.82,0.000,163.419,0.97,0.000,81.709,0.97,0.000,204.274,1.95,0.000,433.762,5.84,0.000,441.742,6.82,0.000,122.564,0.97,0.000,81.709,1.95,0.000,204.274,1.95,0.000,163.419,9.74,0.000,145.465,2.92,0.000,367.693,4.87,0.000,390.673,4.87,0.000,245.128,3.90,0.000,122.564,2.92,0.000,449.402,6.82,0.000,122.564,1.95,0.000,326.838,4.87,0.000,326.838,5.84,0.000,245.128,3.90,0.000,326.838,6.82,0.000,304.815,6.82
43.5014,0.000,0.000,0.00,51.80,0.00,0.000,0.000,0.00,0.000,0.000,0.00,0.000,0.000,0.00,0.000,0.000,0.00,0.000,0.000,0.00,0.000,0.000,0.00,0.000,0.000,0.00,0.000,0.000,0.00,0.000,0.000,0.00,0.000,0.000,0.00,0.000,0.000,0.00,0.000,0.000,0.00,0.000,0.000,0.00,0.000,0.000,0.00,0.000,0.000,0.00,0.000,0.000,0.00,0.000,0.000,0.00,0.000,0.000,0.00,0.000,0.000,0.00,0.000,0.000,0.00,0.000,0.000,0.00,0.000,0.000,0.00,0.000,0.000,0.00,0.000,0.000,0.00,0.000,0.000,0.00,0.000,0.000,0.00,0.000,0.000,0.00,0.000,0.000,0.00,0.000,0.000,0.00,0.000,0.000,0.00
43.6037,0.000,7780.367,4.56,59.66,0.00,0.000,245.908,3.91,0.000,245.908,4.89,0.000,286.893,2.93,0.000,286.893,5.86,0.000,327.878,4.89,0.000,286.893,4.89,0.000,368.862,5.86,0.000,409.847,12.70,0.000,163.939,2.93,0.000,286.893,4.89,0.000,81.969,0.98,0.000,204.923,2.93,0.000,122.954,1.95,0.000,368.862,5.86,0.000,368.862,5.86,0.000,245.908,5.86,0.000,368.862,6.84,0.000,286.893,4.89,0.000,286.893,3.91,0.000,245.908,5.86,0.000,160.417,2.93,0.000,163.939,2.93,0.000,122.954,1.95,0.000,122.954,0.98,0.000,450.832,7.82,0.000,368.862,4.89,0.000,245.908,4.89,0.000,122.954,1.95,0.000,204.923,2.93,0.000,324.676,6.84
43.7056,0.000,2722.361,1.41,62.73,0.00,0.000,288.019,4.90,0.000,82.291,0.98,0.000,123.437,1.96,0.000,82.291,1.96,0.000,82.291,1.96,0.000,41.146,0.98,0.000,82.291,0.98,0.000,0.000,0.00,0.000,82.291,0.00,0.000,82.291,0.00,0.000,82.291,0.98,0.000,82.291,0.98,0.000,82.291,0.98,0.000,41.146,0.00,0.000,41.146,0.00,0.000,123.437,1.96,0.000,41.146,0.98,0.000,41.146,0.98,0.000,41.146,0.98,0.000,123.437,2.94,0.000,3.536,0.00,0.000,205.728,3.92,0.000,82.291,0.98,0.000,123.437,0.00,0.000,0.000,0.00,0.000,123.437,1.96,0.000,164.582,0.98,0.000,123.437,1.96,0.000,123.437,1.96,0.000,126.651,5.89
43.8075,0.000,5269.216,3.30,71.82,0.00,0.000,205.821,3.93,0.000,123.492,2.94,0.000,82.328,2.94,0.000,205.821,2.94,0.000,41.164,0.98,0.000,246.985,7.85,0.000,123.492,0.98,0.000,123.492,2.94,0.000,123.492,1.96,0.000,164.657,1.96,0.000,123.492,0.98,0.000,205.821,1.96,0.000,205.821,2.94,0.000,205.821,3.93,0.000,123.492,1.96,0.000,288.149,2.94,0.000,82.328,1.96,0.000,123.492,2.94,0.000,82.328,0.98,0.000,288.149,12.76,0.000,329.313,4.91,0.000,164.657,2.94,0.000,288.149,4.91,0.000,123.492,1.96,0.000,205.821,3.93,0.000,123.698,2.94,0.000,246.985,4.91,0.000,164.657,1.96,0.000,123.492,1.96,0.000,329.313,5.89
43.9098,0.000,6560.544,3.42,73.24,0.00,0.000,123.010,1.96,0.000,369.031,2.93,0.000,369.031,3.91,0.000,369.031,4.89,0.000,164.014,1.96,0.000,287.024,4.89,0.000,328.027,4.89,0.000,205.017,2.93,0.000,410.034,5.87,0.000,123.010,1.96,0.000,328.027,4.89,0.000,82.007,1.96,0.000,205.017,2.93,0.000,123.010,2.93,0.000,164.014,3.91,0.000,287.024,4.89,0.000,246.020,3.91,0.000,123.010,1.96,0.000,123.010,1.96,0.000,205.017,2.93,0.000,205.017,2.93,0.000,123.010,1.96,0.000,164.014,2.93,0.000,205.017,2.93,0.000,164.014,3.91,0.000,328.027,7.82,0.000,82.007,0.98,0.000,287.024,4.89,0.000,205.017,3.91,0.000,164.014,1.96
44.0119,0.000,6573.107,3.72,68.90,0.00,0.000,410.819,8.82,0.000,205.410,4.90,0.000,205.410,1.96,0.000,41.082,0.98,0.000,164.328,2.94,0.000,287.573,3.92,0.000,328.655,9.79,0.000,287.573,2.94,0.000,451.901,7.84,0.000,205.410,3.92,0.000,123.246,2.94,0.000,41.082,0.98,0.000,123.246,1.96,0.000,287.573,4.90,0.000,164.328,2.94,0.000,205.410,2.94,0.000,164.328,3.92,0.000,123.246,2.94,0.000,328.655,1.96,0.000,205.410,3.92,0.000,369.737,5.88,0.000,246.492,1.96,0.000,123.246,1.96,0.000,123.246,1.96,0.000,410.819,5.88,0.000,123.246,2.94,0.000,41.082,0.00,0.000,287.573,2.94,0.000,82.164,2.94,0.000,410.819,7.84
44.1138,0.000,1316.995,0.98,76.56,0.00,0.000,82.312,3.92,0.000,123.468,1.96,0.000,205.780,4.91,0.000,82.312,1.96,0.000,41.156,0.98,0.000,0.000,0.00,0.000,0.000,0.00,0.000,0.000,0.00,0.000,123.468,1.96,0.000,41.156,0.00,0.000,0.000,0.00,0.000,41.156,0.98,0.000,0.000,0.00,0.000,82.312,1.96,0.000,0.000,0.00,0.000,0.000,0.00,0.000,82.312,0.98,0.000,41.156,0.98,0.000,41.156,0.98,0.000,0.000,0.00,0.000,164.624,3.92,0.000,41.156,0.98,0.000,0.000,0.00,0.000,41.156,0.98,0.000,0.000,0.00,0.000,41.156,0.98,0.000,0.000,0.00,0.000,41.156,0.98,0.000,0.000,0.00,0.000,0.000,0.00
44.2195,0.000,12698.361,6.88,70.63,0.00,0.000,555.553,6.62,0.000,595.236,15.14,0.000,396.824,7.57,0.000,515.871,10.41,0.000,317.459,5.68,0.000,238.094,4.73,0.000,238.094,3.78,0.000,515.871,7.57,0.000,436.506,5.68,0.000,317.459,2.84,0.000,595.236,9.46,0.000,317.459,4.73,0.000,555.553,7.57,0.000,317.459,5.68,0.000,753.965,11.35,0.000,515.871,8.51,0.000,476.189,6.62,0.000,317.459,4.73,0.000,198.412,2.84,0.000,277.777,5.68,0.000,714.283,14.19,0.000,357.141,5.68,0.000,436.506,6.62,0.000,357.141,5.68,0.000,476.189,8.51,0.000,277.777,3.78,0.000,515.871,7.57,0.000,396.824,5.68,0.000,476.189,6.62,0.000,238.094,4.73
44.3217,0.000,5257.624,2.77,61.89,0.00,0.000,205.372,3.92,0.000,164.298,1.96,0.000,123.223,2.94,0.000,246.447,4.90,0.000,205.372,0.98,0.000,205.372,3.92,0.000,205.372,2.94,0.000,41.074,0.00,0.000,123.223,1.96,0.000,164.298,1.96,0.000,123.223,0.98,0.000,123.223,2.94,0.000,287.521,4.90,0.000,205.372,2.94,0.000,205.372,3.92,0.000,164.298,2.94,0.000,246.447,2.94,0.000,164.298,1.96,0.000,246.447,4.90,0.000,205.372,3.92,0.000,0.000,0.00,0.000,164.298,3.92,0.000,82.239,1.96,0.000,287.521,3.92,0.000,205.372,3.92,0.000,246.447,2.94,0.000,164.298,1.96,0.000,41.074,0.98,0.000,123.223,2.94,0.000,287.521,2.94
44.4239,0.000,10495.478,6.10,52.30,0.00,0.000,246.230,3.91,0.000,328.307,5.87,0.000,164.153,4.89,0.000,205.192,2.94,0.000,246.230,10.76,0.000,410.384,5.87,0.000,568.806,6.85,0.000,451.422,7.83,0.000,246.230,4.89,0.000,410.384,6.85,0.000,287.268,4.89,0.000,205.192,4.89,0.000,246.230,3.91,0.000,451.422,9.78,0.000,328.307,3.91,0.000,287.268,3.91,0.000,328.307,3.91,0.000,410.384,7.83,0.000,492.460,8.81,0.000,246.230,2.94,0.000,533.499,9.78,0.000,451.422,10.76,0.000,369.345,5.87,0.000,574.537,9.78,0.000,369.345,2.94,0.000,369.345,5.87,0.000,487.851,11.74,0.000,82.077,1.96,0.000,410.384,6.85,0.000,287.268,1.96
44.5261,0.000,1322.830,0.65,48.87,0.00,0.000,41.015,0.00,0.000,41.015,0.00,0.000,0.000,0.00,0.000,0.000,0.00,0.000,41.015,0.98,0.000,41.015,0.98,0.000,87.759,0.00,0.000,41.015,0.98,0.000,82.031,0.98,0.000,0.000,0.00,0.000,41.015,0.98,0.000,82.031,1.96,0.000,123.046,0.98,0.000,41.015,0.98,0.000,41.015,0.00,0.000,82.031,1.96,0.000,0.000,0.00,0.000,41.015,0.00,0.000,0.000,0.00,0.000,41.015,0.00,0.000,41.015,0.98,0.000,0.000,0.00,0.000,123.046,1.96,0.000,82.031,1.96,0.000,41.015,0.98,0.000,0.000,0.00,0.000,4.606,0.00,0.000,41.015,0.98,0.000,0.000,0.00,0.000,123.046,1.96
44.6285,0.000,5314.584,3.16,54.68,0.00,0.000,409.562,8.79,0.000,245.737,4.88,0.000,245.737,3.91,0.000,204.781,2.93,0.000,81.912,1.95,0.000,40.956,0.98,0.000,81.912,0.98,0.000,81.912,1.95,0.000,40.956,0.00,0.000,81.912,0.98,0.000,163.825,1.95,0.000,286.693,4.88,0.000,163.825,2.93,0.000,122.869,2.93,0.000,163.825,2.93,0.000,40.956,0.00,0.000,163.825,3.91,0.000,245.737,4.88,0.000,368.606,4.88,0.000,122.869,1.95,0.000,163.825,3.91,0.000,204.781,1.95,0.000,53.755,0.00,0.000,163.825,4.88,0.000,163.825,3.91,0.000,245.737,2.93,0.000,286.693,5.86,0.000,223.219,2.93,0.000,286.693,6.84,0.000,163.825,2.93
44.7309,0.000,9104.212,4.88,57.57,0.00,0.000,245.797,0.98,0.000,245.797,3.91,0.000,327.729,4.88,0.000,368.696,5.86,0.000,245.797,4.88,0.000,204.831,0.98,0.000,81.932,0.98,0.000,286.763,4.88,0.000,450.628,7.81,0.000,450.628,5.86,0.000,327.729,5.86,0.000,655.459,10.74,0.000,163.865,2.93,0.000,450.628,6.84,0.000,245.797,2.93,0.000,286.763,4.88,0.000,163.865,3.91,0.000,409.662,5.86,0.000,245.797,3.91,0.000,368.696,4.88,0.000,245.797,3.91,0.000,245.797,5.86,0.000,273.961,5.86,0.000,286.763,4.88,0.000,409.662,7.81,0.000,245.797,3.91,0.000,122.899,2.93,0.000,350.253,4.88,0.000,368.696,4.88,0.000,327.729,7.81
44.8330,0.000,1315.011,0.85,51.18,0.00,0.000,41.094,0.00,0.000,0.000,0.00,0.000,82.188,0.98,0.000,41.094,0.98,0.000,82.188,1.96,0.000,82.188,0.98,0.000,41.094,0.98,0.000,41.094,0.98,0.000,0.000,0.00,0.000,82.188,0.98,0.000,41.094,0.98,0.000,41.094,1.96,0.000,41.094,0.98,0.000,41.094,1.96,0.000,82.188,1.96,0.000,0.000,0.00,0.000,0.000,0.00,0.000,0.000,0.00,0.000,0.000,0.00,0.000,0.000,0.00,0.000,41.094,0.98,0.000,41.094,0.98,0.000,82.188,0.00,0.000,41.094,0.98,0.000,0.000,0.00,0.000,82.188,0.98,0.000,82.188,0.98,0.000,123.282,2.94,0.000,82.188,1.96,0.000,0.000,0.00
44.9360,0.000,5209.318,2.94,56.41,0.00,0.000,81.396,1.94,0.000,244.187,2.91,0.000,203.489,4.85,0.000,203.489,4.85,0.000,244.187,3.88,0.000,203.489,2.91,0.000,203.489,3.88,0.000,122.093,1.94,0.000,81.396,0.00,0.000,203.489,3.88,0.000,284.885,3.88,0.000,325.582,4.85,0.000,284.885,5.82,0.000,366.280,4.85,0.000,284.885,5.82,0.000,40.698,0.00,0.000,162.791,1.94,0.000,162.791,2.91,0.000,81.396,1.94,0.000,203.489,2.91,0.000,162.791,1.94,0.000,81.396,1.94,0.000,162.791,2.91,0.000,0.000,0.00,0.000,284.885,3.88,0.000,122.093,3.88,0.000,122.093,2.91,0.000,40.698,0.00,0.000,122.093,1.94,0.000,122.093,2.91
45.0405,0.000,4197.717,2.33,57.98,0.00,0.000,96.662,1.91,0.000,120.416,1.91,0.000,40.139,0.96,0.000,321.110,5.74,0.000,160.555,1.91,0.000,137.272,2.87,0.000,0.000,0.00,0.000,235.071,3.83,0.000,160.555,3.83,0.000,40.139,0.96,0.000,240.833,2.87,0.000,80.278,0.96,0.000,168.081,2.87,0.000,200.694,0.96,0.000,234.639,5.74,0.000,40.139,0.96,0.000,120.416,1.91,0.000,190.659,1.91,0.000,200.694,4.78,0.000,40.139,0.00,0.000,144.837,1.91,0.000,120.416,1.91,0.000,280.972,4.78,0.000,160.555,2.87,0.000,80.278,0.96,0.000,0.000,0.00,0.000,80.278,1.91,0.000,220.920,3.83,0.000,120.416,0.96,0.000,160.555,3.83
45.1435,0.000,7432.978,4.14,63.46,0.00,0.000,309.132,5.82,0.000,285.035,3.88,0.000,81.439,0.97,0.000,529.351,9.71,0.000,162.877,3.88,0.000,308.655,4.85,0.000,203.596,2.91,0.000,372.319,6.80,0.000,122.158,2.91,0.000,203.596,3.88,0.000,122.158,2.91,0.000,366.474,4.85,0.000,333.946,4.85,0.000,366.474,5.82,0.000,407.233,7.77,0.000,203.596,2.91,0.000,81.439,0.97,0.000,254.495,3.88,0.000,402.580,7.77,0.000,203.596,2.91,0.000,300.981,2.91,0.000,162.877,2.91,0.000,81.439,0.97,0.000,285.035,5.82,0.000,285.035,3.88,0.000,244.316,3.88,0.000,122.158,1.94,0.000,183.078,3.88,0.000,203.596,3.88,0.000,244.316,3.88
45.2479,0.000,9038.334,4.92,63.03,0.00,0.000,200.961,3.83,0.000,281.345,1.92,0.000,160.769,1.92,0.000,241.153,4.79,0.000,361.730,4.79,0.000,281.345,3.83,0.000,200.961,2.87,0.000,241.153,3.83,0.000,401.922,7.67,0.000,200.961,4.79,0.000,281.345,4.79,0.000,281.345,7.67,0.000,426.492,9.58,0.000,200.961,2.87,0.000,287.508,3.83,0.000,321.537,6.71,0.000,281.345,4.79,0.000,241.153,3.83,0.000,285.898,4.79,0.000,442.114,5.75,0.000,361.730,4.79,0.000,281.345,4.79,0.000,281.345,5.75,0.000,361.730,5.75,0.000,361.730,4.79,0.000,241.153,1.92,0.000,482.306,8.62,0.000,401.922,7.67,0.000,281.345,4.79,0.000,361.730,3.83
45.3501,0.000,3940.996,2.58,62.40,0.00,0.000,164.208,5.87,0.000,82.104,0.00,0.000,82.104,0.00,0.000,123.156,1.96,0.000,123.156,2.94,0.000,0.000,0.00,0.000,164.208,2.94,0.000,123.156,1.96,0.000,205.260,1.96,0.000,164.208,2.94,0.000,205.260,3.92,0.000,205.260,3.92,0.000,82.104,0.98,0.000,205.260,5.87,0.000,164.208,3.92,0.000,123.156,2.94,0.000,205.260,3.92,0.000,82.104,1.96,0.000,205.260,4.89,0.000,41.052,0.00,0.000,123.156,1.96,0.000,82.104,1.96,0.000,123.156,1.96,0.000,164.208,2.94,0.000,82.104,1.96,0.000,82.104,0.98,0.000,41.052,1.96,0.000,205.260,3.92,0.000,123.156,0.98,0.000,164.208,5.87
45.4535,0.000,5188.705,3.19,76.53,0.00,0.000,162.147,1.93,0.000,121.610,1.93,0.000,202.684,6.77,0.000,162.147,3.87,0.000,162.147,2.90,0.000,121.610,2.90,0.000,162.147,2.90,0.000,202.684,0.97,0.000,162.147,1.93,0.000,81.074,1.93,0.000,121.610,1.93,0.000,283.757,4.83,0.000,243.221,3.87,0.000,162.147,3.87,0.000,81.074,1.93,0.000,81.074,0.97,0.000,243.221,7.73,0.000,40.537,0.97,0.000,81.074,1.93,0.000,202.684,2.90,0.000,324.294,4.83,0.000,324.294,5.80,0.000,121.610,2.90,0.000,324.294,5.80,0.000,202.684,2.90,0.000,202.684,4.83,0.000,121.610,1.93,0.000,162.147,2.90,0.000,162.147,1.93,0.000,162.147,2.90
45.5575,0.000,3871.698,2.08,73.27,0.00,0.000,40.330,0.00,0.000,120.991,2.88,0.000,80.660,0.96,0.000,161.321,1.92,0.000,241.981,1.92,0.000,120.991,1.92,0.000,120.991,1.92,0.000,0.000,0.00,0.000,40.330,0.96,0.000,40.330,0.00,0.000,40.330,0.96,0.000,161.321,2.88,0.000,120.991,0.96,0.000,282.311,5.77,0.000,80.660,0.96,0.000,40.330,0.96,0.000,161.321,2.88,0.000,40.330,0.00,0.000,120.991,1.92,0.000,0.000,0.00,0.000,282.311,4.81,0.000,120.991,1.92,0.000,0.000,0.00,0.000,282.311,4.81,0.000,241.981,3.85,0.000,120.991,0.96,0.000,80.660,1.92,0.000,161.321,2.88,0.000,322.642,5.77,0.000,241.981,5.77
45.6602,0.000,6538.801,3.54,69.83,0.00,0.000,204.338,0.97,0.000,286.073,4.87,0.000,122.603,0.00,0.000,245.205,2.92,0.000,286.073,7.79,0.000,286.073,4.87,0.000,326.940,4.87,0.000,286.073,3.90,0.000,81.735,0.97,0.000,245.205,2.92,0.000,204.338,3.90,0.000,122.603,1.95,0.000,286.073,4.87,0.000,204.338,2.92,0.000,367.808,7.79,0.000,367.808,6.82,0.000,81.735,1.95,0.000,245.205,2.92,0.000,81.735,0.97,0.000,204.338,2.92,0.000,163.470,2.92,0.000,245.205,3.90,0.000,163.470,3.90,0.000,326.940,4.87,0.000,163.470,3.90,0.000,163.470,2.92,0.000,122.603,2.92,0.000,326.940,5.85,0.000,163.470,1.95,0.000,163.470,1.95
45.7626,0.000,7865.131,4.49,70.47,0.00,0.000,245.785,3.91,0.000,204.821,1.95,0.000,327.714,7.81,0.000,81.928,1.95,0.000,163.857,2.93,0.000,368.678,6.84,0.000,122.893,1.95,0.000,450.606,6.84,0.000,245.785,3.91,0.000,163.857,2.93,0.000,122.893,1.95,0.000,81.928,0.00,0.000,122.893,2.93,0.000,286.750,5.86,0.000,245.785,4.88,0.000,450.606,5.86,0.000,368.678,7.81,0.000,286.750,5.86,0.000,368.678,3.91,0.000,327.714,6.84,0.000,409.642,7.81,0.000,491.571,6.84,0.000,368.678,5.86,0.000,368.678,5.86,0.000,122.893,2.93,0.000,163.857,2.93,0.000,163.857,3.91,0.000,204.821,2.93,0.000,286.750,3.91,0.000,245.785,4.88
45.8648,0.000,3938.299,2.15,63.23,0.00,0.000,328.177,6.85,0.000,0.000,0.00,0.000,82.044,1.96,0.000,164.089,3.91,0.000,205.111,4.89,0.000,205.111,1.96,0.000,164.089,3.91,0.000,82.044,0.98,0.000,0.000,0.00,0.000,123.066,1.96,0.000,205.111,4.89,0.000,82.044,0.00,0.000,41.022,0.00,0.000,205.111,1.96,0.000,164.089,2.93,0.000,205.111,2.93,0.000,205.111,0.98,0.000,123.066,2.93,0.000,41.022,0.98,0.000,246.133,4.89,0.000,123.066,0.98,0.000,164.089,2.93,0.000,82.044,0.98,0.000,123.066,0.98,0.000,164.089,1.96,0.000,82.044,1.96,0.000,246.308,3.91,0.000,0.000,0.00,0.000,41.022,0.98,0.000,41.022,0.98
45.9672,0.000,5241.826,3.19,46.54,0.00,0.000,122.855,1.95,0.000,40.952,0.98,0.000,163.807,5.86,0.000,163.807,3.91,0.000,163.807,3.91,0.000,122.855,2.93,0.000,122.855,1.95,0.000,327.614,4.88,0.000,163.807,2.93,0.000,245.711,2.93,0.000,204.759,1.95,0.000,327.614,4.88,0.000,204.759,3.91,0.000,122.855,0.98,0.000,122.855,3.91,0.000,286.662,5.86,0.000,122.855,3.91,0.000,245.711,2.93,0.000,81.904,0.98,0.000,204.759,3.91,0.000,245.711,2.93,0.000,204.759,3.91,0.000,122.855,1.95,0.000,81.904,1.95,0.000,122.855,2.93,0.000,204.759,2.93,0.000,204.759,4.88,0.000,204.759,2.93,0.000,163.807,3.91,0.000,122.855,1.95
46.0692,0.000,2632.178,1.63,39.08,0.00,0.000,82.256,0.00,0.000,41.128,0.98,0.000,123.383,1.96,0.000,41.128,0.98,0.000,41.128,0.00,0.000,82.256,0.98,0.000,0.000,0.00,0.000,41.128,0.00,0.000,370.150,6.86,0.000,123.383,2.94,0.000,82.256,1.96,0.000,41.128,0.98,0.000,41.128,0.98,0.000,82.256,1.96,0.000,123.383,1.96,0.000,41.128,0.98,0.000,41.128,0.98,0.000,0.000,0.00,0.000,164.511,2.94,0.000,164.511,3.92,0.000,164.511,3.92,0.000,0.000,0.00,0.000,82.256,0.98,0.000,123.383,2.94,0.000,123.383,3.92,0.000,82.256,0.98,0.000,0.000,0.00,0.000,82.256,0.98,0.000,164.511,2.94,0.000,82.256,0.98
46.1708,0.000,1320.468,0.79,14.14,0.00,0.000,0.000,0.00,0.000,0.000,0.00,0.000,0.000,0.00,0.000,82.529,2.95,0.000,0.000,0.00,0.000,41.265,0.00,0.000,41.265,0.00,0.000,82.529,1.97,0.000,0.000,0.00,0.000,0.000,0.00,0.000,41.265,0.98,0.000,41.265,0.98,0.000,82.529,2.95,0.000,0.000,0.00,0.000,123.794,0.98,0.000,82.529,0.98,0.000,41.265,0.98,0.000,82.529,0.98,0.000,0.000,0.00,0.000,82.529,0.98,0.000,41.265,0.00,0.000,41.265,0.00,0.000,0.000,0.00,0.000,82.529,1.97,0.000,41.265,0.98,0.000,41.265,0.98,0.000,82.529,1.97,0.000,82.529,0.98,0.000,41.265,0.98,0.000,41.265,0.98
46.2730,0.000,18398.256,14.39,4.67,0.08,0.000,821.351,17.62,0.000,903.486,19.58,0.000,780.283,17.62,0.000,492.810,13.71,0.000,492.810,7.83,0.000,451.743,12.73,0.000,616.013,15.67,0.000,1026.688,19.58,0.000,657.081,16.65,0.000,574.945,8.81,0.000,821.351,17.62,0.000,533.878,11.75,0.000,328.540,9.79,0.000,944.553,18.60,0.000,533.878,12.73,0.000,451.743,10.77,0.000,698.148,13.71,0.000,328.540,9.79,0.000,574.945,13.71,0.000,451.743,12.73,0.000,574.945,13.71,0.000,410.675,11.75,0.000,862.418,18.60,0.000,739.216,16.65,0.000,451.743,10.77,0.000,574.945,12.73,0.000,451.743,23.50,0.000,492.810,10.77,0.000,574.945,14.69,0.000,780.283,17.62
46.3750,0.000,0.000,0.00,1.00,0.00,0.000,0.000,0.00,0.000,0.000,0.00,0.000,0.000,0.00,0.000,0.000,0.00,0.000,0.000,0.00,0.000,0.000,0.00,0.000,0.000,0.00,0.000,0.000,0.00,0.000,0.000,0.00,0.000,0.000,0.00,0.000,0.000,0.00,0.000,0.000,0.00,0.000,0.000,0.00,0.000,0.000,0.00,0.000,0.000,0.00,0.000,0.000,0.00,0.000,0.000,0.00,0.000,0.000,0.00,0.000,0.000,0.00,0.000,0.000,0.00,0.000,0.000,0.00,0.000,0.000,0.00,0.000,0.000,0.00,0.000,0.000,0.00,0.000,0.000,0.00,0.000,0.000,0.00,0.000,0.000,0.00,0.000,0.000,0.00,0.000,0.000,0.00,0.000,0.000,0.00
46.4768,0.000,0.000,0.00,0.92,0.00,0.000,0.000,0.00,0.000,0.000,0.00,0.000,0.000,0.00,0.000,0.000,0.00,0.000,0.000,0.00,0.000,0.000,0.00,0.000,0.000,0.00,0.000,0.000,0.00,0.000,0.000,0.00,0.000,0.000,0.00,0.000,0.000,0.00,0.000,0.000,0.00,0.000,0.000,0.00,0.000,0.000,0.00,0.000,0.000,0.00,0.000,0.000,0.00,0.000,0.000,0.00,0.000,0.000,0.00,0.000,0.000,0.00,0.000,0.000,0.00,0.000,0.000,0.00,0.000,0.000,0.00,0.000,0.000,0.00,0.000,0.000,0.00,0.000,0.000,0.00,0.000,0.000,0.00,0.000,0.000,0.00,0.000,0.000,0.00,0.000,0.000,0.00,0.000,0.000,0.00
46.5788,266.988,0.000,2.52,6.82,0.00,13.775,0.000,2.94,9.880,0.000,2.94,7.309,0.000,1.96,7.751,0.000,1.96,11.566,0.000,2.94,9.398,0.000,2.94,12.088,0.000,2.94,10.763,0.000,1.96,8.795,0.000,2.94,11.928,0.000,2.94,4.096,0.000,1.96,6.386,0.000,1.96,8.153,0.000,2.94,10.924,0.000,2.94,10.803,0.000,2.94,11.566,0.000,2.94,6.024,0.000,1.96,6.627,0.000,1.96,12.651,0.000,2.94,12.329,0.000,2.94,12.249,0.000,2.94,4.297,0.000,1.96,5.863,0.000,1.96,4.096,0.000,1.96,5.221,0.000,1.96,11.687,0.000,2.94,6.024,0.000,1.96,9.116,0.000,2.94,10.643,0.000,2.94,4.980,0.000,1.96
46.6811,3424.270,0.000,20.95,33.54,0.00,107.479,0.000,20.53,114.246,0.000,27.37,116.129,0.000,20.53,118.251,0.000,20.53,109.761,0.000,18.58,115.248,0.000,19.55,104.275,0.000,17.60,109.321,0.000,21.51,117.690,0.000,21.51,109.681,0.000,19.55,121.855,0.000,23.46,117.330,0.000,19.55,107.038,0.000,23.46,119.172,0.000,21.51,113.045,0.000,17.60,108.000,0.000,20.53,117.330,0.000,21.51,118.171,0.000,22.49,112.765,0.000,18.58,108.480,0.000,18.58,109.041,0.000,18.58,122.856,0.000,21.51,112.084,0.000,22.49,122.896,0.000,22.49,116.449,0.000,20.53,110.042,0.000,18.58,123.016,0.000,21.51,110.042,0.000,21.51,114.287,0.000,20.53,118.291,0.000,26.40
46.7832,0.000,0.000,0.00,4.33,0.00,0.000,0.000,0.00,0.000,0.000,0.00,0.000,0.000,0.00,0.000,0.000,0.00,0.000,0.000,0.00,0.000,0.000,0.00,0.000,0.000,0.00,0.000,0.000,0.00,0.000,0.000,0.00,0.000,0.000,0.00,0.000,0.000,0.00,0.000,0.000,0.00,0.000,0.000,0.00,0.000,0.000,0.00,0.000,0.000,0.00,0.000,0.000,0.00,0.000,0.000,0.00,0.000,0.000,0.00,0.000,0.000,0.00,0.000,0.000,0.00,0.000,0.000,0.00,0.000,0.000,0.00,0.000,0.000,0.00,0.000,0.000,0.00,0.000,0.000,0.00,0.000,0.000,0.00,0.000,0.000,0.00,0.000,0.000,0.00,0.000,0.000,0.00,0.000,0.000,0.00
46.8845,1763.007,0.000,1.09,13.38,0.00,82.832,0.000,0.99,0.000,0.000,0.00,93.267,0.000,1.97,41.416,0.000,0.99,0.000,0.000,0.00,113.894,0.000,2.96,41.416,0.000,0.00,41.416,0.000,0.99,41.416,0.000,0.00,114.298,0.000,0.99,41.416,0.000,0.99,41.416,0.000,0.99,0.000,0.000,0.00,82.832,0.000,0.00,41.416,0.000,1.97,0.000,0.000,0.00,82.832,0.000,0.99,82.832,0.000,0.99,82.832,0.000,1.97,41.416,0.000,0.00,82.832,0.000,1.97,41.416,0.000,0.99,53.469,0.000,1.97,62.771,0.000,1.97,41.416,0.000,0.99,82.832,0.000,0.99,124.248,0.000,2.96,41.416,0.000,1.97,124.248,0.000,0.99,41.416,0.000,0.99
46.9876,14420.488,0.000,12.87,34.20,0.00,366.156,0.000,10.67,406.840,0.000,12.61,477.957,0.000,12.61,772.996,0.000,20.37,368.699,0.000,11.64,331.074,0.000,9.70,366.156,0.000,7.76,528.892,0.000,13.58,406.840,0.000,8.73,579.350,0.000,14.55,641.289,0.000,18.43,400.364,0.000,16.49,366.156,0.000,9.70,284.788,0.000,6.79,507.239,0.000,12.61,528.892,0.000,10.67,366.156,0.000,9.70,528.892,0.000,14.55,569.576,0.000,14.55,488.208,0.000,13.58,203.420,0.000,7.76,813.680,0.000,23.28,557.736,0.000,19.40,507.914,0.000,13.58,406.840,0.000,9.70,447.524,0.000,12.61,569.496,0.000,12.61,488.208,0.000,10.67,528.892,0.000,13.58,610.260,0.000,13.58
47.0911,19552.463,6816.015,25.01,53.59,0.31,647.939,253.101,20.28,485.954,139.206,16.41,728.931,182.233,25.10,728.931,286.004,30.90,949.129,212.605,31.86,530.998,253.101,25.10,445.458,232.853,23.17,769.428,242.977,28.00,809.924,222.729,28.97,647.939,222.729,22.21,779.038,232.853,30.90,954.073,258.163,31.86,728.931,212.605,23.17,404.962,273.349,17.38,548.004,222.729,17.38,809.924,192.357,28.00,769.428,242.977,27.03,728.931,273.349,26.07,526.450,270.818,27.03,769.428,182.233,25.10,526.450,182.233,20.28,607.443,182.233,22.21,1010.032,323.970,36.69,364.466,253.101,16.41,404.962,263.225,20.28,769.428,202.481,29.93,445.537,222.729,29.93,445.458,202.481,20.28,728.931,182.233,26.07,485.954,192.357,22.21
47.1949,20497.146,16599.847,39.38,74.87,0.53,1114.185,515.351,48.18,490.088,608.821,38.55,718.436,596.190,46.26,778.118,563.349,42.40,426.933,575.980,27.95,725.028,527.982,38.55,949.783,495.141,45.29,646.714,530.508,34.69,992.808,560.823,48.18,735.132,586.085,32.77,727.554,558.296,41.44,307.174,490.088,23.13,535.679,555.770,39.51,791.973,565.875,43.37,725.028,586.085,42.40,732.606,596.190,30.84,559.086,505.246,32.77,525.456,515.351,37.58,767.973,538.087,45.29,646.714,575.980,40.47,543.218,525.456,35.66,606.295,596.190,39.51,540.455,464.826,36.62,646.714,545.665,44.33,565.875,525.456,32.77,755.974,586.085,43.37,664.082,550.718,43.37,1015.544,606.295,46.26,534.968,586.085,36.62,727.554,565.875,43.37
47.2997,24789.583,19052.791,51.48,78.23,0.60,858.071,630.506,54.40,475.382,620.498,42.95,809.673,630.506,53.45,990.756,630.506,53.45,597.980,640.514,33.41,1199.713,628.004,62.04,820.737,650.522,55.36,990.795,645.518,48.68,868.197,623.000,60.13,993.297,640.514,42.00,800.643,625.502,54.40,480.386,658.028,42.95,1070.742,640.514,60.13,776.873,650.522,49.63,763.112,630.506,52.49,915.735,600.482,46.77,711.000,650.522,43.90,640.514,630.506,50.59,556.931,660.530,46.77,650.092,630.506,44.86,725.309,650.522,49.63,1045.839,585.470,60.13,1090.172,660.530,54.40,1034.776,645.518,59.18,820.111,640.514,50.59,532.302,640.514,43.90,770.931,660.530,55.36,927.424,600.482,53.45,1031.414,600.482,59.18,840.675,650.522,60.13
47.4050,21097.150,20133.192,46.89,83.02,0.58,943.627,709.090,49.35,477.703,646.889,45.56,915.597,686.698,53.15,557.320,646.889,44.61,636.937,696.650,37.02,640.669,696.650,48.40,517.512,617.033,35.12,686.698,716.555,37.96,507.559,689.186,46.51,843.522,696.650,39.86,557.320,631.961,43.66,988.023,659.330,42.71,664.306,656.842,56.95,644.401,684.210,51.25,1032.535,634.449,57.90,517.512,656.842,32.27,573.531,746.411,40.81,691.713,684.210,52.20,1038.522,669.282,58.84,1224.542,646.889,66.44,502.778,649.378,48.40,512.536,626.985,35.12,893.905,736.459,60.74,768.920,701.626,49.35,699.683,676.746,44.61,597.129,686.698,41.76,410.526,641.913,42.71,585.505,646.889,46.51,796.172,676.746,50.30,670.448,617.033,46.51
47.5136,26137.899,17560.647,47.87,81.50,0.68,1016.002,557.826,48.82,1043.207,560.241,49.74,811.383,589.219,40.53,772.746,627.856,38.69,772.746,579.559,39.61,965.932,589.219,51.59,540.922,511.944,34.08,734.108,627.856,44.22,695.471,589.219,46.98,1035.887,540.922,39.61,954.575,615.782,56.19,1127.462,637.515,45.14,978.006,560.241,51.59,842.776,601.293,52.51,1084.259,591.633,57.11,695.471,560.241,35.93,734.108,579.559,38.69,758.219,591.633,50.67,811.383,603.708,59.88,965.932,569.900,55.27,881.413,567.485,52.51,807.421,603.708,54.35,965.932,608.537,54.35,882.319,586.804,47.90,949.443,615.782,53.43,734.108,531.263,48.82,693.283,623.026,51.59,965.932,569.900,45.14,1004.569,560.241,43.30,912.881,608.537,47.90
47.6186,23880.526,17178.460,46.89,92.21,0.22,798.882,569.203,53.33,838.826,639.106,55.24,831.337,561.714,45.71,998.603,559.217,50.47,958.658,569.203,42.86,714.001,519.273,42.86,599.162,639.106,43.81,878.770,559.217,52.38,718.994,584.182,42.86,838.826,559.217,40.00,770.679,589.175,48.57,758.938,549.231,50.47,639.106,619.134,39.05,758.938,579.189,43.81,838.826,529.259,40.95,798.882,569.203,44.76,689.036,549.231,45.71,559.217,599.162,37.14,1078.491,634.113,55.24,758.938,569.203,40.00,479.329,599.162,38.09,882.866,549.231,47.62,811.365,586.679,46.66,1158.379,551.728,59.05,1053.097,564.210,57.14,878.770,549.231,49.52,521.536,624.127,51.43,1078.491,519.273,55.24,599.162,519.273,45.71,590.424,569.203,40.95
47.7286,24136.724,16086.782,49.62,98.87,0.14,762.294,562.192,56.34,874.256,438.319,53.61,1150.587,502.637,52.71,724.179,571.720,50.89,636.039,571.720,30.90,941.031,533.606,56.34,609.835,540.752,45.44,686.064,505.020,40.89,602.651,538.370,47.25,990.982,562.192,50.89,776.587,526.459,51.80,724.179,590.778,48.16,952.867,524.077,56.34,1067.211,543.134,60.88,700.357,552.663,51.80,990.982,552.663,49.07,828.995,533.606,49.07,1067.211,590.778,59.07,762.294,502.637,50.89,609.835,505.020,42.71,495.491,533.606,40.89,762.294,524.077,45.44,902.842,574.103,54.52,805.173,593.160,47.25,667.565,543.134,44.53,571.720,514.548,36.35,686.064,512.166,55.43,609.835,533.606,45.44,929.046,562.192,56.34,1248.256,447.848,57.25
47.8386,24046.763,16066.445,48.97,98.84,0.36,877.479,543.655,51.85,746.334,524.580,47.30,982.395,543.655,57.30,694.099,541.271,52.76,736.796,553.193,40.93,753.785,562.731,48.21,519.811,546.040,41.84,715.299,562.731,45.48,960.972,529.349,50.94,839.327,515.042,42.75,672.416,522.195,50.94,1218.530,495.966,57.30,953.781,534.117,54.58,763.025,610.420,54.58,710.567,543.655,49.12,877.479,495.966,46.39,839.327,572.269,44.57,763.025,505.504,44.57,788.583,534.117,53.67,953.781,543.655,46.39,724.874,536.502,50.03,775.767,505.504,50.03,767.794,495.966,45.48,720.105,579.422,45.48,757.734,541.271,47.30,419.664,572.269,33.66,610.420,529.349,48.21,839.327,543.655,50.03,1034.182,448.277,56.39,1030.084,534.117,60.94
47.9461,24095.177,15934.171,46.79,96.15,0.23,702.225,497.409,46.51,721.731,497.409,47.44,1102.103,575.435,62.32,1240.857,607.132,67.90,780.250,468.150,40.00,533.603,555.928,37.21,794.880,516.916,45.58,907.079,526.669,40.93,975.313,512.039,55.81,975.313,536.422,42.79,707.102,585.188,48.37,741.276,516.916,43.72,624.200,516.916,40.93,741.238,487.656,42.79,546.175,526.669,42.79,1014.325,536.422,53.02,702.225,487.656,34.41,1092.350,541.299,53.95,559.052,546.175,41.86,741.238,546.175,40.93,624.200,494.971,40.00,806.233,565.681,45.58,814.386,594.941,44.65,819.263,507.163,53.02,999.657,555.928,53.02,780.250,507.163,48.37,624.200,533.984,43.72,624.200,507.163,43.72,878.467,536.422,49.30,921.785,546.175,53.02
48.0504,24048.339,17439.045,49.30,93.42,0.21,482.463,593.028,43.14,562.874,582.977,47.93,940.427,552.823,54.64,884.516,522.669,51.76,643.285,623.182,36.43,683.490,565.387,51.76,1366.980,623.182,65.18,643.285,562.874,44.09,763.901,572.925,45.05,595.462,603.079,29.72,919.696,532.720,48.89,806.501,552.823,45.05,804.106,598.054,49.85,1085.543,603.079,55.60,522.669,582.977,46.97,1206.159,502.566,52.72,603.079,593.028,38.34,522.669,577.951,43.14,804.106,643.285,57.51,1168.466,565.387,66.14,1027.983,585.490,58.47,1005.132,590.515,54.64,683.490,593.028,45.05,603.079,593.028,46.01,482.463,595.541,34.51,763.901,588.002,49.85,683.490,593.028,51.76,1045.338,562.874,49.85,844.311,582.977,56.56,899.476,600.567,58.47
48.1602,24434.001,20318.952,47.28,96.48,0.22,955.175,639.967,49.19,649.519,649.519,44.64,749.215,659.070,51.92,1031.589,754.588,51.92,840.554,697.277,40.08,878.761,685.338,43.72,993.382,630.415,50.10,687.726,678.174,44.64,1014.351,704.441,58.30,771.378,678.174,45.55,764.140,687.726,41.90,878.761,723.545,45.55,649.519,673.398,44.64,840.554,697.277,52.83,802.347,649.519,50.10,802.347,678.174,47.37,802.347,687.726,40.08,1146.210,716.381,51.01,993.382,668.622,45.55,945.138,656.683,51.92,551.389,685.338,40.08,649.519,616.088,41.90,916.968,725.933,49.19,611.312,659.070,40.08,955.175,685.338,54.66,725.933,663.846,50.10,573.105,697.277,51.01,955.175,659.070,50.10,420.277,630.415,40.08,878.761,680.562,50.10
48.2646,24407.918,19186.521,51.03,96.60,0.22,763.443,652.944,56.52,723.262,642.899,46.94,843.805,668.012,51.73,1125.073,632.854,56.52,1052.245,673.035,44.07,964.349,652.944,58.44,828.855,622.809,50.77,642.899,645.410,46.94,620.847,645.410,43.11,883.986,622.809,48.86,642.899,673.035,50.77,947.319,595.184,45.98,943.316,652.944,52.69,750.886,673.035,47.90,883.986,602.718,51.73,777.922,637.876,43.11,1004.530,673.035,51.73,994.642,642.899,54.61,803.624,642.899,52.69,701.170,622.809,50.77,924.167,597.695,58.44,642.899,600.207,47.90,562.537,652.944,50.77,1285.798,662.990,63.23,683.080,642.899,45.98,964.349,632.854,61.31,635.365,652.944,53.65,482.174,622.809,42.15,524.867,662.990,49.82,803.624,582.627,51.73
48.3716,24886.404,20645.545,50.96,98.56,0.14,862.272,744.690,64.48,744.690,636.906,53.26,1019.049,700.596,48.59,901.467,715.294,50.46,776.535,666.301,34.58,801.070,649.154,41.12,630.743,676.100,44.85,805.931,712.845,46.72,744.690,666.301,49.53,587.913,685.899,35.51,548.719,685.899,39.25,1074.855,715.294,48.59,804.400,685.899,52.33,1244.416,742.240,71.02,994.553,685.899,57.94,593.501,700.596,36.44,627.107,725.093,42.99,970.056,676.100,61.67,705.496,666.301,45.79,813.280,636.906,51.40,808.801,690.798,56.07,901.467,676.100,48.59,1041.364,695.697,60.74,744.690,764.287,52.33,940.661,663.852,53.26,744.690,715.294,57.94,1104.787,715.294,67.28,940.661,656.503,57.94,703.046,617.309,50.46,705.496,676.100,47.66
48.4806,24325.160,19615.259,53.44,98.43,0.22,923.750,635.078,56.90,1039.219,663.945,69.74,831.924,654.323,55.06,885.261,673.568,57.81,1000.729,673.568,45.88,791.405,623.050,56.90,785.353,615.833,55.98,709.652,654.323,45.88,923.750,673.568,60.57,731.302,596.589,39.46,692.813,654.323,53.22,500.365,683.190,43.13,962.240,625.456,55.98,675.973,724.085,55.98,870.827,712.057,56.90,865.903,615.833,48.64,808.281,606.211,44.05,1019.824,702.435,55.06,846.771,683.190,52.31,846.771,625.456,52.31,1245.687,635.078,62.40,962.240,663.945,52.31,439.962,692.813,55.06,846.771,625.456,59.65,731.302,704.841,48.64,692.813,635.078,48.64,538.854,625.456,51.39,577.344,656.729,48.64,577.344,606.211,53.22,1000.729,673.568,61.48
48.5866,24462.754,18428.641,51.14,97.51,0.15,536.421,613.052,36.78,897.330,573.500,50.92,687.636,588.332,49.98,909.690,627.884,47.15,870.138,603.164,47.15,870.138,613.052,49.98,904.746,573.500,55.64,514.173,642.716,41.49,899.802,613.052,56.58,909.690,632.828,42.43,830.587,613.052,52.81,791.035,632.828,45.26,632.828,613.052,45.26,875.082,573.500,55.64,751.483,613.052,49.04,870.138,632.828,49.98,672.380,613.052,46.21,791.035,632.828,49.04,1022.938,642.716,63.18,553.724,622.940,52.81,1107.449,622.940,60.35,519.155,573.500,45.26,988.794,622.940,58.47,795.979,652.604,54.69,830.587,603.164,51.86,909.690,613.052,49.98,909.690,622.940,62.24,672.380,640.244,48.09,909.690,622.940,56.58,1028.345,583.388,59.41
48.6946,25007.328,19936.339,51.61,97.97,0.49,910.391,640.915,63.90,905.535,643.343,46.30,1087.613,684.614,57.42,815.710,684.614,50.94,971.083,650.626,37.97,815.710,679.758,42.60,543.807,689.469,47.23,582.650,650.626,43.53,1058.481,650.626,59.27,621.493,708.891,35.19,776.867,689.469,58.34,791.964,672.475,50.94,738.023,670.047,44.45,980.832,718.602,54.64,846.967,602.072,52.79,543.807,611.782,40.75,854.553,677.331,51.86,944.378,650.626,58.34,634.315,670.047,51.86,660.337,670.047,51.86,939.523,628.776,48.16,888.503,670.047,54.64,971.083,679.758,57.42,1354.661,640.915,67.61,916.270,679.758,58.34,582.650,621.493,38.90,1087.613,718.602,66.68,667.620,631.204,45.38,738.023,670.047,52.79,776.867,679.758,58.34
48.8046,24732.327,19123.013,50.50,98.16,0.14,1067.420,686.198,65.44,648.076,598.041,39.99,648.076,650.459,45.45,648.076,619.485,39.08,533.710,600.424,35.45,717.694,676.668,41.81,914.931,600.424,46.35,922.079,657.607,50.90,724.320,648.076,42.72,838.687,667.137,43.63,876.809,636.163,61.81,976.358,621.867,50.90,800.565,655.224,50.90,1091.209,638.546,59.99,934.290,664.755,51.81,1054.539,676.668,57.26,886.340,636.163,50.90,957.819,629.015,57.26,907.560,695.729,55.44,838.687,619.485,53.63,831.539,640.928,50.90,843.452,638.546,59.08,686.198,648.076,47.26,800.565,619.485,54.53,968.727,657.607,55.44,788.800,626.633,58.17,917.314,624.250,65.44,681.433,631.398,45.45,419.343,571.832,33.63,807.713,586.128,44.54
48.9196,24756.224,18938.194,53.04,98.10,0.21,1021.222,620.028,60.87,813.786,649.661,60.00,864.505,594.953,53.91,937.022,692.972,52.17,875.333,656.500,48.70,795.051,610.909,53.04,765.916,592.673,56.52,1050.856,638.264,53.91,656.500,620.028,46.96,656.500,647.382,35.65,692.972,585.835,56.52,802.389,670.177,52.17,875.333,604.071,48.70,838.861,656.500,56.52,658.886,613.189,47.83,1120.167,610.909,59.13,720.326,647.382,50.43,640.543,651.941,49.57,729.444,620.028,40.00,547.083,592.673,40.00,729.444,620.028,41.74,984.750,647.382,60.00,599.512,633.705,48.70,872.662,667.897,58.26,1205.862,629.146,67.83,850.116,631.425,63.48,989.309,670.177,73.04,868.494,626.866,61.74,825.184,626.866,47.83,768.196,608.630,46.09
49.0303,24201.095,17955.122,48.58,97.97,0.15,984.750,568.125,56.89,821.414,584.695,45.15,768.744,582.328,47.86,693.438,587.063,45.15,454.500,634.406,27.09,733.828,634.406,49.67,606.000,587.063,47.86,909.000,577.594,49.67,1098.375,634.406,56.89,871.125,584.695,38.83,603.448,639.141,45.15,871.125,551.555,46.05,696.064,634.406,46.96,833.250,624.938,42.44,667.436,582.328,40.64,440.297,568.125,41.54,1022.625,539.719,48.76,530.250,610.735,40.64,968.365,624.938,47.86,1065.235,596.531,54.18,700.725,624.938,50.57,942.141,577.594,55.08,475.805,620.203,36.12,792.009,613.102,60.50,717.258,613.102,54.18,795.375,596.531,54.18,1158.221,587.063,65.92,989.485,568.125,54.18,826.149,598.899,49.67,1164.657,608.367,57.79
49.1416,24360.501,18393.538,50.13,97.90,0.27,690.494,622.152,51.24,711.925,567.949,39.56,838.962,591.515,47.65,527.886,600.942,40.45,980.360,650.431,41.35,853.728,586.802,56.64,754.123,612.725,52.14,980.360,612.725,47.65,641.005,631.578,46.75,716.417,605.655,32.36,763.734,608.012,49.44,867.242,638.648,49.44,808.952,612.725,57.54,980.360,650.431,58.43,1093.479,598.585,57.54,1018.066,603.299,56.64,783.839,626.865,57.54,1131.185,650.431,63.83,732.729,631.578,46.75,882.449,622.152,52.14,718.737,603.299,48.55,1131.185,546.739,58.43,641.005,650.431,45.85,647.117,669.284,50.34,641.005,629.222,49.44,641.005,603.299,51.24,951.418,612.725,57.54,678.711,584.446,40.45,888.451,575.019,51.24,664.571,593.872,45.85
49.2546,24222.850,18688.647,50.47,97.78,0.15,767.772,600.765,53.98,895.130,619.321,53.09,807.205,679.629,54.86,586.666,670.351,44.24,779.370,651.795,38.93,685.972,612.362,49.55,779.370,556.693,42.47,705.144,640.197,46.90,1039.160,593.806,55.74,352.572,621.640,24.78,828.081,603.084,50.44,964.935,630.919,56.63,574.525,642.516,44.24,705.144,623.960,47.78,760.415,644.836,51.32,990.522,651.795,53.98,627.729,654.114,40.70,1069.351,633.238,53.98,1058.297,621.640,65.48,809.887,533.497,58.40,1166.736,584.528,69.90,916.006,603.084,49.55,874.073,640.197,61.05,927.822,619.321,54.86,661.073,635.558,44.24,742.257,633.238,46.01,865.194,617.001,60.17,742.257,621.640,49.55,668.032,630.919,45.13,872.152,617.001,46.01
49.3606,24012.180,18284.983,48.56,95.41,0.15,840.916,625.741,58.50,754.351,593.588,48.12,593.588,603.481,37.74,759.491,623.267,40.57,1226.748,581.222,54.72,994.376,601.008,48.12,702.451,593.588,40.57,435.298,655.420,37.74,751.878,603.481,43.40,850.809,613.374,40.57,652.947,633.161,52.84,900.159,593.588,47.17,620.794,571.328,39.63,746.932,648.000,46.23,692.944,586.168,46.23,866.345,531.756,46.23,780.978,648.000,47.17,1323.168,610.901,61.33,713.890,623.267,48.12,817.150,608.428,50.00,796.397,615.848,49.06,883.194,593.588,53.78,616.273,650.473,53.78,672.733,625.741,49.06,1211.986,603.481,63.21,732.092,571.328,50.95,858.229,630.687,56.61,635.634,618.321,50.95,714.779,608.428,46.23,865.649,618.321,48.12
49.4666,24362.910,20416.219,50.80,97.06,0.37,1070.946,643.108,56.61,751.942,697.525,50.01,831.094,682.684,50.95,791.518,682.684,54.73,870.670,682.684,43.40,623.205,692.578,50.95,1067.158,672.790,57.56,635.688,709.893,38.69,712.366,702.472,50.01,910.246,702.472,47.18,1028.973,672.790,53.78,595.262,692.578,47.18,502.119,672.790,40.57,1429.679,714.840,61.33,593.639,685.158,49.07,704.173,653.002,46.23,813.780,682.684,45.29,1058.655,692.578,57.56,502.390,692.578,41.52,791.518,662.896,47.18,826.147,610.953,48.12,633.214,662.896,50.01,628.267,724.734,45.29,746.531,662.896,52.84,1090.734,702.472,65.11,855.829,660.423,58.50,910.246,704.946,65.11,633.214,690.105,50.01,1080.917,657.949,54.73,672.790,648.055,44.35
49.5768,24325.797,20268.413,46.99,96.07,0.22,711.122,732.450,39.01,796.658,661.107,45.36,1027.332,665.864,52.62,1103.431,684.888,59.87,989.283,665.864,44.45,722.938,703.913,41.73,771.800,656.351,44.45,682.510,694.401,42.64,760.987,665.864,49.89,913.184,656.351,41.73,913.184,639.705,55.34,769.050,627.814,35.38,810.927,665.864,47.17,875.135,703.913,48.08,684.888,656.351,44.45,632.570,703.913,39.92,684.888,694.401,47.17,799.036,684.888,45.36,1017.820,637.327,51.71,837.086,684.888,50.80,1065.382,637.327,50.80,608.790,646.839,43.54,760.987,694.401,57.15,575.942,760.987,41.73,608.790,732.450,48.99,642.083,715.803,41.73,951.234,675.376,55.34,758.609,644.461,43.54,1013.064,627.814,52.62,837.086,646.839,47.17
49.6848,24849.981,20268.734,52.21,96.72,0.36,704.113,640.985,50.01,1048.885,602.138,57.42,932.342,689.545,56.50,932.342,728.392,53.72,776.952,728.392,44.46,1126.580,699.257,59.28,699.257,660.409,44.46,776.952,650.697,49.09,854.647,670.121,54.65,815.800,650.697,43.53,917.319,696.829,62.98,1160.686,694.401,57.42,932.342,660.409,51.87,776.952,728.392,51.87,466.171,738.104,44.46,854.647,670.121,51.87,854.647,699.257,49.09,738.104,728.392,50.01,660.409,679.833,52.79,932.342,650.697,57.42,776.952,679.833,51.87,505.019,679.833,44.46,1126.580,679.833,62.98,1010.038,670.121,61.13,738.104,670.121,50.94,893.495,660.409,50.01,776.952,694.401,59.28,738.104,602.138,53.72,546.294,633.701,43.53,776.952,631.273,45.38
49.7966,24648.600,18911.682,48.70,95.80,0.34,857.917,637.578,43.81,708.228,614.137,47.39,900.110,600.073,49.18,786.314,646.954,47.39,712.587,609.449,42.03,807.411,593.041,52.76,1012.624,618.825,54.54,637.578,618.825,37.56,929.960,618.825,50.97,1050.128,656.330,41.13,989.623,628.202,54.54,642.705,670.394,38.45,900.110,653.986,56.33,975.119,623.514,54.54,900.110,534.440,54.54,918.862,646.954,49.18,862.605,628.202,43.81,900.110,609.449,51.86,665.706,684.458,48.29,937.614,628.202,54.54,668.050,653.986,43.81,412.550,628.202,33.08,707.899,665.706,50.97,825.101,637.578,46.50,1050.128,630.546,56.33,849.054,658.674,55.44,841.692,642.266,55.44,733.683,614.137,50.07,864.949,616.481,54.54,600.073,642.266,42.03
49.9056,24354.963,19111.424,56.95,98.29,0.36,731.262,625.421,55.06,889.684,649.476,60.56,846.724,663.908,58.73,694.090,635.043,61.48,1116.136,663.908,60.56,826.390,632.637,58.73,962.186,644.665,57.81,500.337,644.665,47.72,816.092,654.287,55.97,962.186,635.043,50.47,769.749,644.665,56.89,884.648,673.530,52.30,1193.111,608.583,65.15,808.236,644.665,58.73,615.799,673.530,55.97,635.043,615.799,52.30,1039.161,606.177,61.48,731.262,663.908,55.06,748.100,625.421,53.22,808.236,591.745,50.47,835.072,589.339,53.22,769.749,625.421,62.40,466.660,644.665,46.80,846.724,644.665,58.73,846.724,623.016,61.48,591.218,603.772,56.89,791.210,659.098,66.07,1171.462,659.098,64.23,726.451,615.799,52.30,731.262,649.476,57.81
50.0157,24470.087,18578.835,49.21,98.78,0.43,599.046,628.742,37.25,685.900,638.268,44.52,724.005,590.636,45.43,838.322,600.162,58.14,571.583,628.742,37.25,1295.589,638.268,63.60,952.639,533.478,53.60,609.689,676.373,35.43,1333.694,609.689,56.33,724.005,647.794,34.52,685.900,657.321,43.61,495.372,628.742,37.25,908.058,676.373,60.87,990.744,683.518,65.41,812.124,581.110,49.97,609.689,590.636,39.07,609.689,600.162,34.52,609.689,600.162,48.15,1136.022,628.742,60.87,838.322,604.926,52.69,818.897,647.794,57.24,914.533,571.583,47.24,724.005,638.268,53.60,800.216,638.268,51.78,1105.061,628.742,56.33,838.322,600.162,49.06,876.428,619.215,52.69,647.794,609.689,41.79,990.744,609.689,56.33,724.005,571.583,51.78
50.1256,24827.527,19102.540,52.28,99.07,0.28,811.962,629.597,54.58,801.305,620.057,52.77,930.086,667.754,58.22,1154.261,682.063,58.22,953.935,610.518,39.12,755.919,631.982,50.04,953.935,677.294,50.95,855.858,581.900,47.31,801.305,655.830,54.58,813.378,562.821,42.76,820.868,600.979,53.67,534.203,658.215,44.58,731.474,620.057,51.86,610.518,627.212,42.76,522.279,643.906,44.58,724.990,686.833,44.58,877.620,677.294,52.77,953.935,648.676,51.86,704.868,677.294,49.13,610.518,689.218,44.58,915.777,600.979,51.86,953.935,639.136,60.04,686.833,648.676,49.13,1140.585,622.442,66.41,849.002,691.603,62.77,1068.407,629.597,60.04,1030.249,620.057,72.78,973.013,589.055,60.04,775.072,591.439,50.04,511.436,620.057,46.40
50.2356,24070.543,19250.537,47.45,97.83,0.29,648.118,648.118,43.63,802.999,590.931,49.99,900.694,648.118,58.17,981.708,662.415,51.81,533.744,600.462,31.81,945.818,643.353,58.17,1091.987,629.056,59.08,669.861,667.180,36.36,571.869,640.970,40.90,826.678,648.118,39.09,797.824,648.118,48.17,762.492,571.869,33.63,724.367,638.587,53.63,838.741,667.180,48.17,686.243,633.821,42.72,648.118,579.017,35.45,876.866,667.180,46.36,533.744,648.118,38.18,935.095,629.056,53.63,876.866,636.204,47.27,648.118,638.587,40.90,1067.489,667.180,58.17,800.616,664.798,48.17,995.372,645.735,52.72,714.836,662.415,45.45,953.115,667.180,46.36,691.046,679.094,54.54,552.807,650.501,42.72,903.076,638.587,55.45,1090.237,638.587,62.72
50.3436,24587.918,17521.283,52.40,98.57,0.14,737.840,611.631,50.00,618.912,514.547,44.44,854.342,582.506,50.00,1009.676,611.631,55.55,737.840,650.465,41.66,519.628,584.933,41.66,767.914,592.214,43.52,970.843,601.922,50.92,776.674,592.214,44.44,932.009,631.048,50.92,769.317,597.068,50.92,737.840,621.339,60.18,737.840,563.089,60.18,699.007,611.631,56.48,1009.676,572.797,63.88,699.007,516.974,44.44,932.009,582.506,52.77,970.843,611.631,62.03,1165.011,611.631,65.74,466.004,514.547,44.44,854.342,582.506,64.81,665.027,536.391,45.37,1281.512,604.350,62.96,927.155,597.068,55.55,495.395,582.506,38.89,854.342,533.963,51.85,1004.784,589.787,75.92,800.945,524.255,46.29,776.674,601.922,51.85,815.508,592.214,44.44
50.4527,23479.104,17106.391,50.03,93.61,0.23,576.458,538.027,47.65,1152.916,547.635,67.80,883.902,566.850,52.23,653.319,576.458,49.48,922.333,566.850,45.81,845.472,547.635,58.64,483.572,576.458,43.98,461.166,538.027,42.15,614.889,566.850,40.32,999.194,557.243,44.90,759.003,562.047,51.31,552.439,586.066,35.73,883.902,624.496,56.81,883.902,605.281,54.06,883.902,586.066,51.31,807.041,566.850,46.73,653.319,576.458,40.32,768.611,576.458,53.14,730.180,566.850,52.23,576.458,586.066,38.48,768.611,557.243,45.81,802.237,564.448,54.98,883.902,605.281,52.23,1080.859,619.692,56.81,854.817,576.458,59.56,600.402,521.214,42.15,883.902,581.262,56.81,744.592,595.673,53.14,807.041,489.989,50.39,960.763,576.458,55.89
50.5566,21971.843,22401.575,40.31,83.87,0.15,737.517,716.850,44.29,1009.648,777.429,46.22,694.133,759.760,37.55,686.561,767.333,41.40,767.333,737.043,33.70,767.333,787.526,52.00,646.175,686.561,37.55,432.847,757.236,33.70,726.947,737.043,34.66,974.429,759.760,45.26,739.567,797.622,39.48,671.416,666.368,39.48,565.403,716.850,35.63,888.491,817.815,44.29,646.175,747.140,35.63,726.947,737.043,36.59,928.877,737.043,41.40,565.403,747.140,36.59,653.747,807.719,52.00,525.017,726.947,38.52,807.719,716.850,42.37,726.947,737.043,33.70,767.333,787.526,41.40,565.403,757.236,28.89,737.043,716.850,37.55,944.100,815.291,42.37,484.631,721.899,52.96,888.491,757.236,39.48,848.105,706.754,42.37,848.105,696.657,42.37
50.6616,22628.183,22560.600,40.52,84.67,0.15,828.635,789.147,42.87,919.006,719.222,47.63,871.557,756.682,37.15,679.265,749.190,37.15,479.481,819.114,28.58,564.390,709.233,36.20,599.352,709.233,36.20,770.456,769.168,35.25,679.265,739.201,41.92,594.240,776.660,30.48,769.168,666.779,41.92,799.136,819.114,43.82,679.265,759.179,38.11,998.920,759.179,43.82,759.179,739.201,37.15,839.092,759.179,37.15,599.352,739.201,31.44,839.092,739.201,40.96,831.601,749.190,45.73,759.179,719.222,40.01,799.136,719.222,37.15,616.287,709.233,37.15,799.136,799.136,40.01,968.952,821.611,53.35,749.190,799.136,39.06,839.092,749.190,40.96,639.309,759.179,58.11,719.222,719.222,42.87,719.222,779.157,46.68,919.006,719.222,46.68
50.7658,22483.463,22386.526,37.83,83.60,0.15,724.255,754.432,38.37,563.310,736.829,31.66,398.160,714.196,21.10,1046.146,764.492,45.09,844.964,774.551,41.25,880.171,774.551,40.29,885.201,774.551,42.21,885.201,774.551,40.29,724.255,774.551,43.17,1046.146,734.314,40.29,943.041,777.065,43.17,563.310,744.373,27.82,643.782,734.314,30.70,1086.383,734.314,47.01,895.260,744.373,40.29,804.728,724.255,41.25,684.019,744.373,41.25,724.255,784.610,38.37,482.837,744.373,35.49,684.019,694.078,33.58,362.128,724.255,26.86,747.438,744.373,37.41,724.255,716.711,28.78,754.432,721.740,43.17,684.019,734.314,37.41,684.019,714.196,37.41,885.201,744.373,47.01,482.837,714.196,30.70,844.964,814.787,41.25,804.728,754.432,42.21
50.8696,22932.928,22359.506,40.52,84.57,0.15,808.571,727.714,44.34,725.305,725.187,36.63,1014.938,737.821,47.23,768.142,778.249,35.66,687.285,758.035,31.81,444.714,737.821,36.63,454.821,687.285,33.74,646.857,778.249,30.84,880.308,707.499,39.52,702.485,747.928,38.56,727.714,747.928,37.59,565.999,778.249,31.81,565.999,697.392,36.63,727.714,798.464,44.34,919.749,758.035,46.27,727.714,747.928,34.70,565.999,768.142,23.13,929.856,747.928,38.56,775.525,788.356,49.16,942.490,763.089,42.41,714.803,727.714,34.70,606.428,727.714,34.70,929.856,795.937,50.12,889.428,717.606,47.23,1051.142,798.464,52.05,889.428,727.714,48.19,934.910,747.928,59.76,694.865,735.294,52.05,993.026,682.232,41.45,646.857,717.606,35.66
50.9742,21618.747,22345.737,38.28,83.64,0.23,881.607,711.297,33.44,924.067,741.352,45.86,1041.899,731.333,48.73,721.315,761.388,41.08,841.534,731.333,34.39,601.096,741.352,36.31,831.516,721.315,46.82,611.114,751.370,33.44,770.428,771.406,38.22,786.395,731.333,38.22,440.804,741.352,28.66,561.023,701.278,28.66,801.461,741.352,36.31,1001.826,771.406,42.04,561.023,721.315,38.22,561.023,751.370,39.17,721.315,791.443,36.31,480.877,761.388,33.44,513.632,761.388,43.95,989.304,726.324,39.17,816.762,751.370,39.17,681.242,741.352,31.53,681.242,761.388,39.17,641.169,801.461,36.31,761.388,753.874,37.26,641.169,731.333,34.39,956.744,771.406,56.37,713.801,723.820,42.99,641.169,716.306,37.26,440.804,731.333,31.53
51.0787,23091.119,22550.493,41.01,85.02,0.15,778.154,727.840,46.91,863.565,720.311,43.08,562.194,702.742,32.55,936.231,793.095,44.04,803.134,712.781,38.30,401.567,692.703,24.89,800.742,700.232,38.30,1315.132,752.938,45.00,727.840,778.036,38.30,642.507,752.938,36.38,586.703,803.134,33.51,562.194,793.095,32.55,820.702,775.526,44.04,838.271,732.860,46.91,596.350,740.389,41.17,846.663,730.350,38.30,822.389,783.056,40.21,606.507,752.938,35.42,657.566,773.016,45.96,722.820,732.860,45.96,840.781,732.860,39.25,762.977,742.899,38.30,685.174,783.056,31.59,500.704,747.918,33.51,717.801,785.565,40.21,833.565,762.977,45.96,1158.348,798.114,67.02,1116.858,762.977,58.40,780.546,750.428,40.21,803.134,732.860,44.04
51.1833,22251.291,22585.517,40.01,84.07,0.23,746.470,786.672,36.32,741.381,724.039,39.18,641.364,811.726,38.23,428.333,771.641,32.49,681.449,766.630,42.05,721.534,801.704,38.23,844.178,774.146,40.14,641.364,701.491,39.18,756.609,756.609,36.32,1042.216,721.534,45.87,616.897,741.577,37.27,921.960,731.555,44.92,663.911,759.114,34.41,526.119,801.704,39.18,1048.205,744.082,54.48,758.253,724.039,38.23,822.569,701.491,36.32,1038.066,821.747,40.14,706.502,741.577,49.70,641.364,756.609,38.23,481.023,751.598,21.98,641.364,721.534,37.27,759.114,771.641,42.05,622.574,799.199,38.23,766.630,746.587,42.05,811.413,731.555,37.27,1048.401,726.545,49.70,969.561,741.577,56.39,400.852,693.975,32.49,761.619,761.619,42.05
51.2877,22249.603,22335.940,39.06,84.43,0.15,562.605,743.443,34.49,843.908,718.327,41.20,1263.351,773.583,53.65,843.908,723.350,42.16,716.521,758.513,42.16,1004.653,743.443,44.07,843.908,683.164,43.12,1165.397,793.676,45.03,361.675,693.210,30.66,683.164,783.629,39.28,602.792,733.396,35.45,642.978,763.536,40.24,524.931,743.443,33.53,763.536,713.303,35.45,700.706,771.071,37.37,1004.653,763.536,44.07,1044.839,803.722,47.91,442.047,773.583,22.99,960.346,796.187,57.49,562.605,708.280,25.87,642.978,733.396,37.37,924.280,713.303,36.41,522.419,753.489,39.28,602.792,750.978,33.53,683.164,753.489,36.41,683.164,753.489,35.45,723.350,723.350,48.86,562.605,743.443,40.24,884.094,723.350,39.28,482.233,703.257,28.74
51.3916,22573.623,22541.396,38.02,84.66,0.15,685.823,716.080,35.59,645.481,741.294,36.55,645.481,726.166,32.70,847.193,786.680,42.32,738.064,806.851,35.59,847.193,756.423,41.36,564.796,756.423,30.78,927.878,746.337,39.44,837.108,776.594,37.51,685.823,779.115,29.82,806.851,736.251,35.59,685.823,716.080,32.70,763.987,736.251,44.24,284.919,827.022,27.89,748.898,758.944,30.78,564.796,716.080,31.74,726.166,705.994,30.78,806.851,746.337,40.40,528.590,743.816,43.28,806.851,685.823,38.47,887.536,746.337,37.51,806.851,766.508,49.05,771.551,766.508,36.55,766.508,776.594,37.51,766.508,746.337,35.59,1169.855,756.423,45.21,1048.906,837.108,57.71,795.347,716.080,50.98,564.796,708.516,31.74,847.193,756.423,41.36
51.4962,22685.738,22323.062,40.30,83.21,0.15,722.207,742.269,35.39,601.839,749.791,32.52,704.654,772.360,39.22,842.575,742.269,42.09,1238.786,702.146,44.00,682.085,772.360,37.31,706.809,742.269,38.26,762.330,752.299,36.35,886.107,747.284,44.96,641.962,729.730,32.52,682.085,762.330,38.26,1043.188,782.391,44.00,882.698,732.238,46.87,840.067,772.360,45.92,641.962,722.207,39.22,837.560,717.192,39.22,564.224,782.391,30.61,802.452,732.238,43.05,762.330,732.238,58.35,682.085,752.299,33.48,641.962,712.177,41.13,802.452,722.207,38.26,556.701,792.422,36.35,401.226,742.269,27.74,842.575,804.798,44.00,787.602,702.146,43.05,762.330,782.391,47.83,773.771,682.085,58.35,989.783,699.638,37.31,599.332,742.269,33.48
51.6016,21958.761,22361.686,37.71,83.15,0.15,716.450,756.252,32.27,477.633,728.888,29.42,358.225,746.302,29.42,915.463,776.154,38.91,676.647,726.400,31.32,636.844,726.400,35.11,652.120,726.400,40.81,875.661,776.154,36.06,643.413,768.691,36.06,995.069,746.302,44.60,676.647,736.351,42.70,597.041,736.351,34.16,796.055,815.956,39.86,1034.872,726.400,39.86,477.633,736.351,30.37,880.636,731.376,39.86,793.567,796.055,37.01,676.647,756.252,34.16,636.844,736.351,51.24,756.252,706.499,35.11,477.633,736.351,27.52,756.252,726.400,39.86,915.463,766.203,40.81,756.252,796.055,35.11,756.252,733.863,45.55,771.062,756.252,36.06,875.661,671.672,46.50,676.647,726.400,45.55,901.276,756.252,35.11,798.543,736.351,40.81
51.7056,23005.421,22557.549,39.74,85.71,0.15,443.540,796.356,27.88,806.437,735.874,43.26,604.828,745.954,30.76,725.793,756.034,45.18,927.402,756.034,40.38,564.506,776.195,36.53,645.149,756.034,38.45,806.437,735.874,33.65,1008.046,738.394,41.34,725.793,715.713,36.53,766.115,730.833,38.45,967.724,745.954,45.18,645.149,715.713,33.65,483.862,806.437,30.76,824.078,745.954,38.45,1209.655,745.954,45.18,887.080,725.793,40.38,846.759,766.115,38.45,645.149,798.876,51.91,1148.464,756.034,46.14,725.793,725.793,39.42,685.471,735.874,34.61,735.874,816.517,49.03,604.828,766.115,30.76,443.540,748.474,31.72,846.759,735.874,40.38,874.480,740.914,53.84,887.080,745.954,50.95,995.445,725.793,46.14,524.184,766.115,32.69
51.8097,21935.947,22584.215,38.69,84.28,0.23,603.991,734.855,39.36,573.791,694.589,37.44,644.257,775.121,38.40,1011.684,765.055,46.08,442.926,805.321,26.88,644.257,744.922,31.68,684.523,684.523,37.44,1127.449,724.789,48.96,885.853,765.055,32.64,945.230,795.254,38.40,563.725,810.354,35.52,845.587,747.438,37.44,926.119,744.922,37.44,765.055,805.321,38.40,792.738,724.789,33.60,1006.651,724.789,43.20,845.587,744.922,43.20,805.321,744.922,44.16,442.926,765.055,64.32,383.235,724.789,23.04,973.935,775.121,40.32,603.991,734.855,34.56,674.456,765.055,31.68,765.055,754.988,28.80,563.725,795.254,38.40,483.192,754.988,29.76,809.174,805.321,58.56,792.738,752.472,53.76,644.257,704.656,30.72,684.523,714.722,36.48
51.9142,22080.613,22307.071,37.68,83.14,0.15,722.659,722.659,32.54,632.326,702.585,31.59,802.954,712.622,39.25,757.788,782.880,36.37,562.068,722.659,24.89,762.806,722.659,38.29,722.659,722.659,34.46,521.920,762.806,29.67,642.363,722.659,40.20,824.047,752.770,32.54,802.954,722.659,36.37,521.920,802.954,31.59,602.216,762.806,36.37,602.216,782.880,40.20,968.563,752.770,38.29,802.954,722.659,39.25,562.068,742.733,35.42,762.806,752.770,35.42,642.363,740.223,47.86,1003.693,712.622,44.03,715.131,710.113,34.46,802.954,730.186,34.46,602.216,772.843,34.46,682.511,762.806,34.46,938.139,742.733,38.29,802.954,752.770,39.25,731.363,792.917,54.56,695.057,755.279,43.07,1083.988,722.659,50.73,802.954,742.733,42.12
52.0184,23434.136,22598.640,42.11,85.24,0.23,563.708,734.833,36.48,724.767,754.966,40.32,805.297,714.701,36.48,684.502,734.833,44.16,563.708,795.231,30.72,1046.886,795.231,47.04,523.443,744.900,41.28,885.826,765.032,34.56,603.973,775.098,44.16,684.502,749.933,33.60,1314.034,765.032,50.88,563.708,752.449,32.64,609.006,754.966,38.40,1072.916,754.966,52.80,714.701,724.767,35.52,644.237,762.515,39.36,667.869,815.363,35.52,523.443,795.231,38.40,765.032,724.767,49.92,684.502,765.032,46.08,885.826,754.966,42.24,708.174,717.217,39.36,735.109,712.184,45.12,950.431,787.681,45.12,982.242,785.164,52.80,1045.510,744.900,46.08,636.688,775.098,48.96,1238.537,692.052,58.56,765.032,734.833,39.36,840.528,714.701,37.44
52.1233,22071.307,21917.278,38.07,83.62,0.15,1159.459,769.641,42.90,759.646,639.702,37.18,719.664,779.636,41.94,839.608,789.632,39.08,799.627,742.154,38.13,759.646,719.664,36.22,654.695,749.650,37.18,999.534,749.650,44.80,919.571,719.664,41.94,580.159,734.657,36.22,454.397,757.147,32.41,719.664,709.669,35.27,714.667,719.664,31.46,493.910,739.655,29.55,919.571,749.650,37.18,519.758,702.173,32.41,816.143,729.660,38.13,639.702,719.664,33.36,559.739,689.678,46.71,710.528,712.168,39.08,519.758,692.177,33.36,696.160,699.674,33.36,1029.247,787.133,43.85,655.515,737.156,33.36,609.247,749.650,36.22,721.031,727.161,38.13,887.086,729.660,50.52,649.307,732.159,42.90,679.683,699.674,35.27,884.587,739.655,43.85
52.2274,22523.443,23396.108,44.02,87.37,0.15,483.380,780.458,33.61,805.634,815.704,57.62,765.352,765.352,45.14,684.789,855.986,42.26,644.507,762.834,31.69,604.225,747.729,40.34,709.965,765.352,40.34,886.197,805.634,46.10,886.197,795.563,48.02,664.215,775.422,36.49,926.479,767.870,49.94,644.507,785.493,39.38,523.662,725.070,34.57,604.225,855.986,36.49,604.225,725.070,39.38,845.915,775.422,43.22,684.789,745.211,39.38,886.197,775.422,45.14,765.352,886.197,61.46,814.839,762.834,44.18,644.507,735.141,46.10,805.634,785.493,44.18,765.352,840.880,47.06,886.197,785.493,43.22,1087.606,795.563,50.90,684.789,770.387,42.26,765.352,775.422,53.78,676.961,755.282,47.06,765.352,745.211,45.14,1007.042,732.623,46.10
52.3316,24790.728,24724.820,49.83,95.00,0.15,709.731,850.671,47.04,1006.711,815.436,58.56,724.832,835.570,46.08,805.369,845.637,47.04,724.832,810.402,32.64,845.637,883.389,51.84,684.563,775.167,52.80,845.637,845.637,44.16,765.100,785.235,47.04,845.637,805.369,46.08,966.442,775.167,51.84,684.563,835.570,39.36,845.637,855.704,51.84,966.442,835.570,55.68,1087.248,845.637,63.36,604.027,855.704,41.28,1006.711,835.570,55.68,765.100,885.906,49.92,911.073,865.771,68.17,707.214,825.503,44.16,402.684,795.302,38.40,523.490,765.100,41.28,936.241,805.369,52.80,724.832,865.771,48.00,966.442,875.838,48.96,885.906,772.651,50.88,820.666,775.167,52.80,974.268,785.235,60.48,1046.979,805.369,52.80,1006.711,810.402,53.76
52.4408,24185.664,24727.976,49.89,96.57,0.07,628.698,796.670,40.28,844.663,739.080,50.35,655.093,815.867,46.68,767.875,787.072,42.11,600.090,859.060,35.70,439.166,806.269,42.11,921.450,791.871,55.84,767.875,806.269,45.77,1160.999,844.663,64.08,921.450,815.867,40.28,921.450,892.655,53.09,614.300,803.869,42.11,844.663,830.265,54.01,844.663,844.663,52.18,691.088,825.466,54.92,1065.427,796.670,50.35,794.421,854.261,43.02,729.481,832.664,54.01,782.273,883.056,59.50,1207.004,835.064,57.67,652.694,861.460,51.26,1190.206,806.269,55.84,835.064,854.261,53.09,767.875,796.670,47.60,856.661,777.473,46.68,460.725,871.058,35.70,837.614,883.056,67.74,635.897,789.472,48.52,1113.419,813.468,59.50,633.384,813.468,46.68
52.5466,25748.162,24748.390,52.13,97.23,0.07,713.896,822.963,50.12,753.557,803.133,47.28,790.739,808.090,52.95,951.861,862.624,59.57,530.271,822.963,35.93,617.184,813.048,49.17,832.879,827.921,47.28,1110.505,842.794,52.95,902.711,832.879,61.46,515.591,832.879,40.66,793.218,783.302,44.44,1031.183,914.679,47.28,652.855,827.921,52.01,851.663,827.921,58.63,1104.346,813.048,59.57,803.133,803.133,38.77,964.100,803.133,48.23,854.994,790.739,52.01,713.896,793.218,57.68,1070.844,773.387,59.57,912.200,875.018,55.79,594.913,845.273,47.28,1070.844,832.879,59.57,674.235,862.624,47.28,1217.093,803.133,55.79,793.218,775.866,52.01,1063.059,855.188,67.14,800.654,879.976,54.84,793.218,805.612,52.01,1269.303,813.048,56.74
52.6516,24100.328,24563.150,50.91,94.06,0.23,918.622,808.787,54.28,439.341,848.727,39.04,878.682,823.764,56.18,559.161,848.727,39.99,1238.143,848.727,53.33,798.802,808.787,46.66,798.802,743.884,52.37,918.622,858.712,49.52,718.921,828.757,41.90,998.502,836.245,49.52,718.921,818.772,57.13,639.041,768.847,42.85,700.512,818.772,47.61,1179.285,973.539,61.90,605.303,813.779,46.66,718.921,786.320,46.66,758.862,778.832,46.66,856.411,873.689,50.47,798.802,818.772,57.13,878.682,778.832,52.37,798.802,738.891,53.33,758.862,796.305,48.56,918.622,868.697,55.23,758.862,848.727,57.13,998.502,883.674,57.13,838.742,788.817,50.47,718.921,836.245,62.85,688.966,758.862,56.18,678.981,738.891,42.85,818.733,818.772,51.42
52.7576,23985.002,24344.793,45.57,92.83,0.22,1345.344,803.744,55.66,900.773,761.702,47.17,358.594,781.487,26.42,1107.930,791.379,52.83,741.686,801.271,36.79,395.689,830.948,31.13,549.019,845.786,42.45,791.379,801.271,38.68,769.121,830.948,43.40,830.948,813.636,42.45,672.672,830.948,42.45,672.672,761.702,42.45,595.505,830.948,39.62,796.325,732.025,43.40,1345.344,826.002,62.26,712.241,803.744,43.40,949.655,821.056,44.34,870.517,830.948,50.00,791.379,870.517,58.49,870.517,830.948,50.00,937.289,781.487,52.83,870.517,801.271,44.34,989.224,865.571,58.49,672.672,850.732,47.17,791.379,845.786,41.51,672.672,821.056,40.57,791.379,774.067,62.26,633.103,811.163,48.11,847.216,811.163,40.57,712.241,781.487,37.74
52.8626,24566.523,24884.920,48.77,96.76,0.15,599.336,866.540,43.82,1008.297,799.114,54.30,796.617,819.092,49.54,799.114,859.048,53.35,889.249,908.993,45.73,839.070,799.114,56.20,963.932,789.125,54.30,639.291,809.103,37.15,781.634,844.065,48.58,519.424,869.037,42.87,799.114,869.037,39.06,1078.804,889.015,40.96,877.036,809.103,50.49,913.987,899.004,53.35,879.026,849.059,54.30,879.026,789.125,40.96,639.291,849.059,40.01,958.937,849.059,55.25,839.070,819.092,59.06,998.893,759.159,52.39,651.778,859.048,49.54,639.291,769.148,44.77,879.065,884.020,49.54,719.203,849.059,46.68,799.114,789.125,43.82,1038.849,769.148,46.68,1038.849,816.595,59.06,519.424,799.114,46.68,582.909,779.136,46.68,998.893,826.584,58.11
52.9666,25393.949,24364.376,51.18,94.71,0.15,1047.714,805.933,55.72,765.637,836.156,47.08,606.969,831.119,47.08,1128.307,846.230,53.80,805.933,795.859,45.16,1047.714,775.711,51.88,967.120,826.082,53.80,805.933,846.230,43.23,1128.307,800.896,61.49,856.304,816.008,45.16,886.527,826.082,47.08,886.527,765.637,49.96,926.823,790.822,51.88,785.785,775.711,54.76,1047.714,775.711,56.68,644.747,795.859,37.47,765.637,826.082,49.96,994.627,805.933,60.53,886.527,856.304,67.25,886.527,755.563,48.04,886.527,775.711,57.64,740.687,836.156,48.04,725.340,810.971,48.04,515.711,818.526,46.12,685.043,836.156,44.19,1007.417,846.230,54.76,967.120,863.860,59.57,765.637,785.785,51.88,523.857,838.675,42.27,705.231,798.378,54.76
53.0715,24522.665,24575.876,54.21,94.60,0.07,1080.148,820.113,58.18,800.110,720.099,52.46,656.340,840.115,56.27,847.616,817.612,58.18,600.082,800.110,38.15,1010.139,860.118,62.00,400.055,760.104,48.64,640.088,830.114,38.15,882.621,740.102,56.27,1022.914,810.111,43.88,1280.176,780.107,66.77,360.049,870.120,39.11,840.115,825.113,48.64,860.118,930.128,54.37,800.110,820.113,58.18,840.115,820.113,41.97,760.104,860.118,42.92,732.796,850.117,51.51,1160.159,830.114,69.63,680.093,850.117,53.41,880.121,790.109,59.14,1234.935,780.107,63.90,640.088,865.119,61.04,903.210,802.610,59.14,782.608,850.117,51.51,784.873,857.618,57.23,737.601,842.616,64.86,760.104,780.107,61.04,717.599,752.603,50.55,827.575,820.113,59.14
53.1770,23580.776,24430.265,47.18,93.46,0.15,693.322,785.267,49.29,924.429,844.908,50.24,776.570,879.698,41.71,628.711,867.273,46.45,690.953,844.908,36.97,785.267,815.088,43.61,556.645,725.627,41.71,477.125,795.208,36.97,673.441,912.004,46.45,921.672,805.148,46.45,874.728,765.387,50.24,750.477,745.507,44.55,516.885,825.028,38.87,636.166,815.088,40.76,834.968,745.507,45.50,914.489,785.267,49.29,477.125,864.788,40.76,954.249,815.088,49.29,954.249,825.028,57.83,779.909,797.693,44.55,797.693,825.028,46.45,1182.871,825.028,55.93,747.371,815.088,50.24,740.537,849.878,36.97,976.614,834.968,55.93,773.075,770.357,43.61,1056.135,820.058,74.89,1093.488,834.968,64.46,762.902,839.938,48.35,628.711,755.447,36.97
53.2822,25112.813,24696.952,52.90,95.27,0.38,1337.731,841.998,61.77,667.620,807.123,48.46,876.874,777.229,59.87,677.584,849.472,47.51,622.663,846.980,37.06,837.016,827.051,51.32,916.732,886.838,51.32,996.448,817.087,53.22,717.442,749.827,48.46,637.726,797.158,37.06,1100.024,861.927,63.67,1041.288,886.838,55.12,1036.305,807.123,55.12,797.158,837.016,51.32,597.869,856.945,48.46,677.584,849.472,49.41,757.300,797.158,48.46,956.590,837.016,54.17,919.223,864.418,62.72,692.920,802.140,50.37,714.951,797.158,55.12,956.590,747.336,55.12,605.965,837.016,47.51,901.863,844.489,63.67,712.460,837.016,54.17,834.525,804.631,56.07,717.442,832.034,56.07,777.151,817.087,58.92,911.749,757.300,47.51,1116.021,822.069,57.97
53.3877,24121.635,24500.296,47.51,92.42,0.00,773.170,800.517,43.62,795.545,822.892,44.57,795.545,832.836,53.11,1113.763,852.725,55.95,875.099,785.601,44.57,477.327,825.378,38.88,676.213,795.545,45.52,715.990,894.988,41.73,795.545,885.044,49.31,883.839,827.864,42.68,786.649,760.740,45.52,656.325,805.489,38.88,755.768,835.322,45.52,835.322,820.406,50.26,835.322,805.489,48.37,596.659,783.114,36.99,1053.553,795.545,56.90,594.173,860.183,40.78,1389.717,778.142,66.39,636.436,847.752,45.52,676.213,805.489,54.06,556.881,785.601,36.99,795.545,875.099,42.68,952.090,803.003,44.57,875.099,855.211,49.31,1034.208,765.712,50.26,914.877,803.003,65.44,715.990,765.712,57.85,763.226,835.322,43.62,795.545,790.573,45.52
53.4929,24594.775,23973.513,46.47,95.11,0.30,936.757,777.277,51.32,898.921,729.943,50.37,518.185,779.768,38.96,1362.726,797.207,66.52,1076.230,777.277,44.67,797.207,787.242,44.67,1275.531,767.312,48.47,597.905,777.277,36.11,876.928,767.312,46.57,668.868,794.716,35.16,864.471,847.033,51.32,665.793,827.102,37.06,916.788,817.137,46.57,876.928,881.910,53.22,597.905,827.102,45.62,797.207,734.925,43.72,957.194,777.277,41.82,839.559,762.329,52.27,757.347,837.067,52.27,717.486,777.277,46.57,677.626,767.312,45.62,996.509,827.102,46.57,996.509,837.067,48.47,774.786,884.402,44.67,318.883,767.312,29.46,1076.230,854.506,54.17,916.788,839.559,65.57,597.905,817.137,43.72,641.697,727.452,42.77,597.905,807.172,39.91
53.5986,24309.892,24764.295,48.44,94.22,0.15,796.010,882.845,49.19,890.711,813.408,48.25,833.247,823.327,51.08,739.011,833.247,46.35,952.282,858.046,50.14,714.212,805.968,51.08,689.684,813.408,44.46,1239.951,838.207,53.92,753.890,803.488,50.14,991.961,835.727,42.57,553.018,843.166,40.68,1023.579,813.408,53.92,753.890,813.408,52.03,952.282,863.006,55.81,555.498,803.488,39.73,872.925,825.807,47.30,860.526,863.006,49.19,515.819,872.925,44.46,872.925,863.006,56.76,793.568,813.408,46.35,912.604,793.568,46.35,1110.996,773.729,51.08,456.302,833.247,36.89,833.247,830.767,52.98,694.837,843.166,45.41,515.819,805.968,38.79,674.533,850.606,53.92,985.490,783.649,58.65,977.507,783.649,50.14,793.568,783.649,45.41
53.7066,25406.646,25087.103,51.30,96.65,0.14,776.766,796.185,45.37,1087.472,796.185,60.19,699.089,786.475,44.45,660.251,873.861,47.22,815.604,888.426,41.67,854.442,890.853,51.85,567.744,854.442,38.89,1000.086,839.878,52.78,737.927,893.280,51.85,970.957,822.886,47.22,628.695,796.185,52.78,815.604,844.733,49.08,1048.634,835.023,57.41,970.957,893.280,58.34,660.251,776.766,52.78,660.251,864.152,37.97,924.837,815.604,46.30,970.957,864.152,57.41,970.957,856.870,62.97,617.013,771.911,46.30,1048.634,844.733,60.19,919.716,844.733,48.15,1068.053,854.442,54.63,582.574,837.450,50.93,640.377,815.604,46.30,1087.472,854.442,61.11,815.604,798.612,55.56,899.614,844.733,61.11,1129.344,873.861,55.56,776.766,757.346,42.59
53.8164,24685.976,24559.752,50.74,96.39,0.29,491.613,840.548,44.64,1031.581,830.996,51.92,630.411,869.203,40.99,1038.745,869.203,68.32,611.307,783.238,40.08,725.928,802.341,56.48,792.789,764.134,44.64,1107.995,840.548,53.74,993.375,754.583,51.01,959.944,869.203,48.28,871.591,830.996,51.92,534.894,814.281,38.26,1031.581,773.686,52.83,802.341,802.341,53.74,888.306,869.203,55.57,979.047,768.910,41.90,916.961,859.651,44.64,840.548,811.893,53.74,764.134,814.281,62.85,522.656,816.668,39.17,725.928,783.238,52.83,1005.575,811.893,55.57,840.548,830.996,49.19,687.721,847.711,50.10,878.754,878.754,59.21,687.721,754.583,45.55,802.341,869.203,62.85,895.470,773.686,54.66,900.246,725.928,45.55,725.928,897.858,51.92
53.9226,24671.419,24182.336,50.36,94.24,0.23,952.796,774.822,52.71,1421.329,769.887,65.89,572.480,799.498,48.01,987.034,789.627,57.42,750.146,789.627,43.30,750.146,789.627,41.42,838.979,750.146,46.12,750.146,769.887,48.01,750.146,814.303,49.89,863.655,799.498,48.01,631.702,774.822,42.36,829.109,836.511,46.12,473.776,898.201,44.24,710.665,809.368,45.18,1214.052,779.757,61.19,725.470,784.692,40.48,710.665,848.849,48.01,695.859,866.122,49.89,947.553,816.771,61.19,981.945,789.627,58.36,1065.997,799.498,55.54,905.604,799.498,49.89,789.627,908.071,58.36,801.965,792.095,44.24,538.203,843.914,42.36,987.034,799.498,48.95,459.048,809.368,46.12,811.836,789.627,59.30,925.345,809.368,53.65,829.109,779.757,54.60
54.0276,24211.678,25207.138,51.94,95.60,0.14,719.063,898.828,54.29,559.271,808.945,44.76,838.906,838.906,47.62,759.010,868.867,57.15,719.063,888.841,44.76,958.750,826.423,58.10,918.802,858.880,59.05,439.427,898.828,46.67,798.958,876.358,47.62,1230.895,848.893,52.38,639.167,883.848,50.48,1238.386,781.481,56.19,639.167,798.958,49.53,918.802,866.371,48.57,838.906,868.867,52.38,798.958,848.893,50.48,726.553,778.984,50.48,1293.314,821.429,55.24,719.063,856.384,54.29,701.585,818.932,47.62,599.219,878.854,49.53,641.663,788.971,44.76,679.115,806.449,51.43,619.115,878.854,40.95,853.614,833.913,54.29,766.501,846.397,50.48,760.103,818.932,59.05,878.854,818.932,63.81,1158.490,788.971,62.86,798.958,808.945,53.34
54.1364,24098.577,24437.459,52.20,95.81,0.15,891.438,756.518,49.63,693.876,790.248,49.63,925.169,828.797,62.50,655.328,799.885,42.28,1195.009,799.885,45.95,1117.912,811.932,58.82,732.425,802.295,51.47,848.071,828.797,46.87,554.137,804.704,52.39,508.361,819.160,32.17,848.071,838.434,51.47,578.230,864.936,48.71,823.978,770.974,52.39,913.122,821.569,54.23,811.932,799.885,55.14,689.472,804.704,47.79,1072.135,876.983,56.06,539.682,790.248,45.95,801.956,836.025,60.66,616.779,761.337,56.06,684.239,768.564,45.03,732.425,799.885,50.55,1019.131,901.076,55.14,739.728,845.662,48.71,750.457,838.434,53.31,624.685,831.206,52.39,1111.964,867.345,68.93,652.881,780.611,56.06,809.522,809.522,52.39,1156.461,787.839,63.42
54.2415,24842.880,24170.613,48.37,94.59,0.08,618.672,828.222,52.34,718.458,808.265,42.82,1037.772,813.254,52.34,758.372,868.136,51.39,957.944,838.201,35.21,758.372,858.158,47.58,678.543,743.404,44.73,718.458,768.351,40.92,863.147,780.824,47.58,1117.601,788.308,44.73,798.286,788.308,43.78,957.944,818.243,50.44,703.490,798.286,41.87,543.833,838.201,42.82,715.963,798.286,38.07,842.761,813.254,47.58,957.944,778.329,51.39,838.201,868.136,51.39,814.268,800.781,52.34,481.466,808.265,38.07,1007.836,780.824,49.48,1117.601,808.265,58.05,461.509,795.792,35.21,957.944,793.297,51.39,739.701,783.318,48.53,782.617,798.286,50.44,1097.644,798.286,66.61,1040.306,768.351,70.42,878.115,768.351,51.39,878.115,870.631,52.34
54.3466,24716.322,24777.586,50.65,95.72,0.08,932.838,848.035,55.19,877.966,778.197,50.43,1037.596,803.139,44.72,478.890,877.966,40.91,838.058,848.035,42.82,714.010,788.174,44.72,678.428,815.610,47.57,957.781,838.058,52.33,598.613,887.942,48.52,718.335,858.012,46.62,948.934,828.081,50.43,798.151,828.081,42.82,1356.856,828.081,66.60,985.217,897.919,53.28,758.243,768.220,49.48,877.966,768.220,49.48,917.873,828.081,44.72,641.015,818.104,48.52,1109.266,848.035,70.41,1035.101,808.127,57.09,723.324,818.104,52.33,668.412,768.220,52.33,558.705,788.174,49.48,598.613,843.047,40.91,678.428,835.564,49.48,558.705,818.104,46.62,798.151,808.127,55.19,1197.226,877.966,69.46,1035.101,877.966,55.19,638.520,778.197,41.86
54.4526,24155.217,24374.353,49.91,93.60,0.15,633.100,811.159,43.40,925.924,764.172,50.00,702.461,741.914,50.00,537.617,806.213,47.17,642.992,801.267,37.74,1059.817,845.782,53.77,452.568,751.806,46.23,561.382,811.159,38.68,939.758,811.159,50.00,672.669,761.699,37.74,795.007,801.267,44.34,791.375,801.267,46.23,856.640,850.728,53.77,1028.788,877.932,57.55,571.274,798.794,48.11,593.531,860.620,34.91,989.219,860.620,47.17,835.890,825.998,47.17,1020.209,830.944,66.98,934.619,781.483,56.60,905.135,771.591,56.60,761.737,850.728,50.00,989.219,890.297,59.43,712.238,821.052,50.00,633.100,848.255,43.40,949.650,860.620,53.77,949.650,877.932,64.15,751.806,771.591,55.66,533.367,741.914,46.23,1424.475,744.387,60.38
54.5584,25095.391,24543.301,46.64,96.10,0.22,1149.205,802.462,58.58,895.572,849.520,47.24,723.090,842.090,41.57,690.041,827.229,42.52,703.392,822.276,34.96,805.403,780.171,43.46,695.962,827.229,49.13,745.497,842.090,34.96,960.973,802.462,44.41,634.044,842.090,36.85,639.191,861.903,48.18,1030.321,812.369,45.35,1083.842,802.462,46.30,515.161,844.566,41.57,458.196,824.752,35.90,792.555,752.927,39.68,951.066,802.462,41.57,785.125,844.566,39.68,999.285,842.090,59.52,569.842,795.032,42.52,935.741,802.462,46.30,1069.949,782.648,51.02,911.438,878.109,53.85,1015.654,851.996,52.91,832.183,851.996,51.96,904.124,792.555,51.96,1069.949,814.845,63.30,813.607,834.659,55.74,763.918,733.113,48.18,951.066,780.171,50.07
54.6636,24884.111,25199.136,50.65,96.25,0.22,757.757,817.580,54.20,757.757,767.727,52.30,1116.694,857.462,57.05,917.285,887.373,56.10,1116.694,907.314,51.35,797.639,864.940,48.49,997.049,867.432,58.00,558.347,907.314,39.94,756.822,797.639,49.44,837.521,847.491,37.08,398.819,787.668,31.38,745.294,847.491,43.74,558.347,807.609,51.35,1196.458,887.373,62.76,1116.694,847.491,66.56,677.993,817.580,41.84,677.993,857.462,38.99,837.521,859.954,56.10,717.875,857.462,55.15,997.049,812.595,52.30,773.180,847.491,50.40,837.521,807.609,50.40,518.465,838.748,42.79,1054.184,937.226,58.00,358.937,817.580,32.33,924.646,777.698,44.69,877.403,817.580,60.86,716.707,785.176,54.20,1408.058,837.521,64.66,877.403,827.550,57.05
54.7724,24253.622,24628.661,49.12,96.63,0.30,750.002,818.868,40.42,924.839,770.699,53.29,739.390,828.502,46.86,770.699,799.601,45.02,770.699,770.699,33.99,770.699,828.502,53.29,732.164,799.601,50.53,924.839,780.333,44.10,1079.882,876.671,55.12,847.769,818.868,47.77,1001.909,867.037,52.37,1091.021,857.403,50.53,539.490,857.403,49.61,809.234,847.769,49.61,924.839,818.868,49.61,539.490,751.432,40.42,693.629,789.967,44.10,963.374,833.319,52.37,423.885,838.136,50.53,500.955,821.276,39.51,886.304,780.333,48.69,655.094,818.868,51.45,655.094,895.938,41.34,1038.036,802.009,55.12,693.629,857.403,47.77,963.374,828.502,53.29,963.374,838.136,69.82,789.892,789.967,56.04,885.175,818.868,48.69,924.839,823.685,52.37
54.8776,24603.661,24354.154,48.76,95.34,0.15,939.042,797.925,50.41,558.547,867.743,40.90,1029.821,867.743,50.41,877.717,887.691,57.07,797.925,807.899,45.66,877.717,787.951,52.32,718.132,758.028,46.61,797.925,797.925,43.76,957.509,817.873,55.17,678.236,768.002,34.24,718.132,827.847,38.05,917.613,837.821,43.76,837.821,857.769,58.02,1117.094,827.847,54.22,1236.783,787.951,57.07,957.509,807.899,46.61,598.443,847.795,39.95,718.132,822.860,48.51,1156.991,777.976,63.73,683.223,837.821,46.61,765.509,797.925,53.27,1117.094,748.054,52.32,478.755,817.873,42.80,558.547,795.431,39.00,718.132,807.899,46.61,877.717,777.976,51.36,718.132,827.847,54.22,837.821,787.951,54.22,599.612,807.899,45.66,758.028,792.938,50.41
54.9818,24262.953,24899.312,49.11,94.36,0.08,804.582,804.582,46.04,743.885,744.239,52.75,643.666,784.468,44.12,844.812,824.697,46.04,683.895,864.926,39.32,804.582,874.983,47.00,1045.957,804.582,52.75,844.812,854.869,40.28,774.411,814.640,41.24,975.674,864.926,46.04,804.582,794.525,53.71,698.981,844.812,47.00,724.124,784.468,47.96,761.839,864.926,52.75,734.181,869.955,50.83,764.353,849.840,44.12,522.979,834.754,41.24,844.812,834.754,51.79,1098.758,874.983,68.10,1081.158,754.296,51.79,779.439,834.754,53.71,1005.728,834.754,50.83,683.895,864.926,55.63,844.812,852.354,52.75,522.979,874.983,46.04,925.270,834.754,47.00,925.270,834.754,57.55,804.582,824.697,55.63,643.666,764.353,39.32,925.270,834.754,49.88
55.0873,24580.535,23785.692,50.91,93.98,0.08,715.682,785.263,50.24,616.631,785.263,40.76,675.922,805.143,49.29,834.963,805.143,49.29,715.682,815.083,36.02,665.943,805.143,46.45,805.143,785.263,45.50,874.723,795.203,48.35,825.023,795.203,52.14,427.305,815.083,33.18,1153.044,755.442,56.88,1098.374,745.502,54.03,636.162,785.263,45.50,956.728,807.628,48.35,930.519,790.233,48.35,954.243,750.472,54.98,1232.564,765.382,57.83,556.642,815.083,43.61,981.578,815.083,60.67,795.203,785.263,54.03,693.317,755.442,46.45,795.203,765.382,55.93,795.203,795.203,46.45,795.203,821.732,54.03,1073.523,825.023,63.51,715.682,825.023,47.40,994.003,825.023,65.41,755.442,765.382,57.83,795.203,795.203,50.24,715.682,805.143,64.46
55.1919,24586.109,24756.301,50.44,95.58,0.15,641.459,816.858,43.01,801.824,821.869,46.84,568.794,819.363,47.79,721.641,831.892,45.88,1002.279,801.824,42.06,819.403,774.261,50.66,561.276,841.915,38.23,962.188,811.846,46.84,801.824,824.375,49.70,1054.938,791.801,51.62,882.006,882.006,53.53,681.550,851.937,41.10,408.429,839.409,43.01,717.804,849.432,53.53,815.722,819.363,55.44,601.368,829.386,39.19,962.188,882.006,53.53,681.550,831.892,53.53,1102.507,859.455,65.00,1057.483,791.801,60.22,1002.279,806.835,58.31,641.459,801.824,43.97,1122.553,892.029,60.22,841.915,821.869,49.70,841.915,831.892,58.31,721.641,771.755,43.01,801.824,861.960,57.35,1002.279,791.801,66.91,1002.279,771.755,49.70,761.732,831.892,44.92
55.2976,25087.809,24998.552,53.52,96.39,0.29,754.374,888.374,52.06,913.189,794.078,51.12,831.300,816.411,50.17,714.670,853.633,49.22,749.411,863.559,37.86,826.337,841.226,57.74,744.448,779.189,45.44,692.453,875.967,51.12,913.189,826.337,48.28,1019.855,823.855,48.28,967.782,823.855,58.69,1111.709,863.559,53.01,588.114,806.485,47.33,937.190,843.707,54.90,992.597,776.707,54.90,794.078,816.411,52.06,419.140,813.929,39.76,674.966,843.707,50.17,655.114,846.189,58.69,739.407,875.967,51.12,833.781,858.596,56.80,1270.524,828.818,67.21,873.485,843.707,56.80,851.423,888.374,55.85,754.374,843.707,58.69,794.078,784.152,55.85,1151.412,863.559,74.78,674.966,866.041,58.69,992.597,784.152,54.90,851.850,764.300,53.96
55.4066,24456.352,23951.083,47.19,93.97,0.15,577.192,769.590,44.95,769.590,788.830,44.04,533.903,776.805,36.70,654.151,827.309,42.20,793.640,769.590,40.37,769.590,817.689,45.87,808.069,733.515,44.04,791.122,873.004,45.87,1154.385,832.119,53.21,1000.467,817.689,43.12,1024.517,836.929,48.62,577.192,817.689,36.70,692.631,827.309,53.21,711.533,836.929,45.87,715.666,808.069,51.38,769.590,779.210,38.53,786.650,808.069,48.62,923.508,836.929,51.38,577.192,808.069,54.13,923.508,738.325,45.87,1038.946,721.491,45.87,1154.385,812.879,59.63,702.251,808.069,51.38,829.451,774.400,48.62,1000.467,798.450,51.38,961.987,779.210,46.79,1000.467,769.590,61.47,461.754,757.565,41.28,885.028,836.929,46.79,867.517,788.830,47.71
55.5116,23962.316,24369.297,46.53,93.28,0.22,876.294,811.311,49.52,918.654,778.859,50.47,1015.972,811.311,46.66,733.925,808.815,42.85,818.800,828.786,42.85,758.888,778.859,40.95,559.181,866.231,41.90,878.713,778.859,38.09,935.387,778.859,53.33,1063.442,821.297,49.52,838.771,786.348,54.28,651.545,798.830,39.04,619.093,788.844,46.66,738.917,833.778,41.90,894.744,808.815,53.33,838.771,798.830,48.57,838.771,868.727,44.76,798.830,798.830,43.80,439.356,858.742,45.71,1078.420,773.866,55.23,816.304,821.297,42.85,552.589,778.859,42.85,1028.493,848.757,50.47,798.830,888.698,46.66,679.005,808.815,40.95,878.713,858.742,48.57,519.239,798.830,49.52,718.947,828.786,48.57,914.832,748.903,48.57,758.888,808.815,47.61
55.6176,24733.651,25054.601,49.03,96.94,0.07,1197.003,907.704,54.72,831.031,831.031,50.01,655.465,831.031,50.01,855.764,858.238,54.72,910.177,880.497,45.29,558.967,868.131,46.23,751.885,754.359,45.29,989.323,821.138,47.17,888.536,880.497,46.23,806.298,828.558,44.34,910.177,853.291,51.89,897.810,850.818,48.12,811.167,831.031,48.12,890.391,900.284,45.29,522.757,801.351,42.46,791.458,850.818,50.01,791.458,781.565,45.29,791.458,848.344,50.01,873.077,791.458,54.72,870.604,806.298,50.95,734.572,828.558,45.29,718.844,791.458,42.46,514.448,850.818,49.06,910.177,865.657,48.12,524.341,860.711,43.40,712.312,850.818,41.51,949.750,840.924,62.27,1089.492,776.618,64.16,956.010,821.138,53.78,1028.896,791.458,50.01
55.7224,25052.353,25099.676,51.45,98.06,0.14,792.806,760.293,44.84,840.324,805.310,53.43,1087.919,860.332,59.15,720.278,872.836,54.38,986.279,850.328,46.75,677.761,792.806,50.56,1160.447,872.836,66.78,920.355,790.305,42.93,765.412,817.815,49.61,800.309,870.336,41.98,680.262,817.815,45.79,927.858,740.285,49.61,703.357,820.316,44.84,570.220,872.836,41.98,871.938,880.339,52.47,640.247,817.815,48.66,972.875,830.320,52.47,1040.401,902.848,57.24,1151.186,920.355,60.10,680.262,830.320,42.93,1040.401,900.347,57.24,600.231,832.821,41.98,640.247,890.343,47.70,960.370,812.813,50.56,910.351,810.312,52.47,962.871,820.316,58.20,907.850,880.339,70.60,779.050,835.322,57.24,380.147,790.305,40.07,880.339,800.309,61.06
55.8316,24960.683,24584.168,49.25,96.37,0.15,511.170,863.950,38.45,680.998,763.156,38.45,683.960,811.153,42.11,847.151,880.749,49.44,896.685,892.748,46.69,995.942,825.552,57.67,784.754,806.353,51.27,1075.137,863.950,55.84,729.557,799.153,44.86,844.751,825.552,41.20,921.546,779.955,43.94,722.358,873.549,43.94,1245.040,825.552,58.59,719.958,866.350,49.44,981.543,784.754,55.84,691.160,751.156,39.37,1024.740,863.950,52.18,998.342,796.754,54.01,697.647,806.353,54.93,998.342,806.353,51.27,767.955,736.757,54.93,806.353,784.754,45.77,844.751,806.353,50.35,691.160,837.551,46.69,722.358,931.146,45.77,523.882,767.955,43.03,832.751,844.751,58.59,767.955,777.555,52.18,1053.539,806.353,54.93,899.198,803.953,55.84
55.9376,23868.842,24715.139,46.18,94.79,0.30,779.306,791.676,45.30,710.614,813.942,47.19,851.090,885.688,45.30,717.456,813.942,39.64,1187.514,761.988,48.13,826.583,853.526,46.24,881.358,779.306,47.19,672.925,838.682,38.69,672.925,848.578,40.58,535.000,811.468,38.69,625.726,863.422,41.53,1093.773,851.052,51.91,619.541,828.786,41.53,883.214,831.260,51.91,1046.497,813.942,49.08,752.092,833.734,43.41,677.873,843.630,44.36,845.679,833.734,45.30,905.480,868.370,67.01,717.456,801.572,49.08,655.645,757.040,40.58,843.630,821.364,41.53,682.859,905.480,45.30,1035.093,813.942,47.19,722.404,796.624,46.24,802.384,818.890,50.96,665.503,826.312,51.91,810.772,831.260,55.68,912.902,761.988,41.53,735.548,813.942,42.47
56.0432,25078.760,24388.476,50.37,94.49,0.15,595.628,823.952,43.55,806.579,771.834,47.34,853.694,784.243,50.18,645.884,843.806,54.91,635.336,823.952,42.60,878.280,831.397,53.96,845.667,727.162,47.34,476.502,833.879,40.71,953.004,796.652,46.39,773.696,784.243,41.66,1198.895,831.397,53.02,818.717,821.470,42.60,847.723,756.944,47.34,861.178,853.733,53.96,754.462,774.316,49.23,794.170,781.761,39.76,749.498,781.761,41.66,898.832,811.543,58.70,680.008,816.506,61.54,511.247,814.025,48.28,970.338,878.551,55.86,781.761,833.879,48.28,1101.873,848.770,52.07,907.363,821.470,51.12,1029.940,818.988,54.91,1033.352,816.506,56.80,1034.903,823.952,64.38,1030.638,823.952,58.70,775.712,833.879,48.28,833.879,823.952,55.86
56.1473,24483.482,24692.512,51.64,94.82,0.15,1128.685,796.126,58.63,765.894,775.971,47.09,644.963,806.204,45.17,828.248,836.436,49.98,1168.996,866.669,51.90,1048.065,765.894,63.43,564.343,811.243,50.94,564.343,828.878,49.01,644.963,836.436,48.05,846.514,866.669,45.17,1007.755,791.088,57.66,1037.987,818.801,50.94,886.824,927.134,51.90,685.273,806.204,51.90,1209.306,886.824,58.63,846.514,866.669,52.86,725.583,854.072,47.09,927.134,838.956,47.09,765.894,806.204,56.70,483.722,765.894,43.25,886.824,828.878,52.86,765.894,705.428,45.17,483.722,796.126,40.36,592.253,889.344,49.98,806.204,803.684,51.90,846.514,896.902,57.66,944.180,851.553,61.51,667.638,765.894,52.86,661.182,796.126,49.01,1048.065,806.204,60.55
56.2526,25216.039,24854.562,51.88,97.19,0.22,756.714,866.238,48.43,1077.819,846.325,62.67,995.676,886.152,59.82,1115.157,816.454,55.07,995.676,786.584,45.58,779.116,858.771,49.38,517.752,871.216,40.83,796.541,816.454,47.48,677.060,796.541,51.28,989.842,836.368,44.63,955.849,831.389,55.07,772.116,846.325,41.78,677.060,756.714,49.38,955.849,886.152,56.97,716.887,789.073,49.38,708.719,756.714,41.78,916.022,838.857,47.48,836.368,843.835,53.17,1037.992,911.044,76.91,677.060,816.454,51.28,960.827,789.073,58.87,796.541,828.900,50.33,1082.798,856.281,63.62,762.742,873.706,53.17,677.060,868.727,40.83,477.924,776.627,44.63,729.916,796.541,58.87,781.606,813.965,56.02,955.849,796.541,48.43,1035.503,796.541,53.17
56.3616,24265.459,24929.625,50.83,95.61,0.22,705.543,817.759,50.46,735.983,808.138,47.71,615.724,808.138,45.88,1010.173,841.811,59.64,846.621,856.242,36.70,651.802,805.733,47.71,509.897,769.656,41.29,846.621,894.725,45.88,1116.001,875.483,62.39,617.942,817.759,34.87,538.759,846.621,39.45,925.391,817.759,47.71,776.871,837.000,56.89,962.069,829.785,53.22,853.837,822.569,52.30,892.996,856.242,45.88,731.173,856.242,44.96,680.814,856.242,53.22,969.285,793.707,66.06,1269.932,856.242,61.47,1200.182,844.216,67.90,692.690,853.837,51.38,685.474,865.863,49.55,621.737,827.380,40.37,776.871,837.000,50.46,887.509,755.225,52.30,538.759,894.725,53.22,911.561,798.518,58.72,846.621,779.276,53.22,846.621,805.733,54.13
56.4727,24848.672,24346.863,50.29,96.60,0.29,871.837,801.892,47.68,974.063,820.760,53.08,754.722,764.156,44.98,783.024,882.081,52.18,1242.933,797.175,53.08,842.061,839.628,46.78,745.288,764.156,47.68,716.986,754.722,43.19,830.194,811.326,53.98,1059.964,820.760,47.68,641.514,801.892,48.58,889.304,801.892,49.48,898.591,849.062,44.98,603.778,903.308,48.58,558.966,813.685,40.49,716.986,764.156,44.09,754.722,783.024,44.09,615.423,839.628,51.28,820.760,811.326,58.48,528.305,764.156,45.88,818.402,754.722,53.08,716.986,792.458,44.98,867.930,870.289,57.58,1132.083,792.458,55.78,785.383,811.326,44.09,925.345,863.213,50.38,679.250,820.760,56.68,846.704,837.270,65.68,1019.612,783.024,53.08,1207.555,832.553,61.18
56.5796,24909.163,25526.022,46.79,95.71,0.14,1160.459,834.157,55.22,762.970,824.343,39.31,667.325,863.598,40.24,750.741,839.064,42.12,944.560,917.572,51.47,1145.662,843.970,55.22,1020.615,912.666,54.28,667.325,893.038,36.50,902.852,794.902,45.86,942.106,863.598,45.86,942.106,834.157,53.35,706.580,843.970,39.31,834.157,834.157,38.37,549.562,853.784,40.24,549.562,843.970,35.56,981.361,853.784,43.99,628.071,898.769,38.37,667.325,841.517,42.12,1085.439,932.293,70.19,628.071,843.970,31.82,902.852,843.970,48.67,745.834,785.089,45.86,549.562,812.076,37.44,942.106,932.293,52.41,1113.845,912.666,59.90,958.437,765.462,50.54,795.362,843.970,67.38,873.411,809.623,56.15,784.322,848.877,44.92,706.580,804.716,41.18
56.6896,25042.608,25335.735,54.29,98.42,0.22,1181.666,876.720,66.34,821.962,798.101,52.71,636.582,831.454,46.35,1093.517,883.867,62.71,838.601,790.954,43.62,733.776,800.483,48.17,609.892,810.013,49.98,836.033,848.131,53.62,565.222,876.720,47.26,1153.077,867.190,53.62,895.146,867.190,56.35,952.956,848.131,55.44,600.362,817.160,50.89,978.157,869.572,58.16,881.484,845.749,58.16,807.630,838.601,49.08,883.867,782.820,56.35,505.141,848.131,45.44,890.009,905.308,59.98,876.720,810.013,59.07,686.128,857.661,54.53,686.128,838.601,45.44,762.365,962.486,53.62,609.892,831.454,51.80,862.425,790.954,49.98,938.550,926.750,62.71,1236.163,862.425,72.70,968.218,824.307,67.25,724.247,833.837,46.35,826.689,790.954,50.89
56.7986,25004.624,25594.017,52.36,98.60,0.30,538.771,781.699,40.37,603.712,829.803,48.63,776.137,844.235,53.22,892.339,901.960,55.97,538.771,875.503,34.87,952.470,894.744,52.30,808.156,827.398,55.05,1157.102,875.503,50.46,1216.443,827.398,64.23,913.986,824.993,49.55,558.651,894.744,43.12,615.738,894.744,53.22,692.705,858.666,56.89,1052.099,873.097,63.31,841.829,839.424,51.38,954.875,846.640,54.13,1070.326,926.012,50.46,990.878,916.391,58.72,846.640,798.535,55.05,560.681,851.450,45.88,1072.731,779.293,58.72,731.189,844.235,45.88,654.222,817.777,45.88,824.993,882.718,50.46,1120.836,913.986,56.89,630.282,844.235,40.37,890.009,822.588,67.90,946.682,851.450,57.80,692.705,798.535,48.63,858.666,856.261,61.47
56.9037,24484.232,28942.264,58.40,97.88,0.23,758.356,1035.256,59.00,730.916,927.988,53.29,364.483,997.837,39.02,758.356,927.988,51.39,918.010,997.837,53.29,918.010,977.880,55.19,758.356,908.032,53.29,718.443,967.902,55.19,780.807,1007.815,53.29,678.529,960.418,42.82,918.010,927.988,62.81,878.097,967.902,59.00,918.010,987.859,59.00,678.529,1007.815,59.00,678.529,960.418,59.95,838.183,898.053,53.29,997.837,982.869,67.56,878.097,927.988,58.05,878.097,1027.772,70.42,775.545,913.021,59.95,922.999,972.891,65.66,798.270,890.570,59.95,848.200,1057.707,63.76,980.375,997.837,60.90,593.713,947.945,51.39,957.924,898.053,60.90,845.433,997.837,66.61,878.097,942.956,76.13,798.270,927.988,58.05,1037.751,997.837,63.76
57.0082,24916.402,28642.722,57.77,97.99,0.22,923.230,963.371,62.21,722.528,893.125,55.51,1083.792,943.301,61.25,802.809,1023.582,61.25,1043.652,993.476,55.51,699.008,890.616,55.51,1121.463,903.160,50.72,642.247,973.406,51.68,802.809,968.388,58.38,1071.327,953.336,57.42,963.371,990.967,68.91,1123.933,953.336,61.25,802.809,903.160,51.68,802.809,983.441,55.51,842.950,970.897,60.29,762.669,933.266,54.55,1164.073,913.195,62.21,642.247,1053.687,51.68,602.107,913.195,66.03,561.966,923.230,48.81,842.950,898.143,53.59,682.388,963.371,60.29,792.774,993.476,52.64,923.230,975.915,61.25,521.826,1043.652,61.25,883.090,953.336,58.38,842.950,1013.546,73.69,762.669,898.143,59.34,720.059,945.809,54.55,762.669,913.195,47.85
57.1136,24446.433,25858.798,54.20,97.86,0.14,815.704,853.007,52.18,596.856,835.599,51.23,748.246,825.651,51.23,915.180,875.389,55.97,756.018,843.059,39.84,1137.446,937.562,58.82,1116.580,920.153,63.56,596.856,865.442,38.90,875.389,850.520,56.92,569.423,885.337,33.20,646.594,877.876,52.18,785.861,825.651,46.49,1014.656,875.389,62.61,954.970,915.180,59.77,572.920,798.295,51.23,716.228,870.415,47.43,716.228,905.232,39.84,915.180,815.704,61.66,915.180,897.771,79.69,871.698,870.415,58.82,756.018,902.745,57.87,994.760,845.546,59.77,716.228,845.546,54.07,676.437,892.798,51.23,1153.922,845.546,55.97,994.760,885.337,57.87,716.228,793.321,59.77,756.018,875.389,63.56,808.204,793.321,54.07,636.647,835.599,50.28
57.2226,24679.679,27223.213,56.20,98.12,0.23,865.679,868.084,60.54,769.493,884.917,55.96,815.482,961.866,56.87,654.069,913.773,54.12,846.442,877.703,43.11,654.069,884.917,47.70,884.917,860.870,54.12,577.120,904.154,51.37,731.018,913.773,56.87,500.170,923.391,35.77,1029.197,887.321,62.38,894.535,942.629,62.38,865.679,971.485,61.46,884.917,942.629,62.38,792.638,930.605,63.29,692.544,870.489,41.28,1000.341,913.773,60.54,731.018,940.224,58.71,824.800,901.749,66.96,763.481,889.726,52.29,1154.239,848.847,59.62,538.645,904.154,41.28,884.917,961.866,61.46,961.866,875.298,56.87,961.866,933.010,62.38,692.544,918.582,50.45,807.967,981.103,71.55,1101.337,875.298,66.05,836.823,884.917,54.12,961.866,856.061,54.12
57.3276,25191.254,24386.870,49.25,97.90,0.22,943.443,819.055,53.34,1078.756,849.021,56.20,719.170,801.575,44.77,878.986,888.975,49.53,1013.948,898.963,48.58,799.078,761.621,43.82,702.978,739.147,42.87,559.355,839.032,40.96,614.291,819.055,42.87,1158.663,759.124,47.63,1158.663,796.581,57.15,839.032,819.055,48.58,998.848,769.113,49.53,586.823,809.067,41.91,618.700,809.067,42.87,883.980,814.061,49.53,759.124,819.055,52.39,839.032,816.558,44.77,1076.259,839.032,60.01,649.212,791.587,45.72,958.894,799.078,50.49,679.217,799.078,47.63,814.061,789.090,58.11,878.986,888.975,57.15,958.894,799.078,49.53,878.986,784.096,46.68,878.986,821.552,60.01,774.107,789.090,55.25,891.472,829.044,41.91,599.309,829.044,47.63
57.4356,25539.205,23845.785,51.20,97.40,0.14,877.848,825.282,50.93,854.409,747.608,49.07,970.920,784.018,58.33,932.083,776.736,54.63,451.364,747.608,31.48,815.572,871.400,60.19,947.822,854.409,56.48,660.225,786.445,38.89,878.682,805.863,57.41,970.920,791.299,42.59,699.062,815.572,50.93,543.715,796.154,48.15,660.225,776.736,44.45,711.199,854.409,46.30,990.907,805.863,53.70,927.228,781.590,45.37,893.246,786.445,48.15,1273.991,801.009,60.19,1082.575,895.673,72.22,660.225,784.018,46.30,978.201,796.154,54.63,815.572,747.608,47.22,1150.540,815.572,55.56,779.163,757.317,46.30,1126.267,844.700,54.63,776.736,757.317,49.07,932.083,776.736,60.19,753.600,737.899,56.48,764.599,747.608,53.70,660.225,776.736,42.59
57.5466,25251.876,23120.118,46.36,98.12,0.07,747.446,765.082,41.44,596.982,736.746,36.03,654.098,765.082,39.63,699.812,793.418,45.04,840.756,774.527,45.04,906.764,710.771,47.74,642.291,765.082,46.84,793.418,757.998,41.44,1064.975,781.612,46.84,906.764,802.864,37.83,906.764,746.191,45.94,680.073,746.191,46.84,835.923,765.082,43.24,1286.907,774.527,58.55,528.946,746.191,41.44,1020.109,776.889,48.64,755.637,765.082,41.44,903.333,757.998,41.44,897.318,753.275,54.05,755.637,746.191,39.63,597.425,783.973,38.73,793.418,774.527,48.64,1057.891,833.562,44.14,1306.425,802.864,53.15,593.108,793.418,43.24,793.418,765.082,48.64,906.764,840.646,66.66,916.763,802.864,58.55,1017.748,746.191,51.34,844.963,746.191,48.64
57.6556,25248.599,23143.749,50.12,98.64,0.07,796.014,750.357,46.79,623.343,759.977,46.79,775.121,788.837,48.62,1134.291,836.937,55.96,682.904,788.837,40.37,640.817,791.242,55.05,1000.476,711.877,57.80,673.397,784.027,34.86,884.961,697.447,46.79,654.157,812.887,37.61,680.537,767.192,51.38,1137.448,788.837,47.71,995.666,779.217,48.62,1079.878,784.558,58.72,654.157,726.307,50.46,692.637,726.307,43.12,1012.538,803.267,50.46,774.181,805.672,48.62,808.077,759.977,57.80,863.579,772.002,53.21,769.597,745.547,47.71,1024.526,779.217,56.88,726.307,824.912,60.55,863.128,824.912,47.71,742.729,769.597,43.12,1000.476,788.837,51.38,808.077,740.737,63.30,858.844,740.737,48.62,1046.171,733.522,54.13,844.565,759.977,49.54
57.7645,25103.191,26408.626,55.02,99.21,0.14,859.618,943.853,60.62,1040.165,828.279,57.87,911.837,905.329,60.62,809.017,859.581,54.19,731.968,895.697,44.09,899.422,890.882,51.44,886.066,866.804,46.84,828.279,898.105,52.35,609.246,936.630,61.54,654.919,847.542,35.82,859.656,878.843,56.03,1057.132,905.329,55.11,684.000,876.435,55.11,784.939,943.853,56.03,693.443,910.144,51.44,770.492,849.949,48.68,835.465,890.882,53.27,776.963,914.960,53.27,750.327,905.329,62.46,827.978,864.396,53.27,1232.788,866.804,65.21,746.414,828.279,50.52,890.882,857.173,55.11,806.271,869.212,56.03,770.492,866.804,58.78,822.899,833.095,53.27,834.938,886.066,67.97,1203.443,847.542,71.64,688.628,864.396,46.84,835.503,876.435,55.11
57.8734,24062.957,27684.552,60.37,98.72,0.21,654.174,856.198,56.88,928.350,942.780,61.47,803.287,925.945,58.72,846.578,911.515,56.88,817.718,971.641,46.79,808.097,921.135,63.30,654.174,827.338,58.72,1115.944,952.401,61.47,846.578,918.730,65.14,731.136,942.780,44.96,743.311,976.451,61.47,680.442,904.299,62.39,817.530,945.185,63.30,947.590,923.540,67.89,1115.944,918.730,69.73,622.908,937.970,56.88,769.617,913.920,55.96,702.275,942.780,69.73,924.442,904.299,74.31,695.173,808.097,55.05,1000.502,858.604,60.55,654.174,923.540,50.46,769.617,1000.502,71.56,500.251,952.401,51.38,962.021,952.401,61.47,601.827,928.350,52.29,897.648,962.021,66.06,568.494,933.160,58.72,1038.982,904.299,65.14,844.173,923.540,62.39
57.9836,25659.583,25482.870,56.24,98.33,0.15,837.923,914.098,58.12,956.947,776.031,58.12,744.751,826.021,60.84,876.011,885.533,58.12,866.489,856.967,45.40,837.923,840.304,53.58,457.049,852.206,43.59,837.923,856.967,54.48,1028.361,821.260,58.12,723.661,809.358,37.23,959.178,833.163,53.58,888.099,871.250,59.02,1055.401,845.065,63.57,1137.862,942.664,69.01,952.186,814.119,61.75,945.044,833.163,56.30,975.990,883.152,51.76,752.227,861.728,52.67,806.977,904.576,59.02,799.836,880.772,52.67,685.574,830.782,53.58,647.486,790.314,50.85,647.486,876.011,49.94,1333.060,856.967,69.01,876.011,885.533,58.12,723.661,856.967,64.47,866.489,859.348,66.29,761.749,809.358,59.02,723.661,780.792,49.04,954.566,828.402,59.93
58.0916,24443.871,25737.162,52.82,97.46,0.15,747.693,747.693,51.86,922.479,849.652,63.90,949.524,844.796,56.49,815.666,883.638,53.71,737.983,805.955,43.52,699.142,893.348,48.15,699.142,878.783,50.01,737.983,864.217,42.60,971.030,920.051,52.78,699.142,844.796,49.08,990.451,835.086,50.01,776.824,878.783,50.01,749.249,873.927,56.49,1087.554,864.217,56.49,1165.237,815.666,61.12,1048.713,864.217,49.08,558.343,866.645,44.45,747.693,878.783,60.19,788.962,825.376,68.53,854.507,781.680,58.34,1281.760,847.224,62.97,854.507,903.058,50.01,563.198,864.217,51.86,815.666,932.189,59.27,893.348,844.796,56.49,737.983,854.507,45.38,608.032,822.948,50.93,621.459,893.348,49.08,815.666,893.348,50.01,504.936,864.217,41.67
58.1996,23837.286,28267.682,57.04,98.70,0.07,961.196,990.324,64.81,776.724,990.324,60.19,466.035,951.487,50.00,1242.759,970.906,63.89,699.052,1005.603,44.44,854.397,937.573,62.04,694.463,815.561,53.70,970.906,922.360,51.85,660.216,883.524,47.22,621.380,1005.565,42.59,660.216,990.324,56.48,1009.742,976.509,60.19,699.052,961.196,60.19,893.233,980.615,65.74,660.216,980.615,58.33,776.724,879.172,51.85,660.216,941.778,45.37,805.852,929.642,62.96,893.233,1000.033,67.59,776.724,978.865,54.63,893.233,935.146,54.63,854.397,883.524,58.33,718.470,951.487,52.78,854.397,912.651,61.11,854.397,941.778,55.56,633.516,922.360,54.63,799.859,990.324,75.93,699.052,861.679,61.11,737.888,883.524,55.56,1009.742,893.233,57.41
58.3076,22993.828,25947.212,49.69,98.40,0.00,893.225,815.553,53.70,504.866,767.008,43.52,815.553,834.971,49.07,621.374,932.061,50.00,699.046,844.680,36.11,776.717,873.807,48.15,897.814,932.061,50.00,1009.732,893.225,48.15,504.866,883.516,41.67,815.553,893.225,33.33,699.046,825.262,45.37,621.374,854.389,50.93,776.717,776.717,53.70,1048.568,854.389,59.26,1126.240,844.680,58.33,699.046,902.934,45.37,776.717,864.098,39.81,504.866,907.788,51.85,621.374,844.680,54.63,737.881,842.253,51.85,1009.732,864.098,53.70,854.389,834.971,50.00,864.932,951.479,63.89,854.389,893.225,51.85,776.717,883.516,50.93,609.238,893.225,46.30,543.702,873.807,54.63,893.225,885.943,57.41,621.374,834.971,41.67,815.553,844.680,55.56
58.4146,772.701,54679.196,39.38,55.88,0.08,39.167,1909.378,44.82,0.000,1764.951,28.01,0.000,1821.253,33.62,0.000,1860.419,39.22,39.167,1919.170,36.42,39.167,1801.669,36.42,0.000,1801.669,38.29,0.000,1850.628,35.48,78.333,1840.836,28.95,39.167,1762.503,28.95,78.333,1850.628,42.02,39.167,1635.211,59.76,0.000,1899.586,37.35,39.167,1958.336,30.82,0.000,1857.972,39.22,39.167,1772.294,40.15,78.333,1867.763,45.76,39.167,1867.763,32.68,39.167,1894.690,55.09,39.167,1811.461,33.62,0.000,1777.190,32.68,0.000,1809.013,43.89,106.867,1855.524,42.02,0.000,1880.003,43.89,0.000,1892.242,33.62,0.000,1791.878,39.22,0.000,1515.263,63.50,0.000,1769.846,54.16,0.000,1809.013,26.15,39.167,1831.044,35.48
58.5170,0.000,50630.695,37.20,6.93,0.31,0.000,1629.447,32.25,0.000,1678.125,33.23,0.000,1711.431,34.21,0.000,1742.176,28.34,0.000,1665.315,27.37,0.000,1711.431,27.37,0.000,1588.454,30.30,0.000,1731.927,34.21,0.000,1701.183,25.41,0.000,1772.920,30.30,0.000,1711.431,31.27,0.000,1626.884,99.69,0.000,1660.191,33.23,0.000,1742.176,25.41,0.000,1693.497,35.18,0.000,1701.183,30.30,0.000,1703.745,32.25,0.000,1772.920,31.27,0.000,1757.548,55.71,0.000,1690.935,24.43,0.000,1675.563,36.16,0.000,1673.001,28.34,0.000,1788.292,33.23,0.000,1742.176,32.25,0.000,1688.373,38.12,0.000,1670.439,30.30,0.000,1414.237,99.69,0.000,1683.249,53.75,0.000,1621.760,33.23,0.000,1680.687,29.32
58.6193,0.000,45160.356,32.69,6.37,0.46,0.000,1537.008,27.36,0.000,1485.774,33.22,0.000,1506.268,32.25,0.000,1485.774,35.18,0.000,1562.625,26.38,0.000,1485.774,17.59,0.000,1511.391,30.29,0.000,1537.008,25.41,0.000,1537.008,25.41,0.000,1485.774,26.38,0.000,1496.021,22.48,0.000,1496.021,100.00,0.000,1567.748,26.38,0.000,1567.748,33.22,0.000,1465.281,28.34,0.000,1455.034,33.22,0.000,1498.583,20.52,0.000,1496.021,28.34,0.000,1516.515,45.93,0.000,1444.787,23.45,0.000,1455.034,26.38,0.000,1452.473,18.57,0.000,1557.501,30.29,0.000,1547.255,23.45,0.000,1547.255,31.27,0.000,1526.761,33.22,0.000,1552.378,100.00,0.000,1465.281,29.32,0.000,1489.822,27.36,0.000,1428.432,19.54
58.7220,0.000,39330.428,30.23,5.15,0.46,0.000,1278.419,25.30,0.000,1262.035,27.25,0.000,1334.826,27.25,0.000,1378.994,22.38,0.000,1274.752,25.30,0.000,1327.371,20.44,0.000,1255.617,26.28,0.000,1291.175,18.49,0.000,1296.357,22.38,0.000,1301.420,13.63,0.000,1328.966,28.22,0.000,1466.893,99.27,0.000,1258.926,25.30,0.000,1332.155,28.22,0.000,1300.703,27.25,0.000,1277.542,23.36,0.000,1334.626,25.30,0.000,1323.783,17.52,0.000,1320.555,40.88,0.000,1259.803,18.49,0.000,1314.097,20.44,0.000,1297.115,33.09,0.000,1321.790,27.25,0.000,1315.970,24.33,0.000,1344.273,25.30,0.000,1253.265,23.36,0.000,1446.403,99.27,0.000,1274.154,37.96,0.000,1244.396,28.22,0.000,1314.047,25.30
58.8239,0.000,678.752,1.54,0.61,0.46,0.000,0.000,0.00,0.000,0.000,0.00,0.000,0.000,0.00,0.000,0.000,0.00,0.000,0.000,0.00,0.000,0.000,0.00,0.000,0.000,0.00,0.000,0.000,0.00,0.000,0.000,0.00,0.000,0.000,0.00,0.000,0.000,0.00,0.000,153.869,12.77,0.000,0.000,0.00,0.000,0.000,0.00,0.000,0.000,0.00,0.000,0.000,0.00,0.000,0.000,0.00,0.000,0.000,0.00,0.000,0.000,0.00,0.000,0.000,0.00,0.000,0.000,0.00,0.000,0.000,0.00,0.000,0.000,0.00,0.000,0.000,0.00,0.000,0.000,0.00,0.000,0.000,0.00,0.000,524.883,33.39,0.000,0.000,0.00,0.000,0.000,0.00,0.000,0.000,0.00
58.9259,0.000,0.000,0.00,1.53,0.00,0.000,0.000,0.00,0.000,0.000,0.00,0.000,0.000,0.00,0.000,0.000,0.00,0.000,0.000,0.00,0.000,0.000,0.00,0.000,0.000,0.00,0.000,0.000,0.00,0.000,0.000,0.00,0.000,0.000,0.00,0.000,0.000,0.00,0.000,0.000,0.00,0.000,0.000,0.00,0.000,0.000,0.00,0.000,0.000,0.00,0.000,0.000,0.00,0.000,0.000,0.00,0.000,0.000,0.00,0.000,0.000,0.00,0.000,0.000,0.00,0.000,0.000,0.00,0.000,0.000,0.00,0.000,0.000,0.00,0.000,0.000,0.00,0.000,0.000,0.00,0.000,0.000,0.00,0.000,0.000,0.00,0.000,0.000,0.00,0.000,0.000,0.00,0.000,0.000,0.00
59.0277,0.000,0.000,0.00,0.92,0.00,0.000,0.000,0.00,0.000,0.000,0.00,0.000,0.000,0.00,0.000,0.000,0.00,0.000,0.000,0.00,0.000,0.000,0.00,0.000,0.000,0.00,0.000,0.000,0.00,0.000,0.000,0.00,0.000,0.000,0.00,0.000,0.000,0.00,0.000,0.000,0.00,0.000,0.000,0.00,0.000,0.000,0.00,0.000,0.000,0.00,0.000,0.000,0.00,0.000,0.000,0.00,0.000,0.000,0.00,0.000,0.000,0.00,0.000,0.000,0.00,0.000,0.000,0.00,0.000,0.000,0.00,0.000,0.000,0.00,0.000,0.000,0.00,0.000,0.000,0.00,0.000,0.000,0.00,0.000,0.000,0.00,0.000,0.000,0.00,0.000,0.000,0.00,0.000,0.000,0.00
59.1296,15790.174,4.226,14.49,3.45,0.00,36.019,0.000,2.94,226.405,4.226,8.83,285.580,0.000,11.78,216.114,0.000,7.85,710.090,0.000,21.59,529.995,0.000,16.68,421.937,0.000,14.72,607.178,0.000,16.68,154.367,0.000,4.91,751.255,0.000,18.65,82.329,0.000,2.94,813.001,0.000,20.61,1214.678,0.000,36.31,1315.258,0.000,31.41,1303.319,0.000,30.42,596.887,0.000,19.63,586.596,0.000,16.68,1431.396,0.000,31.41,1314.937,0.000,33.37,1358.433,0.000,36.31,805.283,0.000,19.63,0.000,0.000,0.00,0.000,0.000,0.00,0.000,0.000,0.00,0.000,0.000,0.00,0.000,0.000,0.00,0.000,0.000,0.00,0.000,0.000,0.00,524.849,0.000,13.74,504.267,0.000,17.67
59.2324,30513.651,0.010,32.01,13.60,0.00,1110.345,0.000,31.13,1310.400,0.010,39.89,927.147,0.000,27.24,1163.109,0.000,38.92,1284.297,0.000,36.97,750.844,0.000,23.35,995.573,0.000,28.22,905.428,0.000,31.13,1037.417,0.000,33.08,887.057,0.000,19.46,1231.653,0.000,38.92,856.809,0.000,27.24,703.939,0.000,21.40,749.848,0.000,24.32,703.939,0.000,21.40,1180.125,0.000,36.97,1322.714,0.000,35.03,979.393,0.000,27.24,673.333,0.000,19.46,811.020,0.000,25.30,1255.046,0.000,36.97,1244.645,0.000,42.81,734.545,0.000,30.16,1295.655,0.000,40.86,1040.605,0.000,32.11,948.787,0.000,36.00,948.787,0.000,35.03,877.373,0.000,36.00,1365.794,0.000,44.76,1218.024,0.000,38.92
59.3346,29811.594,0.000,27.57,23.50,0.00,903.038,0.000,23.49,913.300,0.000,25.44,974.870,0.000,27.40,923.561,0.000,21.53,934.865,0.000,25.44,1015.918,0.000,27.40,985.132,0.000,25.44,1108.274,0.000,34.25,913.300,0.000,26.42,900.633,0.000,22.51,903.038,0.000,25.44,1036.441,0.000,29.36,679.884,0.000,21.53,986.655,0.000,30.34,882.394,0.000,28.38,1046.703,0.000,26.42,1046.703,0.000,28.38,1078.972,0.000,34.25,1093.963,0.000,30.34,1192.934,0.000,30.34,957.073,0.000,30.34,1200.991,0.000,32.30,1111.160,0.000,29.36,1044.498,0.000,26.42,1268.775,0.000,32.30,1010.506,0.000,28.38,1162.108,0.000,35.23,784.626,0.000,23.49,889.249,0.000,22.51,862.031,0.000,22.51
59.4373,33049.088,0.000,35.49,35.37,0.08,1292.352,0.000,38.93,973.908,0.000,29.19,1220.205,0.000,40.87,792.384,0.000,26.28,1048.486,0.000,23.36,885.617,0.000,33.09,1166.633,0.000,36.98,1026.045,0.000,31.14,1357.165,0.000,37.95,1000.016,0.000,27.25,882.747,0.000,28.22,1138.690,0.000,32.11,1122.467,0.000,42.82,1204.101,0.000,41.85,1122.467,0.000,40.87,1037.365,0.000,31.14,1020.106,0.000,32.11,1204.101,0.000,40.87,1122.467,0.000,41.85,1133.030,0.000,39.90,1028.078,0.000,36.98,1346.961,0.000,42.82,1204.101,0.000,43.79,1316.348,0.000,37.95,1268.237,0.000,44.77,1193.658,0.000,35.03,1040.196,0.000,34.06,1214.306,0.000,38.93,850.102,0.000,28.22,836.748,0.000,25.30
59.5399,35239.809,0.000,39.22,49.34,0.00,1236.924,0.000,37.05,1177.945,0.000,38.02,1267.592,0.000,37.05,1242.036,0.000,39.97,1258.967,0.000,36.07,828.024,0.000,32.17,905.771,0.000,30.22,1353.565,0.000,40.95,1495.283,0.000,44.85,1451.597,0.000,38.02,1167.922,0.000,38.02,1093.969,0.000,31.20,1316.149,0.000,43.87,1052.520,0.000,43.87,1365.944,0.000,51.67,1022.611,0.000,38.02,1013.187,0.000,31.20,1139.252,0.000,43.87,1153.148,0.000,44.85,1394.415,0.000,50.69,1007.677,0.000,40.95,1215.202,0.000,32.17,1155.863,0.000,44.85,1206.736,0.000,38.02,1132.144,0.000,39.97,1152.589,0.000,38.02,1127.032,0.000,39.00,1192.241,0.000,42.90,835.691,0.000,30.22,1277.815,0.000,39.00
59.6452,30785.877,4.222,39.94,53.41,0.00,1024.085,0.000,36.10,931.503,0.000,38.95,1006.962,0.000,38.00,1168.893,0.000,41.80,834.018,0.000,29.45,1003.732,0.000,39.90,966.372,0.000,39.90,1036.111,4.222,36.10,948.432,0.000,40.85,927.145,0.000,27.55,1328.528,0.000,47.51,1026.148,0.000,38.00,1115.811,0.000,46.56,973.883,0.000,39.90,1145.699,0.000,40.85,828.063,0.000,33.25,927.612,0.000,38.00,893.871,0.000,35.15,1084.289,0.000,39.90,856.862,0.000,38.00,916.209,0.000,38.95,1059.032,0.000,38.00,1130.911,0.000,48.46,1081.876,0.000,40.85,1046.112,0.000,44.66,1267.741,0.000,47.51,1239.293,0.000,46.56,1036.305,0.000,42.75,988.788,0.000,40.85,991.590,0.000,43.70
59.7479,31813.977,1059.079,52.93,67.88,0.00,933.265,0.000,47.70,1153.492,0.000,57.44,1222.156,0.000,56.46,1199.428,0.000,58.41,937.132,0.000,39.91,1309.162,298.581,61.33,1173.788,0.000,52.57,1167.488,0.010,52.57,1122.868,0.000,56.46,1041.205,0.000,48.68,795.976,0.000,46.73,1255.053,0.000,47.70,1114.136,0.000,57.44,1087.141,0.000,55.49,1043.319,0.000,57.44,1030.997,0.000,45.75,964.646,0.000,45.75,1085.027,760.488,67.17,1061.621,0.000,55.49,1025.973,0.000,56.46,1061.621,0.000,54.52,1028.645,0.000,52.57,1092.245,0.000,53.54,1115.212,0.000,51.60,1114.814,0.000,56.46,935.697,0.000,46.73,941.160,0.000,51.60,1035.104,0.000,56.46,890.280,0.000,48.68,875.327,0.000,48.68
59.8506,36993.536,3537.548,68.94,78.44,0.00,1180.286,0.000,67.19,1184.115,0.000,64.27,1217.618,0.000,68.16,1416.479,0.000,72.06,998.056,0.000,54.53,1052.019,590.642,66.21,1044.003,0.000,62.32,1398.811,0.000,71.08,1649.641,0.000,77.90,1148.778,0.000,60.37,1347.759,0.000,71.08,1285.181,0.000,67.19,1470.283,1205.134,84.71,1118.346,0.000,66.21,1082.291,1082.291,77.90,1367.541,0.000,69.13,1368.180,0.000,70.11,1194.605,659.481,74.98,1213.310,0.000,77.90,1120.580,0.000,70.11,1273.415,0.000,73.03,1155.558,0.000,64.27,1326.182,0.000,74.98,1313.898,0.000,70.11,1327.338,0.000,71.08,1286.497,0.000,66.21,1286.497,0.000,66.21,1045.119,0.000,64.27,949.557,0.000,62.32,1171.592,0.000,62.32
59.9538,32623.480,4044.833,64.67,73.35,0.08,1148.182,0.000,63.96,817.992,0.000,62.99,792.550,951.354,64.92,1440.705,0.000,66.86,1221.253,0.000,58.14,1125.320,0.000,66.86,1030.776,0.000,62.02,1165.725,1003.389,69.77,1134.965,0.000,63.96,946.274,0.000,49.42,1106.308,0.000,64.92,784.930,0.000,58.14,1452.453,0.000,70.74,892.056,1298.611,68.80,1015.654,209.767,65.89,916.902,0.000,59.11,1113.532,0.000,62.99,979.574,0.000,62.99,861.136,581.712,78.49,995.689,0.000,63.96,1212.362,0.000,61.05,1044.033,0.000,64.92,957.665,0.000,62.99,1069.435,0.000,62.02,1432.846,0.000,69.77,1214.902,0.000,70.74,1468.250,0.000,69.77,1031.332,0.000,64.92,1176.799,0.000,69.77,1073.880,0.000,59.11
60.0596,27269.519,4423.082,58.22,73.83,0.30,987.966,0.000,57.65,968.764,0.000,56.71,926.876,0.000,51.98,1070.696,0.000,61.43,802.451,0.000,43.48,951.420,0.000,53.87,867.141,1115.797,71.83,898.577,0.000,53.87,736.484,987.966,71.83,948.246,0.000,49.15,647.017,0.000,46.31,1100.080,983.630,87.90,1303.519,636.758,70.89,785.417,0.000,58.60,827.073,0.000,54.82,738.845,0.000,50.09,1072.826,0.000,53.87,805.239,0.000,55.76,1081.226,698.932,86.01,812.672,0.000,51.98,829.047,0.000,51.98,905.739,0.000,52.93,898.693,0.000,52.93,838.532,0.000,56.71,1008.871,0.000,57.65,963.034,0.000,65.22,969.074,0.000,62.38,921.224,0.000,57.65,961.060,0.000,55.76,641.713,0.000,45.37
60.1636,23248.000,4804.024,56.32,78.97,0.08,974.741,0.000,58.66,916.759,0.000,57.70,661.789,0.000,52.89,786.536,0.000,55.78,383.184,0.000,40.39,595.850,0.000,51.93,826.871,0.000,53.85,740.647,0.000,52.89,767.117,0.000,58.66,619.720,0.000,48.08,857.123,0.000,58.66,832.425,188.914,62.51,678.214,242.051,59.62,760.893,0.000,53.85,383.184,0.000,39.43,519.434,1287.457,61.55,881.269,0.000,54.81,1000.266,0.000,55.78,786.536,0.000,52.89,621.887,1507.488,62.51,577.376,0.000,53.85,819.545,0.000,56.74,688.219,663.010,58.66,852.081,0.000,56.74,931.806,0.000,56.74,1049.345,0.000,57.70,1135.885,0.000,58.66,1028.547,915.105,90.40,869.728,0.000,55.78,701.021,0.000,51.93
60.2673,16267.340,5914.029,43.63,83.37,0.00,573.272,0.000,49.15,1040.195,0.000,55.90,444.658,0.000,47.22,835.551,0.000,48.19,432.026,2513.718,58.79,309.453,0.000,29.88,602.523,0.000,50.12,455.949,0.000,43.37,485.082,0.000,49.15,90.440,0.000,9.64,551.678,1159.412,40.48,362.232,0.000,33.73,641.012,0.000,52.04,528.269,0.000,41.44,412.722,0.000,39.51,485.082,0.000,44.33,276.135,295.597,27.95,939.846,0.000,53.01,436.961,0.000,42.41,474.779,0.000,37.59,432.342,1387.031,65.54,444.658,0.000,39.51,694.226,460.133,53.97,581.088,0.000,48.19,625.854,0.000,45.30,755.414,0.000,37.59,815.931,0.000,48.19,738.203,98.138,50.12,420.381,0.000,30.84,381.378,0.000,35.66
60.3736,12707.232,8592.432,38.91,90.18,0.00,473.300,0.000,36.71,0.000,0.000,0.00,546.252,0.000,44.24,324.505,963.913,42.36,530.559,0.000,37.65,0.000,698.364,10.35,249.432,0.000,23.53,362.754,0.000,22.59,363.564,0.000,33.89,323.271,730.444,33.89,0.000,0.000,0.00,296.126,0.000,14.12,720.573,0.000,52.72,634.550,0.000,49.89,769.927,1036.325,69.66,522.693,0.000,45.19,0.000,1139.121,17.89,536.651,0.000,51.77,668.751,0.000,56.48,703.299,0.000,61.19,856.297,1145.367,68.72,769.927,0.000,51.77,671.219,0.000,58.36,220.089,0.000,20.71,408.523,0.000,35.77,557.472,0.000,42.36,476.925,917.990,86.61,720.573,0.000,60.25,0.000,1960.909,38.60,0.000,0.000,0.00
60.4786,9969.545,1205.370,18.51,94.79,0.00,0.000,0.000,0.00,0.000,0.000,0.00,0.000,0.000,0.00,0.000,0.000,0.00,736.992,0.000,36.19,1148.418,140.471,81.90,0.000,0.000,0.00,727.084,0.000,33.33,0.000,0.000,0.00,1237.124,297.247,69.52,0.000,0.000,0.00,774.753,0.000,37.14,336.255,0.000,19.05,0.000,0.000,0.00,261.554,0.000,16.19,926.497,0.000,40.95,1107.341,0.000,46.67,0.000,0.000,0.00,384.236,0.000,19.05,195.785,0.000,11.43,423.323,0.000,22.86,93.972,0.000,5.71,160.950,0.000,9.52,0.000,0.000,0.00,0.000,0.000,0.00,0.000,0.000,0.00,0.000,299.548,16.19,218.137,0.000,13.33,1237.124,468.105,76.19,0.000,0.000,0.00
60.5836,3454.886,5422.180,8.32,98.85,0.00,0.000,0.000,0.00,122.315,0.000,9.52,446.823,0.000,20.00,267.096,0.000,11.43,0.000,0.000,0.00,704.285,0.000,28.57,743.874,1576.168,39.99,0.000,0.000,0.00,17.474,0.000,1.90,0.000,0.000,0.00,0.000,0.000,0.00,0.000,0.000,0.00,0.000,0.000,0.00,0.000,1217.765,24.76,0.000,0.000,0.00,0.000,1048.764,15.24,0.000,0.000,0.00,0.000,0.000,0.00,0.000,0.000,0.00,0.000,0.000,0.00,0.000,0.000,0.00,0.000,469.289,8.57,0.000,0.000,0.00,0.000,0.000,0.00,0.000,0.000,0.00,0.000,0.000,0.00,0.000,1110.194,48.56,0.000,0.000,0.00,0.000,0.000,0.00,1153.020,0.000,40.95
60.6936,7610.181,11058.615,22.12,96.66,0.00,1017.456,0.000,60.90,900.624,0.000,49.08,607.056,0.000,28.18,1281.761,0.000,61.81,0.000,0.000,0.00,0.000,0.000,0.00,393.944,686.991,20.00,0.000,0.000,0.00,1086.557,0.000,67.26,0.000,776.793,14.54,1040.837,0.000,54.54,0.000,0.000,0.00,0.000,0.000,0.00,0.000,0.000,0.00,0.000,0.000,0.00,0.000,0.000,0.00,0.000,1618.964,27.27,0.000,0.000,0.00,0.000,595.700,23.63,0.000,1298.961,19.09,0.000,0.000,0.00,598.083,991.580,54.54,66.718,0.000,5.45,235.897,1262.884,40.90,157.265,1392.896,33.63,59.570,1162.583,31.81,116.757,0.000,12.73,47.656,1271.261,58.17,0.000,0.000,0.00,0.000,0.000,0.00
60.8058,8799.069,6118.796,28.11,96.82,0.00,250.291,0.000,16.94,0.000,1156.691,17.83,0.000,0.000,0.00,0.000,0.000,0.00,0.000,1875.830,28.53,0.000,0.000,0.00,0.000,0.000,0.00,0.000,0.000,0.00,372.624,0.000,35.66,0.000,251.058,5.35,0.000,0.000,0.00,0.000,0.000,0.00,147.238,0.000,16.94,301.488,0.000,38.34,366.928,0.000,24.07,0.000,0.000,0.00,0.000,628.393,11.59,619.336,1116.887,81.13,149.576,573.105,38.34,0.000,0.000,0.00,0.000,0.000,0.00,604.182,0.000,45.47,1023.658,0.000,82.91,794.620,152.241,89.15,1104.252,0.000,80.24,1013.250,0.000,65.97,1052.616,364.591,92.72,999.009,0.000,72.21,0.000,0.000,0.00,0.000,0.000,0.00
60.9156,7414.378,9249.629,30.16,97.96,0.00,0.000,1399.703,21.85,0.000,0.000,0.00,0.000,0.000,0.00,0.000,0.000,0.00,544.043,412.469,58.26,0.000,0.000,0.00,0.000,703.916,10.92,484.389,0.000,51.88,0.000,0.000,0.00,436.666,0.000,46.42,0.000,0.000,0.00,238.615,0.000,39.14,750.222,0.000,57.35,758.797,0.000,88.29,1102.441,0.000,85.56,64.426,0.000,17.29,0.000,0.000,0.00,435.660,0.000,34.59,818.451,0.000,80.10,799.362,1154.973,87.38,579.835,1164.108,63.72,0.000,1143.154,19.12,151.148,0.000,14.56,250.322,0.000,27.31,0.000,1286.473,21.85,0.000,0.000,0.00,0.000,696.272,45.51,0.000,381.785,20.03,0.000,0.000,0.00,0.000,906.776,13.65
61.0306,5437.173,3663.985,24.21,96.57,0.00,0.000,1043.662,15.66,0.000,1041.417,16.53,0.000,0.000,0.00,0.000,0.000,0.00,534.675,0.000,58.28,0.000,0.000,0.00,0.000,351.153,5.22,668.103,0.000,64.37,0.000,0.000,0.00,484.617,467.444,85.24,0.000,0.000,0.00,636.180,182.417,81.76,0.000,0.000,0.00,426.614,0.000,46.10,0.000,0.000,0.00,503.928,0.000,72.20,647.581,0.000,73.07,0.000,0.000,0.00,368.148,0.000,47.84,187.191,0.000,30.44,660.906,0.000,61.76,0.000,0.000,0.00,0.000,0.000,0.00,0.000,0.000,0.00,0.000,0.000,0.00,0.000,0.000,0.00,0.000,0.000,0.00,0.000,577.892,37.40,319.230,0.000,30.44,0.000,0.000,0.00
61.1431,5176.141,10553.096,24.95,94.14,0.00,205.111,2257.424,56.90,242.404,918.375,46.23,391.576,830.059,57.79,410.222,1044.275,63.13,0.000,0.000,0.00,494.131,0.000,51.57,438.192,0.000,48.01,139.266,0.000,10.67,298.343,0.000,30.23,0.000,519.297,8.00,167.818,0.000,17.78,459.169,696.074,74.69,0.000,0.000,0.00,0.000,354.283,10.67,0.000,0.000,0.00,466.162,0.000,42.68,400.899,0.000,43.57,0.000,0.000,0.00,0.000,426.538,27.56,0.000,1020.967,15.12,0.000,0.000,0.00,9.323,1404.312,24.01,0.000,0.000,0.00,9.323,0.000,0.89,0.000,0.000,0.00,0.000,0.000,0.00,0.000,0.000,0.00,0.000,0.000,0.00,447.515,0.000,52.46,596.687,1081.495,66.68
61.2516,12010.631,11726.023,56.02,94.73,0.00,617.988,0.000,69.07,627.644,0.000,72.75,550.395,4.031,68.14,451.421,4.097,66.30,67.592,0.000,11.05,648.955,0.000,64.46,560.052,9.831,59.86,0.000,1355.809,31.31,762.565,4.008,69.99,9.656,1111.692,27.63,569.708,301.752,74.59,311.597,0.000,30.39,193.121,666.268,49.73,183.465,749.778,48.81,337.962,4.041,45.12,248.794,0.000,30.39,156.194,0.000,22.10,405.555,1034.453,55.25,318.650,777.492,88.40,183.465,962.739,52.49,125.529,0.000,13.81,683.166,1564.282,93.93,405.555,106.217,47.89,569.708,0.000,59.86,456.249,791.797,79.20,463.491,0.000,68.14,521.427,0.000,67.22,405.555,975.262,73.67,663.402,1050.662,76.43,511.771,251.812,62.62
61.3608,13522.177,16631.238,71.07,92.01,0.00,508.953,264.079,73.26,645.794,0.000,61.36,278.259,1315.370,77.84,432.693,0.000,54.03,480.144,739.422,73.26,288.087,96.029,41.21,429.579,1202.762,72.35,566.570,0.000,64.11,67.220,1673.528,59.53,492.148,0.000,61.36,612.972,672.090,87.00,456.137,741.823,81.51,499.350,734.621,79.67,585.776,1018.394,87.92,432.130,0.000,57.70,355.307,1090.415,76.93,374.513,0.000,45.79,547.365,0.000,66.85,235.271,1116.387,79.67,537.762,0.000,65.94,518.556,0.000,60.44,303.429,871.237,79.67,556.967,2074.899,99.82,518.556,340.902,77.84,400.921,528.196,83.34,547.365,0.000,70.52,489.747,0.000,68.69,441.733,943.671,98.91,240.072,964.940,60.44,678.804,242.473,65.02
61.4682,10123.337,18369.515,47.34,82.42,0.00,423.919,880.318,61.50,642.424,2373.177,82.93,273.580,0.000,28.89,254.039,0.000,27.95,293.121,351.173,40.07,381.058,2606.949,98.77,351.746,144.004,41.93,254.039,1410.609,54.98,361.516,1267.254,66.16,241.825,0.000,28.89,371.287,554.488,43.79,425.026,359.226,49.39,283.351,0.000,30.75,390.829,0.000,33.55,195.414,1408.929,52.18,312.663,0.000,28.89,332.204,1187.714,51.25,381.058,1187.142,53.11,317.548,1197.752,82.00,254.955,0.000,29.82,302.892,305.335,37.27,214.956,0.000,27.95,257.626,864.059,48.45,475.788,845.854,63.36,478.765,0.000,41.00,266.595,0.000,29.82,410.370,0.000,36.34,349.418,531.550,58.70,283.351,0.000,29.82,341.975,893.982,60.57
61.5732,16632.002,15109.109,63.03,85.68,0.00,361.740,0.000,43.78,506.241,0.000,49.49,486.478,1432.770,67.57,414.130,1636.366,72.33,812.784,0.000,58.05,713.501,1102.878,72.33,353.359,0.000,35.21,796.451,1232.917,87.55,446.562,0.000,54.25,698.532,0.000,60.91,396.666,496.535,52.34,444.418,1067.756,96.12,482.268,0.000,51.39,884.197,0.000,71.38,629.225,0.000,61.86,688.553,0.000,57.10,578.784,0.000,53.29,642.361,215.991,71.38,833.249,1220.989,99.93,376.708,0.000,46.63,813.291,2428.724,97.07,406.645,0.000,50.44,466.520,827.792,71.38,379.203,344.277,57.10,602.952,0.000,54.25,381.698,1232.137,66.62,418.885,0.000,44.73,446.562,0.000,49.49,633.668,0.000,54.25,536.373,1869.977,82.80
61.6836,19263.269,12735.464,76.82,88.56,0.00,603.117,0.000,79.71,661.143,588.870,86.96,927.567,0.000,82.43,973.535,778.828,100.00,600.742,1897.726,83.33,1098.084,1113.110,97.83,413.159,0.000,69.75,660.104,0.000,71.56,1028.148,0.000,82.43,480.683,0.000,38.95,386.891,225.575,83.33,427.406,785.580,95.11,341.925,774.079,45.29,512.887,0.000,66.12,600.742,0.000,66.12,930.794,969.899,95.11,766.622,0.000,69.75,539.006,0.000,64.31,625.637,199.345,68.84,600.742,0.000,66.12,690.564,2114.508,88.77,650.606,0.000,78.80,543.755,0.000,66.12,579.372,966.894,91.48,679.100,0.000,70.65,569.874,1366.956,97.83,313.431,429.780,80.62,591.244,0.000,67.03,727.257,0.000,66.12,739.130,524.314,84.24
61.7908,13559.971,24071.938,51.54,77.52,0.00,681.725,1405.795,83.97,160.284,810.021,25.19,349.767,1316.136,48.52,613.468,631.430,45.72,459.834,478.866,35.46,332.646,0.000,32.66,261.714,0.000,27.99,138.004,0.000,12.13,359.589,2198.388,63.45,325.308,1149.699,37.32,572.346,2356.189,94.24,315.524,1315.410,81.17,473.592,1449.133,61.58,384.010,941.681,53.18,498.968,1350.226,58.78,621.723,1288.123,55.98,325.308,1353.704,52.25,307.728,1719.217,70.91,398.686,283.727,45.72,405.794,0.000,35.46,322.862,0.000,34.52,531.492,0.000,43.85,534.816,156.539,43.85,677.635,0.000,48.52,546.970,205.458,45.72,701.980,2634.909,99.84,961.248,1027.288,99.84,626.768,0.000,42.92,357.105,0.000,33.59,313.078,0.000,31.72
61.8966,17327.129,15125.429,76.80,86.22,0.00,689.161,0.000,70.86,470.612,0.000,64.25,585.943,0.000,63.31,621.704,0.000,65.20,600.534,0.000,65.20,575.339,0.000,67.09,896.640,9.908,73.70,455.751,0.000,59.53,636.565,778.136,81.26,753.444,0.000,64.25,487.951,785.180,85.98,629.134,1172.700,100.00,294.752,856.584,74.64,642.254,259.882,77.48,514.461,1204.977,96.38,538.534,0.000,62.36,684.284,1322.978,82.20,401.259,930.775,91.65,548.519,1100.714,100.00,544.920,0.000,61.42,723.915,0.000,67.09,631.611,0.000,65.20,354.198,1218.793,74.64,440.890,1469.271,96.38,547.397,1558.439,100.00,721.438,365.150,73.70,374.864,962.472,100.00,356.675,314.567,70.86,777.749,814.903,82.20,826.629,0.000,67.09
62.0066,13694.500,15382.668,51.10,79.79,0.00,286.023,0.000,33.64,262.188,0.000,30.91,154.929,88.190,16.37,377.044,1442.777,51.83,276.489,0.000,24.55,302.708,0.000,30.91,350.713,1091.133,52.74,266.955,0.000,27.28,472.943,0.000,34.55,293.173,1522.662,49.10,626.867,1567.316,100.00,498.082,1461.957,100.00,383.747,1060.668,50.92,479.088,1260.921,56.37,462.925,0.000,35.46,290.790,0.000,30.00,278.872,0.000,31.82,510.074,0.000,40.01,319.392,0.000,31.82,276.489,1306.544,51.83,274.105,0.000,30.00,860.452,0.000,56.37,491.006,0.000,36.37,881.904,1182.228,100.00,936.725,919.668,99.11,644.632,255.037,56.37,1046.367,615.396,96.38,626.271,988.716,98.20,463.223,619.456,51.83,300.324,0.000,28.19
62.1156,20838.588,5139.433,74.69,96.74,0.00,241.734,0.000,27.53,546.193,0.000,54.14,787.175,1227.422,73.40,800.104,1289.246,96.34,1039.545,0.000,89.00,750.457,0.000,73.40,394.847,0.000,46.80,580.018,0.000,73.40,333.173,0.000,60.56,1261.510,0.000,90.84,1071.979,214.411,92.67,729.222,866.813,100.00,550.816,577.951,99.10,1423.004,0.000,99.10,914.018,0.000,88.09,343.809,0.000,31.20,561.828,0.000,61.48,921.797,0.000,88.09,857.079,0.000,100.00,854.261,0.000,99.10,837.875,0.000,94.51,231.060,0.000,24.77,830.433,0.000,98.18,968.250,121.167,87.17,497.598,0.000,56.89,634.213,842.422,97.26,708.364,0.000,75.24,544.803,0.000,66.98,392.404,0.000,46.80,231.022,0.000,48.63
62.2226,9001.781,4464.299,19.76,97.20,0.00,0.000,0.000,0.00,0.000,0.000,0.00,0.000,0.000,0.00,0.000,5.476,0.93,734.738,624.983,56.10,53.346,0.000,2.80,0.000,0.000,0.00,1237.711,1080.661,73.86,0.000,0.000,0.00,650.411,0.000,38.33,0.000,0.000,0.00,1012.840,0.000,55.16,988.407,1322.459,45.81,34.083,0.000,1.87,7.046,0.000,0.93,411.753,1430.720,71.99,764.685,0.000,44.88,718.232,0.000,41.14,523.500,0.000,25.24,666.648,0.000,71.99,766.600,0.000,43.94,0.000,0.000,0.00,431.782,0.000,17.76,0.000,0.000,0.00,0.000,0.000,0.00,0.000,0.000,0.00,0.000,0.000,0.00,0.000,0.000,0.00,0.000,0.000,0.00,0.000,0.000,0.00
62.3280,4435.296,10944.163,17.96,93.14,0.00,395.395,0.000,28.46,360.581,0.000,26.56,405.342,1355.013,47.43,206.401,1367.486,45.53,0.000,251.396,3.79,196.454,1199.824,39.84,226.295,0.000,25.61,64.306,0.000,1.90,285.978,0.000,31.30,0.000,1165.864,19.92,335.713,0.000,22.77,0.000,0.000,0.00,0.000,0.000,0.00,0.000,937.742,14.23,0.000,1025.440,15.18,445.130,1076.651,49.33,445.130,0.000,29.41,0.000,0.000,0.00,0.000,0.000,0.00,111.166,1496.098,38.89,0.000,0.000,0.00,166.613,0.000,22.77,0.000,1068.647,18.02,0.000,0.000,0.00,0.000,0.000,0.00,0.000,0.000,0.00,0.000,0.000,0.00,0.000,0.000,0.00,435.183,0.000,30.36,355.607,0.000,27.51
62.4346,6876.904,9732.810,26.50,92.75,0.00,503.873,0.000,40.32,479.294,0.000,42.19,730.001,0.000,49.69,388.351,0.000,45.94,0.000,0.000,0.00,498.957,1201.729,59.07,285.118,916.803,45.94,0.000,1292.365,18.75,417.846,0.000,44.07,0.000,0.000,0.00,525.994,1157.563,64.70,0.000,0.000,0.00,0.000,1251.156,18.75,0.000,0.000,0.00,0.000,0.000,0.00,260.155,0.000,16.88,280.241,0.000,18.75,76.195,1182.680,30.00,0.000,1162.364,45.94,0.000,0.000,0.00,0.000,0.000,0.00,393.267,0.000,40.32,78.653,0.000,13.13,152.391,0.000,15.94,164.680,1568.150,43.13,108.148,0.000,9.38,145.017,0.000,19.69,324.445,0.000,22.50,562.863,0.000,45.01,501.415,0.000,45.01
62.5419,2756.879,10230.035,12.64,82.59,0.00,97.733,1123.703,27.03,117.280,0.000,9.32,144.538,0.000,9.32,124.610,0.000,7.46,48.867,0.000,3.73,131.940,0.000,12.12,139.270,305.378,14.91,0.000,0.000,0.00,124.610,0.000,12.12,0.000,908.423,13.98,193.023,0.000,14.91,9.773,0.000,0.93,48.867,0.000,6.52,97.733,0.000,4.66,87.960,1113.739,22.37,0.000,1070.293,15.84,0.000,0.000,0.00,129.497,0.000,7.46,19.547,0.000,1.86,19.547,0.000,2.80,9.773,0.000,0.93,178.363,1425.836,41.01,156.373,0.000,10.25,180.806,1335.166,37.28,109.950,9.926,8.39,127.053,0.000,10.25,109.950,0.000,9.32,127.053,0.000,9.32,83.493,1372.961,26.10,139.270,1564.610,39.15
62.6476,4071.181,13276.709,20.15,77.65,0.00,158.735,1393.037,36.90,148.814,0.000,14.19,128.972,1028.094,29.33,188.497,0.000,16.08,128.972,935.047,27.44,238.102,0.000,18.92,238.102,0.000,18.92,109.130,1102.385,27.44,138.893,1037.356,31.22,148.814,0.000,15.14,109.130,0.000,10.41,138.893,0.000,13.25,109.130,0.000,9.46,119.051,2527.277,51.09,69.446,0.000,6.62,138.893,0.000,13.25,79.367,260.424,13.25,138.893,0.000,15.14,188.497,0.000,15.14,79.367,0.000,5.68,119.051,0.000,16.08,138.893,0.000,12.30,148.814,0.000,14.19,138.893,1151.408,34.06,119.051,1308.631,35.01,59.526,0.000,5.68,109.130,0.000,11.35,178.577,0.000,13.25,89.288,798.208,23.65,172.260,1734.843,50.15
62.7539,2713.476,11874.475,14.21,69.88,0.00,118.406,4.095,12.23,138.141,0.000,9.41,69.070,0.000,7.53,138.141,0.000,10.35,69.070,291.082,9.41,138.141,0.000,9.41,138.141,0.000,11.29,69.070,0.000,6.59,128.273,2391.328,47.05,69.070,0.000,3.76,128.273,0.000,10.35,69.070,0.000,3.76,69.070,0.000,4.71,69.070,0.000,9.41,69.070,938.462,21.64,69.070,0.000,5.65,69.070,1697.619,45.17,69.070,0.000,6.59,69.070,0.000,5.65,69.070,0.000,3.76,69.070,1127.403,22.58,108.539,1427.774,31.99,78.937,1388.768,25.41,108.539,0.000,10.35,118.406,0.000,8.47,88.805,0.000,8.47,88.805,224.478,18.82,78.937,0.000,5.65,78.937,1340.126,27.29,69.070,1043.339,23.53
62.8587,3189.645,16020.601,19.33,60.09,0.00,120.035,6.301,10.49,120.035,1067.735,21.94,60.018,0.000,7.63,120.035,0.000,6.68,90.026,1275.882,26.71,120.035,0.000,4.77,120.035,0.000,8.59,90.026,0.000,5.72,120.035,0.000,7.63,90.026,0.000,4.77,93.113,1038.820,23.85,100.029,1284.751,81.09,110.032,0.000,7.63,120.035,0.000,8.59,110.032,0.000,8.59,90.026,0.000,3.82,90.026,1090.319,20.99,120.035,1205.627,27.66,120.035,0.000,7.63,100.029,3476.096,61.05,100.029,1441.829,34.34,125.662,748.461,20.99,120.035,0.000,7.63,120.035,1175.344,24.80,120.035,0.000,9.54,120.035,0.000,9.54,140.041,1230.243,83.95,120.035,0.000,9.54,60.018,979.193,19.08,60.018,0.000,4.77
62.9622,2523.781,19514.342,19.24,45.90,0.00,90.839,0.000,4.83,101.373,1180.278,23.20,70.961,1099.299,21.27,101.373,537.275,12.57,81.098,0.000,3.87,121.647,1024.774,21.27,121.647,1374.826,33.84,81.098,0.000,3.87,111.510,0.000,6.77,81.098,1347.543,23.20,50.686,0.000,2.90,81.098,1051.741,60.91,81.098,1219.005,28.04,81.098,1176.358,25.14,81.098,0.000,5.80,81.098,0.000,4.83,81.098,1726.462,31.90,81.098,1466.814,27.07,81.098,1054.275,46.40,81.098,0.000,4.83,81.098,1173.704,23.20,50.686,0.000,2.90,81.098,1091.735,22.24,81.098,0.000,4.83,81.098,0.000,3.87,81.098,91.235,6.77,81.098,917.422,41.57,81.098,810.981,51.24,81.098,0.000,4.83,81.098,1170.616,23.20
63.0648,2481.327,23972.888,22.21,33.44,0.00,61.278,0.000,1.95,101.691,1377.881,32.14,71.491,0.000,3.90,91.917,1658.899,60.39,81.704,0.000,3.90,91.917,0.000,3.90,91.917,1182.996,21.43,91.917,2890.845,46.75,91.917,1479.174,26.30,71.491,0.000,3.90,61.278,1115.295,20.45,71.491,39.137,5.84,81.704,216.309,7.79,81.704,0.000,2.92,81.704,0.000,3.90,91.917,1029.242,26.30,71.491,0.000,3.90,91.917,2008.336,34.09,81.704,366.911,24.35,81.704,1064.947,19.48,81.704,0.000,4.87,61.278,0.000,2.92,91.917,0.000,3.90,91.917,1167.317,22.40,91.917,1224.845,28.25,102.130,4077.950,65.26,91.917,1561.516,99.35,91.917,1511.289,78.89,71.491,0.000,3.90,61.278,0.000,2.92
63.1671,3014.081,25841.390,21.64,21.52,0.00,82.016,1071.332,19.55,82.016,774.024,14.67,92.268,0.000,3.91,123.024,913.707,18.58,102.520,0.000,1.96,123.024,0.000,3.91,123.024,1407.284,26.40,92.268,1380.613,23.46,112.772,835.096,24.44,92.268,0.000,2.93,82.016,0.000,2.93,92.268,0.000,3.91,92.268,1298.637,30.31,102.520,0.000,3.91,102.520,2740.201,45.95,92.268,1650.088,28.35,92.268,0.000,3.91,102.520,600.662,13.69,102.520,1212.937,84.08,92.268,0.000,2.93,92.268,1365.676,23.46,102.520,1305.886,30.31,102.520,2481.860,39.11,112.772,1394.029,24.44,112.772,1418.737,24.44,112.772,1175.253,20.53,112.772,1545.325,99.73,102.520,0.000,1.96,92.268,1270.044,22.49,92.268,0.000,2.93
63.2692,26068.512,16483.272,53.79,53.59,0.00,737.048,1859.033,72.49,616.347,963.042,56.82,811.524,161.791,47.02,1047.790,1584.325,74.45,860.318,0.000,42.13,946.470,0.000,46.04,991.532,0.000,45.06,775.570,1427.229,66.62,852.613,1901.688,73.47,883.431,1609.003,64.66,708.799,0.000,42.13,934.793,0.000,43.10,960.474,0.000,46.04,924.521,0.000,44.08,821.796,698.527,56.82,837.205,0.000,44.08,945.066,0.000,43.10,945.066,0.000,45.06,891.135,0.000,46.04,970.747,0.000,46.04,965.610,0.000,52.90,708.799,1822.437,64.66,842.341,1753.861,57.80,847.999,0.000,43.10,821.796,0.000,44.08,975.883,0.000,44.08,868.022,1379.759,100.00,708.799,1322.578,73.47,932.225,0.000,43.10,934.793,0.000,45.06
63.3736,44707.226,5664.524,85.16,82.51,0.00,1260.378,0.000,82.37,1134.843,0.000,84.28,1677.157,1442.052,87.16,1493.796,0.000,85.24,1619.411,0.000,82.37,1634.475,660.318,90.03,1657.071,0.000,84.28,1611.878,0.000,84.28,1599.717,0.000,85.24,1647.028,0.000,82.37,1257.868,0.000,82.37,1559.153,0.000,82.37,1501.407,0.000,87.16,1674.646,0.000,85.24,1589.282,871.257,85.24,1692.221,0.000,83.33,1694.732,0.000,81.41,1377.833,0.000,83.33,1629.453,0.000,86.20,1601.836,0.000,85.24,1526.514,0.000,85.24,1097.182,0.000,82.37,1206.830,0.000,83.33,1217.696,0.000,82.37,1416.043,1051.989,93.86,1426.086,0.000,83.33,1606.857,377.588,84.28,1225.228,1261.320,100.00,1669.625,0.000,84.28,1400.978,0.000,86.20
63.4806,50318.377,2186.347,99.25,91.14,0.00,2134.666,0.000,100.00,1532.177,0.000,99.07,1504.002,0.000,99.07,1736.452,0.000,99.07,1939.923,0.000,100.00,1873.580,1173.930,100.00,1710.229,0.000,100.00,1859.301,0.000,100.00,1759.498,0.000,99.07,1873.006,0.000,99.07,1818.798,0.000,100.00,1706.822,0.000,100.00,1994.476,0.000,100.00,1535.891,0.000,99.07,1897.124,0.000,100.00,1509.744,0.000,100.00,1561.502,0.000,99.07,1580.834,0.000,99.07,1315.958,0.000,95.33,1263.435,0.000,100.00,2022.843,0.000,100.00,1372.042,0.000,95.33,1311.824,0.000,100.00,1646.450,0.000,99.07,1641.665,292.746,99.07,1309.565,0.000,100.00,1796.632,0.000,98.14,1517.821,719.671,100.00,1676.808,0.000,100.00,1915.308,0.000,98.14
63.5896,15788.828,1080.851,36.28,96.32,0.00,1030.823,0.000,75.25,1030.071,0.000,56.89,338.133,0.000,26.61,450.292,0.000,40.38,741.591,0.000,38.54,508.853,0.000,33.04,208.608,0.000,21.11,480.174,0.000,26.61,393.649,0.000,33.04,372.675,0.000,25.69,1271.718,0.000,54.14,819.396,0.000,44.05,315.054,1080.851,44.05,229.957,0.000,18.35,426.951,0.000,34.87,7.329,0.000,0.00,548.432,0.000,47.72,512.574,0.000,35.79,0.000,0.000,0.00,451.946,0.000,30.28,78.106,0.000,9.18,700.020,0.000,66.07,921.896,0.000,54.14,513.100,0.000,33.95,794.175,0.000,48.64,552.604,0.000,50.47,471.190,0.000,32.12,170.946,0.000,20.19,435.370,0.000,33.04,1013.195,0.000,54.14
63.6967,2762.223,2138.981,5.63,98.26,0.00,0.000,0.000,0.00,0.000,0.000,0.00,0.000,0.000,0.00,0.000,0.000,0.00,0.000,0.000,0.00,0.000,0.000,0.00,0.000,0.000,0.00,0.000,0.000,0.00,0.000,0.000,0.00,0.000,0.000,0.00,0.000,0.000,0.00,0.000,0.000,0.00,0.000,0.000,0.00,0.000,1551.681,23.34,0.000,0.000,0.00,0.000,0.000,0.00,0.000,0.000,0.00,0.000,0.000,0.00,0.000,0.000,0.00,0.000,0.000,0.00,0.000,0.000,0.00,607.642,0.000,34.54,0.000,0.000,0.00,1273.631,0.000,43.87,880.950,0.000,32.67,0.000,0.000,0.00,0.000,587.300,34.54,0.000,0.000,0.00,0.000,0.000,0.00,0.000,0.000,0.00
63.8006,2442.279,3206.536,7.51,98.94,0.00,0.000,0.000,0.00,0.000,0.000,0.00,0.000,0.000,0.00,0.000,0.000,0.00,0.000,0.000,0.00,0.000,0.000,0.00,0.000,0.000,0.00,0.000,0.000,0.00,0.000,0.000,0.00,0.000,0.000,0.00,0.000,0.000,0.00,0.000,0.000,0.00,0.000,0.000,0.00,0.000,0.000,0.00,0.000,0.000,0.00,0.000,0.000,0.00,0.000,0.000,0.00,0.000,0.000,0.00,0.000,1434.401,63.53,0.000,0.000,0.00,0.000,0.000,0.00,0.000,1043.126,15.40,0.000,0.000,0.00,0.000,0.000,0.00,352.479,0.000,23.10,709.059,0.000,49.09,1380.741,729.009,74.12,0.000,0.000,0.00,0.000,0.000,0.00,0.000,0.000,0.00
63.9077,1615.158,923.548,3.14,99.23,0.00,0.000,0.000,0.00,0.000,0.000,0.00,0.000,0.000,0.00,0.000,0.000,0.00,0.000,0.000,0.00,0.000,0.000,0.00,0.000,0.000,0.00,0.000,0.000,0.00,0.000,0.000,0.00,0.000,0.000,0.00,0.000,0.000,0.00,0.000,0.000,0.00,0.000,923.548,13.07,0.000,0.000,0.00,0.000,0.000,0.00,0.000,0.000,0.00,0.000,0.000,0.00,0.000,0.000,0.00,0.000,0.000,0.00,0.000,0.000,0.00,0.000,0.000,0.00,0.000,0.000,0.00,0.000,0.000,0.00,0.000,0.000,0.00,0.000,0.000,0.00,643.662,0.000,41.07,0.000,0.000,0.00,971.496,0.000,40.14,0.000,0.000,0.00,0.000,0.000,0.00
64.0156,652.891,2452.090,2.93,99.08,0.00,0.000,0.000,0.00,0.000,0.000,0.00,0.000,327.907,6.49,0.000,0.000,0.00,0.000,0.000,0.00,0.000,0.000,0.00,0.000,0.000,0.00,0.000,0.000,0.00,0.000,0.000,0.00,0.000,960.721,16.68,0.000,0.000,0.00,0.000,0.000,0.00,0.000,0.000,0.00,0.000,0.000,0.00,0.000,0.000,0.00,0.000,0.000,0.00,0.000,0.000,0.00,97.158,0.000,9.27,0.000,0.000,0.00,0.000,0.000,0.00,0.000,0.000,0.00,0.000,0.000,0.00,398.346,0.000,30.58,0.000,0.000,0.00,0.000,0.000,0.00,0.000,0.000,0.00,0.000,0.000,0.00,157.388,17.003,5.56,0.000,1146.459,19.46,0.000,0.000,0.00
64.1299,3332.619,3121.571,14.90,99.03,0.00,0.000,0.000,0.00,0.000,0.000,0.00,0.000,699.337,12.25,0.000,0.000,0.00,0.000,0.000,0.00,0.000,0.000,0.00,0.000,0.000,0.00,0.000,0.000,0.00,0.000,0.000,0.00,0.000,0.000,0.00,0.000,0.000,0.00,0.000,0.000,0.00,116.974,0.000,23.62,830.288,0.000,83.99,731.662,1076.206,90.99,0.000,0.000,0.00,0.000,0.000,0.00,701.845,0.000,82.24,0.000,0.000,0.00,0.000,0.000,0.00,0.000,0.000,0.00,0.000,0.000,0.00,951.849,0.000,85.74,0.000,0.000,0.00,0.000,0.000,0.00,0.000,0.000,0.00,0.000,0.000,0.00,0.000,1036.820,63.87,0.000,309.208,4.37,0.000,0.000,0.00
64.2477,1946.196,3790.091,9.96,97.63,0.00,0.000,833.125,14.44,0.000,720.249,12.74,0.000,0.000,0.00,0.000,0.000,0.00,62.334,0.000,7.64,0.000,42.298,1.70,0.000,0.000,0.00,0.000,0.000,0.00,0.000,0.000,0.00,0.000,0.000,0.00,0.000,0.000,0.00,0.000,0.000,0.00,438.564,0.000,60.30,126.233,0.000,11.89,222.691,862.031,39.06,0.000,0.000,0.00,0.000,0.000,0.00,174.966,0.000,23.78,480.862,0.000,41.61,187.002,900.225,40.76,204.812,0.000,21.23,0.000,418.528,7.64,48.733,13.636,16.14,0.000,0.000,0.00,0.000,0.000,0.00,0.000,0.000,0.00,0.000,0.000,0.00,0.000,0.000,0.00,0.000,0.000,0.00,0.000,0.000,0.00
64.3568,2939.704,7259.009,15.30,94.46,0.07,0.000,0.000,0.00,0.000,1004.969,16.49,0.000,0.000,0.00,0.000,0.000,0.00,172.924,961.138,40.31,0.000,1109.181,18.32,0.000,0.000,0.00,297.813,0.000,32.98,0.000,535.583,10.08,240.172,1086.027,56.80,0.000,0.000,0.00,422.703,859.065,76.04,413.096,0.000,30.23,0.000,0.000,0.00,0.000,0.000,0.00,67.248,0.000,11.91,172.924,0.000,13.74,0.000,0.000,0.00,403.489,1048.576,55.89,288.206,0.000,37.56,441.916,0.000,34.81,0.000,456.627,7.33,0.000,140.200,12.83,0.000,0.000,0.00,0.000,0.000,0.00,0.000,0.000,0.00,0.000,0.000,0.00,0.000,57.641,1.83,19.214,0.000,1.83,0.000,0.000,0.00
64.4664,985.305,10731.001,11.25,84.58,0.00,0.000,1015.199,16.42,0.000,0.000,0.00,47.830,0.000,2.74,57.396,0.000,6.39,57.396,1083.357,27.37,57.396,0.000,3.65,57.396,1068.859,20.98,47.830,1134.588,20.98,0.000,458.013,6.39,66.962,0.000,7.30,19.132,0.000,2.74,66.962,1223.149,76.63,57.396,944.649,16.42,0.000,0.000,0.00,0.000,0.000,0.00,76.529,0.000,4.56,66.962,0.000,5.47,0.000,59.788,1.82,66.962,0.000,3.65,57.396,0.000,3.65,57.396,0.000,5.47,0.000,0.000,0.00,0.000,1306.366,18.25,0.000,0.000,0.00,0.000,0.000,0.00,0.000,0.000,0.00,0.000,0.000,0.00,0.000,877.089,52.00,57.396,1095.988,21.89,66.962,463.954,12.77
64.5721,500.678,12209.920,7.64,73.08,0.00,9.927,0.000,1.89,19.853,0.000,1.89,19.853,0.000,0.95,19.853,0.000,0.95,19.853,50.836,1.89,19.853,0.000,0.95,19.853,2108.920,34.08,19.853,0.000,0.95,19.853,0.000,0.95,19.853,0.000,0.95,19.853,640.272,16.09,19.853,5.584,1.89,4.343,16.441,0.00,0.000,1136.375,17.04,0.000,0.000,0.00,19.853,3219.935,48.28,19.853,0.000,1.89,0.000,1029.430,16.09,19.853,0.000,1.89,19.853,0.000,0.95,19.853,0.000,0.95,9.927,0.000,0.95,0.000,0.000,0.00,9.927,0.000,0.95,19.853,1100.158,17.04,9.927,1184.108,18.93,9.927,0.000,0.95,69.487,0.000,5.68,19.853,1087.400,23.67,19.853,630.462,10.41
64.6754,740.834,20455.429,14.32,56.73,0.00,20.297,1232.318,19.36,20.297,0.000,1.94,20.297,2441.208,38.71,20.297,0.000,0.97,30.445,1415.188,23.23,20.297,0.000,1.94,20.297,0.000,1.94,40.594,1297.094,23.23,20.297,0.000,2.90,30.445,487.124,11.61,20.297,492.039,12.58,50.742,0.000,1.94,20.297,1245.519,20.32,20.297,0.000,1.94,20.297,1222.566,21.29,40.594,1605.431,27.10,20.297,1322.504,22.26,20.297,0.000,3.87,40.594,1027.527,52.26,30.445,1202.349,22.26,30.445,0.000,4.84,20.297,0.000,1.94,20.297,1218.245,27.10,20.297,1336.498,20.32,20.297,1323.416,21.29,20.297,0.000,2.90,20.297,0.000,1.94,20.297,301.915,15.49,20.297,0.000,1.94,20.297,1284.487,20.32
64.7778,504.431,21364.765,21.62,35.09,0.00,20.485,0.000,1.95,20.485,0.000,2.93,20.485,0.000,0.00,20.485,2668.227,41.02,30.727,1312.169,20.51,20.485,1421.833,22.47,20.485,1388.185,20.51,20.485,1255.036,28.33,0.000,901.318,19.54,30.727,787.213,97.68,20.485,4.346,2.93,2.561,245.814,9.77,10.242,0.000,0.98,10.242,0.000,0.98,10.242,0.000,0.98,20.485,0.000,0.98,20.485,778.411,13.67,10.242,0.000,0.98,30.727,292.744,96.70,20.485,1273.000,22.47,20.485,233.011,5.86,10.242,1286.163,19.54,10.242,0.000,0.00,20.485,0.000,0.98,10.242,1427.994,21.49,10.242,2568.565,38.09,10.242,514.673,33.21,10.242,1572.826,99.63,20.485,0.000,0.98,20.485,1433.235,23.44
64.8799,48.792,31558.053,24.13,13.94,0.00,0.000,0.000,0.00,0.000,1353.532,19.59,0.000,87.312,2.94,0.000,372.359,6.86,0.000,0.000,0.00,0.000,0.000,0.00,0.000,0.000,0.00,0.000,0.000,0.00,20.544,440.210,9.80,0.000,0.000,0.00,0.000,4008.123,59.76,28.248,1291.619,82.29,0.000,1297.758,21.55,0.000,1245.476,18.61,0.000,0.000,0.00,0.000,0.000,0.00,0.000,3343.886,50.94,0.000,1436.109,22.53,0.000,1297.999,70.53,0.000,1299.403,28.41,0.000,1065.155,16.65,0.000,2527.385,38.20,0.000,1321.633,26.45,0.000,2728.571,42.12,0.000,0.000,0.00,0.000,1423.349,21.55,0.000,1651.299,99.92,0.000,892.377,48.00,0.000,1320.309,19.59,0.000,1154.192,17.63
64.9818,771.379,31811.112,23.57,5.75,0.00,30.855,997.650,19.62,20.570,0.000,0.98,41.140,2736.909,48.06,20.570,2645.388,41.20,41.140,0.000,2.94,20.570,2717.223,47.08,20.570,0.000,1.96,30.855,1301.059,29.43,20.570,1519.657,26.48,30.855,3056.831,57.87,20.570,1741.870,28.44,30.855,683.956,37.27,20.570,0.000,0.98,20.570,2285.934,48.06,20.570,1428.859,24.52,30.855,0.000,3.92,20.570,0.000,0.00,30.855,722.525,11.77,30.855,1502.863,79.45,30.855,258.934,4.90,30.855,1474.218,24.52,20.570,0.000,1.96,20.570,0.000,0.98,30.855,951.890,16.67,30.855,1546.776,25.50,20.570,0.000,1.96,20.570,440.570,29.43,20.570,691.670,41.20,20.570,1597.639,24.52,20.570,1508.689,25.50
65.0857,17257.290,25280.558,48.94,34.85,0.00,497.286,1942.167,74.15,512.431,2102.539,52.96,555.344,0.000,32.74,575.539,1272.165,40.44,684.083,1827.036,60.67,626.025,1936.133,71.26,595.733,0.000,36.59,663.889,201.588,37.55,605.830,1426.620,39.48,704.278,0.000,35.63,565.442,0.000,32.74,424.081,1517.534,100.00,545.247,0.000,30.81,555.344,1113.963,51.04,570.490,0.000,34.67,535.150,1903.790,58.74,545.247,1527.237,55.85,514.956,2359.031,75.11,632.296,0.000,35.63,663.889,0.000,36.59,641.170,2852.688,85.70,565.442,0.000,33.70,575.539,0.000,32.74,595.733,1729.298,57.78,610.879,0.000,31.78,525.053,0.000,35.63,504.859,1568.769,98.22,615.927,0.000,33.70,595.733,0.000,34.67,454.373,0.000,31.78
65.1928,51517.822,1874.385,99.74,98.17,0.00,1524.654,0.000,98.96,1676.385,900.177,99.89,1644.570,0.000,100.00,1644.570,0.000,100.00,2075.291,0.000,99.89,1661.701,0.000,99.89,1615.203,0.000,98.96,2065.502,0.000,99.89,1659.254,0.000,99.89,2075.291,0.000,99.89,1664.148,0.000,99.89,2337.150,974.207,99.89,1624.992,0.000,99.89,1639.676,0.000,99.89,1678.832,0.000,99.89,1644.570,0.000,99.89,1656.807,0.000,99.89,1634.781,0.000,99.89,1644.570,0.000,98.96,1850.142,0.000,98.96,1872.358,0.000,98.96,1664.148,0.000,99.89,1654.359,0.000,99.89,1649.465,0.000,99.89,1649.465,0.000,99.89,1593.177,0.000,99.89,1664.148,0.000,99.89,1664.148,0.000,99.89,1664.148,0.000,99.89,1424.315,0.000,99.89
65.2967,50856.132,0.000,99.94,99.25,0.00,1694.767,0.000,100.00,1684.679,0.000,100.00,1684.679,0.000,99.09,1704.855,0.000,99.09,1934.355,0.000,100.00,1682.157,0.000,100.00,1694.767,0.000,100.00,2098.283,0.000,100.00,1450.805,0.000,100.00,2098.283,0.000,100.00,1674.591,0.000,100.00,1823.742,0.000,100.00,1610.005,0.000,100.00,1679.635,0.000,100.00,1694.767,0.000,100.00,1570.442,0.000,100.00,1661.981,0.000,100.00,1684.679,0.000,100.00,1684.679,0.000,100.00,1916.701,0.000,100.00,1505.737,0.000,100.00,1509.678,0.000,100.00,1684.679,0.000,100.00,1436.304,0.000,100.00,1677.113,0.000,100.00,1640.623,0.000,100.00,1684.679,0.000,100.00,1674.591,0.000,100.00,1694.767,0.000,100.00,1619.108,0.000,100.00
65.4016,35718.783,1144.483,77.67,97.84,0.00,1946.652,0.000,84.82,1137.730,0.000,74.34,1937.205,0.000,87.68,787.725,0.000,65.76,1409.856,0.000,81.01,1235.556,0.000,85.77,846.046,1144.483,95.30,1809.281,0.000,80.06,1037.561,0.000,80.06,1212.251,0.000,84.82,1586.537,0.000,92.45,834.843,0.000,73.38,644.694,0.000,66.71,1125.628,0.000,69.57,780.425,0.000,67.67,1844.805,0.000,100.00,1363.168,0.000,78.15,1613.511,0.000,86.73,971.589,0.000,67.67,555.768,0.000,48.61,812.553,0.000,81.01,671.551,0.000,61.00,1293.019,0.000,87.68,368.977,0.000,36.22,1841.018,0.000,87.68,986.306,0.000,80.06,963.821,0.000,80.06,824.186,0.000,83.87,1510.376,0.000,75.29,1766.145,0.000,86.73
65.5087,603.991,0.000,0.59,97.95,0.00,0.000,0.000,0.00,0.000,0.000,0.00,0.000,0.000,0.00,0.000,0.000,0.00,0.000,0.000,0.00,0.000,0.000,0.00,0.000,0.000,0.00,0.000,0.000,0.00,0.000,0.000,0.00,0.000,0.000,0.00,0.000,0.000,0.00,0.000,0.000,0.00,0.000,0.000,0.00,0.000,0.000,0.00,0.000,0.000,0.00,603.991,0.000,17.75,0.000,0.000,0.00,0.000,0.000,0.00,0.000,0.000,0.00,0.000,0.000,0.00,0.000,0.000,0.00,0.000,0.000,0.00,0.000,0.000,0.00,0.000,0.000,0.00,0.000,0.000,0.00,0.000,0.000,0.00,0.000,0.000,0.00,0.000,0.000,0.00,0.000,0.000,0.00,0.000,0.000,0.00
65.6157,0.000,0.000,0.00,98.91,0.00,0.000,0.000,0.00,0.000,0.000,0.00,0.000,0.000,0.00,0.000,0.000,0.00,0.000,0.000,0.00,0.000,0.000,0.00,0.000,0.000,0.00,0.000,0.000,0.00,0.000,0.000,0.00,0.000,0.000,0.00,0.000,0.000,0.00,0.000,0.000,0.00,0.000,0.000,0.00,0.000,0.000,0.00,0.000,0.000,0.00,0.000,0.000,0.00,0.000,0.000,0.00,0.000,0.000,0.00,0.000,0.000,0.00,0.000,0.000,0.00,0.000,0.000,0.00,0.000,0.000,0.00,0.000,0.000,0.00,0.000,0.000,0.00,0.000,0.000,0.00,0.000,0.000,0.00,0.000,0.000,0.00,0.000,0.000,0.00,0.000,0.000,0.00,0.000,0.000,0.00
65.7227,0.000,0.000,0.00,99.23,0.00,0.000,0.000,0.00,0.000,0.000,0.00,0.000,0.000,0.00,0.000,0.000,0.00,0.000,0.000,0.00,0.000,0.000,0.00,0.000,0.000,0.00,0.000,0.000,0.00,0.000,0.000,0.00,0.000,0.000,0.00,0.000,0.000,0.00,0.000,0.000,0.00,0.000,0.000,0.00,0.000,0.000,0.00,0.000,0.000,0.00,0.000,0.000,0.00,0.000,0.000,0.00,0.000,0.000,0.00,0.000,0.000,0.00,0.000,0.000,0.00,0.000,0.000,0.00,0.000,0.000,0.00,0.000,0.000,0.00,0.000,0.000,0.00,0.000,0.000,0.00,0.000,0.000,0.00,0.000,0.000,0.00,0.000,0.000,0.00,0.000,0.000,0.00,0.000,0.000,0.00
65.8306,0.000,0.000,0.00,99.22,0.00,0.000,0.000,0.00,0.000,0.000,0.00,0.000,0.000,0.00,0.000,0.000,0.00,0.000,0.000,0.00,0.000,0.000,0.00,0.000,0.000,0.00,0.000,0.000,0.00,0.000,0.000,0.00,0.000,0.000,0.00,0.000,0.000,0.00,0.000,0.000,0.00,0.000,0.000,0.00,0.000,0.000,0.00,0.000,0.000,0.00,0.000,0.000,0.00,0.000,0.000,0.00,0.000,0.000,0.00,0.000,0.000,0.00,0.000,0.000,0.00,0.000,0.000,0.00,0.000,0.000,0.00,0.000,0.000,0.00,0.000,0.000,0.00,0.000,0.000,0.00,0.000,0.000,0.00,0.000,0.000,0.00,0.000,0.000,0.00,0.000,0.000,0.00,0.000,0.000,0.00
65.9428,677.112,1697.085,3.92,99.18,0.00,0.000,0.000,0.00,0.000,0.000,0.00,0.000,840.699,14.25,0.000,0.000,0.00,0.000,0.000,0.00,0.000,0.000,0.00,0.000,0.000,0.00,0.000,0.000,0.00,0.000,0.000,0.00,0.000,0.000,0.00,0.000,0.000,0.00,0.000,0.000,0.00,0.000,0.000,0.00,0.000,0.000,0.00,0.000,0.000,0.00,0.000,0.000,0.00,417.941,0.000,51.66,0.000,856.386,22.27,0.000,0.000,0.00,0.000,0.000,0.00,0.000,0.000,0.00,0.000,0.000,0.00,0.000,0.000,0.00,0.000,0.000,0.00,0.000,0.000,0.00,0.000,0.000,0.00,0.000,0.000,0.00,0.000,0.000,0.00,259.170,0.000,29.39,0.000,0.000,0.00
66.0580,1061.251,2846.242,6.23,97.79,0.00,0.000,0.000,0.00,0.000,0.000,0.00,0.000,0.000,0.00,0.000,0.000,0.00,0.000,0.000,0.00,72.876,501.020,22.59,0.000,0.000,0.00,0.000,1104.913,19.11,0.000,0.000,0.00,0.000,0.000,0.00,0.000,0.000,0.00,0.000,0.000,0.00,0.000,0.000,0.00,0.000,0.000,0.00,0.000,1240.309,21.72,0.000,0.000,0.00,457.750,0.000,66.02,0.000,0.000,0.00,0.000,0.000,0.00,0.000,0.000,0.00,0.000,0.000,0.00,0.000,0.000,0.00,0.000,0.000,0.00,0.000,0.000,0.00,0.000,0.000,0.00,0.000,0.000,0.00,0.000,0.000,0.00,0.000,0.000,0.00,512.407,0.000,52.12,18.219,0.000,5.21
66.1767,1448.133,4275.691,11.17,95.80,0.00,0.000,0.000,0.00,44.150,760.180,20.21,150.111,0.000,31.16,158.941,0.000,39.58,0.000,0.000,0.00,273.732,351.789,43.79,176.602,0.000,40.42,0.000,0.000,0.00,26.490,0.000,2.53,0.000,0.000,0.00,0.000,0.000,0.00,0.000,0.000,0.00,0.000,0.000,0.00,0.000,0.000,0.00,0.000,0.000,0.00,0.000,1756.220,28.63,158.941,0.000,30.32,0.000,937.299,16.00,0.000,0.000,0.00,0.000,0.000,0.00,0.000,0.000,0.00,0.000,0.000,0.00,0.000,0.000,0.00,0.000,0.000,0.00,0.000,0.000,0.00,0.000,0.000,0.00,0.000,0.000,0.00,0.000,0.000,0.00,300.223,470.202,45.47,158.941,0.000,37.05
66.2856,4719.991,5804.210,22.31,92.47,0.00,334.531,0.000,33.97,620.929,0.000,41.31,96.268,0.000,23.87,327.311,0.000,36.72,0.000,0.000,0.00,166.062,0.000,24.79,575.201,0.000,41.31,0.000,0.000,0.00,348.972,0.000,36.72,0.000,0.000,0.00,356.192,0.000,31.21,0.000,0.000,0.00,0.000,0.000,0.00,0.000,0.000,0.00,0.000,1008.483,16.53,0.000,0.000,0.00,238.263,0.000,33.97,0.000,1129.269,18.36,0.000,1093.657,62.43,0.000,972.683,16.53,0.000,0.000,0.00,122.742,0.000,30.30,0.000,0.000,0.00,190.129,0.000,36.72,478.933,0.000,37.64,108.302,0.000,9.18,209.383,0.000,35.81,0.000,1061.280,43.15,140.040,538.838,22.03,406.732,0.000,36.72
66.3941,2503.363,12288.710,17.36,84.02,0.00,79.722,0.000,8.29,188.435,0.000,15.67,212.593,0.000,14.75,183.603,0.000,13.82,0.000,0.000,0.00,74.891,0.000,8.29,157.029,1026.085,24.88,9.663,0.000,0.92,171.524,0.000,13.82,0.000,0.000,0.00,106.296,0.000,6.45,0.000,828.629,49.76,9.663,659.521,11.06,96.633,2031.673,36.86,38.653,0.000,3.69,0.000,0.000,0.00,77.873,1064.965,24.88,28.990,0.000,3.69,9.663,898.159,44.24,9.663,0.000,0.92,9.663,0.000,2.76,70.059,1141.327,34.10,28.990,0.000,2.76,166.692,1257.363,40.55,272.988,1207.159,30.41,132.871,0.000,15.67,118.376,1282.389,63.59,38.653,736.827,33.18,0.000,0.000,0.00,210.177,154.613,15.67
66.4978,637.556,18884.552,13.19,68.21,0.00,20.240,0.000,1.93,20.240,392.148,7.72,30.360,1223.998,26.06,20.240,1168.260,19.30,20.240,0.000,1.93,20.240,0.000,1.93,50.600,45.540,3.86,20.240,0.000,0.00,20.240,2364.784,36.67,10.120,872.844,14.48,20.240,0.000,1.93,10.120,211.254,15.44,30.360,437.055,7.72,20.240,1214.076,18.34,20.240,0.000,0.00,30.360,1317.884,27.99,10.120,0.000,0.97,20.240,0.000,0.97,20.240,1153.673,51.15,20.240,0.000,0.00,20.240,1165.216,19.30,20.240,1103.073,16.41,20.240,1116.790,16.41,20.240,0.000,2.90,20.240,1127.582,17.37,20.240,1278.433,27.99,20.240,0.000,0.97,20.240,396.694,18.34,20.240,0.000,1.93,20.240,2295.249,35.71
66.6007,366.581,22097.511,13.50,42.44,0.00,20.366,0.000,1.94,10.183,2109.315,32.05,20.366,0.000,2.91,10.183,1601.367,23.31,10.183,1358.292,21.36,20.366,1342.939,21.36,20.366,2398.571,37.87,10.183,0.000,0.97,10.183,1175.956,18.45,10.183,1816.281,28.16,10.183,1247.037,19.42,10.183,0.000,1.94,10.183,2335.763,37.87,10.183,0.000,0.97,10.183,0.000,0.97,10.183,0.000,1.94,10.183,0.000,0.00,10.183,0.000,1.94,10.183,73.149,3.88,10.183,534.598,11.65,10.183,1352.962,19.42,10.183,2616.666,46.61,10.183,0.000,1.94,20.366,0.000,2.91,10.183,0.000,1.94,10.183,0.000,0.97,10.183,855.357,38.84,10.183,0.000,0.97,10.183,0.000,1.94,20.366,1279.256,20.39
66.7031,522.569,24223.636,20.86,16.50,0.00,20.493,17.931,1.95,20.493,0.000,0.00,20.493,1216.485,21.50,20.493,927.103,22.48,10.246,0.000,1.95,20.493,0.000,1.95,20.493,1104.054,25.41,20.493,1620.739,28.34,20.493,0.000,9.77,20.493,0.000,0.98,20.493,0.000,0.98,10.246,1042.576,43.00,20.493,223.381,3.91,10.246,0.000,1.95,10.246,1292.693,21.50,10.246,937.550,17.59,10.246,1346.127,21.50,20.493,1411.808,100.00,10.246,1245.383,59.61,20.493,1969.559,30.29,10.246,0.000,0.98,20.493,0.000,0.98,10.246,1851.765,29.32,20.493,0.000,0.98,20.493,0.000,0.98,20.493,3517.572,61.56,20.493,540.980,29.32,20.493,1310.344,36.16,10.246,2647.585,47.88,30.739,0.000,2.93
66.8051,699.041,31786.707,21.70,5.83,0.00,30.840,4219.943,68.63,20.560,0.000,0.98,30.840,0.000,1.96,20.560,1383.143,22.55,30.840,1394.507,30.39,30.840,0.000,0.98,30.840,392.728,7.84,20.560,1043.461,17.65,20.560,1298.212,29.41,20.560,1833.134,32.35,20.560,2798.772,43.14,20.560,303.622,17.65,20.560,2488.364,40.20,20.560,1406.273,23.53,20.560,2140.008,42.16,20.560,413.208,7.84,30.840,958.611,29.41,20.560,0.000,0.98,20.560,0.000,1.96,20.560,1399.406,29.41,20.560,1320.258,23.53,20.560,0.000,2.94,20.560,2370.104,36.27,20.560,77.100,3.92,20.560,0.000,0.98,20.560,1793.219,28.43,20.560,1315.841,77.45,20.560,1436.792,21.57,20.560,0.000,2.94,41.120,0.000,3.92
66.9069,0.000,28582.234,18.30,2.92,0.00,0.000,1441.346,22.59,0.000,1194.725,20.63,0.000,1585.256,24.56,0.000,0.000,0.00,0.000,1438.771,21.61,0.000,1622.148,26.52,0.000,0.000,0.00,0.000,1520.683,24.56,0.000,0.000,0.00,0.000,946.615,14.73,0.000,476.345,15.72,0.000,118.443,3.93,0.000,463.592,6.88,0.000,1462.830,22.59,0.000,676.780,10.80,0.000,0.000,0.00,0.000,1959.412,31.43,0.000,0.000,0.00,0.000,0.000,0.00,0.000,0.000,0.00,0.000,1432.495,21.61,0.000,0.000,0.00,0.000,1508.051,21.61,0.000,4367.690,72.68,0.000,3206.760,62.86,0.000,0.000,0.00,0.000,1587.267,100.00,0.000,0.000,0.00,0.000,1573.025,23.57,0.000,0.000,0.00
67.0106,36263.145,13506.686,81.59,73.00,0.00,1284.199,0.000,77.15,1395.350,297.350,81.00,1425.765,0.000,74.25,1554.690,0.000,100.00,1102.187,1731.923,97.40,1494.019,1520.168,96.43,1350.400,0.000,78.11,1172.969,0.000,74.25,1372.678,0.000,75.22,1253.864,0.000,75.22,1253.864,1031.720,88.72,905.007,1344.870,100.00,950.510,0.000,76.18,1102.187,0.000,74.25,1102.187,0.000,75.22,1223.528,0.000,76.18,1092.075,0.000,73.29,1223.528,1799.743,87.75,1104.715,0.000,77.15,1233.640,0.000,78.11,1152.746,0.000,76.18,1172.969,0.000,74.25,1248.808,0.000,74.25,1011.181,0.000,73.29,1152.746,1418.378,94.51,1253.864,1022.635,91.61,829.168,1269.032,100.00,1213.417,0.000,75.22,1253.864,0.000,76.18,1377.022,2070.866,76.18
67.1135,50837.422,1542.589,99.94,97.04,0.00,1579.137,0.000,100.00,1518.621,0.000,100.00,2158.175,0.000,100.00,2033.123,0.000,100.00,1595.062,0.000,100.00,1875.782,0.000,100.00,1712.271,0.000,100.00,1679.147,0.000,100.00,1819.766,0.000,99.14,1712.271,0.000,100.00,1657.926,0.000,100.00,1233.243,1293.161,100.00,1457.469,0.000,100.00,1610.350,0.000,99.14,1457.469,0.000,100.00,1712.271,0.000,100.00,1549.198,0.000,100.00,1712.271,0.000,100.00,1674.051,0.000,100.00,1712.271,0.000,100.00,1702.079,0.000,100.00,1712.271,0.000,100.00,1717.367,0.000,100.00,1528.813,0.000,100.00,1638.418,0.000,100.00,1732.655,0.000,100.00,2150.531,249.427,100.00,1730.107,0.000,100.00,1732.655,0.000,100.00,1732.655,0.000,100.00
67.2176,50079.887,1294.352,99.66,95.37,0.00,1480.383,0.000,99.88,1440.022,0.000,99.88,1625.975,0.000,100.00,1953.703,0.000,100.00,1752.448,0.000,100.00,1791.983,0.000,99.88,1770.858,0.000,99.88,1746.783,0.000,98.92,1794.461,0.000,99.88,1941.469,0.000,99.88,1630.499,0.000,98.92,1364.571,1294.352,99.88,1943.632,0.000,98.92,1702.055,0.000,99.88,1420.077,0.000,100.00,1682.032,0.000,99.88,1651.584,0.000,99.88,1489.628,0.000,100.00,1958.738,0.000,100.00,1796.939,0.000,99.88,1433.059,0.000,100.00,1659.255,0.000,98.92,1837.891,0.000,99.88,1501.941,0.000,98.92,1357.569,0.000,98.92,1904.963,0.000,99.88,1303.439,0.000,98.92,1818.379,0.000,100.00,1669.798,0.000,100.00,1655.754,0.000,98.92
67.3255,18145.370,507.784,38.62,98.80,0.00,295.680,0.000,25.01,688.819,0.000,50.01,790.414,0.000,47.24,908.283,0.000,47.24,807.675,0.000,44.46,398.982,0.000,32.42,276.521,0.000,17.60,505.167,0.000,37.97,481.722,0.000,42.60,286.613,0.000,29.64,1072.967,0.000,56.50,1663.188,507.784,70.39,716.968,0.000,50.01,673.227,0.000,50.01,966.896,0.000,60.20,182.135,0.000,13.89,1199.638,0.000,63.91,388.777,0.000,36.12,921.599,0.000,46.31,249.890,0.000,21.30,151.823,0.000,13.89,449.134,0.000,35.20,849.974,0.000,46.31,874.709,0.000,50.94,526.601,0.000,39.83,311.006,0.000,24.08,14.416,0.000,0.93,928.238,0.000,44.46,394.846,0.000,41.68,169.464,0.000,18.52
67.4317,0.000,0.000,0.00,99.22,0.00,0.000,0.000,0.00,0.000,0.000,0.00,0.000,0.000,0.00,0.000,0.000,0.00,0.000,0.000,0.00,0.000,0.000,0.00,0.000,0.000,0.00,0.000,0.000,0.00,0.000,0.000,0.00,0.000,0.000,0.00,0.000,0.000,0.00,0.000,0.000,0.00,0.000,0.000,0.00,0.000,0.000,0.00,0.000,0.000,0.00,0.000,0.000,0.00,0.000,0.000,0.00,0.000,0.000,0.00,0.000,0.000,0.00,0.000,0.000,0.00,0.000,0.000,0.00,0.000,0.000,0.00,0.000,0.000,0.00,0.000,0.000,0.00,0.000,0.000,0.00,0.000,0.000,0.00,0.000,0.000,0.00,0.000,0.000,0.00,0.000,0.000,0.00,0.000,0.000,0.00
67.5385,0.000,0.000,0.00,99.32,0.00,0.000,0.000,0.00,0.000,0.000,0.00,0.000,0.000,0.00,0.000,0.000,0.00,0.000,0.000,0.00,0.000,0.000,0.00,0.000,0.000,0.00,0.000,0.000,0.00,0.000,0.000,0.00,0.000,0.000,0.00,0.000,0.000,0.00,0.000,0.000,0.00,0.000,0.000,0.00,0.000,0.000,0.00,0.000,0.000,0.00,0.000,0.000,0.00,0.000,0.000,0.00,0.000,0.000,0.00,0.000,0.000,0.00,0.000,0.000,0.00,0.000,0.000,0.00,0.000,0.000,0.00,0.000,0.000,0.00,0.000,0.000,0.00,0.000,0.000,0.00,0.000,0.000,0.00,0.000,0.000,0.00,0.000,0.000,0.00,0.000,0.000,0.00,0.000,0.000,0.00
67.6457,0.000,0.000,0.00,100.00,0.00,0.000,0.000,0.00,0.000,0.000,0.00,0.000,0.000,0.00,0.000,0.000,0.00,0.000,0.000,0.00,0.000,0.000,0.00,0.000,0.000,0.00,0.000,0.000,0.00,0.000,0.000,0.00,0.000,0.000,0.00,0.000,0.000,0.00,0.000,0.000,0.00,0.000,0.000,0.00,0.000,0.000,0.00,0.000,0.000,0.00,0.000,0.000,0.00,0.000,0.000,0.00,0.000,0.000,0.00,0.000,0.000,0.00,0.000,0.000,0.00,0.000,0.000,0.00,0.000,0.000,0.00,0.000,0.000,0.00,0.000,0.000,0.00,0.000,0.000,0.00,0.000,0.000,0.00,0.000,0.000,0.00,0.000,0.000,0.00,0.000,0.000,0.00,0.000,0.000,0.00
67.7556,1266.466,2772.370,5.19,99.79,0.00,598.650,0.000,46.40,0.000,0.000,0.00,0.000,0.000,0.00,0.000,0.000,0.00,0.000,0.000,0.00,0.000,0.000,0.00,0.000,0.000,0.00,0.000,0.000,0.00,0.000,0.000,0.00,0.000,0.000,0.00,0.000,0.000,0.00,0.000,0.000,0.00,0.000,0.000,0.00,0.000,0.000,0.00,0.000,0.000,0.00,0.000,834.062,21.84,0.000,0.000,0.00,0.000,0.000,0.00,0.000,0.000,0.00,0.000,0.000,0.00,0.000,1152.170,26.39,312.443,786.138,37.30,0.000,0.000,0.00,355.374,0.000,23.66,0.000,0.000,0.00,0.000,0.000,0.00,0.000,0.000,0.00,0.000,0.000,0.00,0.000,0.000,0.00,0.000,0.000,0.00
67.8700,1712.922,2793.733,9.12,98.56,0.00,285.445,0.000,45.45,0.000,0.000,0.00,0.000,0.000,0.00,0.000,0.000,0.00,0.000,0.000,0.00,0.000,0.000,0.00,0.000,0.000,0.00,0.000,0.000,0.00,0.000,0.000,0.00,0.000,1016.762,17.48,0.000,0.000,0.00,0.000,0.000,0.00,0.000,0.000,0.00,0.000,0.000,0.00,0.000,0.000,0.00,0.000,0.000,0.00,0.000,0.000,0.00,0.000,0.000,0.00,0.000,1032.192,45.45,0.000,0.000,0.00,0.000,0.000,0.00,659.893,0.000,68.18,0.000,0.322,0.00,636.980,744.456,50.70,71.030,0.000,13.11,34.369,0.000,19.23,25.204,0.000,13.98,0.000,0.000,0.00,0.000,0.000,0.00,0.000,0.000,0.00
67.9865,1694.503,2347.550,10.96,97.99,0.00,0.000,0.000,0.00,0.000,0.000,0.00,0.000,0.000,0.00,0.000,0.000,0.00,0.000,0.000,0.00,0.000,0.000,0.00,0.000,0.000,0.00,0.000,605.529,10.30,0.000,846.988,13.74,0.000,0.000,0.00,0.000,0.000,0.00,0.000,0.000,0.00,0.000,0.000,0.00,0.000,0.000,0.00,0.000,0.000,0.00,0.000,0.000,0.00,0.000,0.000,0.00,0.000,0.000,0.00,0.000,0.000,0.00,0.000,0.000,0.00,0.000,56.276,0.86,25.183,0.000,6.87,0.000,0.000,0.00,338.957,838.757,47.23,587.521,0.000,78.14,335.405,0.000,78.14,254.367,0.000,72.99,153.071,0.000,20.61,0.000,0.000,0.00,0.000,0.000,0.00
68.0956,663.058,7769.725,8.03,91.59,0.00,0.000,0.000,0.00,0.000,0.000,0.00,0.000,0.000,0.00,0.000,0.000,0.00,9.610,0.000,2.75,0.000,1183.437,20.16,0.000,1075.180,24.74,0.000,549.433,8.25,0.000,0.000,0.00,0.000,0.000,0.00,0.000,0.000,0.00,0.000,283.481,16.50,76.876,1185.314,32.08,76.876,0.000,7.33,38.438,0.000,3.67,0.000,0.000,0.00,0.000,0.000,0.00,57.657,0.000,6.42,28.829,0.000,2.75,28.829,1018.499,19.25,9.610,1777.690,31.16,0.000,0.000,0.00,67.267,0.000,3.67,0.000,0.000,0.00,67.267,0.000,7.33,67.267,0.000,6.42,67.267,696.692,44.91,67.267,0.000,3.67,0.000,0.000,0.00,0.000,0.000,0.00
68.2036,737.823,12980.088,12.16,81.85,0.00,0.000,0.000,0.00,0.000,1282.961,28.70,9.708,0.000,0.93,0.000,980.111,23.15,38.833,949.773,17.59,9.708,0.000,0.93,0.000,1041.887,18.52,29.125,0.000,3.70,0.000,0.000,0.00,38.833,0.000,3.70,9.708,0.000,0.00,29.125,717.345,49.07,38.833,904.493,25.92,38.833,0.000,1.85,38.833,655.303,13.89,19.416,0.000,1.85,29.125,0.000,1.85,38.833,0.000,2.78,38.833,931.987,42.59,38.833,2155.940,37.03,38.833,0.000,0.93,0.000,944.539,22.22,38.833,1001.954,18.52,0.000,0.000,0.00,38.833,0.000,2.78,38.833,1110.148,18.52,38.833,303.647,19.44,38.833,0.000,0.93,19.416,0.000,1.85,38.833,0.000,5.56
68.3082,621.616,17250.160,11.44,67.85,0.00,10.026,0.000,0.96,30.078,0.000,0.96,20.052,0.000,1.91,20.052,0.000,1.91,20.052,0.000,1.91,20.052,1047.097,17.21,20.052,0.000,2.87,20.052,0.000,0.00,20.052,842.190,21.99,20.052,1098.403,16.25,20.052,1092.450,17.21,20.052,175.456,5.74,20.052,933.795,15.30,20.052,2307.562,36.33,30.078,1423.427,21.04,20.052,0.000,1.91,20.052,1670.828,26.77,20.052,832.163,12.43,20.052,1306.013,57.37,20.052,72.689,0.96,20.052,1117.084,17.21,10.026,0.000,1.91,30.078,0.000,2.87,10.026,0.000,1.91,40.104,0.000,3.82,20.052,0.000,0.00,20.052,0.000,1.91,20.052,2225.591,35.38,20.052,0.000,0.00,20.052,1105.413,17.21
68.4114,490.385,19150.735,17.74,50.64,0.00,10.163,0.000,3.88,15.245,1114.165,18.42,10.163,0.000,1.94,10.163,2628.395,40.71,10.163,0.000,2.91,10.163,264.249,9.69,20.327,1252.641,20.35,30.490,1275.509,21.32,10.163,369.337,5.82,27.949,1226.637,20.35,10.163,0.000,0.97,20.327,929.357,61.06,12.704,0.000,2.91,10.163,0.000,0.97,25.409,0.000,0.97,17.786,0.000,1.94,10.163,1195.273,20.35,20.327,248.170,3.88,15.245,1156.089,45.56,10.163,1140.050,90.14,38.113,0.000,1.94,10.163,0.000,0.97,20.327,0.000,2.91,10.163,1584.739,26.17,20.327,0.000,1.94,20.327,1204.762,19.39,20.327,1086.771,63.97,20.327,1200.673,19.39,12.704,0.000,0.97,10.163,1273.921,20.35
68.5152,431.649,24828.668,17.20,27.57,0.00,10.097,151.456,5.78,15.146,1190.546,18.30,20.194,0.000,2.89,10.097,1284.890,20.22,20.194,2029.706,38.52,10.097,1117.105,17.33,0.000,155.163,2.89,0.000,0.000,0.00,10.097,2217.961,34.67,2.524,0.000,0.00,10.097,1347.129,21.18,20.194,1213.935,71.26,17.670,1408.106,25.04,20.194,1360.184,23.11,15.146,903.687,23.11,2.524,1869.179,27.92,20.194,0.000,0.96,20.194,2808.718,46.22,15.146,108.188,4.81,20.194,0.000,1.93,2.524,0.000,0.00,10.097,1325.831,21.18,20.194,0.000,1.93,10.097,853.162,13.48,20.194,0.000,1.93,20.194,0.000,1.93,20.194,815.338,47.18,40.388,0.000,0.96,7.573,2668.384,40.44,20.194,0.000,0.96
68.6173,667.954,26549.138,16.04,8.37,0.00,20.552,2619.714,40.18,20.552,315.994,7.84,20.552,1916.154,32.34,20.552,0.000,1.96,20.552,543.797,8.82,20.552,0.000,0.98,20.552,1365.051,26.46,20.552,1315.356,23.52,20.552,524.810,8.82,20.552,74.503,2.94,20.552,1443.086,29.40,30.829,0.000,1.96,20.552,0.000,0.98,20.552,1009.639,19.60,20.552,1850.964,29.40,30.829,818.726,13.72,30.829,1304.879,21.56,20.552,0.000,0.98,20.552,0.000,1.96,30.829,1231.902,20.58,20.552,0.000,0.98,10.276,1416.553,23.52,20.552,2646.769,39.20,10.276,0.000,0.98,20.552,2662.986,41.16,41.105,0.000,2.94,20.552,477.764,25.48,30.829,0.000,1.96,20.552,1442.765,24.50,20.552,1567.726,26.46
68.7192,884.373,27601.764,19.35,2.92,0.00,20.567,1560.347,25.50,20.567,1238.227,22.56,30.850,1836.955,30.40,30.850,0.000,2.94,41.134,1468.359,23.54,20.567,0.000,1.96,20.567,0.000,0.00,30.850,1629.720,26.48,20.567,0.000,0.98,41.134,3142.828,57.86,20.567,0.000,1.96,30.850,527.025,30.40,30.850,0.000,2.94,41.134,447.529,14.71,30.850,0.000,1.96,30.850,3051.321,48.05,30.850,1976.183,32.36,30.850,0.000,0.98,41.134,856.094,36.29,30.850,0.000,1.96,30.850,1510.738,26.48,20.567,0.000,0.98,30.850,1624.779,25.50,20.567,0.000,1.96,41.134,141.397,4.90,41.134,1522.507,24.52,30.850,925.507,55.90,30.850,1556.451,27.46,20.567,1428.912,31.38,20.567,1156.884,17.65
68.8226,21174.113,24694.441,56.65,42.18,0.00,689.754,1563.397,66.75,710.041,0.000,43.53,537.602,2371.029,77.39,659.324,0.000,43.53,659.324,1633.292,66.75,649.180,1743.760,50.30,679.610,0.000,43.53,669.467,1789.208,72.55,405.738,1270.941,47.40,740.471,0.000,43.53,669.467,3006.183,86.09,578.176,981.180,99.64,659.324,0.000,44.50,808.939,0.000,44.50,930.661,0.000,45.47,740.471,0.000,43.53,720.184,1012.402,56.11,910.374,1692.607,67.71,639.037,641.533,70.62,672.003,0.000,42.56,750.615,0.000,45.47,689.754,0.000,42.56,758.222,87.408,43.53,588.319,0.000,40.63,790.871,3190.944,82.23,900.230,0.000,43.53,758.222,623.782,75.45,748.079,0.000,42.56,740.471,1552.541,65.78,720.184,1534.235,61.91
68.9265,50927.294,0.000,99.70,97.14,0.00,1634.516,0.000,99.11,1654.696,0.000,100.00,1372.187,0.000,100.00,1644.606,0.000,100.00,1432.724,0.000,100.00,1644.606,0.000,99.11,1644.606,0.000,99.11,1644.606,0.000,100.00,1301.559,0.000,99.11,1644.606,0.000,100.00,1664.785,0.000,100.00,1664.785,0.000,100.00,1452.903,0.000,99.11,2048.190,0.000,99.11,2048.190,0.000,100.00,1664.785,0.000,99.11,1644.606,0.000,100.00,2068.370,0.000,100.00,1705.144,0.000,100.00,1662.263,0.000,100.00,1654.696,0.000,99.11,1604.248,0.000,100.00,2028.011,0.000,100.00,1624.427,0.000,100.00,1563.889,0.000,100.00,2058.280,0.000,100.00,1864.055,0.000,100.00,2007.832,0.000,99.11,1634.516,0.000,99.11,1644.606,0.000,100.00
69.0306,50925.346,0.000,99.94,98.06,0.00,1671.977,0.000,100.00,1630.429,0.000,99.90,1661.905,0.000,99.90,1604.462,0.000,99.90,1561.183,0.000,99.90,1671.977,0.000,100.00,1671.977,0.000,100.00,1687.085,0.000,99.90,1671.977,0.000,100.00,1671.977,0.000,99.90,1661.905,0.000,99.90,1671.977,0.000,99.90,1354.901,0.000,100.00,1833.131,0.000,99.90,1895.177,0.000,99.90,1682.049,0.000,100.00,1568.501,0.000,99.90,1987.715,0.000,99.90,1463.137,0.000,100.00,1651.833,0.000,100.00,1692.121,0.000,100.00,1581.328,0.000,99.90,2084.935,0.000,99.90,1671.977,0.000,99.90,1290.337,0.000,99.90,1943.807,0.000,99.90,2015.256,0.000,99.90,2006.207,0.000,100.00,1702.194,0.000,100.00,1661.905,0.000,99.90
69.1346,33243.234,0.000,68.78,99.32,0.00,1020.213,0.000,69.29,651.025,0.000,52.93,1447.738,0.000,83.72,886.783,0.000,68.33,791.353,0.000,58.70,1117.102,0.000,64.48,710.034,0.000,51.00,1559.646,0.000,75.06,1211.271,0.000,62.55,1127.271,0.000,73.14,1013.669,0.000,51.00,658.869,0.000,43.31,1220.534,0.000,85.65,1731.232,0.000,77.95,1192.744,0.000,79.88,1417.742,0.000,74.10,869.085,0.000,54.85,1023.011,0.000,69.29,1030.619,0.000,76.99,805.385,0.000,64.48,698.524,0.000,51.00,1381.990,0.000,77.95,1368.785,0.000,66.40,1502.490,0.000,80.84,1018.478,0.000,92.39,899.752,0.000,68.33,1452.666,0.000,80.84,1565.125,0.000,79.88,922.456,0.000,63.52,947.644,0.000,65.44
69.2407,0.000,0.000,0.00,100.00,0.00,0.000,0.000,0.00,0.000,0.000,0.00,0.000,0.000,0.00,0.000,0.000,0.00,0.000,0.000,0.00,0.000,0.000,0.00,0.000,0.000,0.00,0.000,0.000,0.00,0.000,0.000,0.00,0.000,0.000,0.00,0.000,0.000,0.00,0.000,0.000,0.00,0.000,0.000,0.00,0.000,0.000,0.00,0.000,0.000,0.00,0.000,0.000,0.00,0.000,0.000,0.00,0.000,0.000,0.00,0.000,0.000,0.00,0.000,0.000,0.00,0.000,0.000,0.00,0.000,0.000,0.00,0.000,0.000,0.00,0.000,0.000,0.00,0.000,0.000,0.00,0.000,0.000,0.00,0.000,0.000,0.00,0.000,0.000,0.00,0.000,0.000,0.00,0.000,0.000,0.00
69.3477,0.000,0.000,0.00,100.00,0.00,0.000,0.000,0.00,0.000,0.000,0.00,0.000,0.000,0.00,0.000,0.000,0.00,0.000,0.000,0.00,0.000,0.000,0.00,0.000,0.000,0.00,0.000,0.000,0.00,0.000,0.000,0.00,0.000,0.000,0.00,0.000,0.000,0.00,0.000,0.000,0.00,0.000,0.000,0.00,0.000,0.000,0.00,0.000,0.000,0.00,0.000,0.000,0.00,0.000,0.000,0.00,0.000,0.000,0.00,0.000,0.000,0.00,0.000,0.000,0.00,0.000,0.000,0.00,0.000,0.000,0.00,0.000,0.000,0.00,0.000,0.000,0.00,0.000,0.000,0.00,0.000,0.000,0.00,0.000,0.000,0.00,0.000,0.000,0.00,0.000,0.000,0.00,0.000,0.000,0.00
69.4515,0.000,4.231,0.13,100.00,0.00,0.000,0.000,0.00,0.000,0.000,0.00,0.000,0.000,0.00,0.000,0.000,0.00,0.000,0.000,0.00,0.000,0.000,0.00,0.000,0.000,0.00,0.000,0.000,0.00,0.000,0.000,0.00,0.000,0.000,0.00,0.000,0.000,0.00,0.000,0.000,0.00,0.000,0.000,0.00,0.000,0.000,0.00,0.000,0.000,0.00,0.000,0.000,0.00,0.000,0.000,0.00,0.000,0.000,0.00,0.000,0.000,0.00,0.000,0.000,0.00,0.000,0.000,0.00,0.000,4.231,3.85,0.000,0.000,0.00,0.000,0.000,0.00,0.000,0.000,0.00,0.000,0.000,0.00,0.000,0.000,0.00,0.000,0.000,0.00,0.000,0.000,0.00,0.000,0.000,0.00
69.5588,1122.403,1093.479,2.30,100.00,0.00,0.000,0.000,0.00,0.000,0.000,0.00,0.000,0.000,0.00,0.000,0.000,0.00,0.000,0.000,0.00,0.000,1093.479,18.66,0.000,0.000,0.00,0.000,0.000,0.00,0.000,0.000,0.00,0.000,0.000,0.00,0.000,0.000,0.00,0.000,0.000,0.00,1122.403,0.000,50.37,0.000,0.000,0.00,0.000,0.000,0.00,0.000,0.000,0.00,0.000,0.000,0.00,0.000,0.000,0.00,0.000,0.000,0.00,0.000,0.000,0.00,0.000,0.000,0.00,0.000,0.000,0.00,0.000,0.000,0.00,0.000,0.000,0.00,0.000,0.000,0.00,0.000,0.000,0.00,0.000,0.000,0.00,0.000,0.000,0.00,0.000,0.000,0.00,0.000,0.000,0.00
69.6697,101.237,475.123,0.66,100.00,0.00,0.000,0.000,0.00,0.000,0.000,0.00,0.000,0.000,0.00,0.000,0.000,0.00,0.000,0.000,0.00,0.000,0.000,0.00,0.000,0.000,0.00,0.000,0.000,0.00,0.000,0.000,0.00,0.000,0.000,0.00,0.000,0.000,0.00,0.000,0.000,0.00,56.325,0.000,3.61,0.000,0.000,0.00,0.000,0.000,0.00,0.000,0.000,0.00,0.000,0.000,0.00,0.000,0.000,0.00,44.912,0.000,7.21,0.000,0.000,0.00,0.000,475.123,9.02,0.000,0.000,0.00,0.000,0.000,0.00,0.000,0.000,0.00,0.000,0.000,0.00,0.000,0.000,0.00,0.000,0.000,0.00,0.000,0.000,0.00,0.000,0.000,0.00,0.000,0.000,0.00
69.7891,781.039,317.983,3.29,99.93,0.00,0.000,0.000,0.00,0.000,0.000,0.00,0.000,0.000,0.00,0.000,0.000,0.00,0.000,0.000,0.00,0.000,0.000,0.00,0.000,0.000,0.00,0.000,0.000,0.00,0.000,0.000,0.00,0.000,0.000,0.00,0.000,0.000,0.00,0.000,0.000,0.00,0.000,0.000,0.00,0.000,0.000,0.00,0.000,0.000,0.00,0.000,0.000,0.00,0.000,0.000,0.00,0.000,0.000,0.00,781.039,0.000,93.73,0.000,0.000,0.00,0.000,317.983,5.02,0.000,0.000,0.00,0.000,0.000,0.00,0.000,0.000,0.00,0.000,0.000,0.00,0.000,0.000,0.00,0.000,0.000,0.00,0.000,0.000,0.00,0.000,0.000,0.00,0.000,0.000,0.00
69.8984,935.775,5838.508,8.57,97.79,0.00,0.000,1872.937,43.02,0.000,0.000,0.00,0.000,820.603,21.05,0.000,0.000,0.00,189.554,1011.732,42.10,0.000,0.000,0.00,0.000,0.000,0.00,16.796,956.882,23.80,0.000,0.000,0.00,26.394,0.000,4.58,0.000,0.000,0.00,0.000,0.000,0.00,0.000,0.000,0.00,0.000,0.000,0.00,0.000,0.000,0.00,0.000,215.948,5.49,0.000,0.000,0.00,0.000,0.000,0.00,287.931,0.000,40.27,220.747,0.000,28.37,194.353,960.406,48.51,0.000,0.000,0.00,0.000,0.000,0.00,0.000,0.000,0.00,0.000,0.000,0.00,0.000,0.000,0.00,0.000,0.000,0.00,0.000,0.000,0.00,0.000,0.000,0.00,0.000,0.000,0.00
70.0076,2697.774,6157.242,14.56,93.92,0.00,0.000,71.414,0.92,0.000,1764.635,30.22,38.407,161.843,4.58,9.602,0.000,0.92,403.276,0.000,34.80,105.620,0.000,11.90,57.611,0.000,5.49,326.462,0.000,29.30,0.000,0.000,0.00,300.057,0.000,27.47,0.000,0.000,0.00,230.444,1029.420,72.34,0.000,0.000,0.00,0.000,0.000,0.00,0.000,0.000,0.00,211.240,703.558,27.47,134.425,0.000,17.40,0.000,1052.787,17.40,126.887,0.000,10.99,276.052,0.000,21.98,208.840,0.000,18.31,0.000,0.000,0.00,0.000,0.000,0.00,0.000,0.000,0.00,0.000,0.000,0.00,0.000,0.000,0.00,0.000,1373.585,80.58,0.000,0.000,0.00,211.240,0.000,19.23,57.611,0.000,5.49
70.1238,7804.390,9498.815,25.72,89.18,0.00,9.020,0.000,1.72,324.707,195.825,32.69,478.041,0.000,34.41,441.963,0.000,39.57,539.065,0.000,27.53,568.238,943.082,65.37,595.297,1974.457,67.09,687.748,0.000,40.43,297.648,0.000,28.39,559.218,137.550,43.01,18.039,572.748,10.32,396.864,0.000,36.99,0.000,0.000,0.00,0.000,0.000,0.00,0.000,0.000,0.00,532.159,0.000,41.29,712.552,0.000,43.87,0.000,945.019,20.64,0.000,0.000,0.00,290.884,1012.737,49.89,369.806,0.000,34.41,0.000,0.000,0.00,0.000,0.000,0.00,0.000,0.000,0.00,0.000,0.000,0.00,0.000,0.000,0.00,18.039,540.509,37.85,0.000,1062.627,17.20,369.806,0.000,33.55,595.297,2114.262,65.37
70.2270,1138.093,17536.638,13.37,73.48,0.00,40.646,0.000,3.88,40.646,0.000,1.94,40.646,1118.167,20.35,40.646,0.000,2.91,0.000,0.000,0.00,40.646,0.000,3.88,40.646,0.000,2.91,40.646,1204.143,19.38,40.646,1900.843,31.01,40.646,1101.376,18.41,40.646,1600.284,28.10,40.646,0.000,2.91,10.162,1153.375,20.35,50.808,1066.962,25.20,10.162,1138.212,19.38,40.646,0.000,1.94,40.646,0.000,3.88,81.292,0.000,6.78,0.000,0.000,0.00,40.646,0.000,1.94,40.646,0.000,2.91,40.646,2368.235,38.76,30.485,0.000,1.94,40.646,1194.378,22.29,30.485,0.000,2.91,20.323,1177.826,19.38,40.646,1130.313,69.77,91.454,0.000,2.91,40.646,276.902,6.78,40.646,1105.623,18.41
70.3302,365.766,17381.923,10.82,52.66,0.00,10.160,0.000,0.97,10.160,0.000,0.00,10.160,0.000,0.00,10.160,1275.338,20.35,10.160,2524.719,39.73,10.160,1273.909,20.35,20.320,1278.592,19.38,10.160,58.461,0.97,10.160,455.381,8.72,20.320,0.000,0.97,10.160,1280.418,19.38,20.320,812.812,49.42,10.160,988.075,16.47,10.160,81.281,0.97,10.160,0.000,1.94,10.160,1290.022,20.35,10.160,0.000,0.00,10.160,0.000,0.97,10.160,0.000,0.97,20.320,1488.503,30.04,30.480,0.000,0.97,10.160,1150.439,17.44,10.160,0.000,0.97,10.160,1225.172,18.41,10.160,1130.873,17.44,10.160,220.983,4.84,10.160,0.000,0.00,10.160,0.000,0.00,10.160,846.944,12.60,10.160,0.000,0.00
70.4328,460.318,25080.422,16.75,24.37,0.00,10.229,1278.781,22.44,10.229,1247.894,33.17,20.459,0.000,2.93,10.229,1439.573,23.41,10.229,0.000,0.98,20.459,0.000,1.95,20.459,0.000,1.95,20.459,0.000,0.98,10.229,2546.134,54.63,20.459,2558.561,46.83,10.229,0.000,1.95,20.459,450.648,28.29,10.229,302.284,5.85,10.229,1242.979,20.49,10.229,542.152,8.78,20.459,1038.273,16.58,20.459,0.000,0.98,10.229,1368.967,28.29,10.229,0.000,0.98,20.459,1152.354,18.54,20.459,838.802,15.61,20.459,0.000,0.98,10.229,2549.691,52.68,10.229,1347.709,22.44,10.229,1343.314,21.46,10.229,1087.541,17.56,20.459,0.000,2.93,20.459,4.395,2.93,20.459,1403.890,23.41,20.459,1336.481,22.44
70.5350,0.000,25147.595,14.32,5.07,0.00,0.000,1368.342,23.48,0.000,1348.023,21.53,0.000,1906.093,30.33,0.000,1427.295,22.50,0.000,0.000,0.00,0.000,0.000,0.00,0.000,1376.558,22.50,0.000,1411.545,23.48,0.000,0.000,0.00,0.000,0.000,0.00,0.000,0.000,0.00,0.000,0.000,0.00,0.000,1349.506,21.53,0.000,1361.890,23.48,0.000,3463.237,52.84,0.000,210.523,2.94,0.000,3886.929,60.66,0.000,0.000,0.00,0.000,907.980,36.20,0.000,135.941,3.91,0.000,454.030,6.85,0.000,1996.827,31.31,0.000,0.000,0.00,0.000,11.702,0.00,0.000,1472.302,23.48,0.000,0.000,0.00,0.000,0.000,0.00,0.000,0.000,0.00,0.000,1058.869,22.50,0.000,0.000,0.00
70.6368,648.844,29682.426,24.94,2.84,0.00,20.598,100.416,4.91,20.598,1421.639,24.55,20.598,989.358,22.59,20.598,0.000,1.96,10.299,0.000,1.96,20.598,2905.193,47.15,20.598,1389.776,21.61,20.598,1572.505,25.54,20.598,0.000,1.96,20.598,1509.221,24.55,30.897,1241.042,22.59,20.598,203.407,12.77,30.897,0.000,0.98,20.598,0.000,2.95,20.598,0.000,1.96,20.598,1411.138,23.57,20.598,253.213,4.91,30.897,1428.518,23.57,10.299,2305.431,100.00,30.897,1209.904,18.66,30.897,1371.109,100.00,20.598,912.879,13.75,20.598,0.000,2.95,20.598,1487.135,24.55,20.598,1091.383,25.54,20.598,1476.956,29.47,20.598,1349.183,85.45,20.598,2452.475,45.18,20.598,1600.545,24.55,20.598,0.000,7.86
70.7427,6887.137,26874.109,31.87,16.85,0.00,237.573,1332.016,36.82,217.775,0.000,13.22,210.351,1587.299,38.71,160.857,3102.135,59.47,237.573,1029.482,28.32,207.876,0.000,14.16,217.775,0.000,15.10,244.997,0.000,14.16,205.401,0.000,13.22,294.491,0.000,13.22,207.876,278.444,16.05,188.078,1507.567,100.00,247.472,1395.586,37.76,259.845,1525.199,36.82,197.977,0.000,14.16,282.118,0.000,13.22,240.048,1485.642,47.20,207.876,0.000,15.10,205.401,2183.087,100.00,343.986,0.000,14.16,334.087,1073.022,25.49,237.573,0.000,12.27,178.180,3185.115,53.81,180.654,1615.410,46.26,180.654,1610.074,40.59,237.573,1581.847,36.82,232.623,195.000,27.38,227.674,2187.186,44.37,264.795,0.000,13.22,197.977,0.000,15.10
70.8488,50400.477,3259.622,99.94,97.49,0.00,1690.418,0.000,99.93,1542.135,0.000,99.93,1628.633,0.000,99.93,1519.893,0.000,99.93,1542.135,709.515,99.93,1563.451,0.000,99.93,1646.126,0.000,99.93,1871.137,0.000,100.00,1574.263,0.000,99.93,1829.741,0.000,100.00,1650.876,0.000,99.93,1524.836,1175.793,99.93,1670.647,0.000,99.93,1687.946,0.000,99.93,1324.655,0.000,100.00,1991.886,0.000,99.93,1709.957,0.000,99.93,1631.105,0.000,99.93,1712.660,1374.314,99.93,2065.101,0.000,99.93,2078.423,0.000,99.93,1665.704,0.000,99.93,1660.761,0.000,99.93,1598.977,0.000,99.93,1648.404,0.000,99.93,1670.647,0.000,99.93,1665.704,0.000,99.93,1640.990,0.000,99.93,1930.218,0.000,99.93,1463.051,0.000,99.93
70.9577,51701.316,0.000,100.00,100.00,0.00,1763.891,0.000,100.00,1448.916,0.000,100.00,1445.570,0.000,100.00,1697.414,0.000,100.00,1718.170,0.000,100.00,1333.146,0.000,100.00,1328.333,0.000,100.00,1780.736,0.000,100.00,1571.454,0.000,100.00,1780.736,0.000,100.00,1761.485,0.000,100.00,2751.267,0.000,100.00,1761.485,0.000,100.00,1665.229,0.000,100.00,1751.859,0.000,100.00,1790.362,0.000,100.00,1619.958,0.000,100.00,1699.257,0.000,100.00,1751.859,0.000,100.00,1771.110,0.000,100.00,2121.430,0.000,100.00,1768.704,0.000,100.00,1751.859,0.000,100.00,1754.266,0.000,100.00,1771.110,0.000,100.00,1761.485,0.000,100.00,1684.480,0.000,100.00,1761.485,0.000,100.00,1761.485,0.000,100.00,1372.776,0.000,100.00
71.0612,40849.738,0.000,85.23,99.62,0.00,1799.418,0.000,87.00,1268.482,0.000,94.74,1604.648,0.000,96.67,1428.091,0.000,95.70,1408.214,0.000,70.57,1645.906,0.000,94.74,1370.955,0.000,86.04,1337.220,0.000,78.30,1097.469,0.000,96.67,1271.372,0.000,79.27,1318.966,0.000,83.14,1483.010,0.000,79.27,939.403,0.000,66.70,2180.683,0.000,97.64,1476.081,0.000,91.84,1042.629,0.000,82.17,852.016,0.000,74.43,1315.719,0.000,91.84,1972.925,0.000,97.64,1512.271,0.000,77.33,1035.383,0.000,82.17,950.609,0.000,77.33,1783.223,0.000,93.77,1593.917,0.000,84.10,1497.463,0.000,88.94,1261.671,0.000,86.04,1157.812,0.000,80.24,946.808,0.000,82.17,1144.706,0.000,76.37,1152.665,0.000,84.10
71.1657,133.095,0.000,0.10,98.50,0.00,0.000,0.000,0.00,0.000,0.000,0.00,0.000,0.000,0.00,31.227,0.000,0.96,0.000,0.000,0.00,0.000,0.000,0.00,0.000,0.000,0.00,0.000,0.000,0.00,10.461,0.000,0.00,0.000,0.000,0.00,0.000,0.000,0.00,0.000,0.000,0.00,0.000,0.000,0.00,0.000,0.000,0.00,0.000,0.000,0.00,0.000,0.000,0.00,0.000,0.000,0.00,0.000,0.000,0.00,91.407,0.000,1.91,0.000,0.000,0.00,0.000,0.000,0.00,0.000,0.000,0.00,0.000,0.000,0.00,0.000,0.000,0.00,0.000,0.000,0.00,0.000,0.000,0.00,0.000,0.000,0.00,0.000,0.000,0.00,0.000,0.000,0.00,0.000,0.000,0.00
71.2695,0.000,0.000,0.00,99.92,0.00,0.000,0.000,0.00,0.000,0.000,0.00,0.000,0.000,0.00,0.000,0.000,0.00,0.000,0.000,0.00,0.000,0.000,0.00,0.000,0.000,0.00,0.000,0.000,0.00,0.000,0.000,0.00,0.000,0.000,0.00,0.000,0.000,0.00,0.000,0.000,0.00,0.000,0.000,0.00,0.000,0.000,0.00,0.000,0.000,0.00,0.000,0.000,0.00,0.000,0.000,0.00,0.000,0.000,0.00,0.000,0.000,0.00,0.000,0.000,0.00,0.000,0.000,0.00,0.000,0.000,0.00,0.000,0.000,0.00,0.000,0.000,0.00,0.000,0.000,0.00,0.000,0.000,0.00,0.000,0.000,0.00,0.000,0.000,0.00,0.000,0.000,0.00,0.000,0.000,0.00
71.3767,0.000,0.000,0.00,100.00,0.00,0.000,0.000,0.00,0.000,0.000,0.00,0.000,0.000,0.00,0.000,0.000,0.00,0.000,0.000,0.00,0.000,0.000,0.00,0.000,0.000,0.00,0.000,0.000,0.00,0.000,0.000,0.00,0.000,0.000,0.00,0.000,0.000,0.00,0.000,0.000,0.00,0.000,0.000,0.00,0.000,0.000,0.00,0.000,0.000,0.00,0.000,0.000,0.00,0.000,0.000,0.00,0.000,0.000,0.00,0.000,0.000,0.00,0.000,0.000,0.00,0.000,0.000,0.00,0.000,0.000,0.00,0.000,0.000,0.00,0.000,0.000,0.00,0.000,0.000,0.00,0.000,0.000,0.00,0.000,0.000,0.00,0.000,0.000,0.00,0.000,0.000,0.00,0.000,0.000,0.00
71.4846,505.197,977.606,1.33,100.00,0.00,0.000,0.000,0.00,0.000,977.606,17.60,0.000,0.000,0.00,0.000,0.000,0.00,0.000,0.000,0.00,505.197,0.000,22.24,0.000,0.000,0.00,0.000,0.000,0.00,0.000,0.000,0.00,0.000,0.000,0.00,0.000,0.000,0.00,0.000,0.000,0.00,0.000,0.000,0.00,0.000,0.000,0.00,0.000,0.000,0.00,0.000,0.000,0.00,0.000,0.000,0.00,0.000,0.000,0.00,0.000,0.000,0.00,0.000,0.000,0.00,0.000,0.000,0.00,0.000,0.000,0.00,0.000,0.000,0.00,0.000,0.000,0.00,0.000,0.000,0.00,0.000,0.000,0.00,0.000,0.000,0.00,0.000,0.000,0.00,0.000,0.000,0.00,0.000,0.000,0.00
71.5997,1191.607,1499.993,3.68,100.00,0.00,0.000,0.000,0.00,0.000,0.000,0.00,0.000,0.000,0.00,0.000,0.000,0.00,0.000,0.000,0.00,795.188,0.000,47.80,43.287,0.000,11.30,0.000,0.000,0.00,0.000,0.000,0.00,0.000,0.000,0.00,0.000,0.000,0.00,0.000,0.000,0.00,0.000,0.000,0.00,0.000,0.000,0.00,0.000,542.229,13.04,0.000,0.000,0.00,0.000,0.000,0.00,0.000,957.764,15.64,0.000,0.000,0.00,0.000,0.000,0.00,0.000,0.000,0.00,0.000,0.000,0.00,0.000,0.000,0.00,0.000,0.000,0.00,0.000,0.000,0.00,0.000,0.000,0.00,0.000,0.000,0.00,0.000,0.000,0.00,0.000,0.000,0.00,353.132,0.000,22.60
71.7211,1643.171,2013.402,9.61,99.09,0.00,0.000,0.000,0.00,17.270,0.000,1.65,293.594,0.000,46.12,112.257,0.000,26.35,0.000,0.000,0.00,0.000,0.000,0.00,502.996,0.000,77.41,0.000,0.000,0.00,0.000,988.756,18.12,0.000,0.000,0.00,0.000,0.000,0.00,0.000,0.000,0.00,0.000,0.000,0.00,0.000,0.000,0.00,0.000,169.768,3.29,0.000,0.000,0.00,0.000,0.000,0.00,0.000,0.000,0.00,0.000,0.000,0.00,0.000,0.000,0.00,0.000,0.000,0.00,0.000,0.000,0.00,0.000,0.000,0.00,0.000,0.000,0.00,0.000,166.226,4.94,0.000,0.000,0.00,0.000,688.652,42.00,0.000,0.000,0.00,0.000,0.000,0.00,717.053,0.000,68.35
71.8299,915.797,10587.962,13.94,93.17,0.00,93.990,0.000,19.31,84.350,0.000,9.19,113.270,0.000,12.87,84.350,1223.598,34.93,0.000,0.000,0.00,0.000,935.077,17.47,180.749,1104.266,36.77,0.000,0.000,0.00,84.350,0.000,16.55,0.000,1080.091,18.39,65.070,0.000,8.27,0.000,1006.096,68.03,0.000,0.000,0.00,0.000,0.000,0.00,0.000,1237.004,27.58,0.000,0.000,0.00,0.000,1253.648,20.23,0.000,0.000,0.00,0.000,0.000,0.00,0.000,1100.312,18.39,0.000,0.000,0.00,9.640,0.000,2.76,0.000,0.000,0.00,84.350,0.000,10.11,9.640,644.522,11.03,26.510,0.000,6.44,53.020,1003.348,69.87,26.510,0.000,10.11,0.000,0.000,0.00,0.000,0.000,0.00
71.9397,6317.596,6518.042,28.32,91.74,0.00,451.086,1247.834,61.91,317.431,0.000,42.79,384.259,0.000,53.72,489.274,916.941,61.00,0.000,932.007,16.39,0.000,231.622,5.46,384.259,0.000,43.70,0.000,0.000,0.00,508.367,0.000,50.99,0.000,0.000,0.00,317.431,0.000,43.70,0.000,0.000,0.00,143.202,0.000,20.03,171.842,1174.779,40.06,219.576,0.000,26.40,0.000,0.000,0.00,0.000,0.000,0.00,219.576,955.911,35.51,57.281,0.000,12.75,0.000,0.000,0.00,0.000,0.000,0.00,284.017,0.000,47.34,200.483,0.000,26.40,587.128,0.000,46.43,324.591,0.000,40.97,317.431,0.000,48.25,537.008,345.326,58.27,403.352,0.000,50.99,0.000,0.000,0.00,0.000,713.623,16.39
72.0457,1209.214,13149.859,11.63,78.51,0.00,49.457,1168.992,22.64,49.457,1066.370,18.87,69.239,588.534,13.21,49.457,0.000,3.77,29.674,1122.974,17.92,0.000,0.000,0.00,49.457,0.000,2.83,39.565,0.000,1.89,49.457,0.000,2.83,19.783,0.000,2.83,59.348,0.000,4.72,9.891,0.000,0.94,49.457,0.000,5.66,49.457,1021.047,19.81,49.457,59.348,3.77,19.783,0.000,0.94,9.891,1013.629,18.87,49.457,0.000,3.77,49.457,956.986,38.68,29.674,1176.643,22.64,19.783,0.000,2.83,61.821,0.000,5.66,49.457,0.000,3.77,56.875,0.000,4.72,49.457,869.896,16.04,49.457,1132.325,25.47,51.929,0.000,4.72,49.457,1550.233,49.05,39.565,1097.937,17.92,0.000,324.945,12.26
72.1491,699.648,17073.950,10.80,61.12,0.00,20.280,0.000,0.97,30.419,0.000,0.97,40.559,458.312,7.74,30.419,0.000,0.97,20.280,1245.891,19.34,20.280,0.000,2.90,40.559,0.000,0.00,20.280,0.000,1.93,50.699,1075.613,17.41,20.280,0.000,0.97,20.280,1176.219,19.34,20.280,0.000,0.00,20.280,1136.452,18.37,20.280,0.000,0.97,20.280,2377.986,35.78,20.280,0.000,1.93,20.280,0.000,0.00,20.280,0.000,0.00,20.280,130.550,7.74,20.280,1225.413,25.14,20.280,851.745,13.54,20.280,1318.969,27.08,20.280,1239.474,18.37,20.280,1238.207,19.34,20.280,0.000,0.97,20.280,2637.858,39.65,20.280,0.000,0.00,20.280,959.124,40.61,20.280,2.139,0.00,20.280,0.000,1.93
72.2520,418.133,21084.252,16.40,34.17,0.00,20.397,1140.504,17.51,20.397,0.000,1.95,20.397,0.000,1.95,20.397,1088.477,26.26,20.397,1248.225,20.42,10.198,0.000,0.97,20.397,0.000,2.92,10.198,1220.099,20.42,20.397,0.000,0.00,10.198,1216.992,35.01,20.397,606.683,16.53,10.198,1213.327,72.94,10.198,1093.974,17.51,10.198,0.000,1.95,10.198,0.000,1.95,10.198,1360.447,29.18,10.198,1228.904,19.45,10.198,265.158,5.84,10.198,0.000,0.97,10.198,0.000,0.97,10.198,1602.498,24.31,20.397,2418.727,37.93,10.198,0.000,0.97,20.397,1164.088,19.45,20.397,0.000,3.89,10.198,1181.099,19.45,10.198,0.000,1.95,10.198,999.440,48.63,10.198,859.213,13.62,10.198,1176.398,27.23
72.3539,0.000,26518.178,18.83,10.35,0.00,0.000,0.000,0.00,0.000,0.000,0.00,0.000,1329.215,23.54,0.000,0.000,0.00,0.000,1249.788,27.46,0.000,1315.194,21.58,0.000,2418.782,43.16,0.000,0.000,0.00,0.000,1255.895,36.29,0.000,0.000,0.00,0.000,2921.220,44.14,0.000,1175.503,71.60,0.000,2614.599,41.20,0.000,1356.937,22.56,0.000,0.000,0.00,0.000,0.000,0.00,0.000,460.535,8.83,0.000,1059.917,15.69,0.000,640.241,23.54,0.000,0.000,0.00,0.000,0.000,0.00,0.000,0.000,0.00,0.000,3921.878,56.89,0.000,0.000,0.00,0.000,123.420,2.94,0.000,1547.531,23.54,0.000,0.000,0.00,0.000,1614.825,77.49,0.000,1512.698,24.52,0.000,0.000,0.00
72.4558,607.429,24109.016,17.38,4.16,0.00,30.886,1476.143,24.55,20.591,1302.006,22.58,20.591,0.000,0.98,20.591,0.000,2.95,20.591,0.000,0.00,20.591,2505.282,38.29,20.591,1283.185,27.49,20.591,1979.130,32.40,20.591,1238.987,18.66,20.591,0.000,0.98,20.591,472.945,14.73,20.591,942.029,43.20,20.591,1375.643,35.35,20.591,136.414,3.93,20.591,0.000,2.95,10.295,1228.250,20.62,10.295,947.700,14.73,30.886,1370.374,22.58,20.591,1356.701,53.02,30.886,1429.653,23.56,20.591,0.000,1.96,20.591,0.000,2.95,10.295,1419.076,20.62,20.591,0.000,1.96,20.591,1230.743,19.64,30.886,0.000,1.96,20.591,452.998,27.49,20.591,375.782,16.69,10.295,221.673,2.95,10.295,1364.302,21.60
72.5573,30.991,27419.939,22.53,2.47,0.00,0.000,0.000,0.00,0.000,772.190,14.78,0.000,2835.992,44.33,0.000,1595.709,25.61,0.000,0.000,0.00,0.000,208.947,3.94,10.330,0.000,0.99,0.000,863.589,12.81,0.000,0.000,0.00,0.000,384.804,25.61,0.000,0.000,0.00,0.000,404.536,22.66,0.000,0.000,0.00,0.000,1309.003,19.70,0.000,1788.273,28.57,0.000,1489.339,29.56,0.000,0.000,0.00,0.000,1519.483,24.63,10.330,1657.651,77.83,0.000,0.000,0.00,0.000,1463.715,48.27,0.000,1649.822,33.50,0.000,0.000,0.00,0.000,3136.660,49.26,10.330,1533.445,26.60,0.000,0.000,0.00,0.000,1642.882,93.59,0.000,1303.798,62.07,0.000,1460.124,23.64,0.000,399.977,7.88
72.6605,37644.771,14472.995,79.33,71.76,0.00,1469.700,0.000,76.50,1606.771,616.738,82.31,1510.314,0.000,71.65,1429.087,0.000,73.59,1312.323,0.000,74.56,1137.177,0.000,72.62,1290.430,0.000,73.59,1137.177,3295.998,91.99,1429.087,0.000,73.59,1147.331,2640.749,100.00,1429.087,0.000,75.53,1279.325,0.000,74.56,1127.024,0.000,74.56,1289.478,1636.041,92.96,1248.865,0.000,74.56,1269.171,1630.885,97.80,1116.871,0.000,73.59,1289.478,0.000,71.65,1317.400,692.769,100.00,1299.631,1397.635,85.21,1248.865,0.000,73.59,1408.780,0.000,71.65,984.877,0.000,71.65,1203.373,0.000,71.65,1228.558,0.000,72.62,1279.325,0.000,73.59,824.961,1427.818,100.00,1005.184,0.000,71.65,1116.871,0.000,73.59,1208.251,1134.362,89.08
72.7647,51636.543,934.984,99.86,97.52,0.00,1825.924,0.000,99.85,2169.465,0.000,99.85,1751.758,0.000,100.00,1943.701,0.000,99.85,1739.095,0.000,99.85,1731.545,0.000,99.85,1734.062,0.000,100.00,1530.202,0.000,99.85,1876.928,0.000,99.85,1605.706,0.000,99.85,2093.961,0.000,99.85,1731.545,0.000,99.85,1522.652,0.000,99.85,1721.478,0.000,99.85,1593.515,0.000,99.85,1691.276,0.000,99.85,1510.068,0.000,99.85,1731.545,0.000,99.85,1734.062,0.000,99.85,1731.545,0.000,99.85,1751.679,0.000,100.00,2124.162,0.000,99.85,1560.404,0.000,99.85,1298.659,0.000,99.85,1731.545,0.000,99.85,1721.478,0.000,99.85,1763.044,934.984,99.85,1363.190,0.000,99.85,1630.874,0.000,99.85,1721.478,0.000,99.85
72.8726,49461.013,0.000,98.68,98.95,0.00,1654.005,0.000,100.00,1664.861,0.000,100.00,1949.037,0.000,100.00,1487.758,0.000,100.00,1595.933,0.000,100.00,1914.990,0.000,100.00,1842.950,0.000,100.00,1631.080,0.000,100.00,1692.379,0.000,100.00,1692.720,0.000,100.00,2193.055,0.000,100.00,2025.746,0.000,100.00,1380.723,0.000,100.00,1689.570,0.000,100.00,993.307,0.000,86.18,1748.326,0.000,100.00,1738.647,0.000,100.00,1311.074,0.000,100.00,1836.953,0.000,100.00,1729.614,0.000,100.00,1955.300,0.000,100.00,1847.505,0.000,100.00,1920.836,0.000,100.00,1396.550,0.000,100.00,1483.469,0.000,100.00,894.507,0.000,74.13,1299.877,0.000,100.00,1308.341,0.000,100.00,1635.673,0.000,100.00,1946.228,0.000,100.00
72.9804,10055.477,0.000,20.04,99.56,0.00,912.131,0.000,30.61,56.270,0.000,7.42,51.824,0.000,7.42,453.425,0.000,23.19,321.090,0.000,18.55,24.468,0.000,1.86,262.579,0.000,14.84,534.733,0.000,29.68,675.502,0.000,33.39,508.251,0.000,33.39,548.449,0.000,29.68,348.294,0.000,23.19,403.310,0.000,24.12,279.867,0.000,20.41,0.000,0.000,0.00,523.600,0.000,29.68,1182.385,0.000,44.52,350.042,0.000,27.83,97.798,0.000,8.35,30.661,0.000,2.78,208.931,0.000,10.20,409.655,0.000,30.61,378.500,0.000,24.12,233.893,0.000,18.55,397.117,0.000,23.19,0.000,0.000,0.00,176.028,0.000,14.84,227.016,0.000,36.18,344.609,0.000,22.26,115.047,0.000,10.20
73.0887,0.000,0.000,0.00,100.00,0.00,0.000,0.000,0.00,0.000,0.000,0.00,0.000,0.000,0.00,0.000,0.000,0.00,0.000,0.000,0.00,0.000,0.000,0.00,0.000,0.000,0.00,0.000,0.000,0.00,0.000,0.000,0.00,0.000,0.000,0.00,0.000,0.000,0.00,0.000,0.000,0.00,0.000,0.000,0.00,0.000,0.000,0.00,0.000,0.000,0.00,0.000,0.000,0.00,0.000,0.000,0.00,0.000,0.000,0.00,0.000,0.000,0.00,0.000,0.000,0.00,0.000,0.000,0.00,0.000,0.000,0.00,0.000,0.000,0.00,0.000,0.000,0.00,0.000,0.000,0.00,0.000,0.000,0.00,0.000,0.000,0.00,0.000,0.000,0.00,0.000,0.000,0.00,0.000,0.000,0.00
73.1926,0.000,0.000,0.00,100.00,0.00,0.000,0.000,0.00,0.000,0.000,0.00,0.000,0.000,0.00,0.000,0.000,0.00,0.000,0.000,0.00,0.000,0.000,0.00,0.000,0.000,0.00,0.000,0.000,0.00,0.000,0.000,0.00,0.000,0.000,0.00,0.000,0.000,0.00,0.000,0.000,0.00,0.000,0.000,0.00,0.000,0.000,0.00,0.000,0.000,0.00,0.000,0.000,0.00,0.000,0.000,0.00,0.000,0.000,0.00,0.000,0.000,0.00,0.000,0.000,0.00,0.000,0.000,0.00,0.000,0.000,0.00,0.000,0.000,0.00,0.000,0.000,0.00,0.000,0.000,0.00,0.000,0.000,0.00,0.000,0.000,0.00,0.000,0.000,0.00,0.000,0.000,0.00,0.000,0.000,0.00
73.2996,1155.274,666.673,1.68,100.00,0.00,0.000,0.000,0.00,0.000,0.000,0.00,0.000,0.000,0.00,0.000,0.000,0.00,0.000,0.000,0.00,0.000,0.000,0.00,0.000,0.000,0.00,0.000,0.000,0.00,0.000,0.000,0.00,0.000,0.000,0.00,0.000,0.000,0.00,0.000,0.000,0.00,0.000,0.000,0.00,0.000,0.000,0.00,0.000,0.000,0.00,0.000,0.000,0.00,0.000,666.673,11.21,0.000,0.000,0.00,0.000,0.000,0.00,0.000,0.000,0.00,0.000,0.000,0.00,0.000,0.000,0.00,0.000,0.000,0.00,1155.274,0.000,39.24,0.000,0.000,0.00,0.000,0.000,0.00,0.000,0.000,0.00,0.000,0.000,0.00,0.000,0.000,0.00,0.000,0.000,0.00
73.4086,1199.917,1055.873,2.54,100.00,0.00,0.000,0.000,0.00,0.000,0.000,0.00,0.000,0.000,0.00,0.000,0.000,0.00,0.000,0.000,0.00,0.000,0.000,0.00,0.000,0.000,0.00,0.000,0.000,0.00,0.000,0.000,0.00,0.000,0.000,0.00,0.000,0.000,0.00,0.000,0.000,0.00,0.000,0.000,0.00,0.000,0.000,0.00,0.000,0.000,0.00,0.000,0.000,0.00,0.000,0.000,0.00,0.000,0.000,0.00,0.000,0.000,0.00,0.000,0.000,0.00,0.000,0.000,0.00,0.000,1055.873,17.43,0.000,0.000,0.00,0.000,0.000,0.00,1199.917,0.000,58.70,0.000,0.000,0.00,0.000,0.000,0.00,0.000,0.000,0.00,0.000,0.000,0.00,0.000,0.000,0.00
73.5262,1522.030,1739.652,6.83,99.86,0.00,0.000,0.000,0.00,0.000,0.000,0.00,0.000,0.000,0.00,0.000,0.000,0.00,0.000,0.000,0.00,0.000,0.000,0.00,0.000,0.000,0.00,0.000,0.000,0.00,0.000,861.330,21.25,0.000,0.000,0.00,0.000,0.000,0.00,0.000,0.000,0.00,0.000,0.000,0.00,0.000,0.000,0.00,0.000,0.000,0.00,0.000,0.000,0.00,0.000,0.000,0.00,0.000,878.322,15.30,0.000,0.000,0.00,0.000,0.000,0.00,0.000,0.000,0.00,0.000,0.000,0.00,0.000,0.000,0.00,0.000,0.000,0.00,0.000,0.000,0.00,641.793,0.000,75.66,880.237,0.000,92.66,0.000,0.000,0.00,0.000,0.000,0.00,0.000,0.000,0.00
73.6357,1619.871,1907.600,8.07,99.67,0.00,0.000,0.000,0.00,0.000,0.000,0.00,0.000,0.000,0.00,0.000,0.000,0.00,0.000,0.000,0.00,0.000,0.000,0.00,0.000,0.000,0.00,0.000,0.000,0.00,0.000,1066.979,18.27,0.000,0.000,0.00,0.000,0.000,0.00,0.000,0.000,0.00,0.000,0.000,0.00,0.000,0.000,0.00,0.000,0.000,0.00,0.000,0.000,0.00,0.000,0.000,0.00,0.000,0.000,0.00,0.000,0.000,0.00,0.000,0.000,0.00,0.000,0.000,0.00,0.000,0.000,0.00,28.739,0.000,2.74,0.000,0.000,0.00,0.000,0.000,0.00,341.914,0.000,48.42,346.329,0.000,60.30,902.889,0.000,97.75,0.000,840.621,14.62,0.000,0.000,0.00
73.7524,2368.019,6897.198,12.91,97.27,0.00,0.000,0.000,0.00,0.000,0.000,0.00,0.000,1131.435,20.56,0.000,1076.860,18.85,0.000,0.000,0.00,0.000,1086.301,18.85,0.000,0.000,0.00,0.000,0.000,0.00,0.000,0.000,0.00,0.000,1130.663,23.99,0.000,894.886,16.28,0.000,0.000,0.00,170.708,0.000,23.99,233.601,0.000,22.28,260.555,0.000,29.13,0.000,0.000,0.00,0.000,0.000,0.00,251.570,0.000,33.42,251.570,0.000,30.85,413.294,0.000,29.99,89.847,936.826,29.13,0.000,0.000,0.00,440.248,0.000,43.70,0.000,0.000,0.00,0.000,0.000,0.00,0.000,0.000,0.00,0.000,0.000,0.00,256.624,431.264,42.84,0.000,208.963,3.43,0.000,0.000,0.00
73.8585,1117.008,11428.485,11.28,88.97,0.00,0.000,0.000,0.00,0.000,2121.111,34.88,39.540,0.000,2.83,0.000,0.000,0.00,88.965,1055.497,22.63,0.000,0.000,0.00,0.000,313.850,7.54,19.770,0.000,2.83,0.000,0.000,0.00,59.310,2218.610,42.42,0.000,0.000,0.00,9.885,0.000,2.83,108.735,0.000,8.48,98.850,0.000,7.54,108.735,0.000,9.43,9.885,1054.455,18.85,39.540,756.205,14.14,98.850,0.000,11.31,79.080,0.000,4.71,118.620,1291.348,30.17,98.850,0.000,5.66,0.000,0.000,0.00,138.390,0.000,11.31,0.000,0.000,0.00,0.000,0.000,0.00,0.000,1043.257,18.85,0.000,1006.497,55.62,0.000,567.656,26.40,0.000,0.000,0.00,0.000,0.000,0.00
73.9626,805.753,16871.993,13.03,76.19,0.00,10.072,0.000,0.96,20.144,0.000,1.92,30.216,0.000,2.88,30.216,0.000,1.92,30.216,0.000,2.88,40.288,0.000,0.96,20.144,2360.290,38.42,30.216,543.883,8.64,20.144,0.000,1.92,30.216,0.000,1.92,10.072,853.595,15.37,30.216,1462.946,95.09,30.216,1051.846,17.29,90.647,0.000,3.84,30.216,2126.630,41.30,30.216,1152.447,17.29,30.216,1604.464,24.97,60.431,0.000,1.92,30.216,0.000,0.96,30.216,0.000,1.92,30.216,0.000,2.88,10.072,1066.207,18.25,30.216,0.000,0.96,10.072,0.000,1.92,10.072,1105.629,20.17,0.000,1247.108,20.17,20.144,0.000,3.84,0.000,0.000,0.00,30.216,0.000,2.88,30.216,2296.948,37.46
74.0657,711.736,17619.135,14.16,63.63,0.00,20.335,1070.145,17.45,20.335,0.000,1.94,20.335,0.000,0.00,20.335,0.000,1.94,20.335,0.000,0.00,20.335,0.000,0.97,20.335,0.000,0.97,20.335,1962.714,31.03,20.335,0.000,0.97,20.335,1357.381,20.36,20.335,427.637,7.76,20.335,1322.947,87.27,30.503,1162.131,18.42,40.671,0.000,1.94,30.503,0.000,0.97,30.503,1197.201,18.42,20.335,1163.163,19.39,40.671,99.135,1.94,30.503,0.000,1.94,30.503,0.000,1.94,20.335,1807.896,27.15,20.335,0.000,1.94,40.671,0.000,1.94,20.335,0.000,1.94,20.335,0.000,0.97,10.168,0.303,0.97,20.335,0.000,0.00,20.335,1661.140,79.51,20.335,3149.033,55.27,20.335,1238.309,19.39
74.1688,457.770,23749.978,15.68,37.98,0.00,10.173,1692.198,26.19,10.173,1372.435,21.34,10.173,0.000,0.97,10.173,0.000,0.00,20.345,4004.451,60.15,10.173,1438.795,22.31,20.345,0.000,0.97,20.345,1196.837,26.19,10.173,0.000,0.97,20.345,67.275,1.94,10.173,712.086,13.58,20.345,0.000,0.97,20.345,0.000,0.97,20.345,0.000,0.97,20.345,0.000,0.97,20.345,0.000,0.97,10.173,0.000,0.97,20.345,1224.295,20.37,20.345,226.342,9.70,20.345,1126.622,19.40,20.345,638.136,10.67,10.173,1282.669,20.37,20.345,1192.704,18.43,10.173,1318.869,20.37,10.173,1350.063,21.34,10.173,0.000,0.97,10.173,1121.536,67.91,10.173,711.291,33.95,10.173,1721.404,26.19,20.345,1351.970,20.37
74.2707,565.829,29262.378,20.31,11.29,0.00,10.288,0.000,1.96,20.576,0.000,1.96,20.576,1388.372,23.55,20.576,2369.089,37.28,20.576,0.000,0.98,30.863,1434.064,23.55,20.576,0.000,0.98,20.576,0.000,2.94,10.288,1376.195,22.57,20.576,0.000,1.96,10.288,672.847,10.79,20.576,0.000,1.96,20.576,1302.050,21.58,20.576,1381.379,22.57,30.863,1658.547,28.45,20.576,1316.799,21.58,20.576,1371.694,21.58,20.576,2649.150,49.06,20.576,1816.883,78.49,20.576,3012.318,52.98,30.863,1393.998,22.57,20.576,0.000,0.98,20.576,560.685,10.79,10.288,2727.112,42.19,10.288,0.000,0.00,10.288,1375.632,20.60,10.288,1455.564,82.41,10.288,0.000,0.98,20.576,0.000,0.98,20.576,0.000,0.98
74.3725,762.242,26426.637,22.33,4.07,0.00,20.601,2736.089,56.98,20.601,0.000,1.96,30.902,3086.067,56.98,20.601,340.885,6.88,20.601,0.000,2.95,30.902,1434.435,48.13,30.902,2860.219,80.55,20.601,1163.964,19.65,20.601,0.000,0.98,30.902,1451.053,30.45,20.601,355.370,6.88,20.601,764.817,48.13,30.902,1343.017,22.59,30.902,0.000,1.96,30.902,1176.961,19.65,20.601,0.000,1.96,20.601,0.000,0.98,30.902,1335.493,27.51,30.902,496.560,23.58,30.902,0.000,0.98,30.902,70.414,1.96,30.902,1414.276,22.59,30.902,831.570,20.63,30.902,1367.562,23.58,20.601,1340.322,23.58,20.601,0.000,1.96,20.601,1428.359,72.69,20.601,561.381,24.56,20.601,0.000,2.95,20.601,867.823,15.72
74.4739,1093.542,27523.920,21.70,3.94,0.00,41.363,1506.367,26.63,31.022,1532.260,23.67,31.022,0.000,2.96,31.022,1707.407,28.60,41.363,0.000,2.96,41.363,1667.902,30.57,0.000,0.000,11.83,51.704,188.558,5.92,51.704,2577.087,46.35,69.801,0.000,2.96,31.022,1197.556,18.74,2.585,1408.816,99.60,41.363,0.000,1.97,51.704,4386.892,80.87,41.363,0.000,2.96,41.363,1468.599,23.67,31.022,0.000,2.96,62.045,0.000,2.96,18.096,858.288,36.49,93.067,0.000,2.96,41.363,1253.825,22.68,41.363,0.000,1.97,41.363,3086.170,53.25,31.022,0.000,1.97,31.022,1562.717,24.65,41.363,1487.019,23.67,10.341,121.505,4.93,31.022,891.209,47.34,15.511,0.000,2.96,5.170,621.742,11.83
74.5758,48483.072,6429.649,99.10,92.41,0.00,1513.086,0.000,100.00,1286.637,0.000,99.14,1471.913,0.000,98.16,1317.517,0.000,98.16,1585.137,0.000,99.14,1626.310,0.000,98.16,1451.327,1380.240,100.00,1430.741,0.000,99.14,1461.620,0.000,99.14,1618.590,0.000,100.00,1554.258,0.000,98.16,1230.025,1308.108,100.00,2035.460,0.000,99.14,2032.887,366.732,100.00,2097.219,0.000,99.14,1461.620,0.000,99.14,1626.310,0.000,98.16,2066.340,0.000,98.16,1258.331,1886.974,100.00,2110.085,0.000,100.00,1932.529,547.022,100.00,1646.896,0.000,98.16,1613.443,0.000,98.16,1626.310,0.000,98.16,1636.603,0.000,98.16,1698.361,0.000,99.14,1492.499,940.572,100.00,1585.137,0.000,99.14,1631.456,0.000,100.00,1384.422,0.000,99.14
74.6806,51849.258,1398.199,99.97,96.06,0.00,1685.136,0.000,100.00,1470.119,0.000,100.00,1450.117,0.000,100.00,1490.276,0.000,100.00,1590.128,0.000,100.00,1670.135,0.000,100.00,1360.110,0.000,100.00,1580.127,0.000,100.00,1470.119,0.000,100.00,1690.136,0.000,100.00,1687.636,0.000,100.00,1975.159,704.510,100.00,1987.191,0.000,100.00,1829.171,0.000,99.19,2074.347,0.000,100.00,1500.121,0.000,100.00,1690.136,0.000,100.00,1962.932,0.000,100.00,2952.738,693.689,100.00,1795.692,0.000,100.00,1890.152,0.000,100.00,1690.136,0.000,100.00,1796.512,0.000,100.00,1680.135,0.000,100.00,1680.135,0.000,100.00,1680.135,0.000,100.00,1480.119,0.000,100.00,1680.135,0.000,100.00,1660.134,0.000,100.00,1700.137,0.000,100.00
74.7878,49042.587,0.000,96.52,98.45,0.00,1952.765,0.000,100.00,1926.149,0.000,100.00,1482.768,0.000,100.00,1206.123,0.000,100.00,1889.360,0.000,100.00,1992.270,0.000,100.00,1587.361,0.000,100.00,1493.132,0.000,100.00,1819.491,0.000,100.00,768.249,0.000,59.75,1699.640,0.000,99.90,1848.785,0.000,100.00,1704.879,0.000,100.00,1805.265,0.000,100.00,1464.641,0.000,100.00,1099.618,0.000,100.00,1959.917,0.000,100.00,1676.694,0.000,100.00,2432.936,0.000,100.00,1105.393,0.000,68.16,1535.275,0.000,100.00,1448.885,0.000,99.90,2002.060,0.000,100.00,1773.447,0.000,99.90,1652.296,0.000,99.90,1128.071,0.000,68.16,1646.560,0.000,100.00,1622.390,0.000,100.00,1325.248,0.000,100.00,1992.920,0.000,99.90
74.8955,8910.057,0.000,18.46,99.92,0.00,65.015,0.000,5.57,480.984,0.000,28.76,423.606,0.000,30.61,507.089,0.000,32.47,33.819,0.000,3.71,411.941,0.000,23.19,209.903,0.000,18.55,258.427,0.000,13.92,666.492,0.000,34.32,0.000,0.000,0.00,371.548,0.000,21.34,257.705,0.000,22.26,573.662,0.000,36.18,52.362,0.000,6.49,508.951,0.000,23.19,168.371,0.000,16.70,205.191,0.000,15.77,160.239,0.000,12.06,456.741,0.000,23.19,0.000,0.000,0.00,253.145,0.000,20.41,69.917,0.000,8.35,900.448,0.000,33.40,449.027,0.000,25.05,264.431,0.000,23.19,0.000,0.000,0.00,423.378,0.000,27.83,265.343,0.000,16.70,46.054,0.000,5.57,426.266,0.000,25.05
75.0027,0.000,0.000,0.00,100.00,0.00,0.000,0.000,0.00,0.000,0.000,0.00,0.000,0.000,0.00,0.000,0.000,0.00,0.000,0.000,0.00,0.000,0.000,0.00,0.000,0.000,0.00,0.000,0.000,0.00,0.000,0.000,0.00,0.000,0.000,0.00,0.000,0.000,0.00,0.000,0.000,0.00,0.000,0.000,0.00,0.000,0.000,0.00,0.000,0.000,0.00,0.000,0.000,0.00,0.000,0.000,0.00,0.000,0.000,0.00,0.000,0.000,0.00,0.000,0.000,0.00,0.000,0.000,0.00,0.000,0.000,0.00,0.000,0.000,0.00,0.000,0.000,0.00,0.000,0.000,0.00,0.000,0.000,0.00,0.000,0.000,0.00,0.000,0.000,0.00,0.000,0.000,0.00,0.000,0.000,0.00
75.1097,0.000,0.000,0.00,100.00,0.00,0.000,0.000,0.00,0.000,0.000,0.00,0.000,0.000,0.00,0.000,0.000,0.00,0.000,0.000,0.00,0.000,0.000,0.00,0.000,0.000,0.00,0.000,0.000,0.00,0.000,0.000,0.00,0.000,0.000,0.00,0.000,0.000,0.00,0.000,0.000,0.00,0.000,0.000,0.00,0.000,0.000,0.00,0.000,0.000,0.00,0.000,0.000,0.00,0.000,0.000,0.00,0.000,0.000,0.00,0.000,0.000,0.00,0.000,0.000,0.00,0.000,0.000,0.00,0.000,0.000,0.00,0.000,0.000,0.00,0.000,0.000,0.00,0.000,0.000,0.00,0.000,0.000,0.00,0.000,0.000,0.00,0.000,0.000,0.00,0.000,0.000,0.00,0.000,0.000,0.00
75.2164,0.000,0.000,0.00,100.00,0.00,0.000,0.000,0.00,0.000,0.000,0.00,0.000,0.000,0.00,0.000,0.000,0.00,0.000,0.000,0.00,0.000,0.000,0.00,0.000,0.000,0.00,0.000,0.000,0.00,0.000,0.000,0.00,0.000,0.000,0.00,0.000,0.000,0.00,0.000,0.000,0.00,0.000,0.000,0.00,0.000,0.000,0.00,0.000,0.000,0.00,0.000,0.000,0.00,0.000,0.000,0.00,0.000,0.000,0.00,0.000,0.000,0.00,0.000,0.000,0.00,0.000,0.000,0.00,0.000,0.000,0.00,0.000,0.000,0.00,0.000,0.000,0.00,0.000,0.000,0.00,0.000,0.000,0.00,0.000,0.000,0.00,0.000,0.000,0.00,0.000,0.000,0.00,0.000,0.000,0.00
75.3297,0.000,0.000,0.00,100.00,0.00,0.000,0.000,0.00,0.000,0.000,0.00,0.000,0.000,0.00,0.000,0.000,0.00,0.000,0.000,0.00,0.000,0.000,0.00,0.000,0.000,0.00,0.000,0.000,0.00,0.000,0.000,0.00,0.000,0.000,0.00,0.000,0.000,0.00,0.000,0.000,0.00,0.000,0.000,0.00,0.000,0.000,0.00,0.000,0.000,0.00,0.000,0.000,0.00,0.000,0.000,0.00,0.000,0.000,0.00,0.000,0.000,0.00,0.000,0.000,0.00,0.000,0.000,0.00,0.000,0.000,0.00,0.000,0.000,0.00,0.000,0.000,0.00,0.000,0.000,0.00,0.000,0.000,0.00,0.000,0.000,0.00,0.000,0.000,0.00,0.000,0.000,0.00,0.000,0.000,0.00
75.4457,553.685,986.780,3.28,100.00,0.00,0.000,0.000,0.00,0.000,0.000,0.00,0.000,0.000,0.00,0.000,0.000,0.00,553.685,0.000,57.76,0.000,0.000,0.00,0.000,0.000,0.00,0.000,0.000,0.00,0.000,0.000,0.00,0.000,0.000,0.00,0.000,0.000,0.00,0.000,0.000,0.00,0.000,0.000,0.00,0.000,0.000,0.00,0.000,0.000,0.00,0.000,0.000,0.00,0.000,0.000,0.00,0.000,0.000,0.00,0.000,0.000,0.00,0.000,0.000,0.00,0.000,0.000,0.00,0.000,0.000,0.00,0.000,0.000,0.00,0.000,0.000,0.00,0.000,0.000,0.00,0.000,0.000,0.00,0.000,0.000,0.00,0.000,986.780,40.52,0.000,0.000,0.00,0.000,0.000,0.00
75.5616,503.972,3353.578,4.68,99.17,0.00,0.000,0.000,0.00,0.000,0.000,0.00,0.000,0.000,0.00,0.000,0.000,0.00,277.976,0.000,50.86,0.000,0.000,0.00,0.000,0.000,0.00,0.000,0.000,0.00,0.000,996.115,18.97,216.957,0.000,25.86,0.000,0.000,0.00,0.000,0.000,0.00,0.000,0.000,0.00,0.000,0.000,0.00,0.000,0.000,0.00,9.040,0.000,1.72,0.000,0.000,0.00,0.000,472.333,9.48,0.000,0.000,0.00,0.000,0.000,0.00,0.000,0.000,0.00,0.000,0.000,0.00,0.000,0.000,0.00,0.000,951.622,16.38,0.000,0.000,0.00,0.000,0.000,0.00,0.000,0.000,0.00,0.000,0.000,0.00,0.000,933.507,17.24,0.000,0.000,0.00
75.6746,1573.285,6817.531,10.00,94.64,0.00,0.000,113.703,3.54,0.000,1015.681,23.90,6.961,647.414,13.28,0.000,811.733,14.16,194.920,0.000,21.24,44.089,0.000,5.31,9.282,0.000,1.77,222.766,912.782,37.18,0.000,0.000,0.00,287.739,0.000,28.33,0.000,0.000,0.00,250.612,0.000,23.02,0.000,0.000,0.00,0.000,0.000,0.00,0.000,1787.059,28.33,148.511,0.000,13.28,204.202,0.000,14.16,0.000,466.996,7.08,0.000,1062.163,44.26,0.000,0.000,0.00,0.000,0.000,0.00,0.000,0.000,0.00,0.000,0.000,0.00,0.000,0.000,0.00,0.000,0.000,0.00,0.000,0.000,0.00,0.000,0.000,0.00,0.000,0.000,0.00,176.356,0.000,17.70,27.846,0.000,3.54
75.7812,506.863,13709.106,8.85,83.03,0.00,9.842,902.735,14.08,19.684,1325.518,22.53,31.987,997.733,22.53,29.526,0.000,2.82,29.526,1004.269,16.89,31.987,0.000,2.82,29.526,0.000,0.94,29.526,0.000,1.88,19.684,0.000,1.88,29.526,1157.205,19.71,9.842,1067.896,17.83,39.368,0.000,3.75,0.000,996.234,16.89,0.000,0.000,0.00,0.000,0.000,0.00,29.526,1045.559,18.77,39.368,0.000,2.82,0.000,0.000,0.00,0.000,0.000,0.00,0.000,1666.029,29.10,0.000,0.000,0.00,9.842,0.000,0.94,0.000,1062.321,16.89,0.000,0.000,0.00,0.000,0.000,0.00,0.000,2483.607,45.99,19.684,0.000,2.82,0.000,0.000,0.00,59.052,0.000,2.82,39.368,0.000,0.94
75.8846,1237.208,16919.553,12.15,68.72,0.00,40.564,0.000,1.93,40.564,0.000,3.87,40.564,775.870,15.47,40.564,1089.252,19.34,60.846,0.000,0.00,60.846,1202.784,22.24,40.564,1064.810,19.34,40.564,0.000,0.97,40.564,0.000,2.90,50.705,0.000,3.87,40.564,1163.131,19.34,40.564,0.000,1.93,40.564,2310.536,35.78,30.423,0.000,3.87,30.423,2271.437,38.69,40.564,0.000,1.93,40.564,0.000,1.93,30.423,0.000,2.90,20.282,0.000,1.93,20.282,1896.139,30.95,40.564,0.000,0.97,40.564,1212.173,18.38,30.423,0.000,3.87,40.564,0.000,3.87,40.564,1053.521,20.31,91.269,1827.212,38.69,40.564,32.958,4.84,30.423,1019.730,39.65,40.564,0.000,0.97,50.705,0.000,3.87
75.9874,412.848,20505.635,15.98,47.71,0.00,10.194,0.000,1.94,10.194,1129.557,18.47,10.194,0.000,1.94,10.194,0.000,1.94,10.194,937.826,15.55,20.388,1242.803,20.42,10.194,2674.788,40.83,20.388,89.195,2.92,20.388,0.000,2.92,20.388,0.000,1.94,10.194,1201.670,20.42,20.388,0.000,0.97,10.194,0.000,1.94,10.194,1148.869,18.47,10.194,0.000,0.97,20.388,0.000,0.97,20.388,0.000,0.97,10.194,0.000,1.94,15.291,270.135,10.69,10.194,0.000,1.94,10.194,1184.826,34.03,10.194,0.000,0.97,10.194,0.000,1.94,10.194,2356.472,50.55,20.388,0.000,0.97,10.194,1133.778,17.50,10.194,1032.397,44.72,10.194,2396.491,94.30,20.388,1188.290,25.28,20.388,2518.537,40.83
76.0898,589.010,21686.551,20.40,21.17,0.00,20.487,0.000,3.91,20.487,1647.026,27.35,20.487,2567.073,41.03,40.975,0.000,1.95,10.244,222.359,11.72,20.487,1217.033,19.54,20.487,0.000,100.00,20.487,1096.670,17.58,20.487,860.466,13.68,20.487,2421.382,37.12,20.487,0.000,0.98,40.975,1282.816,73.27,20.487,599.253,9.77,10.244,0.000,0.98,10.244,0.000,1.95,20.487,1210.751,20.52,20.487,1256.727,20.52,10.244,0.000,1.95,25.609,920.568,41.03,10.244,0.000,1.95,10.244,0.000,1.95,20.487,2467.958,38.10,10.244,0.000,1.95,20.487,2.321,1.95,20.487,1277.975,27.35,20.487,0.000,2.93,20.487,841.895,37.12,20.487,581.967,22.47,20.487,0.000,2.93,20.487,1212.311,28.33
76.1918,0.000,30554.993,19.22,3.77,0.00,0.000,1394.404,21.57,0.000,937.272,13.73,0.000,1004.854,16.67,0.000,1376.294,20.59,0.000,1465.921,22.55,0.000,0.000,0.00,0.000,0.000,0.00,0.000,1357.180,22.55,0.000,1857.439,28.43,0.000,0.000,0.00,0.000,0.000,0.00,0.000,1402.556,80.39,0.000,855.797,12.74,0.000,1494.793,22.55,0.000,0.000,0.00,0.000,0.000,0.00,0.000,1358.545,22.55,0.000,1317.466,19.61,0.000,0.000,0.00,0.000,1376.495,22.55,0.000,1372.318,20.59,0.000,2719.500,48.04,0.000,3487.195,51.96,0.000,2863.417,43.14,0.000,1369.789,21.57,0.000,0.000,0.00,0.000,710.167,32.35,0.000,705.093,29.41,0.000,128.498,2.94,0.000,0.000,0.00
76.2932,858.022,27974.769,22.84,2.93,0.00,31.013,1505.093,26.62,20.675,0.000,1.97,31.013,348.249,7.89,31.013,1432.528,29.58,51.688,1549.714,26.62,31.013,1336.299,25.63,31.013,390.245,7.89,41.350,82.701,2.96,20.675,0.000,1.97,31.013,0.000,1.97,41.350,0.000,2.96,41.350,764.984,43.38,20.675,0.000,0.00,20.675,2796.770,45.35,20.675,0.000,2.96,31.013,1416.254,24.65,31.013,1494.674,37.46,20.675,1682.326,27.60,20.675,1028.028,62.11,20.675,0.000,0.99,20.675,2863.359,70.00,20.675,0.000,1.97,31.013,738.453,12.82,20.675,0.000,1.97,20.675,2145.662,41.41,20.675,0.000,2.96,20.675,2345.630,99.57,41.350,0.000,1.97,41.350,2599.184,40.42,31.013,1454.616,31.55
76.3967,23980.357,20040.493,59.04,48.06,0.00,830.845,1578.495,72.47,764.985,0.000,49.28,719.390,0.000,50.25,764.985,1532.345,70.54,848.418,0.000,50.25,1061.354,0.000,48.31,759.919,1142.610,71.51,927.101,1435.416,69.57,678.861,1768.197,57.98,848.576,1540.142,69.57,701.659,3049.136,67.64,600.336,1470.602,100.00,790.316,0.000,48.31,709.258,0.000,50.25,770.051,0.000,48.31,1030.957,1735.980,78.27,934.701,1682.667,62.81,709.258,0.000,48.31,754.853,1903.439,100.00,739.655,0.000,49.28,861.242,0.000,51.21,800.448,0.000,47.35,810.580,0.000,46.38,810.580,0.000,47.35,808.047,899.792,59.91,719.390,0.000,49.28,734.589,301.672,60.88,820.713,0.000,47.35,889.105,0.000,49.28,780.184,0.000,49.28
76.5015,51549.637,1083.315,99.79,99.40,0.00,1617.959,0.000,99.21,1657.971,0.000,100.00,1620.460,0.000,99.21,1625.462,0.000,100.00,1620.460,0.000,99.21,2010.571,0.000,100.00,1610.457,0.000,99.21,1875.533,0.000,99.21,1610.457,0.000,100.00,2020.574,0.000,100.00,1617.959,408.319,100.00,2455.697,674.996,100.00,1610.457,0.000,100.00,1600.454,0.000,100.00,1617.959,0.000,100.00,2020.574,0.000,100.00,2035.578,0.000,100.00,1600.454,0.000,100.00,1625.462,0.000,99.21,1460.415,0.000,99.21,1610.457,0.000,99.21,1630.463,0.000,100.00,1620.460,0.000,100.00,1630.463,0.000,100.00,1627.962,0.000,100.00,1610.457,0.000,100.00,1615.459,0.000,100.00,1637.965,0.000,100.00,2030.577,0.000,100.00,1620.460,0.000,100.00
76.6096,51088.885,0.000,99.95,100.00,0.00,1714.596,0.000,100.00,1676.665,0.000,99.91,1565.827,0.000,100.00,1733.997,0.000,100.00,1726.722,0.000,100.00,1754.687,0.000,99.91,1223.196,0.000,100.00,2087.883,0.000,100.00,1685.646,0.000,99.91,1814.900,0.000,100.00,1653.550,0.000,99.91,2063.669,0.000,99.91,1697.620,0.000,99.91,1634.414,0.000,99.91,1719.446,0.000,100.00,1843.358,0.000,99.91,1900.311,0.000,99.91,1635.058,0.000,100.00,1550.480,0.000,100.00,1690.344,0.000,100.00,1715.695,0.000,100.00,1602.356,0.000,99.91,1712.171,0.000,99.91,1712.171,0.000,99.91,1712.171,0.000,99.91,1637.824,0.000,99.91,1671.322,0.000,99.91,1712.171,0.000,99.91,1628.616,0.000,99.91,1612.019,0.000,99.91
76.7132,27835.797,0.000,58.94,100.00,0.00,1033.505,0.000,59.84,566.249,0.000,55.02,824.408,0.000,57.91,1223.783,0.000,68.53,921.544,0.000,62.74,637.925,0.000,60.81,660.736,0.000,56.95,1618.809,0.000,69.49,1224.732,0.000,64.67,1376.623,0.000,65.63,814.643,0.000,55.02,1359.781,0.000,69.49,1131.273,0.000,65.63,1376.346,0.000,72.39,1246.278,0.000,64.67,675.008,0.000,43.43,1274.308,0.000,66.60,1000.968,0.000,63.70,507.580,0.000,37.64,1022.119,0.000,57.91,603.609,0.000,59.84,490.462,0.000,52.12,1073.118,0.000,59.84,425.982,0.000,50.19,1129.296,0.000,57.91,599.735,0.000,53.09,604.677,0.000,57.91,800.925,0.000,41.50,913.439,0.000,60.81,697.938,0.000,56.95
76.8207,0.000,0.000,0.00,100.00,0.00,0.000,0.000,0.00,0.000,0.000,0.00,0.000,0.000,0.00,0.000,0.000,0.00,0.000,0.000,0.00,0.000,0.000,0.00,0.000,0.000,0.00,0.000,0.000,0.00,0.000,0.000,0.00,0.000,0.000,0.00,0.000,0.000,0.00,0.000,0.000,0.00,0.000,0.000,0.00,0.000,0.000,0.00,0.000,0.000,0.00,0.000,0.000,0.00,0.000,0.000,0.00,0.000,0.000,0.00,0.000,0.000,0.00,0.000,0.000,0.00,0.000,0.000,0.00,0.000,0.000,0.00,0.000,0.000,0.00,0.000,0.000,0.00,0.000,0.000,0.00,0.000,0.000,0.00,0.000,0.000,0.00,0.000,0.000,0.00,0.000,0.000,0.00,0.000,0.000,0.00
76.9245,0.000,0.000,0.00,100.00,0.00,0.000,0.000,0.00,0.000,0.000,0.00,0.000,0.000,0.00,0.000,0.000,0.00,0.000,0.000,0.00,0.000,0.000,0.00,0.000,0.000,0.00,0.000,0.000,0.00,0.000,0.000,0.00,0.000,0.000,0.00,0.000,0.000,0.00,0.000,0.000,0.00,0.000,0.000,0.00,0.000,0.000,0.00,0.000,0.000,0.00,0.000,0.000,0.00,0.000,0.000,0.00,0.000,0.000,0.00,0.000,0.000,0.00,0.000,0.000,0.00,0.000,0.000,0.00,0.000,0.000,0.00,0.000,0.000,0.00,0.000,0.000,0.00,0.000,0.000,0.00,0.000,0.000,0.00,0.000,0.000,0.00,0.000,0.000,0.00,0.000,0.000,0.00,0.000,0.000,0.00
77.0317,0.000,0.000,0.00,100.00,0.00,0.000,0.000,0.00,0.000,0.000,0.00,0.000,0.000,0.00,0.000,0.000,0.00,0.000,0.000,0.00,0.000,0.000,0.00,0.000,0.000,0.00,0.000,0.000,0.00,0.000,0.000,0.00,0.000,0.000,0.00,0.000,0.000,0.00,0.000,0.000,0.00,0.000,0.000,0.00,0.000,0.000,0.00,0.000,0.000,0.00,0.000,0.000,0.00,0.000,0.000,0.00,0.000,0.000,0.00,0.000,0.000,0.00,0.000,0.000,0.00,0.000,0.000,0.00,0.000,0.000,0.00,0.000,0.000,0.00,0.000,0.000,0.00,0.000,0.000,0.00,0.000,0.000,0.00,0.000,0.000,0.00,0.000,0.000,0.00,0.000,0.000,0.00,0.000,0.000,0.00
77.1386,95.644,284.480,0.34,100.00,0.00,0.000,0.000,0.00,0.000,0.000,0.00,0.000,0.000,0.00,0.000,0.000,0.00,0.000,0.000,0.00,0.000,0.000,0.00,0.000,0.000,0.00,0.000,0.000,0.00,0.000,0.000,0.00,0.000,0.000,0.00,0.000,0.000,0.00,0.000,0.000,0.00,0.000,0.000,0.00,0.000,0.000,0.00,0.000,0.000,0.00,0.000,0.000,0.00,0.000,0.000,0.00,0.000,284.480,5.61,0.000,0.000,0.00,0.000,0.000,0.00,0.000,0.000,0.00,0.000,0.000,0.00,0.000,0.000,0.00,0.000,0.000,0.00,0.000,0.000,0.00,0.000,0.000,0.00,0.000,0.000,0.00,0.000,0.000,0.00,0.000,0.000,0.00,95.644,0.000,4.68
77.2529,1639.589,3389.879,7.43,99.28,0.00,0.000,0.000,0.00,0.000,0.000,0.00,208.648,0.000,34.11,61.906,818.684,37.61,0.000,0.000,0.00,0.000,0.000,0.00,304.947,1023.032,46.36,0.000,0.000,0.00,0.000,0.000,0.00,0.000,0.000,0.00,0.000,0.000,0.00,0.000,0.000,0.00,0.000,0.000,0.00,0.000,0.000,0.00,0.000,0.000,0.00,0.000,0.000,0.00,0.000,0.000,0.00,0.000,798.156,12.25,0.000,0.000,0.00,0.000,0.000,0.00,0.000,0.000,0.00,0.000,0.000,0.00,0.000,0.000,0.00,0.000,0.000,0.00,0.000,0.000,0.00,0.000,0.000,0.00,0.000,0.000,0.00,0.000,0.000,0.00,0.000,750.006,13.12,1064.088,0.000,79.59
77.3706,1781.682,420.922,8.61,98.79,0.00,0.000,0.000,0.00,0.000,0.000,0.85,527.823,0.000,81.56,483.281,0.000,85.81,0.000,0.000,0.00,0.000,0.000,0.00,770.578,0.000,76.46,0.000,0.000,0.00,0.000,0.000,0.85,0.000,0.000,0.00,0.000,0.000,0.00,0.000,0.000,0.00,0.000,0.000,0.00,0.000,22.271,0.85,0.000,0.000,0.00,0.000,398.651,11.89,0.000,0.000,0.00,0.000,0.000,0.00,0.000,0.000,0.00,0.000,0.000,0.00,0.000,0.000,0.00,0.000,0.000,0.00,0.000,0.000,0.00,0.000,0.000,0.00,0.000,0.000,0.00,0.000,0.000,0.00,0.000,0.000,0.00,0.000,0.000,0.00,0.000,0.000,0.00,0.000,0.000,0.00
77.4867,2131.025,5666.501,12.64,96.09,0.00,135.512,0.000,22.40,379.432,0.000,45.66,315.523,0.000,31.88,316.194,0.000,37.91,0.000,0.000,0.00,0.000,0.000,0.00,180.329,0.000,14.65,0.000,0.000,0.00,280.057,0.000,36.19,0.000,1811.161,28.43,271.023,0.000,25.85,0.000,0.000,0.00,0.000,0.000,0.00,0.000,848.324,15.51,0.000,797.260,13.78,0.000,1315.450,22.40,0.000,0.000,0.00,0.000,0.000,0.00,0.000,0.000,0.00,0.000,0.000,0.00,0.000,0.000,0.00,135.512,0.000,21.54,0.000,0.000,0.00,99.375,0.000,24.99,18.068,0.000,1.72,0.000,0.000,0.00,0.000,0.000,0.00,0.000,894.306,36.19,0.000,0.000,0.00,0.000,0.000,0.00
77.6027,4379.710,8068.680,20.38,92.64,0.00,334.510,0.000,33.63,343.551,1048.770,43.11,0.000,0.000,0.00,193.812,990.287,31.90,0.000,1022.177,18.11,0.000,0.000,0.00,0.000,970.334,17.24,0.000,0.000,0.00,280.265,0.000,35.35,0.000,0.000,0.00,289.306,0.000,31.90,0.000,0.000,0.00,90.408,0.000,14.66,253.143,0.000,27.59,90.408,161.393,18.97,0.000,0.000,0.00,0.000,0.000,0.00,352.592,0.000,31.04,0.000,0.000,0.00,0.000,989.581,30.18,0.000,937.843,32.76,506.286,986.473,49.15,244.102,961.823,37.07,289.306,0.000,37.07,307.388,0.000,32.76,235.061,0.000,21.55,280.265,0.000,37.07,289.306,0.000,30.18,0.000,0.000,0.00,0.000,0.000,0.00
77.7126,1011.177,11889.376,8.85,81.19,0.00,38.158,0.000,2.73,47.697,0.000,1.82,0.000,1195.257,20.01,0.000,1042.180,18.19,9.539,0.000,0.91,0.000,0.000,0.00,0.000,0.000,0.00,0.000,1011.139,18.19,47.697,0.000,3.64,0.000,1128.221,24.56,47.697,1298.738,25.47,0.000,0.000,0.00,47.697,0.000,1.82,47.697,0.000,3.64,47.697,0.000,4.55,0.000,0.000,0.00,47.697,0.000,3.64,47.697,0.000,0.91,28.618,0.000,1.82,19.079,1089.951,17.29,57.236,0.000,1.82,47.697,1174.055,27.29,47.697,0.000,2.73,47.697,600.982,13.65,47.697,2153.744,34.57,47.697,1047.248,18.19,143.091,147.861,11.83,47.697,0.000,3.64,47.697,0.000,2.73,0.000,0.000,0.00
77.8162,576.706,19846.450,13.06,65.68,0.00,20.235,0.000,1.93,20.235,1320.314,27.98,10.118,1205.147,21.23,0.000,75.013,0.96,20.235,0.000,0.00,10.118,1392.245,24.12,10.118,0.000,0.96,20.235,1163.728,19.30,20.235,1282.808,20.26,20.235,0.000,1.93,30.353,1117.645,25.09,20.235,0.000,1.93,20.235,1168.115,19.30,20.235,746.177,12.54,20.235,1714.112,27.98,20.235,0.000,0.96,20.235,0.000,1.93,20.235,2377.135,36.67,20.235,0.000,1.93,20.235,0.000,0.96,20.235,1196.136,26.05,20.235,1245.064,21.23,20.235,0.000,1.93,30.353,454.267,7.72,20.235,0.000,0.00,20.235,1180.090,20.26,20.235,925.370,41.49,20.235,0.000,1.93,20.235,0.000,0.96,20.235,1283.085,22.19
77.9192,397.103,18767.042,12.85,45.80,0.00,20.364,0.000,1.94,20.364,0.000,1.94,10.182,0.000,1.94,10.182,0.000,0.97,10.182,0.000,2.91,10.182,0.000,0.97,10.182,0.000,0.97,10.182,0.000,0.97,20.364,1339.585,21.36,10.182,1127.392,38.84,20.364,1463.640,23.31,10.182,1114.942,62.15,10.182,2325.103,34.96,20.364,505.009,8.74,10.182,700.061,11.65,10.182,43.274,2.91,20.364,0.000,0.97,10.182,51.587,0.97,10.182,0.000,0.97,10.182,3048.074,47.58,10.182,3440.125,52.44,20.364,0.000,1.94,10.182,0.000,0.00,20.364,0.000,1.94,20.364,0.000,1.94,10.182,2350.121,35.93,10.182,0.000,0.97,10.182,0.000,0.97,10.182,1258.128,21.36,10.182,0.000,0.97
78.0215,553.575,25371.113,18.64,24.56,0.00,30.754,4640.076,74.30,20.503,2908.232,46.93,10.251,1271.493,21.51,10.251,0.000,1.96,20.503,0.000,0.98,10.251,1508.636,42.04,10.251,1205.740,36.17,10.251,1209.864,19.55,20.503,0.000,0.00,10.251,0.000,0.98,20.503,0.000,2.93,20.503,165.664,12.71,20.503,1363.876,35.20,20.503,2368.192,37.15,20.503,0.000,0.98,10.251,1810.892,26.40,20.503,0.000,1.96,20.503,1457.059,24.44,20.503,0.000,0.98,20.503,557.620,8.80,20.503,377.019,6.84,30.754,0.000,1.96,20.503,0.000,2.93,20.503,1431.311,23.46,30.754,0.000,2.93,20.503,0.000,2.93,20.503,1470.834,61.59,20.503,1314.501,54.75,10.251,310.105,4.89,10.251,0.000,0.98
78.1234,161.991,24833.032,21.28,7.38,0.00,20.570,823.014,13.73,20.570,0.000,0.98,0.000,1363.426,36.29,0.000,0.000,0.00,15.428,2633.844,48.06,0.000,894.809,14.71,20.570,1390.827,23.54,20.570,0.000,0.98,5.143,2848.466,69.64,30.855,0.000,0.98,0.000,0.000,0.00,0.000,1293.359,79.45,0.000,0.000,0.98,0.000,301.243,4.90,2.571,0.000,0.98,0.000,692.922,10.79,0.000,1421.722,22.56,0.000,0.000,0.00,0.000,1301.072,75.53,12.856,0.000,0.98,7.714,0.000,0.98,0.000,1459.850,23.54,0.000,1658.522,26.48,0.000,0.000,0.00,0.000,0.000,0.00,5.143,0.000,0.98,0.000,1370.779,58.85,0.000,1437.391,61.79,0.000,2473.701,38.25,0.000,1468.086,22.56
78.2262,635.308,31178.580,24.36,2.84,0.00,10.206,0.000,1.95,10.206,0.000,1.95,20.412,0.000,1.95,20.412,1529.627,27.25,5.103,2248.535,35.04,20.412,1288.038,29.20,0.000,0.000,0.00,0.000,887.901,14.60,25.514,214.999,2.92,10.206,0.000,0.00,40.823,53.580,1.95,20.412,1579.779,100.00,20.412,0.000,0.97,20.412,1542.424,32.12,17.860,1650.581,27.25,30.617,0.000,1.95,20.412,4358.455,68.13,20.412,1506.266,25.31,30.617,2309.969,99.28,7.654,0.000,1.95,22.963,0.000,1.95,30.617,0.000,0.97,20.412,4356.542,75.92,30.617,1839.946,29.20,30.617,1486.452,28.23,25.514,0.000,1.95,40.823,1326.708,59.37,30.617,0.000,2.92,20.412,0.000,1.95,30.617,2998.778,54.50
78.3307,31727.078,19799.687,72.47,58.25,0.00,1171.737,0.000,65.09,1252.028,0.000,64.13,1013.666,0.000,65.09,1164.210,1405.473,66.04,963.484,679.802,73.70,1023.702,1698.486,93.80,953.448,0.000,65.09,1038.756,682.938,73.70,1211.883,0.000,64.13,1081.411,1283.038,73.70,1297.034,1464.789,85.19,815.449,1388.851,99.54,1154.174,2004.475,69.87,983.557,0.000,64.13,903.266,1656.890,80.40,1093.956,0.000,64.13,732.649,0.000,62.21,973.521,0.000,62.21,920.830,2737.556,100.00,1164.210,0.000,66.04,973.521,0.000,66.04,1402.572,0.000,63.17,1144.138,230.247,67.00,1201.846,1369.993,83.27,1056.320,1621.214,86.14,1124.065,0.000,63.17,1171.737,0.000,64.13,883.194,1575.933,97.63,923.339,0.000,63.17,933.375,0.000,62.21
78.4346,51004.800,1393.321,99.85,96.77,0.00,2045.017,0.000,99.10,1845.493,0.000,100.00,1563.723,0.000,100.00,1674.697,0.000,100.00,1674.697,0.000,100.00,1687.308,0.000,100.00,1684.785,0.000,99.10,1689.830,0.000,100.00,1977.550,0.000,100.00,1687.308,0.000,100.00,1654.520,0.000,100.00,1674.697,0.000,100.00,1704.963,0.000,100.00,1483.015,0.000,100.00,1548.590,0.000,100.00,1684.785,0.000,100.00,1543.546,0.000,100.00,1669.653,0.000,100.00,1483.015,1393.321,99.10,1674.697,0.000,99.10,1687.308,0.000,99.10,1843.759,0.000,100.00,1694.874,0.000,100.00,1849.276,0.000,100.00,1931.955,0.000,100.00,1684.785,0.000,100.00,1967.264,0.000,100.00,1551.112,0.000,100.00,1578.856,0.000,100.00,1563.723,0.000,100.00
78.5376,51095.993,0.000,100.00,99.49,0.00,1525.826,0.000,100.00,1842.456,0.000,100.00,1832.949,0.000,100.00,1586.646,0.000,100.00,1843.132,0.000,100.00,1838.040,0.000,100.00,1843.132,0.000,100.00,1417.751,0.000,100.00,1845.638,0.000,100.00,1843.132,0.000,100.00,1698.182,0.000,100.00,1817.316,0.000,100.00,1459.915,0.000,100.00,1659.837,0.000,100.00,1547.147,0.000,100.00,1679.487,0.000,100.00,1718.031,0.000,100.00,1601.961,0.000,100.00,1693.966,0.000,100.00,1803.434,0.000,100.00,1840.586,0.000,100.00,1429.207,0.000,100.00,1352.874,0.000,100.00,1807.690,0.000,100.00,2077.581,0.000,100.00,1550.449,0.000,100.00,1889.234,0.000,100.00,1403.511,0.000,100.00,1817.674,0.000,100.00,1829.210,0.000,100.00
78.6456,21272.375,0.000,47.69,100.00,0.00,732.519,0.000,46.30,598.199,0.000,46.30,957.233,0.000,51.86,310.176,0.000,41.67,659.309,0.000,39.82,629.759,0.000,54.64,332.746,0.000,25.93,614.131,0.000,39.82,670.196,0.000,47.23,648.953,0.000,56.49,688.252,0.000,53.71,629.532,0.000,60.20,302.855,0.000,25.93,1165.901,0.000,55.57,622.211,0.000,48.16,710.063,0.000,53.71,670.537,0.000,35.19,989.210,0.000,55.57,984.279,0.000,62.05,738.399,0.000,47.23,831.599,0.000,49.08,267.350,0.000,36.12,235.145,0.000,35.19,1185.398,0.000,68.53,573.202,0.000,34.27,762.676,0.000,50.01,1187.939,0.000,55.57,637.801,0.000,45.38,917.138,0.000,51.86,1019.670,0.000,57.42
78.7527,0.000,0.000,0.00,100.00,0.00,0.000,0.000,0.00,0.000,0.000,0.00,0.000,0.000,0.00,0.000,0.000,0.00,0.000,0.000,0.00,0.000,0.000,0.00,0.000,0.000,0.00,0.000,0.000,0.00,0.000,0.000,0.00,0.000,0.000,0.00,0.000,0.000,0.00,0.000,0.000,0.00,0.000,0.000,0.00,0.000,0.000,0.00,0.000,0.000,0.00,0.000,0.000,0.00,0.000,0.000,0.00,0.000,0.000,0.00,0.000,0.000,0.00,0.000,0.000,0.00,0.000,0.000,0.00,0.000,0.000,0.00,0.000,0.000,0.00,0.000,0.000,0.00,0.000,0.000,0.00,0.000,0.000,0.00,0.000,0.000,0.00,0.000,0.000,0.00,0.000,0.000,0.00,0.000,0.000,0.00
78.8597,0.000,0.000,0.00,100.00,0.00,0.000,0.000,0.00,0.000,0.000,0.00,0.000,0.000,0.00,0.000,0.000,0.00,0.000,0.000,0.00,0.000,0.000,0.00,0.000,0.000,0.00,0.000,0.000,0.00,0.000,0.000,0.00,0.000,0.000,0.00,0.000,0.000,0.00,0.000,0.000,0.00,0.000,0.000,0.00,0.000,0.000,0.00,0.000,0.000,0.00,0.000,0.000,0.00,0.000,0.000,0.00,0.000,0.000,0.00,0.000,0.000,0.00,0.000,0.000,0.00,0.000,0.000,0.00,0.000,0.000,0.00,0.000,0.000,0.00,0.000,0.000,0.00,0.000,0.000,0.00,0.000,0.000,0.00,0.000,0.000,0.00,0.000,0.000,0.00,0.000,0.000,0.00,0.000,0.000,0.00
78.9666,1143.547,813.661,1.93,100.00,0.00,0.000,0.000,0.00,0.000,0.000,0.00,0.000,0.000,0.00,0.000,0.000,0.00,0.000,0.000,0.00,0.000,0.000,0.00,0.000,813.661,14.03,0.000,0.000,0.00,0.000,0.000,0.00,0.000,0.000,0.00,0.000,0.000,0.00,0.000,0.000,0.00,0.000,0.000,0.00,0.000,0.000,0.00,0.000,0.000,0.00,0.000,0.000,0.00,0.000,0.000,0.00,0.000,0.000,0.00,0.000,0.000,0.00,0.000,0.000,0.00,0.000,0.000,0.00,0.000,0.000,0.00,0.000,0.000,0.00,0.000,0.000,0.00,0.000,0.000,0.00,1143.547,0.000,43.97,0.000,0.000,0.00,0.000,0.000,0.00,0.000,0.000,0.00,0.000,0.000,0.00
79.0746,1136.385,1077.687,2.87,100.00,0.00,0.000,0.000,0.00,0.000,0.000,0.00,0.000,0.000,0.00,0.000,0.000,0.00,0.000,0.000,0.00,0.000,1077.687,18.51,0.000,0.000,0.00,0.000,0.000,0.00,0.000,0.000,0.00,0.000,0.000,0.00,0.000,0.000,0.00,0.000,0.000,0.00,0.000,0.000,0.00,0.000,0.000,0.00,0.000,0.000,0.00,0.000,0.000,0.00,0.000,0.000,0.00,0.000,0.000,0.00,0.000,0.000,0.00,0.000,0.000,0.00,0.000,0.000,0.00,0.000,0.000,0.00,0.000,0.000,0.00,0.000,0.000,0.00,0.000,0.000,0.00,0.000,0.000,0.00,0.000,0.000,0.00,1136.385,0.000,67.58,0.000,0.000,0.00,0.000,0.000,0.00
79.1890,1058.865,2727.810,6.70,99.29,0.00,0.000,0.000,0.00,0.000,0.000,0.00,0.000,753.252,19.23,0.000,0.000,0.00,0.000,0.000,0.00,0.000,0.000,0.00,0.000,821.867,13.99,0.000,0.000,0.00,0.000,0.000,0.00,0.000,0.000,0.00,0.000,0.000,0.00,0.000,0.000,0.00,0.000,0.000,0.00,100.844,918.915,44.59,34.379,0.000,8.74,0.000,0.000,0.00,0.000,0.000,0.00,465.259,0.000,41.97,0.000,0.000,0.00,0.000,0.000,0.00,0.000,0.000,0.00,0.000,0.000,0.00,458.383,0.000,64.70,0.000,0.000,0.00,0.000,0.000,0.00,0.000,0.000,0.00,0.000,233.775,7.87,0.000,0.000,0.00,0.000,0.000,0.00,0.000,0.000,0.00
79.3097,1631.038,3644.256,10.77,97.54,0.00,0.000,0.000,0.00,0.000,0.000,0.00,0.000,0.000,0.00,0.000,0.000,0.00,0.000,0.000,0.00,0.000,0.000,0.00,0.000,0.000,0.00,0.000,0.000,0.00,0.000,0.000,0.00,0.000,0.000,0.00,0.000,668.935,11.60,0.000,0.000,0.00,26.062,0.000,2.49,260.624,0.000,66.28,271.483,0.000,55.51,0.000,0.000,0.00,0.000,0.000,0.00,655.870,0.000,50.54,0.000,0.000,0.00,0.000,28.234,0.83,0.000,599.435,10.77,0.000,0.000,0.00,416.998,0.000,61.31,0.000,0.000,0.00,0.000,0.000,0.00,0.000,874.617,14.91,0.000,690.755,29.00,0.000,0.000,0.00,0.000,782.279,19.88,0.000,0.000,0.00
79.4274,427.630,9204.355,6.26,89.81,0.00,0.000,0.000,0.00,0.000,0.000,0.00,0.000,0.000,0.00,0.000,0.000,0.00,26.727,1068.136,18.69,0.000,0.000,0.00,0.000,0.000,0.00,17.818,0.000,2.55,0.000,886.581,14.44,17.818,0.000,1.70,0.000,1383.082,22.94,35.636,0.000,5.10,44.545,0.000,2.55,44.545,0.000,3.40,44.545,612.491,12.74,26.727,0.000,1.70,0.000,0.000,0.00,0.000,857.940,13.59,44.545,789.174,14.44,35.636,828.430,16.14,44.545,348.703,11.89,0.000,1616.073,25.49,44.545,0.000,5.95,0.000,0.000,0.00,0.000,0.000,0.00,0.000,0.000,0.00,0.000,0.000,0.00,0.000,0.000,0.00,0.000,813.744,14.44,0.000,0.000,0.00
79.5373,7232.531,6103.541,28.08,88.30,0.00,0.000,0.000,0.00,143.075,0.000,28.20,553.225,0.000,37.30,104.922,0.000,31.84,486.456,0.000,36.39,486.456,739.222,54.58,381.534,0.000,40.93,391.073,0.000,39.11,0.000,0.000,0.00,419.688,0.000,42.75,0.000,0.000,0.00,429.226,0.000,40.02,495.994,0.000,42.75,267.074,0.000,35.48,295.689,493.759,48.21,524.609,2208.688,66.40,410.149,0.000,38.21,0.000,0.000,0.00,200.305,0.000,24.56,123.999,0.000,32.75,543.686,1007.377,59.13,0.000,183.911,3.64,307.686,0.000,38.21,0.000,0.000,0.00,0.000,0.000,0.00,0.000,0.000,0.00,0.000,0.000,0.00,0.000,526.994,20.01,143.075,0.000,36.39,524.609,943.589,45.48
79.6413,504.057,16562.805,10.74,72.48,0.00,20.162,0.000,1.92,30.243,2211.787,35.57,20.162,0.000,1.92,0.000,1183.904,20.19,20.162,1154.960,18.27,20.162,335.316,6.73,20.162,0.000,0.96,20.162,1172.208,25.96,20.162,0.000,1.92,20.162,317.556,4.81,30.243,1071.121,19.23,20.162,0.000,0.96,20.162,1059.504,16.34,20.162,0.000,0.96,20.162,0.000,0.00,20.162,1039.578,18.27,20.162,1145.667,18.27,0.000,0.000,0.00,20.162,1140.154,19.23,20.162,0.000,2.88,20.162,0.000,1.92,10.081,0.000,0.96,0.000,0.000,0.00,10.081,2964.486,49.03,10.081,0.000,1.92,0.000,1017.290,17.31,30.243,0.000,3.85,0.000,749.273,30.77,20.162,0.000,0.96,20.162,0.000,0.96
79.7446,880.049,17847.438,14.17,59.31,0.00,20.309,0.000,1.94,20.309,0.000,0.97,20.309,1187.349,19.37,98.136,2608.137,45.52,30.464,1279.138,21.31,20.309,1139.867,19.37,20.309,0.000,1.94,30.464,766.681,14.53,20.309,1425.509,29.05,30.464,824.238,13.56,20.309,134.352,3.87,30.464,1154.743,65.85,40.619,0.000,1.94,40.619,0.000,2.91,71.083,0.000,2.91,30.464,0.000,1.94,20.309,1186.238,18.40,20.309,0.000,1.94,40.619,1313.370,21.31,30.464,0.000,2.91,40.619,1325.707,29.05,20.309,0.000,0.97,20.309,0.000,1.94,20.309,447.442,6.78,20.309,0.000,0.00,20.309,0.000,2.91,20.309,1135.068,44.55,20.309,621.977,25.18,20.309,1297.623,21.31,20.309,0.000,0.97
79.8471,480.656,22744.282,16.78,32.65,0.00,10.227,1375.295,29.26,10.227,1325.120,27.31,10.227,0.000,0.00,10.227,0.000,0.98,20.453,0.000,1.95,20.453,103.865,0.98,20.453,1285.292,21.46,20.453,1937.965,36.09,10.227,0.000,0.98,20.453,1510.000,31.21,20.453,0.000,1.95,20.453,155.958,7.80,20.453,0.000,2.93,20.453,1191.294,21.46,20.453,1321.605,22.43,20.453,0.000,1.95,20.453,1248.779,26.33,10.227,1316.172,26.33,20.453,112.494,5.85,20.453,1020.076,15.60,20.453,0.000,0.98,10.227,0.000,1.95,10.227,1272.628,18.53,10.227,0.000,1.95,10.227,2602.103,39.99,10.227,726.098,12.68,10.227,1009.889,38.04,10.227,1943.398,80.95,20.453,0.000,2.93,20.453,1286.251,22.43
79.9491,627.440,25822.086,18.47,6.25,0.00,20.572,1335.922,21.58,20.572,0.000,3.92,30.858,200.575,5.89,20.572,0.000,1.96,20.572,0.000,2.94,30.858,0.000,2.94,20.572,0.000,1.96,20.572,0.000,2.94,20.572,1555.743,24.52,20.572,1329.895,22.56,20.572,0.000,2.94,20.572,1668.728,99.07,20.572,1342.030,23.54,20.572,0.000,2.94,20.572,0.000,1.96,30.858,2641.308,40.22,20.572,0.000,0.98,10.286,0.000,0.98,20.572,1161.986,18.64,20.572,1752.461,35.31,30.858,1503.792,25.50,20.572,1324.511,20.60,10.286,673.727,10.79,20.572,1362.521,29.43,20.572,1002.876,15.70,10.286,2072.691,31.39,20.572,305.162,13.73,10.286,573.439,23.54,20.572,1398.120,23.54,30.858,2616.598,42.18
80.0504,0.000,28794.029,21.02,2.54,0.00,0.000,2786.080,59.21,0.000,1366.525,22.70,0.000,4016.878,68.09,0.000,0.000,0.00,0.000,0.000,0.00,0.000,0.000,0.00,0.000,1480.749,22.70,0.000,0.000,0.00,0.000,1486.206,22.70,0.000,1670.112,25.66,0.000,1360.503,36.51,0.000,1791.773,93.75,0.000,0.000,0.00,0.000,907.972,15.79,0.000,0.000,0.00,0.000,0.000,0.00,0.000,0.000,0.00,0.000,638.943,10.85,0.000,0.000,0.00,0.000,1385.320,21.71,0.000,0.000,0.00,0.000,1409.207,40.46,0.000,3544.865,51.31,0.000,0.000,0.00,0.000,1338.393,27.63,0.000,0.000,0.00,0.000,1364.059,55.26,0.000,763.433,31.58,0.000,36.215,0.99,0.000,1446.797,23.68
80.1537,2149.733,26304.095,24.33,8.79,0.00,83.756,0.000,6.78,78.680,0.000,5.81,55.837,0.000,4.84,68.528,1581.605,28.08,119.289,1620.588,42.60,88.832,1493.527,47.44,83.756,1418.377,58.09,93.908,3166.502,52.28,71.066,0.000,5.81,101.522,0.000,5.81,43.147,1055.554,19.36,50.761,1667.542,98.76,60.913,2370.624,39.70,63.451,1062.216,18.40,53.299,2311.455,37.76,73.604,0.000,5.81,83.756,3065.813,65.84,71.066,2210.171,45.51,88.832,0.000,6.78,98.984,0.000,6.78,119.289,0.000,7.75,53.299,1284.336,23.24,50.761,0.000,2.90,53.299,0.000,4.84,45.685,601.955,11.62,63.451,0.000,6.78,45.685,0.000,3.87,55.837,0.000,3.87,58.375,1393.829,58.09,71.066,0.000,4.84
80.2607,50754.980,4301.270,98.87,90.15,0.00,1702.609,0.000,99.06,1499.276,0.000,99.06,1494.376,0.000,99.06,1769.596,0.000,98.12,1950.039,0.000,98.12,1795.702,0.000,99.06,1609.517,0.000,99.06,1673.212,0.000,98.12,1793.252,0.000,99.06,1803.051,0.000,99.06,1585.019,0.000,99.06,1509.075,668.527,99.99,2013.734,643.799,99.06,1731.892,1297.168,99.06,1484.577,1691.777,99.06,1466.778,0.000,99.06,1506.625,0.000,98.12,1763.854,0.000,99.06,2165.621,0.000,99.06,2087.227,0.000,99.06,2052.930,0.000,99.06,1673.212,0.000,99.06,1626.666,0.000,99.06,1683.011,0.000,98.12,1396.385,0.000,99.06,1614.417,0.000,99.06,1357.188,0.000,99.06,1709.959,0.000,98.12,1531.123,0.000,99.06,1705.059,0.000,98.12
80.3645,50541.877,0.000,100.00,96.84,0.00,1726.572,0.000,100.00,1436.286,0.000,100.00,1375.350,0.000,100.00,1736.669,0.000,100.00,2090.061,0.000,100.00,1656.801,0.000,100.00,1734.145,0.000,100.00,1514.892,0.000,100.00,1766.960,0.000,100.00,1517.771,0.000,100.00,1514.537,0.000,100.00,1219.794,0.000,100.00,1823.440,0.000,100.00,1716.475,0.000,100.00,2120.352,0.000,100.00,1292.405,0.000,100.00,1476.516,0.000,100.00,1736.669,0.000,100.00,2168.312,0.000,100.00,2107.494,0.000,100.00,1706.181,0.000,100.00,1736.669,0.000,100.00,1756.863,0.000,100.00,1756.863,0.000,100.00,1746.766,0.000,100.00,1746.766,0.000,100.00,1756.863,0.000,100.00,1756.863,0.000,100.00,1312.599,0.000,100.00,1533.942,0.000,100.00
80.4699,45392.007,649.350,94.83,95.17,0.00,1162.486,0.000,69.28,1752.709,0.000,100.00,1041.355,0.000,99.65,1959.519,0.000,99.65,1972.580,0.000,100.00,1110.862,0.000,99.65,1672.668,0.000,100.00,1304.143,0.000,100.00,1712.436,649.350,100.00,1524.286,0.000,100.00,1481.991,0.000,97.75,1006.446,0.000,98.70,1796.987,0.000,93.96,2269.849,0.000,100.00,1862.334,0.000,100.00,1319.459,0.000,99.65,1019.236,0.000,98.70,1242.878,0.000,80.67,991.480,0.000,54.10,2093.361,0.000,98.70,959.059,0.000,74.98,1646.156,0.000,97.75,1312.112,0.000,85.42,1955.126,0.000,100.00,1389.199,0.000,98.70,1827.464,0.000,100.00,1814.946,0.000,99.65,1482.419,0.000,99.65,1407.820,0.000,99.65,1300.644,0.000,98.70
80.5848,6697.117,577.403,11.17,96.91,0.00,0.000,0.000,0.00,328.325,0.000,11.31,230.647,0.000,13.93,256.956,0.000,12.18,226.477,0.000,11.31,13.547,0.000,0.87,0.000,0.000,0.00,0.000,0.000,0.00,7.914,577.403,19.15,942.589,0.000,33.94,601.430,0.000,25.24,522.967,0.000,24.37,0.000,0.000,0.00,531.487,0.000,17.41,161.097,0.000,15.67,444.896,0.000,22.63,506.569,0.000,34.81,0.000,0.000,0.00,0.000,0.000,0.00,0.000,0.000,0.00,0.000,0.000,0.00,25.204,0.000,1.74,0.000,0.000,0.00,507.674,0.000,24.37,155.607,0.000,10.44,87.732,0.000,6.09,304.868,0.000,14.80,57.751,0.000,5.22,714.258,0.000,24.37,69.123,0.000,5.22
80.6886,0.000,0.000,0.00,99.02,0.00,0.000,0.000,0.00,0.000,0.000,0.00,0.000,0.000,0.00,0.000,0.000,0.00,0.000,0.000,0.00,0.000,0.000,0.00,0.000,0.000,0.00,0.000,0.000,0.00,0.000,0.000,0.00,0.000,0.000,0.00,0.000,0.000,0.00,0.000,0.000,0.00,0.000,0.000,0.00,0.000,0.000,0.00,0.000,0.000,0.00,0.000,0.000,0.00,0.000,0.000,0.00,0.000,0.000,0.00,0.000,0.000,0.00,0.000,0.000,0.00,0.000,0.000,0.00,0.000,0.000,0.00,0.000,0.000,0.00,0.000,0.000,0.00,0.000,0.000,0.00,0.000,0.000,0.00,0.000,0.000,0.00,0.000,0.000,0.00,0.000,0.000,0.00,0.000,0.000,0.00
80.7957,0.000,0.000,0.00,99.93,0.00,0.000,0.000,0.00,0.000,0.000,0.00,0.000,0.000,0.00,0.000,0.000,0.00,0.000,0.000,0.00,0.000,0.000,0.00,0.000,0.000,0.00,0.000,0.000,0.00,0.000,0.000,0.00,0.000,0.000,0.00,0.000,0.000,0.00,0.000,0.000,0.00,0.000,0.000,0.00,0.000,0.000,0.00,0.000,0.000,0.00,0.000,0.000,0.00,0.000,0.000,0.00,0.000,0.000,0.00,0.000,0.000,0.00,0.000,0.000,0.00,0.000,0.000,0.00,0.000,0.000,0.00,0.000,0.000,0.00,0.000,0.000,0.00,0.000,0.000,0.00,0.000,0.000,0.00,0.000,0.000,0.00,0.000,0.000,0.00,0.000,0.000,0.00,0.000,0.000,0.00
80.8996,0.000,0.000,0.00,100.00,0.00,0.000,0.000,0.00,0.000,0.000,0.00,0.000,0.000,0.00,0.000,0.000,0.00,0.000,0.000,0.00,0.000,0.000,0.00,0.000,0.000,0.00,0.000,0.000,0.00,0.000,0.000,0.00,0.000,0.000,0.00,0.000,0.000,0.00,0.000,0.000,0.00,0.000,0.000,0.00,0.000,0.000,0.00,0.000,0.000,0.00,0.000,0.000,0.00,0.000,0.000,0.00,0.000,0.000,0.00,0.000,0.000,0.00,0.000,0.000,0.00,0.000,0.000,0.00,0.000,0.000,0.00,0.000,0.000,0.00,0.000,0.000,0.00,0.000,0.000,0.00,0.000,0.000,0.00,0.000,0.000,0.00,0.000,0.000,0.00,0.000,0.000,0.00,0.000,0.000,0.00
81.0139,0.000,0.000,0.00,100.00,0.00,0.000,0.000,0.00,0.000,0.000,0.00,0.000,0.000,0.00,0.000,0.000,0.00,0.000,0.000,0.00,0.000,0.000,0.00,0.000,0.000,0.00,0.000,0.000,0.00,0.000,0.000,0.00,0.000,0.000,0.00,0.000,0.000,0.00,0.000,0.000,0.00,0.000,0.000,0.00,0.000,0.000,0.00,0.000,0.000,0.00,0.000,0.000,0.00,0.000,0.000,0.00,0.000,0.000,0.00,0.000,0.000,0.00,0.000,0.000,0.00,0.000,0.000,0.00,0.000,0.000,0.00,0.000,0.000,0.00,0.000,0.000,0.00,0.000,0.000,0.00,0.000,0.000,0.00,0.000,0.000,0.00,0.000,0.000,0.00,0.000,0.000,0.00,0.000,0.000,0.00
81.1286,450.358,1666.018,2.82,99.78,0.00,0.000,0.000,0.00,0.000,0.000,0.00,0.000,0.000,0.00,0.000,0.000,0.00,0.000,0.000,0.00,0.000,0.000,0.00,0.000,0.000,0.00,402.350,722.188,55.81,0.000,0.000,0.00,0.000,0.000,0.00,0.000,0.000,0.00,48.008,0.000,12.21,0.000,0.000,0.00,0.000,0.000,0.00,0.000,0.000,0.00,0.000,0.000,0.00,0.000,943.830,16.57,0.000,0.000,0.00,0.000,0.000,0.00,0.000,0.000,0.00,0.000,0.000,0.00,0.000,0.000,0.00,0.000,0.000,0.00,0.000,0.000,0.00,0.000,0.000,0.00,0.000,0.000,0.00,0.000,0.000,0.00,0.000,0.000,0.00,0.000,0.000,0.00,0.000,0.000,0.00
81.2372,1340.076,5163.178,9.76,97.55,0.00,0.000,826.644,14.74,0.000,0.000,0.00,0.000,0.000,0.00,0.000,0.000,0.00,0.000,0.000,0.00,38.633,0.000,2.76,0.000,0.000,0.00,434.619,0.000,51.58,0.000,0.000,0.00,0.000,0.000,0.00,0.000,0.000,0.00,335.623,0.000,57.11,0.000,976.761,17.50,0.000,0.000,0.00,0.000,1110.731,19.34,212.481,0.000,30.40,193.164,0.000,25.79,0.000,0.000,0.00,0.000,0.000,0.00,0.000,0.000,0.00,0.000,0.000,0.00,0.000,879.915,26.71,0.000,0.000,0.00,0.000,0.000,0.00,0.000,0.000,0.00,0.000,1178.376,26.71,0.000,0.000,0.00,0.000,190.750,5.53,125.557,0.000,14.74,0.000,0.000,0.00
81.3460,1512.339,7657.196,10.17,91.94,0.00,19.265,0.000,0.92,86.695,0.000,11.02,115.593,0.000,12.86,67.429,1002.707,24.80,0.000,0.000,0.00,154.124,0.000,8.27,105.960,683.924,22.05,173.389,0.000,11.02,28.898,0.000,2.76,0.000,209.512,4.59,19.265,997.139,22.97,144.491,0.000,7.35,0.000,0.000,0.00,0.000,0.000,0.00,0.000,0.000,0.00,183.022,0.000,17.45,115.593,0.000,5.51,0.000,0.000,0.00,0.000,1000.375,17.45,0.000,0.000,0.00,0.000,0.000,0.00,0.000,1011.399,29.40,0.000,892.270,15.62,0.000,0.000,0.00,0.000,1009.029,22.97,0.000,0.000,0.00,0.000,0.000,0.00,0.000,850.841,35.83,144.491,0.000,15.62,154.124,0.000,16.54
81.4529,2913.245,12060.088,14.90,84.94,0.00,137.325,0.000,9.35,147.134,1088.137,25.26,137.325,0.000,11.23,137.325,1017.367,22.45,0.000,0.000,0.00,137.325,1107.525,29.93,137.325,374.463,16.84,186.369,0.000,14.97,147.134,1130.438,28.06,0.000,2252.638,37.42,137.325,0.000,10.29,137.325,110.350,17.77,0.000,0.000,0.00,29.427,0.000,1.87,19.618,0.000,1.87,137.325,977.749,25.26,137.325,0.000,8.42,58.853,1349.376,24.32,0.000,0.000,0.00,0.000,0.000,0.00,0.000,0.000,0.00,127.516,176.560,15.90,68.662,0.000,5.61,186.369,904.872,27.13,117.707,382.777,16.84,88.280,0.000,7.48,137.325,0.000,11.23,78.471,1187.835,53.32,137.325,0.000,14.03,147.134,0.000,10.29
81.5560,1282.045,15053.183,15.04,68.21,0.00,40.700,0.000,4.85,40.700,0.000,0.97,40.700,0.000,2.91,40.700,0.000,3.88,71.225,0.000,3.88,40.700,1219.485,20.38,40.700,0.000,0.00,50.875,0.000,2.91,40.700,0.000,2.91,61.050,0.000,8.73,40.700,0.000,0.97,40.700,1616.150,99.95,30.525,0.000,3.88,40.700,0.000,0.97,40.700,0.000,2.91,40.700,0.000,0.97,81.400,0.000,1.94,40.700,0.000,2.91,30.525,0.000,2.91,30.525,1138.086,20.38,30.525,1231.091,21.35,40.700,1013.005,19.41,40.700,1027.671,17.47,40.700,1371.434,26.20,40.700,1166.146,18.44,40.700,534.186,9.70,40.700,1177.355,50.46,40.700,1125.844,46.58,40.700,1258.715,26.20,40.700,1174.016,26.20
81.6589,417.936,18844.252,14.29,48.25,0.00,10.194,1276.304,21.39,10.194,0.000,0.97,10.194,1238.238,20.41,10.194,1204.352,18.47,10.194,0.000,1.94,20.387,0.000,1.94,20.387,1740.031,43.75,20.387,0.000,1.94,20.387,0.000,0.00,10.194,1239.950,18.47,10.194,1222.151,20.41,20.387,578.126,33.05,10.194,0.000,0.00,20.387,0.000,0.00,10.194,0.000,1.94,20.387,2577.177,46.66,20.387,0.000,0.97,10.194,0.000,0.00,10.194,0.000,0.97,10.194,0.000,0.00,10.194,0.000,1.94,10.194,0.000,0.97,20.387,1236.844,19.44,10.194,1172.657,19.44,10.194,1086.728,18.47,10.194,1882.860,34.02,10.194,1412.802,58.33,10.194,976.033,38.89,20.387,0.000,1.94,20.387,0.000,1.94
81.7617,0.000,24127.025,15.17,24.35,0.00,0.000,1269.242,19.45,0.000,0.000,0.00,0.000,1284.142,20.42,0.000,0.000,0.00,0.000,3089.565,45.71,0.000,1294.221,19.45,0.000,1262.948,27.23,0.000,1137.139,18.48,0.000,1171.400,17.51,0.000,0.000,0.00,0.000,0.000,0.00,0.000,0.000,0.00,0.000,1198.171,17.51,0.000,780.190,12.64,0.000,1253.506,26.26,0.000,0.000,0.00,0.000,2414.070,36.96,0.000,1287.528,21.40,0.000,1292.667,35.99,0.000,1281.353,29.18,0.000,0.000,0.00,0.000,0.000,0.00,0.000,287.751,3.89,0.000,0.000,0.00,0.000,1215.411,17.51,0.000,0.000,0.00,0.000,1145.067,50.58,0.000,217.397,9.73,0.000,0.000,0.00,0.000,1245.260,25.29
81.8642,583.080,26000.942,18.08,5.61,0.00,10.229,1342.100,22.44,30.688,3957.291,62.44,20.459,0.000,0.98,20.459,0.000,1.95,10.229,1502.695,24.39,20.459,0.000,0.98,20.459,803.574,19.51,20.459,2956.240,44.88,20.459,0.000,1.95,10.229,0.000,0.00,20.459,0.000,1.95,30.688,1363.398,81.95,10.229,2679.485,41.95,20.459,612.610,10.73,20.459,0.000,1.95,20.459,0.000,2.93,20.459,1399.840,23.41,20.459,1350.451,20.49,10.229,1372.948,28.29,10.229,0.000,0.00,10.229,1516.560,23.41,20.459,0.000,1.95,20.459,0.000,0.98,30.688,0.000,1.95,20.459,1300.463,19.51,20.459,0.000,0.98,30.688,1209.716,53.66,20.459,0.000,2.93,20.459,2633.572,41.95,20.459,0.000,1.95
81.9661,10.292,31658.579,21.72,1.77,0.00,0.000,1484.874,23.56,0.000,1506.985,30.43,0.000,1364.190,21.59,0.000,69.468,1.96,0.000,710.678,10.80,0.000,0.000,0.00,10.292,0.000,1.96,0.000,0.000,0.00,0.000,1946.304,31.41,0.000,0.000,0.00,0.000,1376.853,22.57,0.000,1414.683,83.43,0.000,0.000,0.00,0.000,4452.893,68.70,0.000,1427.065,24.54,0.000,0.000,0.00,0.000,0.000,0.00,0.000,1578.342,25.52,0.000,1570.945,24.54,0.000,0.000,0.00,0.000,2834.189,50.06,0.000,0.000,17.67,0.000,2780.239,41.22,0.000,1424.090,23.56,0.000,0.000,0.00,0.000,1572.312,25.52,0.000,1952.978,85.39,0.000,0.000,0.00,0.000,715.261,12.76,0.000,1476.231,24.54
82.0696,18832.837,23877.594,48.64,35.59,0.00,719.024,0.000,37.67,688.642,0.000,38.63,688.642,1616.617,61.81,587.372,1428.356,56.98,587.372,0.000,36.70,574.713,1619.702,61.81,777.255,0.000,38.63,702.805,0.000,39.60,587.372,965.001,56.98,607.626,1597.905,56.98,394.957,1604.591,65.67,635.475,0.000,37.67,688.642,0.000,37.67,668.388,0.000,36.70,708.897,0.000,36.70,675.984,1706.890,54.08,605.094,0.000,36.70,556.990,1516.414,59.88,627.880,0.000,34.77,658.261,3105.458,85.96,486.101,0.000,36.70,668.388,1379.540,56.98,556.990,0.000,37.67,658.261,1824.855,42.49,486.101,0.000,37.67,516.482,1553.243,63.74,567.117,0.000,36.70,516.482,1523.455,80.16,817.763,828.286,50.22,817.763,1607.281,45.39
82.1726,51522.818,0.000,99.91,94.46,0.00,1720.128,0.000,99.01,1740.485,0.000,99.98,1730.306,0.000,99.98,1740.485,0.000,99.98,1608.167,0.000,99.98,1862.624,0.000,99.98,1933.872,0.000,99.98,1597.989,0.000,99.98,1608.167,0.000,99.98,1720.128,0.000,99.98,1455.493,0.000,99.98,1838.451,0.000,99.98,1730.306,0.000,99.98,1730.306,0.000,99.98,1750.663,0.000,99.98,1923.694,0.000,99.98,1750.663,0.000,99.98,1526.741,0.000,99.98,1720.128,0.000,99.98,1730.306,0.000,99.98,1651.425,0.000,99.01,1740.485,0.000,99.98,1455.493,0.000,99.98,1730.306,0.000,99.98,1720.128,0.000,99.98,1475.850,0.000,99.98,1587.811,0.000,99.98,1424.958,0.000,99.98,2167.972,0.000,99.98,2149.286,0.000,99.98
82.2766,51103.906,0.000,100.00,97.15,0.00,1629.624,0.000,100.00,1761.296,0.000,100.00,1650.861,0.000,100.00,1765.078,0.000,100.00,1753.574,0.000,100.00,2191.219,0.000,100.00,2057.577,0.000,100.00,1765.078,0.000,100.00,1754.992,0.000,100.00,1416.121,0.000,100.00,1515.446,0.000,100.00,1744.906,0.000,100.00,1775.165,0.000,100.00,1561.582,0.000,100.00,1683.719,0.000,100.00,1577.066,0.000,100.00,1541.213,0.000,100.00,1553.269,0.000,100.00,1765.078,0.000,100.00,1785.251,0.000,100.00,1762.557,0.000,100.00,1775.165,0.000,100.00,1422.149,0.000,100.00,1752.471,0.000,100.00,1754.992,0.000,100.00,1712.717,0.000,100.00,1734.820,0.000,100.00,1749.516,0.000,100.00,1633.407,0.000,100.00,1557.997,0.000,100.00
82.3827,35055.878,0.000,72.38,99.63,0.00,617.116,0.000,65.06,819.950,0.000,78.26,778.433,0.000,56.57,1324.101,0.000,74.49,1168.731,0.000,72.60,1430.230,0.000,78.26,1730.504,0.000,85.80,1207.622,0.000,66.94,1567.140,0.000,76.37,949.136,0.000,82.97,1768.236,0.000,93.35,1353.414,0.000,77.32,1018.575,0.000,63.17,403.854,0.000,36.77,1281.001,0.000,74.49,1849.725,0.000,81.09,2010.309,0.000,91.46,1483.990,0.000,88.63,1354.418,0.000,77.32,1002.548,0.000,75.43,1134.977,0.000,72.60,915.883,0.000,77.32,2018.535,0.000,86.75,990.691,0.000,77.32,972.771,0.000,59.40,888.926,0.000,63.17,1299.655,0.000,81.09,614.953,0.000,44.32,602.170,0.000,70.72,498.281,0.000,42.43
82.4897,0.000,0.000,0.00,100.00,0.00,0.000,0.000,0.00,0.000,0.000,0.00,0.000,0.000,0.00,0.000,0.000,0.00,0.000,0.000,0.00,0.000,0.000,0.00,0.000,0.000,0.00,0.000,0.000,0.00,0.000,0.000,0.00,0.000,0.000,0.00,0.000,0.000,0.00,0.000,0.000,0.00,0.000,0.000,0.00,0.000,0.000,0.00,0.000,0.000,0.00,0.000,0.000,0.00,0.000,0.000,0.00,0.000,0.000,0.00,0.000,0.000,0.00,0.000,0.000,0.00,0.000,0.000,0.00,0.000,0.000,0.00,0.000,0.000,0.00,0.000,0.000,0.00,0.000,0.000,0.00,0.000,0.000,0.00,0.000,0.000,0.00,0.000,0.000,0.00,0.000,0.000,0.00,0.000,0.000,0.00
82.5957,0.000,0.000,0.00,100.00,0.00,0.000,0.000,0.00,0.000,0.000,0.00,0.000,0.000,0.00,0.000,0.000,0.00,0.000,0.000,0.00,0.000,0.000,0.00,0.000,0.000,0.00,0.000,0.000,0.00,0.000,0.000,0.00,0.000,0.000,0.00,0.000,0.000,0.00,0.000,0.000,0.00,0.000,0.000,0.00,0.000,0.000,0.00,0.000,0.000,0.00,0.000,0.000,0.00,0.000,0.000,0.00,0.000,0.000,0.00,0.000,0.000,0.00,0.000,0.000,0.00,0.000,0.000,0.00,0.000,0.000,0.00,0.000,0.000,0.00,0.000,0.000,0.00,0.000,0.000,0.00,0.000,0.000,0.00,0.000,0.000,0.00,0.000,0.000,0.00,0.000,0.000,0.00,0.000,0.000,0.00
82.7026,0.000,0.000,0.00,100.00,0.00,0.000,0.000,0.00,0.000,0.000,0.00,0.000,0.000,0.00,0.000,0.000,0.00,0.000,0.000,0.00,0.000,0.000,0.00,0.000,0.000,0.00,0.000,0.000,0.00,0.000,0.000,0.00,0.000,0.000,0.00,0.000,0.000,0.00,0.000,0.000,0.00,0.000,0.000,0.00,0.000,0.000,0.00,0.000,0.000,0.00,0.000,0.000,0.00,0.000,0.000,0.00,0.000,0.000,0.00,0.000,0.000,0.00,0.000,0.000,0.00,0.000,0.000,0.00,0.000,0.000,0.00,0.000,0.000,0.00,0.000,0.000,0.00,0.000,0.000,0.00,0.000,0.000,0.00,0.000,0.000,0.00,0.000,0.000,0.00,0.000,0.000,0.00,0.000,0.000,0.00
82.8098,0.000,0.000,0.00,100.00,0.00,0.000,0.000,0.00,0.000,0.000,0.00,0.000,0.000,0.00,0.000,0.000,0.00,0.000,0.000,0.00,0.000,0.000,0.00,0.000,0.000,0.00,0.000,0.000,0.00,0.000,0.000,0.00,0.000,0.000,0.00,0.000,0.000,0.00,0.000,0.000,0.00,0.000,0.000,0.00,0.000,0.000,0.00,0.000,0.000,0.00,0.000,0.000,0.00,0.000,0.000,0.00,0.000,0.000,0.00,0.000,0.000,0.00,0.000,0.000,0.00,0.000,0.000,0.00,0.000,0.000,0.00,0.000,0.000,0.00,0.000,0.000,0.00,0.000,0.000,0.00,0.000,0.000,0.00,0.000,0.000,0.00,0.000,0.000,0.00,0.000,0.000,0.00,0.000,0.000,0.00
82.9226,815.163,891.802,3.66,100.00,0.00,0.000,0.000,0.00,0.000,0.000,0.00,815.163,0.000,54.93,0.000,0.000,0.00,0.000,0.000,0.00,0.000,0.000,0.00,0.000,0.000,0.00,0.000,0.000,0.00,0.000,0.000,0.00,0.000,0.000,0.00,0.000,0.000,0.00,0.000,891.802,54.93,0.000,0.000,0.00,0.000,0.000,0.00,0.000,0.000,0.00,0.000,0.000,0.00,0.000,0.000,0.00,0.000,0.000,0.00,0.000,0.000,0.00,0.000,0.000,0.00,0.000,0.000,0.00,0.000,0.000,0.00,0.000,0.000,0.00,0.000,0.000,0.00,0.000,0.000,0.00,0.000,0.000,0.00,0.000,0.000,0.00,0.000,0.000,0.00,0.000,0.000,0.00,0.000,0.000,0.00
83.0386,416.766,1887.349,2.36,99.73,0.00,0.000,0.000,0.00,0.000,0.000,0.00,407.724,0.000,31.90,9.042,0.000,1.72,0.000,0.000,0.00,0.000,0.000,0.00,0.000,0.000,0.00,0.000,0.000,0.00,0.000,0.000,0.00,0.000,0.000,0.00,0.000,0.000,0.00,0.000,203.968,9.49,0.000,0.000,0.00,0.000,0.000,0.00,0.000,0.000,0.00,0.000,0.000,0.00,0.000,0.000,0.00,0.000,0.000,0.00,0.000,0.000,0.00,0.000,0.000,0.00,0.000,1683.381,27.59,0.000,0.000,0.00,0.000,0.000,0.00,0.000,0.000,0.00,0.000,0.000,0.00,0.000,0.000,0.00,0.000,0.000,0.00,0.000,0.000,0.00,0.000,0.000,0.00,0.000,0.000,0.00
83.1591,1581.685,4420.376,10.96,97.84,0.00,93.552,0.000,12.45,443.829,0.000,48.14,0.000,0.000,0.00,389.438,0.000,44.82,0.000,0.000,0.00,0.000,0.000,0.00,0.000,0.000,0.00,0.000,0.000,0.00,287.184,0.000,37.35,0.000,0.000,0.00,258.900,0.000,38.18,0.000,952.349,52.29,0.000,911.080,21.58,0.000,948.474,17.43,0.000,0.000,0.00,0.000,0.000,0.00,0.000,896.769,15.77,0.000,0.000,0.00,0.000,0.000,0.00,0.000,0.000,0.00,0.000,202.606,4.98,67.445,0.000,7.47,0.000,0.000,0.00,41.337,0.000,8.30,0.000,0.000,0.00,0.000,0.000,0.00,0.000,509.098,19.92,0.000,0.000,0.00,0.000,0.000,0.00,0.000,0.000,0.00
83.2756,2404.993,7825.930,13.36,91.75,0.00,263.222,0.000,29.18,278.970,0.000,30.04,0.000,1027.824,17.16,362.211,0.000,31.75,0.000,0.000,0.00,0.000,0.000,0.00,0.000,0.000,0.00,0.000,0.000,0.00,197.979,0.000,24.89,0.000,0.000,0.00,335.214,1228.545,44.63,0.000,0.000,0.00,0.000,0.000,0.00,0.000,0.000,0.00,0.000,0.000,0.00,0.000,0.000,0.00,0.000,0.000,0.00,0.000,0.000,0.00,0.000,589.437,11.16,0.000,976.185,17.16,0.000,914.000,15.45,380.209,87.741,34.33,0.000,1012.990,21.46,182.231,0.000,29.18,332.964,838.457,36.05,0.000,0.000,0.00,71.992,633.307,37.76,0.000,517.445,20.60,0.000,0.000,0.00,0.000,0.000,0.00
83.3821,1063.330,15578.392,11.86,80.73,0.00,39.383,984.565,17.84,39.383,0.000,0.00,0.000,1002.179,16.90,39.383,0.000,1.88,19.691,1497.808,30.99,0.000,0.000,0.00,68.920,0.000,3.76,29.537,1252.551,20.66,39.383,0.000,1.88,19.691,1111.327,32.86,39.383,1138.634,17.84,19.691,0.000,3.76,29.537,337.213,7.51,29.537,0.000,0.94,39.383,1049.792,18.78,127.993,991.295,24.41,29.537,0.000,0.94,39.383,1099.174,20.66,39.383,2523.832,46.95,29.537,0.000,0.94,39.383,0.000,2.82,39.383,948.644,25.35,49.228,0.000,5.63,39.383,0.000,0.94,39.383,1124.096,18.78,39.383,0.000,2.82,39.383,0.000,1.88,39.383,517.281,25.35,19.691,0.000,2.82,0.000,0.000,0.00
83.4850,682.956,16619.026,11.44,64.92,0.00,20.387,135.381,2.92,30.580,976.016,14.58,10.193,907.210,23.33,50.967,1151.214,18.47,20.387,1179.246,18.47,20.387,1140.822,35.00,20.387,0.000,0.00,20.387,175.836,3.89,30.580,0.000,0.97,20.387,1245.065,25.28,20.387,0.000,0.97,20.387,0.000,0.97,20.387,895.424,20.41,20.387,0.000,0.97,20.387,2424.431,43.75,20.387,0.000,0.97,20.387,0.000,0.97,20.387,1159.337,19.44,20.387,634.538,10.69,20.387,0.000,0.00,20.387,0.000,0.97,20.387,1348.671,21.39,20.387,0.000,1.94,20.387,0.000,1.94,50.967,0.000,1.94,20.387,1150.538,18.47,20.387,0.000,0.97,20.387,805.277,30.14,20.387,1290.020,20.41,20.387,0.000,2.92
83.5875,480.580,19639.464,14.27,48.24,0.00,20.450,1268.831,21.45,20.450,1524.778,27.30,20.450,256.666,5.85,20.450,0.000,2.93,10.225,0.000,1.95,10.225,120.145,1.95,10.225,0.000,1.95,30.675,2278.320,42.91,20.450,1255.291,35.11,20.450,1248.181,19.50,20.450,0.000,1.95,10.225,1002.060,61.43,10.225,1282.292,20.48,10.225,1348.036,28.28,20.450,0.000,1.95,10.225,1321.754,21.45,10.225,0.000,0.98,10.225,1317.800,20.48,10.225,573.684,9.75,10.225,0.000,0.98,10.225,2090.833,33.15,20.450,0.000,0.98,20.450,1183.396,19.50,20.450,0.000,2.93,20.450,0.000,1.95,20.450,0.000,1.95,20.450,0.000,0.98,20.450,361.433,17.55,10.225,1205.963,18.53,10.225,0.000,1.95
83.6900,614.034,26066.597,18.32,24.29,0.00,20.468,2450.421,53.68,20.468,1297.148,20.50,20.468,0.000,2.93,20.468,0.000,2.93,20.468,0.000,1.95,10.234,1166.226,18.54,10.234,2750.402,40.99,20.468,1492.071,32.21,30.702,1408.841,22.45,20.468,0.000,0.98,20.468,0.000,2.93,20.468,232.302,11.71,20.468,1438.943,24.40,20.468,0.000,2.93,20.468,0.000,2.93,20.468,1264.607,21.47,20.468,0.000,0.98,20.468,695.906,11.71,20.468,1432.067,40.02,20.468,1413.039,32.21,20.468,451.251,7.81,30.702,0.000,1.95,20.468,1276.080,28.30,20.468,0.000,0.98,20.468,1430.108,24.40,30.702,2338.008,36.11,20.468,1974.544,75.15,20.468,0.000,1.95,10.234,0.000,1.95,20.468,1554.634,22.45
83.7920,0.000,26980.024,17.16,5.36,0.00,0.000,0.000,0.00,0.000,48.650,0.98,0.000,0.000,0.00,0.000,0.000,0.00,0.000,1345.452,22.56,0.000,0.000,0.00,0.000,0.000,0.00,0.000,0.000,0.00,0.000,1367.829,43.16,0.000,1526.112,22.56,0.000,1375.020,21.58,0.000,0.000,0.00,0.000,0.000,0.00,0.000,2122.770,35.31,0.000,1474.811,22.56,0.000,0.000,0.00,0.000,2253.534,52.96,0.000,675.036,16.67,0.000,0.000,0.00,0.000,3177.285,48.06,0.000,0.000,0.00,0.000,0.000,0.00,0.000,1314.920,18.64,0.000,2699.260,43.16,0.000,1394.142,20.60,0.000,375.944,5.88,0.000,781.616,32.37,0.000,1376.305,52.96,0.000,1357.785,20.60,0.000,2313.554,34.33
83.8938,792.881,25606.708,17.55,2.99,0.00,30.891,0.000,3.93,30.891,0.000,0.98,20.594,630.701,12.77,30.891,2718.089,44.19,20.594,1583.872,24.55,20.594,1535.202,33.39,20.594,1449.607,24.55,20.594,0.000,2.95,41.189,1560.141,26.51,20.594,1547.591,32.41,30.891,1585.280,25.53,20.594,1083.776,46.15,20.594,0.000,3.93,20.594,1010.771,15.71,20.594,0.000,0.98,20.594,0.000,1.96,20.594,2007.866,30.44,41.189,0.000,2.95,20.594,0.000,1.96,20.594,1156.741,18.66,20.594,0.000,2.95,30.891,2921.980,45.17,30.891,0.000,1.96,30.891,261.572,4.91,30.891,0.000,3.93,30.891,1457.048,23.57,41.189,1220.214,53.03,30.891,0.000,0.98,20.594,1629.124,26.51,30.891,247.132,8.84
83.9987,18280.872,24332.709,47.93,36.81,0.00,727.336,0.000,39.09,687.345,1617.096,61.97,539.878,987.511,48.63,777.324,2311.041,69.60,499.887,1512.901,59.11,609.862,1424.522,62.93,559.874,1507.628,61.02,619.860,1393.670,41.95,697.343,0.000,36.23,539.878,0.000,35.28,547.376,0.000,35.28,529.880,422.951,58.16,579.869,1498.334,58.16,619.860,1778.817,47.67,609.862,1676.301,60.07,569.871,1807.092,54.35,549.876,0.000,34.32,549.876,0.000,36.23,559.874,0.000,36.23,619.860,0.000,34.32,639.856,0.000,36.23,687.345,0.000,34.32,599.865,0.000,35.28,687.345,3211.540,84.86,689.844,0.000,35.28,629.858,218.583,40.05,619.860,244.593,44.81,507.385,1377.189,64.84,634.857,0.000,37.18,589.867,1342.939,54.35
84.1046,51052.524,171.524,100.00,96.38,0.00,1880.737,0.000,100.00,1943.492,0.000,100.00,1445.198,0.000,100.00,1778.812,0.000,100.00,1484.792,0.000,100.00,1653.068,0.000,100.00,1464.995,0.000,100.00,1662.967,0.000,100.00,1870.838,0.000,100.00,1474.893,0.000,100.00,1801.548,0.000,100.00,1643.170,0.000,100.00,1672.866,0.000,100.00,1692.663,0.000,100.00,1662.967,0.000,100.00,1445.198,0.000,100.00,1672.866,0.000,100.00,1662.967,0.000,100.00,1682.764,0.000,100.00,1662.967,0.000,100.00,1655.543,0.000,100.00,1885.686,0.000,100.00,1665.442,0.000,100.00,2086.133,0.000,100.00,2006.944,0.000,100.00,1675.340,0.000,100.00,1682.764,0.000,100.00,1774.326,171.524,100.00,1697.612,0.000,100.00,1662.967,0.000,100.00
84.2088,51547.166,0.000,99.91,97.98,0.00,1420.826,0.000,100.00,1711.441,0.000,99.85,1560.431,0.000,100.00,1603.375,0.000,100.00,1731.575,0.000,100.00,1725.362,0.000,99.85,1510.095,0.000,100.00,1627.717,0.000,100.00,1834.136,0.000,99.85,1720.171,0.000,100.00,1777.704,0.000,99.85,1647.380,0.000,99.85,1649.228,0.000,99.85,1736.609,0.000,99.85,1721.508,0.000,100.00,1590.633,0.000,99.85,1751.710,0.000,99.85,1711.441,0.000,100.00,1751.710,0.000,100.00,1707.233,0.000,100.00,1729.059,0.000,100.00,1940.472,0.000,99.85,1739.126,0.000,100.00,2062.027,0.000,99.85,1961.039,0.000,99.85,1739.126,0.000,99.85,1731.575,0.000,99.85,1711.441,0.000,99.85,1751.710,0.000,99.85,1691.306,0.000,99.85
84.3125,35592.836,0.000,71.01,100.00,0.00,1363.339,0.000,79.97,643.110,0.000,49.14,1748.376,0.000,92.50,1137.115,0.000,71.30,797.189,0.000,54.92,389.260,0.000,40.47,1701.450,0.000,88.65,716.834,0.000,63.59,1397.478,0.000,85.76,1296.601,0.000,73.23,1640.750,0.000,87.68,883.542,0.000,73.23,966.382,0.000,67.45,1433.077,0.000,79.01,1097.886,0.000,66.48,1598.008,0.000,89.61,873.872,0.000,57.81,1370.009,0.000,72.27,1083.796,0.000,75.16,240.905,0.000,37.58,766.523,0.000,45.29,2359.874,0.000,91.54,2134.479,0.000,87.68,1390.334,0.000,90.57,1011.927,0.000,80.94,1330.581,0.000,76.12,889.620,0.000,48.18,1279.472,0.000,76.12,836.142,0.000,56.85,1214.904,0.000,71.30
84.4207,0.000,0.000,0.00,100.00,0.00,0.000,0.000,0.00,0.000,0.000,0.00,0.000,0.000,0.00,0.000,0.000,0.00,0.000,0.000,0.00,0.000,0.000,0.00,0.000,0.000,0.00,0.000,0.000,0.00,0.000,0.000,0.00,0.000,0.000,0.00,0.000,0.000,0.00,0.000,0.000,0.00,0.000,0.000,0.00,0.000,0.000,0.00,0.000,0.000,0.00,0.000,0.000,0.00,0.000,0.000,0.00,0.000,0.000,0.00,0.000,0.000,0.00,0.000,0.000,0.00,0.000,0.000,0.00,0.000,0.000,0.00,0.000,0.000,0.00,0.000,0.000,0.00,0.000,0.000,0.00,0.000,0.000,0.00,0.000,0.000,0.00,0.000,0.000,0.00,0.000,0.000,0.00,0.000,0.000,0.00
84.5267,0.000,0.000,0.00,100.00,0.00,0.000,0.000,0.00,0.000,0.000,0.00,0.000,0.000,0.00,0.000,0.000,0.00,0.000,0.000,0.00,0.000,0.000,0.00,0.000,0.000,0.00,0.000,0.000,0.00,0.000,0.000,0.00,0.000,0.000,0.00,0.000,0.000,0.00,0.000,0.000,0.00,0.000,0.000,0.00,0.000,0.000,0.00,0.000,0.000,0.00,0.000,0.000,0.00,0.000,0.000,0.00,0.000,0.000,0.00,0.000,0.000,0.00,0.000,0.000,0.00,0.000,0.000,0.00,0.000,0.000,0.00,0.000,0.000,0.00,0.000,0.000,0.00,0.000,0.000,0.00,0.000,0.000,0.00,0.000,0.000,0.00,0.000,0.000,0.00,0.000,0.000,0.00,0.000,0.000,0.00
84.6327,0.000,0.000,0.00,100.00,0.00,0.000,0.000,0.00,0.000,0.000,0.00,0.000,0.000,0.00,0.000,0.000,0.00,0.000,0.000,0.00,0.000,0.000,0.00,0.000,0.000,0.00,0.000,0.000,0.00,0.000,0.000,0.00,0.000,0.000,0.00,0.000,0.000,0.00,0.000,0.000,0.00,0.000,0.000,0.00,0.000,0.000,0.00,0.000,0.000,0.00,0.000,0.000,0.00,0.000,0.000,0.00,0.000,0.000,0.00,0.000,0.000,0.00,0.000,0.000,0.00,0.000,0.000,0.00,0.000,0.000,0.00,0.000,0.000,0.00,0.000,0.000,0.00,0.000,0.000,0.00,0.000,0.000,0.00,0.000,0.000,0.00,0.000,0.000,0.00,0.000,0.000,0.00,0.000,0.000,0.00
84.7396,2576.864,1805.263,4.36,99.93,0.00,0.000,0.000,0.00,0.000,0.000,0.00,0.000,0.000,0.00,0.000,0.000,0.00,0.000,0.000,0.00,0.000,0.000,0.00,0.000,0.000,0.00,0.000,0.000,0.00,0.000,0.000,0.00,0.000,0.000,0.00,0.000,0.000,0.00,0.000,0.000,0.00,0.000,0.000,0.00,0.000,0.000,0.00,0.000,0.000,0.00,0.000,0.000,0.00,0.000,0.000,0.00,0.000,0.000,0.00,0.000,0.000,0.00,0.000,0.000,0.00,0.000,0.000,0.00,0.000,0.000,0.00,0.000,6.776,1.87,0.000,0.000,0.00,0.000,0.000,0.00,1323.983,0.000,50.51,1252.880,0.000,48.64,0.000,0.000,0.00,0.000,1798.487,29.93,0.000,0.000,0.00
84.8540,418.566,848.627,1.60,100.00,0.00,0.000,0.000,0.00,0.000,0.000,0.00,0.000,0.000,0.00,0.000,0.000,0.00,0.000,0.000,0.00,0.000,0.000,0.00,0.000,0.000,0.00,0.000,0.000,0.00,0.000,0.000,0.00,0.000,0.000,0.00,0.000,0.000,0.00,0.000,0.000,0.00,0.000,0.000,0.00,0.000,848.627,14.86,0.000,0.000,0.00,0.000,0.000,0.00,0.000,0.000,0.00,0.000,0.000,0.00,0.000,0.000,0.00,0.000,0.000,0.00,0.000,0.000,0.00,0.000,0.000,0.00,0.000,0.000,0.00,0.000,0.000,0.00,0.000,0.000,0.00,141.014,0.000,6.12,96.504,0.000,5.25,181.048,0.000,21.86,0.000,0.000,0.00,0.000,0.000,0.00
84.9748,983.132,726.769,4.11,99.79,0.00,0.000,0.000,0.00,0.000,0.000,0.00,0.000,0.000,0.00,0.000,0.000,0.00,0.000,0.000,0.00,0.000,0.000,0.00,0.000,0.000,0.00,0.000,0.000,0.00,0.000,0.000,0.00,0.000,0.000,0.00,0.000,0.000,0.00,0.000,0.000,0.00,0.000,0.000,0.00,0.000,0.000,0.00,0.000,0.000,0.00,0.000,0.000,0.00,0.000,0.000,0.00,0.000,0.000,0.00,0.000,0.000,0.00,0.000,0.000,0.00,0.000,0.000,0.00,0.000,0.000,0.00,104.173,0.000,13.25,0.000,0.000,0.00,0.000,0.000,0.00,0.000,0.000,0.00,0.000,0.000,0.00,878.959,4.341,96.86,0.000,0.000,0.00,0.000,722.428,13.25
85.0837,1623.394,4398.378,10.59,97.48,0.00,0.000,0.000,0.00,0.000,0.000,0.00,0.000,0.000,0.00,0.000,0.000,0.00,0.000,0.000,0.00,0.000,0.000,0.00,0.000,0.000,0.00,0.000,0.000,0.00,0.000,0.000,0.00,0.000,0.000,0.00,0.000,0.000,0.00,0.000,0.000,0.92,9.626,0.000,0.92,344.142,0.000,56.00,132.362,0.000,21.11,0.000,0.000,0.00,0.000,0.000,0.00,356.175,0.000,42.23,0.000,0.000,0.00,86.637,0.000,8.26,0.000,0.000,0.00,0.000,0.000,0.00,385.054,0.000,52.33,0.000,0.000,0.00,0.000,0.000,0.00,0.000,0.000,0.00,0.000,0.000,0.00,309.397,2312.092,100.00,0.000,1153.357,19.28,0.000,932.929,16.52
85.1985,3747.587,3172.948,19.66,97.23,0.00,0.000,0.000,0.00,0.000,0.000,0.00,0.000,0.000,0.00,0.000,0.000,0.00,70.799,0.000,12.20,0.000,0.000,0.00,0.000,0.000,0.00,0.000,0.000,0.00,0.000,0.000,0.00,0.000,869.255,15.68,0.000,0.000,0.00,0.000,944.373,54.89,171.289,0.000,63.60,963.678,0.000,68.83,255.791,0.000,68.83,0.000,810.767,13.94,0.000,0.000,0.00,582.775,0.000,49.66,481.893,0.000,80.15,769.658,0.000,73.18,143.883,0.000,23.52,0.000,0.000,0.00,307.820,0.000,42.69,0.000,0.000,0.00,0.000,0.000,0.00,0.000,0.000,0.00,0.000,0.000,0.00,0.000,548.553,22.65,0.000,0.000,0.00,0.000,0.000,0.00
85.3050,1949.713,11664.605,10.71,89.82,0.00,0.000,1217.416,20.66,0.000,0.000,0.00,49.235,802.533,15.03,0.000,0.000,0.00,248.638,1058.556,35.69,0.000,0.000,0.00,0.000,0.000,0.00,128.011,1219.263,26.29,0.000,0.000,0.00,78.776,0.000,3.76,0.000,0.000,0.00,137.858,0.000,10.33,219.096,0.000,15.03,0.000,0.000,0.00,209.249,952.047,25.36,39.388,443.347,8.45,128.011,1092.982,36.62,0.000,0.000,0.00,199.402,1149.949,30.05,194.479,0.000,11.27,169.861,0.000,10.33,0.000,1195.184,20.66,0.000,1316.541,21.60,0.000,4.909,1.88,0.000,0.000,0.00,0.000,0.000,0.00,0.000,0.000,0.00,0.000,0.000,0.00,147.706,0.000,7.51,0.000,1211.878,20.66
85.4082,172.692,14653.584,10.53,75.06,0.00,10.158,991.151,17.44,0.000,728.860,20.34,10.158,1690.409,32.94,0.000,0.000,0.00,10.158,1183.842,17.44,10.158,0.000,1.94,0.000,0.000,0.00,10.158,0.000,0.00,0.000,0.000,0.00,10.158,972.660,14.53,0.000,0.000,0.00,10.158,0.000,0.97,10.158,1168.882,17.44,0.000,1125.987,19.38,10.158,0.000,0.97,10.158,1153.962,17.44,10.158,1184.001,18.41,0.000,0.000,6.78,10.158,0.000,0.97,10.158,1130.669,23.25,10.158,1097.575,23.25,0.000,0.000,0.00,10.158,0.000,1.94,0.000,0.000,0.00,0.000,0.000,0.00,0.000,1125.749,19.38,0.000,1099.837,59.10,0.000,0.000,0.00,10.158,0.000,0.97,10.158,0.000,0.97
85.5111,295.506,15357.086,10.30,61.32,0.00,10.190,0.000,0.97,10.190,385.066,5.83,10.190,0.000,1.94,10.190,0.000,1.94,30.570,0.000,2.92,10.190,2429.647,37.90,10.190,0.000,0.97,10.190,0.000,0.97,10.190,0.000,0.97,10.190,159.416,2.92,10.190,1264.459,22.35,10.190,0.000,0.97,10.190,0.000,1.94,0.000,2437.966,38.87,10.190,0.000,0.97,10.190,1205.390,19.44,10.190,0.000,0.97,0.000,2412.571,54.42,10.190,0.000,0.97,10.190,206.345,5.83,10.190,1183.975,18.46,10.190,766.788,12.63,10.190,0.000,0.97,0.000,0.000,0.00,0.000,0.000,0.00,0.000,1167.337,25.27,10.190,0.000,0.97,0.000,0.000,0.00,40.759,603.750,19.44,10.190,1134.379,27.21
85.6138,326.774,19590.391,14.74,41.48,0.00,10.212,1309.332,20.45,10.212,0.000,0.97,10.212,0.000,1.95,10.212,2110.870,33.11,10.212,0.000,1.95,10.212,0.000,0.97,10.212,1340.804,20.45,10.212,855.230,20.45,10.212,0.000,0.00,20.423,0.000,0.97,10.212,0.000,0.00,10.212,1218.025,79.86,10.212,1309.172,20.45,10.212,0.000,0.00,20.423,0.000,2.92,10.212,822.042,25.32,10.212,686.737,30.19,10.212,0.000,1.95,10.212,1316.751,19.48,10.212,1023.045,15.58,10.212,0.000,1.95,10.212,461.760,7.79,10.212,0.000,0.97,10.212,1191.538,26.29,10.212,2925.613,51.61,10.212,1239.046,19.48,10.212,0.000,0.00,10.212,0.000,0.97,10.212,542.217,8.76,10.212,1238.209,27.27
85.7159,399.909,23702.891,17.13,34.38,0.00,10.266,1402.049,22.52,10.266,0.000,1.96,10.266,1363.830,21.54,10.266,562.207,10.77,40.584,1512.774,25.46,10.266,0.000,0.98,10.266,1260.364,20.56,10.266,1857.261,28.39,10.266,2221.117,52.87,20.533,2739.652,42.10,10.266,1278.090,20.56,10.266,1608.621,98.89,20.533,0.000,1.96,10.266,0.000,0.98,20.533,0.000,0.98,10.266,525.833,8.81,10.266,2105.700,47.98,10.266,1396.274,21.54,20.533,0.000,1.96,20.533,1304.037,22.52,20.533,0.000,1.96,10.266,0.000,0.98,10.266,0.000,1.96,10.266,1310.373,28.39,10.266,856.886,14.69,10.266,397.824,8.81,10.266,0.000,0.98,10.266,0.000,0.98,10.266,0.000,0.98,10.266,0.000,0.98
85.8181,0.000,18293.588,13.05,42.21,0.00,0.000,0.000,0.00,0.000,2684.759,40.13,0.000,1325.301,20.55,0.000,1349.475,26.43,0.000,0.000,0.00,0.000,1239.268,30.34,0.000,1412.136,34.26,0.000,1341.056,21.53,0.000,536.286,7.83,0.000,0.000,0.00,0.000,0.000,0.00,0.000,1040.100,57.75,0.000,0.000,0.00,0.000,0.000,0.00,0.000,0.000,0.00,0.000,0.000,0.00,0.000,1498.210,23.49,0.000,0.000,0.00,0.000,0.000,0.00,0.000,0.000,0.00,0.000,0.000,3.92,0.000,1302.810,35.24,0.000,2798.896,39.15,0.000,0.000,0.00,0.000,0.000,0.00,0.000,885.231,13.70,0.000,880.060,37.19,0.000,0.000,0.00,0.000,0.000,0.00,0.000,0.000,0.00
85.9203,0.000,23028.176,17.50,53.68,0.00,0.000,0.000,0.00,0.000,0.000,0.00,0.000,1398.151,23.47,0.000,0.000,0.00,0.000,1053.449,17.60,0.000,2916.569,49.87,0.000,2147.788,59.64,0.000,0.000,0.00,0.000,1248.247,40.09,0.000,0.000,0.00,0.000,2927.262,51.82,0.000,0.000,0.00,0.000,1402.476,22.49,0.000,0.000,0.00,0.000,1561.070,25.42,0.000,0.000,9.78,0.000,0.000,0.00,0.000,0.000,0.00,0.000,1494.989,43.02,0.000,0.000,0.00,0.000,2876.440,75.29,0.000,0.000,0.00,0.000,0.000,0.00,0.000,1389.220,22.49,0.000,0.000,0.00,0.000,0.000,0.00,0.000,1063.782,43.02,0.000,0.000,0.00,0.000,1548.735,41.07,0.000,0.000,0.00
86.0236,345.293,21031.474,20.56,62.53,0.00,10.156,0.000,1.94,10.156,1598.764,26.15,10.156,0.000,0.97,10.156,191.807,4.84,20.311,435.980,9.69,10.156,0.000,1.94,10.156,798.569,12.59,10.156,0.000,1.94,10.156,1870.230,29.06,20.311,0.000,2.91,0.000,0.000,1.94,10.156,1477.650,98.79,20.311,1441.708,40.68,10.156,0.000,0.97,20.311,2630.754,41.65,10.156,1673.821,45.52,10.156,0.000,1.94,10.156,1442.105,25.18,0.000,0.000,11.62,20.311,0.000,3.87,20.311,0.000,2.91,10.156,1592.932,46.49,10.156,1541.122,26.15,10.156,0.000,1.94,10.156,1405.846,30.99,10.156,0.000,0.97,10.156,1498.992,68.76,10.156,1431.195,70.70,10.156,0.000,1.94,10.156,0.000,1.94
86.1297,13490.349,13677.194,55.48,80.75,0.00,155.653,2.471,35.81,284.128,1325.170,74.46,649.788,0.000,53.72,254.480,2722.993,89.54,1050.500,0.000,62.20,600.374,0.000,55.61,699.201,0.000,62.20,106.239,0.000,23.56,462.016,1303.899,65.97,1079.685,0.000,65.03,175.418,0.000,32.04,113.651,50.224,26.39,459.546,0.000,52.78,126.004,0.000,45.24,427.427,390.482,60.32,412.603,0.000,45.24,565.785,1397.591,60.32,659.670,72.460,54.66,805.440,1546.141,92.36,580.609,2190.446,90.48,652.258,0.000,60.32,333.541,0.000,47.12,98.827,0.000,35.81,597.903,1765.375,75.40,254.480,0.000,47.12,504.018,0.000,54.66,415.073,909.942,65.97,247.068,0.000,49.95,679.436,0.000,57.49,39.531,0.000,22.62
86.2452,18122.394,4567.690,70.30,88.35,0.15,556.287,1010.363,90.08,501.793,0.000,67.56,347.360,0.000,37.24,538.122,0.000,64.96,856.604,0.000,55.43,567.178,0.000,58.90,578.425,0.000,51.97,447.300,638.027,77.09,374.642,0.000,71.89,715.616,0.000,58.90,619.863,0.000,76.22,749.284,0.000,76.22,1230.643,517.687,89.21,628.945,0.000,75.36,887.788,0.000,73.62,283.820,0.000,70.16,572.145,1040.732,82.28,292.902,0.000,54.57,695.997,0.000,60.63,501.403,343.174,52.84,1191.689,0.000,75.36,501.119,0.000,68.43,472.276,0.000,72.76,568.562,1017.707,96.14,429.136,0.000,86.61,710.401,0.000,87.48,771.990,0.000,93.54,781.072,0.000,91.81,268.671,0.000,24.25,481.358,0.000,67.56
86.3506,963.028,6827.290,6.07,81.09,0.60,49.707,0.000,4.74,49.707,0.000,3.79,0.000,0.000,0.00,49.707,0.000,1.90,0.000,1141.234,18.01,0.000,0.000,0.00,0.000,0.000,0.00,49.707,190.711,6.64,22.951,1279.054,28.44,49.707,0.000,1.90,49.707,0.000,2.84,34.484,0.000,2.84,91.297,565.530,14.22,49.707,0.000,2.84,62.561,0.000,5.69,49.707,0.000,2.84,0.000,0.000,0.00,49.707,0.000,1.90,17.320,0.000,0.95,0.000,1056.733,18.01,49.707,0.000,4.74,0.000,0.000,0.00,49.707,0.000,2.84,0.000,0.000,0.00,49.707,0.000,2.84,0.000,246.048,6.64,28.581,0.000,2.84,59.648,0.000,3.79,0.000,1162.709,18.96,49.707,1185.271,21.81
86.4544,191.950,7932.529,5.04,79.05,0.98,10.103,0.000,0.96,10.103,0.000,1.93,0.000,0.000,0.00,10.103,909.394,13.49,0.000,0.000,0.00,0.000,2079.956,33.72,0.000,0.000,0.00,10.103,0.000,0.96,0.000,1083.822,17.34,10.103,0.000,0.96,10.103,532.913,8.67,0.000,0.000,0.00,10.103,0.000,1.93,10.103,0.000,0.00,10.103,0.000,0.00,10.103,1202.133,25.05,0.000,0.000,0.00,10.103,0.000,0.96,0.000,0.000,0.00,0.000,0.000,0.00,10.103,0.000,0.96,0.000,0.000,0.00,10.103,0.000,0.00,0.000,0.000,0.00,40.410,0.000,1.93,0.000,910.104,20.23,0.000,1214.209,20.23,10.103,0.000,0.00,0.000,0.000,0.00,10.103,0.000,1.93
86.5587,331.902,7400.266,6.46,77.54,1.20,20.115,1027.766,18.22,20.115,0.000,1.92,0.000,0.000,0.00,20.115,0.000,2.88,0.000,0.000,0.00,0.000,0.000,0.00,0.000,0.000,0.00,20.115,1402.374,23.98,0.000,1479.377,24.94,20.115,0.000,0.96,20.115,474.320,6.71,0.000,1162.404,68.10,20.115,0.000,0.96,20.115,0.000,2.88,20.115,0.000,0.96,20.115,0.000,2.88,0.000,1220.393,20.14,30.173,0.000,0.00,0.000,0.000,0.00,0.000,0.000,0.00,20.115,0.000,0.96,0.000,0.000,0.00,20.115,0.000,2.88,0.000,0.000,0.00,20.115,633.632,10.55,0.000,0.000,0.00,0.000,0.000,0.00,20.115,0.000,1.92,0.000,0.000,0.00,20.115,0.000,1.92
86.6631,312.018,6981.180,4.34,78.98,0.75,20.077,0.000,1.91,20.077,0.000,0.96,0.000,0.000,0.00,20.077,0.000,0.96,0.000,0.000,0.00,0.000,0.000,0.00,0.000,0.000,0.00,20.077,0.000,1.91,0.000,0.000,0.00,20.077,0.000,0.00,20.077,0.000,1.91,0.000,0.000,0.00,20.077,0.000,0.96,20.077,1164.079,19.15,20.077,1211.213,20.10,20.077,1501.782,24.89,0.000,0.000,0.00,20.077,0.000,0.96,0.000,0.000,0.00,0.000,0.000,0.00,0.823,0.000,0.96,0.000,0.000,0.00,20.077,0.000,1.91,0.000,2533.478,40.21,20.077,570.629,10.53,0.000,0.000,0.00,0.000,0.000,0.00,30.116,0.000,0.96,0.000,0.000,0.00,20.077,0.000,1.91
86.7670,313.059,7280.715,5.20,78.80,0.98,20.197,0.000,1.93,20.197,0.000,0.96,0.000,0.000,0.00,20.197,1497.443,24.08,0.000,1410.224,29.86,0.000,0.000,0.00,0.000,0.000,0.00,30.296,0.000,1.93,0.000,0.000,0.00,20.197,0.000,0.96,20.197,0.000,1.93,0.000,0.000,0.00,20.197,0.000,0.96,20.197,1443.676,23.11,20.197,1535.274,24.08,20.197,0.000,1.93,0.000,5.020,1.93,20.197,0.000,1.93,0.000,0.000,0.00,0.000,1063.398,18.30,0.000,0.000,0.00,0.000,0.000,0.00,20.197,0.000,1.93,0.000,0.000,0.00,20.197,0.000,2.89,0.000,0.000,0.00,0.000,0.000,0.00,20.197,325.682,16.37,0.000,0.000,0.00,20.197,0.000,0.96
86.8710,161.213,8184.210,7.98,47.20,1.29,10.076,0.000,0.00,10.076,978.182,15.37,0.000,675.081,12.49,10.076,0.000,0.96,0.000,883.367,14.41,0.000,0.000,0.00,0.000,0.000,0.00,10.076,443.336,8.65,0.000,0.000,0.00,10.076,0.000,0.96,10.076,0.000,0.00,0.000,0.000,0.00,10.076,0.000,0.96,10.076,0.000,0.96,10.076,0.000,0.00,10.076,0.000,0.96,0.000,0.000,0.00,10.076,1332.214,21.14,0.000,1205.242,25.94,0.000,0.000,0.00,0.000,0.000,0.00,0.000,32.746,18.26,20.152,0.000,0.96,0.000,0.000,0.00,10.076,1035.016,16.34,0.000,0.000,0.00,0.000,0.000,0.00,10.076,1599.026,99.93,0.000,0.000,0.00,10.076,0.000,0.96
86.9741,162.770,19651.071,14.42,32.49,2.97,10.173,1305.178,21.34,10.173,1113.797,25.22,0.000,507.106,7.76,10.173,1406.432,23.28,0.000,0.000,0.00,0.000,0.000,0.00,0.000,2481.762,39.78,10.173,1689.293,27.17,0.000,0.000,0.00,10.173,0.000,0.00,10.173,0.000,0.97,0.000,0.000,0.00,10.173,0.000,1.94,10.173,1394.948,30.08,10.173,1009.681,17.46,10.173,1690.326,29.11,0.000,0.000,0.00,20.346,0.000,1.94,0.000,1124.685,17.46,0.000,0.000,0.00,0.000,0.000,6.79,0.000,1246.365,26.19,10.173,0.000,0.97,0.000,1832.670,30.08,10.173,0.000,0.00,0.000,0.000,0.00,0.000,1331.485,23.28,10.173,1517.343,99.93,0.000,0.000,0.00,10.173,0.000,1.94
87.0763,0.000,21290.155,16.64,25.37,3.86,0.000,0.000,0.00,0.000,0.000,0.00,0.000,1606.100,25.45,0.000,0.000,0.00,0.000,0.000,0.00,0.000,0.000,0.00,0.000,1588.857,24.47,0.000,366.588,5.87,0.000,0.000,0.00,0.000,2354.594,35.24,0.000,0.000,0.00,0.000,867.429,49.93,0.000,1423.808,40.14,0.000,1108.667,26.43,0.000,185.059,2.94,0.000,0.000,0.00,0.000,0.000,0.00,0.000,0.000,0.00,0.000,0.000,0.00,0.000,0.000,0.00,0.000,1182.129,28.39,0.000,2043.544,50.91,0.000,879.700,12.73,0.000,0.000,0.00,0.000,0.000,0.00,0.000,2131.441,34.26,0.000,1242.599,18.60,0.000,1526.623,99.86,0.000,1237.466,20.56,0.000,1545.550,23.50
87.1779,0.000,21450.535,18.12,17.20,3.06,0.000,0.000,0.00,0.000,1312.817,20.66,0.000,1237.868,20.66,0.000,92.840,2.95,0.000,636.986,15.74,0.000,0.000,0.00,0.000,0.000,0.00,0.000,0.000,0.00,0.000,1395.543,40.33,0.000,971.839,34.43,0.000,0.000,0.00,0.000,1420.244,86.57,0.000,0.000,0.00,0.000,549.828,7.87,0.000,1348.277,29.51,0.000,0.000,0.00,0.000,0.000,0.00,0.000,2631.074,41.32,0.000,1700.940,25.58,0.000,0.000,0.00,0.000,0.000,8.85,0.000,2802.288,50.17,0.000,0.000,0.00,0.000,0.000,0.00,0.000,1653.190,27.55,0.000,709.961,10.82,0.000,0.000,0.00,0.000,1594.480,100.00,0.000,1392.360,20.66,0.000,0.000,0.00
87.2807,0.000,16924.052,10.90,28.21,0.97,0.000,1295.572,21.40,0.000,0.000,0.00,0.000,1445.963,20.43,0.000,1267.678,19.46,0.000,571.675,7.78,0.000,0.000,0.00,0.000,0.000,0.00,0.000,0.000,0.00,0.000,0.000,0.00,0.000,897.719,15.57,0.000,2626.929,49.62,0.000,0.000,0.00,0.000,489.665,25.29,0.000,0.000,0.00,0.000,0.000,0.00,0.000,1065.165,18.48,0.000,0.000,0.00,0.000,1422.651,21.40,0.000,0.000,0.00,0.000,1245.004,21.40,0.000,1304.698,30.16,0.000,0.000,0.00,0.000,1376.864,22.38,0.000,0.000,0.00,0.000,0.000,0.00,0.000,0.000,0.00,0.000,1410.617,22.38,0.000,503.851,31.13,0.000,0.000,0.00,0.000,0.000,0.00
87.3855,150.022,6230.268,4.58,27.71,0.23,10.001,1228.575,20.03,10.001,1268.385,20.98,0.000,0.000,0.00,10.001,0.000,0.95,0.000,0.000,0.00,0.000,0.000,0.00,0.000,0.000,0.00,10.001,0.000,0.95,0.000,0.000,0.00,10.001,0.000,0.95,10.001,0.000,1.91,0.000,100.014,3.82,10.001,955.762,29.57,10.001,0.000,1.91,10.001,0.000,2.86,10.001,0.000,0.95,0.000,0.000,0.00,10.001,0.000,0.95,0.000,0.000,0.00,0.000,0.000,0.00,0.000,0.000,0.00,0.000,0.000,0.00,10.001,612.588,10.49,0.000,0.000,0.00,10.001,0.000,0.00,0.000,802.615,15.26,0.000,0.000,0.00,10.001,0.000,1.91,0.000,0.000,0.00,10.001,1262.329,23.85
87.4877,0.000,13523.862,9.56,28.66,0.68,0.000,0.000,0.00,0.000,0.000,0.00,0.000,0.000,0.00,0.000,0.000,0.00,0.000,0.000,0.00,0.000,1247.147,20.55,0.000,0.000,0.00,0.000,0.000,0.00,0.000,0.000,0.00,0.000,0.000,0.00,0.000,1449.875,21.52,0.000,1347.289,86.09,0.000,0.000,0.00,0.000,389.829,6.85,0.000,0.000,0.00,0.000,0.000,0.00,0.000,0.000,0.00,0.000,1186.477,17.61,0.000,1109.296,25.44,0.000,248.772,3.91,0.000,0.000,0.00,0.000,0.000,0.00,0.000,2925.277,48.92,0.000,0.000,0.00,0.000,1265.180,20.55,0.000,2354.720,35.22,0.000,0.000,0.00,0.000,0.000,0.00,0.000,0.000,0.00,0.000,0.000,0.00
87.5908,0.000,4758.627,3.66,19.34,0.46,0.000,0.000,0.00,0.000,0.000,0.00,0.000,0.000,0.00,0.000,0.000,0.00,0.000,0.000,0.00,0.000,1304.478,21.35,0.000,0.000,0.00,0.000,0.000,0.00,0.000,0.000,0.00,0.000,0.000,0.00,0.000,0.000,0.00,0.000,0.000,0.00,0.000,0.000,0.00,0.000,1050.490,16.50,0.000,0.000,0.00,0.000,0.000,0.00,0.000,0.000,0.00,0.000,0.000,0.00,0.000,0.000,0.00,0.000,1042.660,27.17,0.000,1360.999,44.64,0.000,0.000,0.00,0.000,0.000,0.00,0.000,0.000,0.00,0.000,0.000,0.00,0.000,0.000,0.00,0.000,0.000,0.00,0.000,0.000,0.00,0.000,0.000,0.00,0.000,0.000,0.00
87.6926,0.000,1554.698,0.88,8.51,0.23,0.000,0.000,0.00,0.000,0.000,0.00,0.000,0.000,0.00,0.000,0.000,0.00,0.000,0.000,0.00,0.000,0.000,0.00,0.000,0.000,0.00,0.000,0.000,0.00,0.000,0.000,0.00,0.000,0.000,0.00,0.000,0.000,0.00,0.000,0.000,0.00,0.000,0.000,0.00,0.000,0.000,0.00,0.000,0.000,0.00,0.000,0.000,0.00,0.000,1423.420,23.57,0.000,0.000,0.00,0.000,0.000,0.00,0.000,0.000,0.00,0.000,0.000,0.00,0.000,0.000,0.00,0.000,0.000,0.00,0.000,0.000,0.00,0.000,0.000,0.00,0.000,0.000,0.00,0.000,0.000,0.00,0.000,0.000,0.00,0.000,131.278,2.95,0.000,0.000,0.00
87.7940,165.498,11107.046,10.42,9.02,2.16,10.344,0.000,0.99,10.344,0.000,0.99,0.000,0.000,0.00,10.344,0.000,0.99,0.000,1124.630,19.73,0.000,0.000,0.00,0.000,0.000,0.00,10.344,0.000,1.97,0.000,0.000,11.84,10.344,1158.934,40.44,10.344,0.000,1.97,0.000,1199.864,72.01,20.687,1418.980,23.67,10.344,5.152,3.95,10.344,1213.238,20.72,10.344,0.000,1.97,0.000,0.000,0.00,10.344,0.000,1.97,0.000,0.000,0.00,0.000,0.000,0.00,0.000,1386.898,22.69,0.000,961.192,16.77,10.344,0.000,1.97,0.000,0.000,0.00,10.344,0.000,0.99,0.000,1367.625,28.61,0.000,147.397,18.74,10.344,0.000,0.99,0.000,1123.135,17.76,10.344,0.000,0.99
87.8957,154.711,11107.996,7.08,10.28,1.38,10.314,0.000,1.97,10.314,0.000,0.98,0.000,1175.766,27.54,10.314,0.000,0.98,0.000,1401.065,22.62,0.000,0.000,0.00,0.000,1427.857,22.62,10.314,0.000,0.98,0.000,972.708,23.61,10.314,0.000,0.00,10.314,0.000,1.97,0.000,4.835,0.98,10.314,0.000,0.98,10.314,0.040,0.00,10.314,0.000,0.98,10.314,0.000,1.97,0.000,0.000,0.00,10.314,0.000,0.98,0.000,1338.173,22.62,0.000,1106.066,18.69,0.000,1147.040,18.69,0.000,0.000,0.00,10.314,0.000,0.00,0.000,1300.623,21.64,10.314,0.000,0.00,0.000,0.000,0.00,0.000,1233.823,18.69,10.314,0.000,1.97,0.000,0.000,0.00,10.314,0.000,0.98
87.9996,2760.892,0.000,4.27,23.44,0.00,157.257,0.000,7.70,312.859,0.000,11.55,0.000,0.000,0.00,60.593,0.000,2.89,0.000,0.000,0.00,0.000,0.000,0.00,0.000,0.000,0.00,222.935,0.000,9.62,0.000,0.000,0.00,322.951,0.000,11.55,57.202,0.000,2.89,0.000,0.000,0.00,189.229,0.000,11.55,141.804,0.000,10.59,259.283,0.000,10.59,203.776,0.000,9.62,0.000,0.000,0.00,37.176,0.000,1.92,0.000,0.000,0.00,0.000,0.000,0.00,0.000,0.000,0.00,0.000,0.000,0.00,229.598,0.000,9.62,0.000,0.000,0.00,219.506,0.000,8.66,0.000,0.000,0.00,0.000,0.000,0.00,122.171,0.000,7.70,0.000,0.000,0.00,224.552,0.000,11.55
88.1054,894.831,0.000,1.17,95.45,0.00,0.000,0.000,0.00,58.122,0.000,1.89,0.000,0.000,0.00,0.000,0.000,0.00,0.000,0.000,0.00,0.000,0.000,0.00,0.000,0.000,0.00,0.000,0.000,0.00,0.000,0.000,0.00,85.963,0.000,1.89,0.000,0.000,0.00,0.000,0.000,0.00,118.064,0.000,4.73,0.000,0.000,0.00,0.000,0.000,0.00,0.000,0.000,0.00,0.000,0.000,0.00,0.000,0.000,0.00,0.000,0.000,0.00,0.000,0.000,0.00,0.000,0.000,0.00,0.000,0.000,0.00,360.813,0.000,15.13,0.000,0.000,0.00,35.586,0.000,1.89,0.000,0.000,0.00,0.000,0.000,0.00,0.000,0.000,0.00,0.000,0.000,0.00,236.283,0.000,9.45
88.2087,0.000,9686.233,6.45,97.32,0.00,0.000,0.000,0.00,0.000,0.000,0.00,0.000,0.000,0.00,0.000,0.000,0.00,0.000,0.000,0.00,0.000,1182.005,25.17,0.000,1387.180,40.65,0.000,0.000,0.00,0.000,0.000,0.00,0.000,0.000,0.00,0.000,0.000,0.00,0.000,0.000,0.00,0.000,1018.222,18.39,0.000,0.000,0.00,0.000,0.000,0.00,0.000,0.000,0.00,0.000,68.511,2.90,0.000,0.000,0.00,0.000,1250.516,20.33,0.000,0.000,0.00,0.000,865.263,15.49,0.000,0.000,0.00,0.000,1470.598,29.04,0.000,0.000,0.00,0.000,1152.428,20.33,0.000,0.000,0.00,0.000,0.000,0.00,0.000,0.000,0.00,0.000,0.000,0.00,0.000,1291.511,21.29
88.3196,0.000,7310.487,5.26,95.39,0.00,0.000,0.000,0.00,0.000,0.000,0.00,0.000,0.000,0.00,0.000,0.000,0.00,0.000,4.677,2.71,0.000,4.668,1.80,0.000,0.000,0.00,0.000,0.000,0.00,0.000,0.000,0.00,0.000,956.108,17.13,0.000,1484.361,23.45,0.000,4.677,8.12,0.000,160.751,4.51,0.000,0.000,0.00,0.000,0.000,0.00,0.000,4.562,2.71,0.000,1043.884,15.33,0.000,0.000,0.00,0.000,0.000,0.00,0.000,4.585,1.80,0.000,267.551,5.41,0.000,725.744,11.72,0.000,0.000,0.00,0.000,878.036,14.43,0.000,0.000,0.00,0.000,0.000,0.00,0.000,567.357,27.96,0.000,0.000,0.00,0.000,1203.527,20.74,0.000,0.000,0.00
88.4226,0.000,18090.710,9.99,42.65,1.45,0.000,1165.679,20.37,0.000,1443.220,24.26,0.000,0.000,0.00,0.000,1139.451,19.40,0.000,0.000,0.00,0.000,0.000,0.00,0.000,0.000,0.00,0.000,1201.365,27.17,0.000,0.000,0.00,0.000,1522.709,22.31,0.000,1136.034,19.40,0.000,0.000,0.00,0.000,1319.074,19.40,0.000,1180.621,20.37,0.000,1410.952,21.34,0.000,1212.612,18.43,0.000,0.000,0.00,0.000,0.000,0.00,0.000,0.000,0.00,0.000,0.000,0.00,0.000,0.040,0.00,0.000,776.510,11.64,0.000,1466.468,23.28,0.000,0.000,0.00,0.000,1234.429,21.34,0.000,0.000,0.00,0.000,833.536,12.61,0.000,33.063,0.97,0.000,0.000,0.00,0.000,1014.947,17.46
88.5245,0.000,3005.446,4.62,12.30,1.06,0.000,0.000,0.00,0.000,0.000,0.00,0.000,0.000,0.00,0.000,0.000,0.00,0.000,0.000,0.00,0.000,0.000,0.00,0.000,0.000,0.00,0.000,0.000,0.00,0.000,0.000,0.00,0.000,0.000,0.00,0.000,0.000,0.00,0.000,0.000,0.00,0.000,0.000,0.00,0.000,0.000,0.00,0.000,0.000,0.00,0.000,0.000,0.00,0.000,0.000,0.00,0.000,1283.940,36.34,0.000,0.000,0.00,0.000,0.000,0.00,0.000,0.000,0.00,0.000,0.000,0.00,0.000,0.000,0.00,0.000,0.000,0.00,0.000,0.000,0.00,0.000,0.000,0.00,0.000,0.000,0.00,0.000,1460.768,98.21,0.000,0.000,0.00,0.000,260.738,3.93
88.6266,10012.168,0.000,8.62,14.34,0.46,0.000,0.000,0.00,0.000,0.000,0.00,0.000,0.000,0.00,0.000,0.000,0.00,996.335,0.000,18.61,0.000,0.000,0.98,0.000,0.000,0.98,743.671,0.000,16.65,0.000,0.000,0.00,1086.386,0.000,17.63,0.000,0.000,0.00,679.934,0.000,15.67,673.997,0.000,23.50,723.174,0.000,23.50,744.474,0.000,23.50,547.284,0.000,13.71,302.924,0.000,9.79,510.462,0.000,23.50,870.505,0.000,20.57,915.149,0.000,19.59,886.830,0.000,19.59,0.000,0.000,0.00,0.000,0.000,0.00,0.000,0.000,0.00,0.000,0.000,0.00,0.000,0.000,0.00,0.000,0.000,0.00,0.000,0.000,0.00,331.042,0.000,10.77,0.000,0.000,0.00
88.7296,51212.432,0.000,50.54,19.74,0.15,1679.084,0.000,48.53,1902.214,0.000,63.09,1645.129,0.000,57.27,1669.343,0.000,55.33,1340.611,0.000,32.03,1526.924,0.000,52.42,1862.455,0.000,62.12,1281.250,0.000,28.15,1886.469,0.000,56.30,864.332,0.000,19.41,1613.043,0.000,43.68,1585.490,0.000,40.77,1482.473,0.000,57.27,1842.575,0.000,62.12,1728.783,0.000,62.12,1807.189,0.000,41.74,2082.722,0.000,38.83,2529.579,0.000,68.92,1714.152,0.000,56.30,1798.124,0.000,52.42,1513.088,0.000,43.68,2107.294,0.000,59.21,1399.535,0.000,44.65,2112.383,0.000,58.24,1948.136,0.000,60.18,1623.182,0.000,48.53,1577.617,0.000,46.59,1470.386,0.000,45.62,1772.558,0.000,52.42,1846.312,0.000,58.24
88.8330,49329.886,9.438,55.71,18.88,0.08,1660.433,0.000,48.33,1512.825,0.000,55.10,1830.887,0.000,62.83,1716.340,0.000,61.87,1509.340,0.000,40.60,1590.073,0.000,59.93,1704.620,0.000,58.00,1666.491,0.000,51.23,1817.623,0.000,61.87,1703.511,0.000,40.60,1675.003,0.000,51.23,1516.269,0.000,54.13,1951.214,0.000,68.63,1684.783,0.000,67.67,1935.060,0.000,71.53,1374.877,0.000,45.43,1460.758,0.000,46.40,1659.957,0.000,65.73,1671.281,0.000,65.73,1793.153,0.000,64.77,1437.714,0.000,58.00,1810.575,0.000,54.13,1706.600,0.000,58.00,1724.576,0.000,53.17,1586.629,0.000,52.20,1560.734,0.000,46.40,1500.154,0.000,48.33,1496.591,0.000,46.40,1352.705,4.628,51.23,1719.112,4.811,61.87
88.9372,45270.080,0.000,41.17,19.66,0.00,1289.074,0.000,34.58,1357.053,0.000,43.22,1379.437,0.000,40.34,1472.081,0.000,44.18,1538.526,0.000,35.54,1490.492,0.000,42.26,1377.195,0.000,40.34,2029.246,0.000,50.90,1745.176,0.000,45.14,1666.851,0.000,36.50,1386.990,0.000,40.34,1834.515,0.000,47.06,1780.738,0.000,51.86,1329.358,0.000,42.26,1430.145,0.000,43.22,1611.343,0.000,39.38,1723.224,0.000,41.30,1386.715,0.000,43.22,1447.179,0.000,48.02,1556.032,0.000,44.18,1611.343,0.000,50.90,1292.221,0.000,33.62,1573.105,0.000,41.30,1335.534,0.000,34.58,1537.935,0.000,35.54,1456.896,0.000,35.54,1481.798,0.000,37.46,1323.339,0.000,32.65,1409.768,0.000,41.30,1416.770,0.000,38.42
89.0407,52132.731,0.000,66.71,24.52,0.08,1835.284,0.000,75.34,1883.393,0.000,67.61,1873.740,0.000,61.82,2286.231,0.000,74.38,1620.532,0.000,42.50,1581.759,0.000,63.75,1540.573,0.000,64.72,1889.961,0.000,65.68,1975.023,0.000,67.61,1571.196,0.000,43.47,1680.115,0.000,69.55,1690.203,0.000,61.82,1971.502,0.000,75.34,1548.288,0.000,65.68,1565.261,0.000,69.55,1463.424,0.000,54.09,1757.304,0.000,57.95,1741.122,0.000,69.55,1689.016,0.000,69.55,1647.593,0.000,73.41,1611.946,0.000,71.48,1701.637,0.000,71.48,1721.182,0.000,70.51,1727.591,0.000,69.55,1895.579,0.000,74.38,1982.857,0.000,79.20,1971.146,0.000,77.27,1679.996,0.000,70.51,1498.992,0.000,56.99,1530.287,0.000,66.65
89.1445,52537.980,0.000,85.85,27.92,0.31,2044.914,0.000,96.30,1567.656,0.000,81.85,1777.452,0.000,85.70,2097.728,0.000,94.37,1544.305,0.000,45.26,1775.559,0.000,90.52,1839.693,0.000,86.67,1494.410,0.000,63.56,1731.462,0.000,85.70,1615.579,0.000,45.26,1803.839,0.000,91.48,1435.443,0.000,63.56,1915.896,0.000,100.00,1605.047,0.000,93.41,1545.370,0.000,89.56,1495.949,0.000,64.52,1607.217,0.000,62.59,1702.313,0.000,96.30,1747.831,0.000,100.00,1693.754,0.000,98.22,1683.815,0.000,98.22,1798.002,0.000,92.44,1695.727,0.000,100.00,1936.683,0.000,95.33,2060.494,0.000,97.26,2019.118,0.000,98.22,2143.561,0.000,99.18,1897.043,0.000,94.37,1603.627,0.000,80.89,1658.492,0.000,84.74
89.2484,43565.812,0.000,42.57,26.24,0.00,1399.140,0.000,38.49,1603.601,0.000,44.27,1170.555,0.000,35.61,1505.884,0.000,42.34,1329.488,0.000,34.64,1259.955,0.000,37.53,1135.197,0.000,31.76,1684.683,0.000,50.04,1192.945,0.000,38.49,1391.335,0.000,36.57,1137.641,0.000,33.68,1567.573,0.000,47.16,1725.008,0.000,54.85,1592.012,0.000,53.89,1413.251,0.000,51.00,1471.275,0.000,40.42,1261.374,0.000,35.61,1813.304,0.000,51.00,1536.984,0.000,56.78,1291.726,0.000,50.04,1468.239,0.000,54.85,1523.740,0.000,47.16,1627.173,0.000,43.31,1382.466,0.000,38.49,1644.832,0.000,41.38,1577.112,0.000,36.57,1786.461,0.000,45.23,1785.672,0.000,38.49,1351.286,0.000,38.49,935.900,0.000,28.87
89.3533,45566.641,6.282,72.07,30.88,0.75,1555.786,0.000,70.61,1453.156,6.282,71.56,1691.401,0.000,75.38,1675.143,0.000,77.29,1694.332,0.000,48.66,1486.180,0.000,73.47,1671.469,0.000,76.33,1529.913,0.000,69.65,1660.839,0.000,73.47,1630.198,0.000,45.80,1440.258,0.000,66.79,1595.180,0.000,70.61,1454.680,0.000,77.29,1198.339,0.000,72.52,1253.172,0.000,73.47,1596.236,0.000,67.75,1652.162,0.000,74.42,1172.819,0.000,72.52,1541.911,0.000,80.15,1318.166,0.000,74.42,1434.943,0.000,76.33,1590.686,0.000,72.52,1390.702,0.000,76.33,1402.114,0.000,69.65,1521.198,0.000,71.56,1574.662,0.000,77.29,1583.065,0.000,77.29,1514.515,0.000,73.47,1668.342,0.000,80.15,1615.073,0.000,75.38
89.4578,49581.435,0.010,92.39,32.76,2.48,1650.051,0.000,100.00,1650.796,0.010,100.00,1652.088,0.000,99.43,1646.018,0.000,99.43,1501.745,0.000,37.29,1674.606,0.000,99.43,1646.566,0.000,100.00,1821.424,0.000,70.75,1680.520,0.000,99.43,1493.913,0.000,38.24,1647.349,0.000,99.43,1887.647,0.000,77.44,1520.582,0.000,99.43,1528.884,0.000,99.43,1521.561,0.000,100.00,2273.275,0.000,87.01,1894.461,0.000,74.58,1505.896,0.000,99.43,1568.203,0.000,100.00,1473.744,0.000,93.70,1548.113,0.000,100.00,1655.182,0.000,99.43,1566.049,0.000,100.00,1653.067,0.000,99.43,1668.888,0.000,99.43,1654.046,0.000,100.00,1661.604,0.000,99.43,1641.553,0.000,100.00,1633.212,0.000,100.00,1660.390,0.000,99.43
89.5621,51456.678,0.000,88.23,29.71,2.66,1810.459,0.000,100.00,1756.589,0.000,100.00,1658.791,0.000,95.93,1747.356,0.000,100.00,1778.357,0.000,34.53,1727.945,0.000,100.00,1726.020,0.000,99.76,1675.137,0.000,42.21,1767.709,0.000,100.00,1757.768,0.000,36.45,1814.113,0.000,100.00,1952.342,0.000,49.88,1574.274,0.000,100.00,1591.798,0.000,100.00,1581.543,0.000,100.00,1602.918,0.000,49.88,1812.030,0.000,48.92,1611.366,0.000,100.00,1574.589,0.000,99.76,1534.589,0.000,98.81,1584.254,0.000,100.00,1768.573,0.000,100.00,1566.966,0.000,100.00,1780.518,0.000,100.00,1859.220,0.000,100.00,1790.970,0.000,96.89,1861.499,0.000,100.00,1737.650,0.000,94.01,1731.521,0.000,100.00,1719.812,0.000,100.00
89.6668,50977.030,0.000,88.39,35.48,1.85,1744.382,0.000,100.00,1721.271,0.000,100.00,1714.584,0.000,100.00,1728.936,0.000,100.00,1970.212,0.000,50.60,1809.452,0.000,100.00,1496.693,0.000,85.92,1731.868,0.000,44.87,1714.193,0.000,100.00,1675.245,0.000,42.01,1657.609,0.000,96.43,1797.369,0.000,44.87,1602.510,0.000,100.00,1581.785,0.000,100.00,1592.969,0.000,100.00,1794.280,0.000,52.51,1777.582,0.000,50.60,1568.098,0.000,100.00,1600.086,0.000,100.00,1612.365,0.000,100.00,1584.209,0.000,100.00,1740.432,0.000,98.33,1594.846,0.000,99.29,1758.460,0.000,99.29,1793.263,0.000,100.00,1659.290,0.000,93.56,1772.576,0.000,100.00,1592.343,0.000,93.56,1799.872,0.000,100.00,1790.252,0.000,100.00
89.7727,49855.320,0.000,88.32,35.01,2.05,1808.877,0.000,100.00,1720.417,0.000,97.31,1677.076,0.000,97.31,1765.924,0.000,100.00,1681.101,0.000,38.73,1777.533,0.000,100.00,1582.889,0.000,91.64,1486.263,0.000,51.96,1723.551,0.000,100.00,1590.241,0.000,36.85,1772.464,0.000,100.00,1624.642,0.000,55.74,1577.703,0.000,100.00,1595.426,0.000,100.00,1591.015,0.000,100.00,1597.322,0.000,53.85,1668.640,0.000,51.02,1586.758,0.000,100.00,1561.683,0.000,100.00,1577.316,0.000,100.00,1599.528,0.000,100.00,1491.255,0.000,89.75,1571.937,0.000,100.00,1774.824,0.000,100.00,1839.409,0.000,100.00,1747.117,0.000,98.25,1873.462,0.000,100.00,1434.061,0.000,87.86,1776.952,0.000,100.00,1779.932,0.000,99.20
89.8784,49753.684,7.640,86.35,30.57,2.46,1701.139,0.000,91.73,1585.400,0.000,95.51,1691.804,0.000,99.29,1661.204,0.000,99.29,1925.101,0.000,42.55,1832.836,0.000,100.00,1589.390,0.000,90.78,1703.502,6.246,46.34,1711.481,0.000,100.00,1734.179,0.000,42.55,1884.043,0.000,98.35,1755.754,0.000,51.07,1527.376,0.000,100.00,1542.754,0.000,100.00,1534.116,0.000,100.00,1535.162,0.000,48.23,1517.150,0.000,43.50,1529.390,0.000,99.29,1561.811,0.000,99.29,1540.972,0.000,99.29,1540.120,0.000,99.29,1506.731,0.000,84.16,1540.933,1.394,99.29,1933.623,0.000,100.00,1893.300,0.000,99.29,1657.175,0.000,92.68,1878.581,0.000,99.29,1491.741,0.000,86.06,1825.903,0.000,99.29,1421.011,0.000,84.16
89.9837,49827.880,0.010,84.61,33.77,2.56,1680.953,0.000,92.18,1401.209,0.000,73.17,1474.736,0.000,71.27,2338.566,0.000,99.78,1841.318,0.000,45.61,2021.067,0.000,98.83,1529.579,0.000,82.67,1768.258,0.010,57.97,1634.556,0.000,77.92,1972.957,0.000,47.51,1751.249,0.000,92.18,1553.245,0.000,56.07,1582.165,0.000,98.83,1568.697,0.000,98.83,1569.398,0.000,98.83,1327.877,0.000,52.27,1599.291,0.000,57.02,1584.928,0.000,99.78,1584.734,0.000,98.83,1575.937,0.000,98.83,1577.922,0.000,99.78,1400.392,0.000,78.87,1594.231,0.000,100.00,1946.606,0.000,99.78,1710.807,0.000,99.78,1662.776,0.000,97.88,1727.311,0.000,99.78,1626.927,0.000,95.98,1644.131,0.000,82.67,1576.054,0.000,85.53
90.0880,48981.528,0.000,82.74,31.53,2.82,1845.913,0.000,93.92,1573.872,0.000,75.71,1612.303,0.000,67.09,1560.565,0.000,71.88,1387.958,0.000,35.46,1953.002,0.000,100.00,1463.996,0.000,83.38,1665.809,0.000,55.59,1567.709,0.000,75.71,1470.983,0.000,36.42,1652.462,0.000,82.42,1662.276,0.000,56.54,1547.610,0.000,100.00,1555.226,0.000,99.67,1563.666,0.000,99.67,1526.216,0.000,52.71,1931.686,0.000,62.30,1540.073,0.000,99.67,1546.825,0.000,100.00,1554.284,0.000,100.00,1568.259,0.000,99.67,1565.511,0.000,82.42,1539.249,0.000,99.67,1788.325,0.000,87.21,1825.697,0.000,100.00,1781.809,0.000,97.76,1837.473,0.000,100.00,1521.976,0.000,86.25,1541.565,0.000,84.34,1829.230,0.000,96.80
90.1926,49604.464,0.000,81.12,32.93,2.50,1658.068,0.000,82.21,1450.751,0.000,77.43,1727.213,0.000,74.56,1621.264,0.000,80.30,1916.677,0.000,47.79,2056.298,0.000,89.85,1437.165,0.000,71.69,1953.598,0.000,82.21,1540.295,0.000,76.47,1899.958,0.000,48.75,1781.558,0.000,77.43,1804.463,0.000,77.43,1618.758,0.000,100.00,1613.159,0.000,100.00,1598.320,0.000,100.00,1332.351,0.000,62.13,1572.048,0.000,69.78,1603.371,0.000,100.00,1607.717,0.000,100.00,1589.589,0.000,100.00,1574.632,0.000,100.00,1462.575,0.000,75.52,1600.983,0.000,100.00,1475.222,0.000,71.69,1923.646,0.000,83.16,1498.479,0.000,72.65,1863.898,0.000,86.99,1465.825,0.000,70.74,1523.028,0.000,67.87,1833.554,0.000,86.99
90.2986,49845.955,0.000,85.45,30.48,3.01,1882.132,0.000,94.35,1707.484,0.000,93.41,1783.194,0.000,93.41,1510.845,0.000,83.98,1771.368,0.000,42.46,1736.199,0.000,95.30,1622.846,0.000,90.58,1886.074,0.000,57.56,1665.938,0.000,92.47,1566.691,0.000,38.69,1946.518,0.000,94.35,1682.092,0.000,59.44,1536.005,0.000,100.00,1562.633,0.000,99.07,1552.546,0.000,99.07,1607.735,0.000,56.61,1918.422,0.000,58.50,1544.778,0.000,100.00,1575.541,0.000,99.07,1482.324,0.000,92.47,1620.797,0.000,98.13,1659.290,0.000,87.75,1596.256,0.000,100.00,1384.004,0.000,79.26,1744.392,0.000,93.41,1563.831,0.000,90.58,1610.169,0.000,90.58,1566.730,0.000,89.64,1758.421,0.000,96.24,1800.701,0.000,97.18
90.4030,48876.957,0.000,83.73,37.23,2.31,1829.514,0.000,89.12,1630.238,0.000,82.41,1900.754,0.000,87.20,1753.250,0.000,87.20,1519.983,0.000,43.12,1681.931,0.000,93.91,1382.998,0.000,82.41,1586.866,0.000,57.50,1462.363,0.000,74.74,1693.824,0.000,46.00,1774.131,0.000,81.45,1421.581,0.000,56.54,1567.084,0.000,99.66,1573.050,0.000,100.00,1584.393,0.000,99.66,1562.295,0.000,58.45,1582.156,0.000,58.45,1568.693,0.000,99.66,1644.486,0.000,100.00,1411.769,0.000,91.04,1599.936,0.000,100.00,1480.026,0.000,77.62,1633.849,0.000,99.66,1441.795,0.000,74.74,1931.369,0.000,100.00,1647.665,0.000,91.04,1791.362,0.000,97.74,1649.157,0.000,92.95,1776.015,0.000,94.87,1794.424,0.000,94.87
90.5076,49757.000,0.000,86.92,31.33,2.70,1562.630,0.000,72.60,1645.270,0.000,88.84,1828.077,0.000,92.66,1567.678,0.000,88.84,2091.450,0.000,50.63,1589.472,0.000,92.66,1610.211,0.000,93.62,2013.194,0.000,78.33,1512.624,0.000,83.11,1597.650,0.000,39.17,1560.361,0.000,64.96,1831.912,0.000,79.29,1548.505,0.000,99.35,1560.596,0.000,99.35,1547.605,0.000,100.00,1895.848,0.000,80.24,2113.558,0.000,85.02,1524.089,0.000,100.00,1525.302,0.000,99.35,1540.406,0.000,99.35,1567.365,0.000,99.35,1505.033,0.000,72.60,1554.413,0.000,100.00,1449.941,0.000,65.91,1710.379,0.000,99.35,1724.974,0.000,100.00,1652.274,0.000,96.48,1582.586,0.000,94.57,1764.181,0.000,99.35,1579.417,0.000,92.66
90.6118,49143.093,0.000,77.06,36.71,2.55,1745.570,0.000,76.82,1581.015,0.000,73.94,1552.855,0.000,72.98,1789.895,0.000,79.70,1607.562,0.000,37.45,1481.550,0.000,72.01,1653.735,0.000,76.82,1490.124,0.000,54.73,1540.426,0.000,73.94,1613.462,0.000,37.45,1790.957,0.000,73.94,1559.659,0.000,57.61,1581.093,0.000,100.00,1573.975,0.000,99.86,1583.335,0.000,100.00,1568.154,0.000,56.65,1712.337,0.000,57.61,1589.471,0.000,99.86,1623.333,0.000,100.00,1539.483,0.000,98.90,1596.353,0.000,100.00,1530.397,0.000,70.09,1591.594,0.000,99.86,1723.624,0.000,74.90,2047.937,0.000,79.70,1761.459,0.000,79.70,1498.658,0.000,72.01,1879.016,0.000,81.62,1743.879,0.000,78.74,1592.184,0.000,74.90
90.7170,46913.104,0.000,77.31,39.75,2.57,1554.853,0.000,67.46,1295.445,0.000,71.26,1665.256,0.000,83.61,1701.719,0.000,87.41,1611.397,0.000,47.50,1422.114,0.000,78.86,1519.752,0.000,81.71,1609.724,0.000,59.85,1522.126,0.000,80.76,1717.596,0.000,48.45,1359.850,0.000,56.05,1673.661,0.000,65.56,1605.015,0.000,99.76,1619.530,0.000,100.00,1596.570,0.000,98.81,1637.937,0.000,66.51,1840.062,0.000,63.66,1611.319,0.000,99.76,1614.938,0.000,98.81,1544.268,0.000,95.01,1639.727,0.000,99.76,1428.224,0.000,62.71,1616.261,0.000,99.76,1416.977,0.000,63.66,1520.258,0.000,69.36,1561.586,0.000,71.26,1252.755,0.000,62.71,1571.704,0.000,70.31,1640.856,0.000,85.51,1541.622,0.000,83.61
90.8207,47828.762,0.000,72.85,37.26,2.19,1456.402,0.000,53.05,1475.840,0.000,75.23,1803.870,0.000,78.13,1767.839,0.000,83.91,1583.853,0.000,41.48,1885.611,0.000,87.77,1650.344,0.000,82.95,1789.963,0.000,59.80,1460.985,0.000,74.27,1678.394,0.000,40.51,1616.447,0.000,51.12,1294.579,0.000,46.30,1577.334,0.000,100.00,1567.694,0.000,99.35,1571.250,0.000,100.00,1365.061,0.000,51.12,1549.718,0.000,52.08,1560.346,0.000,100.00,1602.066,0.000,100.00,1564.178,0.000,100.00,1563.902,0.000,100.00,1548.968,0.000,58.84,1577.492,0.000,100.00,1705.970,0.000,58.84,1532.296,0.000,53.05,1618.777,0.000,61.73,1471.415,0.000,57.87,1723.749,0.000,58.84,1595.073,0.000,77.16,1669.347,0.000,81.99
90.9258,47775.666,0.000,68.10,34.01,1.53,1496.856,0.000,58.97,1455.598,0.000,61.83,1485.052,0.000,62.78,1695.159,0.000,69.43,1476.091,0.000,37.10,1497.830,0.000,62.78,1448.274,0.000,58.97,1641.123,0.000,57.07,1399.536,0.000,57.07,1440.054,0.000,34.24,1532.426,0.000,54.22,1479.753,0.000,53.26,1458.715,0.000,79.90,1926.032,0.000,100.00,1954.589,0.000,100.00,1615.916,0.000,55.17,1595.774,0.000,58.02,1925.019,0.000,100.00,1942.006,0.000,100.00,1452.092,0.000,80.85,1934.915,0.000,100.00,1532.543,0.000,58.02,1920.227,0.000,100.00,1599.709,0.000,57.07,1230.569,0.000,55.17,1623.201,0.000,73.24,1413.522,0.000,63.73,1855.594,0.000,74.19,1503.830,0.000,62.78,1243.660,0.000,57.07
91.0330,44556.215,0.000,88.31,47.72,1.64,1498.019,0.000,98.89,1517.851,0.000,97.02,1580.669,0.000,99.82,1550.941,0.000,97.95,1198.637,0.000,34.52,1477.118,0.000,87.69,1440.397,0.000,88.62,1718.687,0.000,66.23,1521.099,0.000,95.15,1692.283,0.000,45.71,1441.658,0.000,97.02,1476.201,0.000,60.64,1407.039,0.000,97.95,1431.150,0.000,98.89,1427.482,0.000,98.89,1634.317,0.000,65.30,1585.140,0.000,60.64,1453.007,0.000,98.89,1420.833,0.000,98.89,1407.154,0.000,97.95,1438.449,0.000,98.89,1472.647,0.000,96.09,1439.939,0.000,98.89,1513.762,0.000,99.82,1505.547,0.000,98.89,1479.296,0.000,98.89,1444.066,0.000,97.02,1479.525,0.000,98.89,1489.231,0.000,86.76,1414.070,0.000,88.62
91.1390,47294.103,0.000,86.93,36.88,2.66,1667.631,0.000,99.07,1470.685,0.000,80.20,1676.984,0.000,82.09,1656.501,0.000,85.86,1569.351,0.000,44.35,1634.008,0.000,97.18,1542.491,0.000,92.47,1617.467,0.000,62.27,1540.945,0.000,82.09,1662.143,0.000,44.35,1635.090,0.000,99.07,1546.781,0.000,58.50,1467.709,0.000,100.00,1493.718,0.000,100.00,1478.337,0.000,100.00,1563.438,0.000,59.44,1390.723,0.000,51.89,1496.694,0.000,100.00,1503.844,0.000,99.07,1493.834,0.000,99.07,1469.409,0.000,98.13,1656.965,0.000,100.00,1531.516,0.000,100.00,1663.535,0.000,100.00,1424.463,0.000,85.86,1738.472,0.000,98.13,1747.477,0.000,100.00,1741.061,0.000,99.07,1640.656,0.000,94.35,1572.173,0.000,95.30
91.2434,49223.934,0.000,81.17,37.87,2.70,1680.026,0.000,93.88,1581.224,0.000,72.81,1604.806,0.000,63.23,1630.742,0.000,73.76,1461.861,0.000,36.40,1610.927,0.000,77.60,1614.027,0.000,75.68,1741.316,0.000,51.73,1539.396,0.000,69.93,1595.820,0.000,37.36,1842.864,0.000,99.63,1687.559,0.000,51.73,1582.087,0.000,100.00,1587.384,0.000,100.00,1592.760,0.000,100.00,1716.125,0.000,53.65,1414.422,0.000,45.02,1563.763,0.000,100.00,1575.613,0.000,100.00,1588.130,0.000,100.00,1578.555,0.000,100.00,1706.825,0.000,94.84,1578.791,0.000,100.00,1848.358,0.000,99.63,1628.506,0.000,90.05,1731.859,0.000,96.75,1694.465,0.000,93.88,1936.919,0.000,98.67,1631.292,0.000,77.60,1677.514,0.000,81.43
91.3493,49514.654,0.000,69.52,37.50,2.41,1703.452,0.000,64.23,1573.735,0.000,59.50,1784.462,0.000,64.23,1626.504,0.000,62.34,1673.392,0.000,42.50,1756.336,0.000,64.23,1639.155,0.000,61.39,1625.846,0.000,53.84,1376.085,0.000,56.67,1811.658,0.000,45.34,1605.304,0.000,58.56,1580.041,0.000,49.11,1706.818,0.000,100.00,1704.574,0.000,100.00,1691.807,0.000,100.00,1547.428,0.000,51.95,1233.757,0.000,38.72,1712.079,0.000,100.00,1710.454,0.000,100.00,1707.862,0.000,100.00,1710.454,0.000,100.00,1681.168,0.000,64.23,1696.179,0.000,100.00,1921.490,0.000,71.78,1669.137,0.000,60.45,1720.126,0.000,66.11,1605.652,0.000,68.00,1584.606,0.000,66.11,1541.741,0.000,51.00,1613.351,0.000,65.17
91.4560,45668.423,39.820,69.29,39.72,2.49,1720.558,0.000,58.10,1517.882,0.000,66.54,1643.518,6.108,67.47,1523.141,6.113,67.47,1336.433,0.000,30.93,1706.777,0.000,80.59,1505.944,2.797,78.72,1424.643,0.000,45.92,1437.349,6.146,58.10,1430.977,0.000,32.80,1434.700,0.000,42.17,1561.181,0.000,53.42,1547.707,0.000,99.34,1538.610,0.000,98.40,1522.795,6.209,98.40,1492.893,0.000,54.35,1415.047,0.000,47.79,1545.635,6.257,99.34,1496.040,6.190,99.34,1515.771,0.000,99.34,1508.401,0.000,98.40,1555.576,0.000,57.17,1552.851,0.000,99.34,1528.054,0.000,56.23,1683.132,0.000,63.73,1472.126,0.000,59.98,1548.782,0.000,64.66,1396.468,0.000,50.61,1515.387,0.000,72.16,1590.047,0.000,77.78
91.5600,46885.630,0.020,70.83,39.89,2.93,1579.048,0.000,65.38,1494.614,0.000,62.50,1497.213,0.000,58.65,1731.140,0.000,71.15,1772.885,0.000,48.07,1756.817,0.000,77.88,1546.716,0.010,71.15,1737.166,0.000,55.77,1481.421,0.000,60.57,1614.610,0.000,40.38,1681.992,0.000,63.46,1839.715,0.000,58.65,1604.567,0.000,99.99,1597.912,0.000,100.00,1588.578,0.000,99.99,1656.079,0.000,52.88,1468.149,0.000,47.11,1570.187,0.010,99.99,1599.251,0.000,99.99,1580.466,0.000,99.99,1621.187,0.000,99.99,1305.582,0.000,57.69,1593.934,0.000,99.99,1557.349,0.000,62.50,1506.861,0.000,59.61,1426.562,0.000,59.61,1401.358,0.000,62.50,1306.409,0.000,58.65,1367.411,0.000,62.50,1400.452,0.000,68.26
91.6641,45896.445,0.000,70.80,35.81,3.48,1531.724,0.000,62.44,1367.767,0.000,57.64,1611.913,0.000,61.48,1354.114,0.000,54.75,1334.204,0.000,34.58,1526.452,0.000,73.01,1631.783,0.000,75.89,1794.481,0.000,61.48,1316.341,0.000,50.91,1541.167,0.000,41.31,1513.231,0.000,60.52,1631.232,0.000,60.52,1372.410,0.000,85.49,1669.437,0.000,99.90,1713.663,0.000,99.90,1641.855,0.000,58.60,1565.326,0.000,58.60,1685.688,0.000,99.90,1607.191,0.000,99.90,1593.380,0.000,99.90,1614.982,0.000,99.90,1456.730,0.000,65.32,1606.680,0.000,99.90,1506.424,0.000,64.36,1552.421,0.000,64.36,1204.085,0.000,57.64,1581.419,0.000,71.09,1459.287,0.000,63.40,1420.688,0.000,69.16,1490.371,0.000,72.05
91.7687,46681.268,0.000,79.52,47.02,2.49,1724.579,0.000,76.51,1550.378,0.000,87.99,1673.889,0.000,88.94,1695.513,0.000,90.85,1382.993,0.000,36.34,1734.999,0.000,99.46,1730.063,0.000,100.00,1233.392,0.000,49.73,1697.276,0.000,91.81,1209.458,0.000,34.43,1720.740,0.000,73.64,1706.677,0.000,59.29,1494.478,0.000,95.64,1604.123,0.000,99.46,1156.927,0.000,81.29,1619.596,0.000,57.38,1912.216,0.000,61.21,1609.019,0.000,100.00,1476.655,0.000,100.00,1491.384,0.000,100.00,1462.474,0.000,100.00,1466.509,0.000,66.95,1464.785,0.000,100.00,1583.126,0.000,69.81,1769.079,0.000,73.64,1417.465,0.000,70.77,1350.754,0.000,64.08,1431.410,0.000,65.99,1569.416,0.000,90.85,1741.893,0.000,99.46
91.8740,49266.906,0.000,73.78,39.74,2.58,1797.077,0.000,70.23,1674.704,0.000,75.92,1603.410,0.000,74.98,1432.561,0.000,71.18,2095.819,0.000,58.84,1538.219,0.000,63.59,1762.130,0.000,69.28,1642.594,0.000,68.33,1470.774,0.000,68.33,1950.549,0.000,54.10,1752.023,0.000,59.79,1845.824,0.000,72.13,1529.706,0.000,91.11,1837.428,0.000,100.00,1574.022,0.000,89.21,1701.682,0.000,67.38,1532.816,0.000,64.54,1814.298,0.000,100.00,1680.146,0.000,100.00,1678.474,0.000,100.00,1684.461,0.000,100.00,1585.528,0.000,64.54,1686.521,0.000,100.00,1542.534,0.000,64.54,1622.536,0.000,62.64,1432.173,0.000,61.69,1557.423,0.000,64.54,1327.642,0.000,54.10,1345.135,0.000,55.05,1568.696,0.000,67.38
91.9801,43395.483,6.097,81.43,45.90,2.35,1474.482,0.000,83.91,1386.510,0.000,81.08,1551.178,0.000,78.25,1277.954,0.000,71.65,1344.532,0.000,40.54,1447.218,0.000,88.63,1497.653,0.000,90.51,1303.172,0.000,49.97,1673.907,0.000,82.97,1186.352,0.000,36.77,1474.366,0.000,85.80,1421.150,0.000,57.51,1269.960,6.097,91.45,1536.966,0.000,99.94,1212.535,0.000,87.68,1278.417,0.000,49.03,1667.844,0.000,57.51,1558.515,0.000,99.00,1357.276,0.000,99.00,1409.526,0.000,99.00,1386.355,0.000,99.00,1473.208,0.000,85.80,1382.918,0.000,99.00,1620.884,0.000,92.40,1713.336,0.000,94.28,1327.115,0.000,82.03,1620.343,0.000,92.40,1563.536,0.000,90.51,1494.525,0.000,86.74,1483.750,0.000,90.51
92.0847,43655.282,0.000,76.76,50.19,2.23,1496.740,0.000,75.51,1383.052,0.000,79.33,1378.041,0.000,81.24,1370.642,0.000,81.24,1416.015,0.000,42.05,1753.009,0.000,88.89,1344.764,0.000,77.42,1398.359,0.000,55.44,1844.657,0.000,90.80,1325.660,0.000,40.14,1383.874,0.000,63.08,1447.100,0.000,58.30,1530.604,0.000,100.00,1539.687,0.000,100.00,1165.110,0.000,81.24,1243.330,0.000,49.70,1643.627,0.000,53.52,1539.843,0.000,100.00,1464.795,0.000,100.00,1416.133,0.000,100.00,1429.835,0.000,100.00,1369.154,0.000,65.95,1456.300,0.000,100.00,1673.459,0.000,73.60,1621.077,0.000,76.46,1250.846,0.000,67.86,1476.266,0.000,76.46,1450.701,0.000,70.73,1327.930,0.000,71.68,1514.671,0.000,82.20
92.1895,48357.535,0.000,71.55,35.20,2.57,1719.587,0.000,63.97,1585.651,0.000,64.92,1504.468,0.000,63.01,1739.765,0.000,69.69,1689.358,0.000,42.96,1629.918,0.000,69.69,1527.149,0.000,69.69,1586.667,0.000,53.46,1863.847,0.000,73.51,1510.959,0.000,42.96,1637.074,0.000,59.19,1693.191,0.000,60.15,1658.543,0.000,100.00,1659.052,0.000,100.00,1636.371,0.000,100.00,1406.547,0.000,55.37,1637.661,0.000,52.51,1613.181,0.000,100.00,1659.130,0.000,100.00,1692.800,0.000,99.29,1676.767,0.000,100.00,1673.716,0.000,67.79,1661.359,0.000,100.00,1614.276,0.000,64.92,1474.669,0.000,56.33,1305.225,0.000,59.19,1628.197,0.000,64.92,1406.547,0.000,52.51,1584.517,0.000,63.97,1681.342,0.000,76.38
92.2956,41598.979,0.000,80.56,44.17,2.20,1429.427,0.000,95.13,1493.815,0.000,89.48,1424.643,0.000,83.83,1283.058,0.000,81.94,1399.914,0.000,37.67,1496.246,0.000,89.48,1274.803,0.000,77.23,1311.260,0.000,50.86,1543.158,0.000,89.48,1286.569,0.000,38.62,1485.907,0.000,97.95,1515.381,0.000,61.22,1326.267,0.000,97.95,1351.922,0.000,98.90,1342.817,0.000,98.90,1213.771,0.000,53.69,1484.248,0.000,57.45,1359.329,0.000,99.84,1431.780,0.000,99.84,1202.506,0.000,83.83,1364.460,0.000,92.30,1316.584,0.000,90.42,1448.292,0.000,99.84,1395.015,0.000,92.30,1404.235,0.000,72.52,1311.144,0.000,65.93,1304.663,0.000,72.52,1525.913,0.000,77.23,1238.345,0.000,76.29,1633.510,0.000,94.19
92.4006,49392.022,0.000,72.18,28.91,3.05,1737.515,0.000,72.41,1455.766,0.000,67.64,1325.897,0.000,63.83,1825.669,0.000,77.17,1704.111,0.000,39.06,1356.140,0.000,62.88,1349.701,0.000,61.93,1542.906,0.000,45.73,1758.236,0.000,73.36,1572.485,0.000,38.11,1815.835,0.000,76.22,1807.328,0.000,51.45,1688.697,0.000,100.00,1701.692,0.000,100.00,1690.804,0.000,100.00,1296.200,0.000,40.01,1683.507,0.000,43.83,1678.668,0.000,100.00,1879.443,0.000,100.00,1463.181,0.000,83.84,1513.131,0.000,86.70,1730.764,0.000,77.17,1883.931,0.000,100.00,1855.288,0.000,77.17,1833.161,0.000,73.36,1810.684,0.000,79.08,1542.437,0.000,68.60,1822.040,0.000,70.50,1401.095,0.000,60.97,1665.712,0.000,74.31
92.5057,46969.497,0.000,65.64,38.78,2.43,1543.663,0.000,45.66,1451.158,0.000,69.45,1537.818,0.000,66.59,1489.657,0.000,69.45,1579.667,0.000,38.05,1571.290,0.000,69.45,1458.874,0.000,65.64,1856.128,0.000,49.47,1289.451,0.000,62.79,1516.231,0.000,34.25,1513.971,0.000,39.00,2014.991,0.000,58.98,1672.795,0.000,99.89,1649.260,0.000,99.89,1679.926,0.000,98.94,1642.129,0.000,48.52,1721.268,0.000,49.47,1690.524,0.000,99.89,1734.166,0.000,99.89,1585.941,0.000,94.18,1655.377,0.000,96.08,1415.466,0.000,43.76,1720.411,0.000,99.89,1371.591,0.000,39.96,1428.948,0.000,48.52,1314.194,0.000,49.47,1528.778,0.000,57.08,1436.429,0.000,48.52,1383.163,0.000,58.98,1516.231,0.000,67.54
92.6100,51539.463,0.000,66.91,26.61,2.50,1785.182,0.000,51.78,1845.585,0.000,85.34,1756.512,0.000,85.34,1636.688,0.000,83.42,1805.447,0.000,37.39,1809.924,0.000,77.67,1383.923,0.000,63.28,1759.536,0.000,46.98,1650.159,0.000,80.54,1707.184,0.000,36.44,1535.402,0.000,44.11,1768.923,0.000,44.11,1880.931,0.000,100.00,1847.116,0.000,99.72,1878.496,0.000,100.00,1679.614,0.000,41.23,1744.455,0.000,41.23,1865.025,0.000,99.72,2141.551,0.000,99.72,1733.891,0.000,86.29,1636.296,0.000,83.42,1433.015,0.000,44.11,2062.375,0.000,99.72,1649.727,0.000,45.06,1518.828,0.000,45.06,1526.133,0.000,48.90,1568.706,0.000,50.82,1497.542,0.000,44.11,1639.163,0.000,65.20,1792.133,0.000,76.71
92.7159,47093.600,0.000,80.99,38.78,1.89,1794.965,0.000,89.73,1644.888,0.000,84.07,1441.110,0.000,74.62,1664.388,0.000,84.07,1584.726,0.000,48.17,1303.956,0.000,69.90,1489.434,0.000,76.51,1693.057,0.000,71.79,1838.607,0.000,85.01,1668.218,0.000,46.28,1487.886,0.000,75.57,1545.108,0.000,69.90,1431.051,0.000,88.79,1636.338,0.000,100.00,1599.931,0.000,100.00,1602.562,0.000,72.73,1597.610,0.000,68.95,1622.526,0.000,100.00,1726.020,0.000,100.00,1292.542,0.000,84.07,1303.298,0.000,82.18,1406.057,0.000,72.73,1798.679,0.000,100.00,1553.001,0.000,82.18,1683.617,0.000,88.79,1512.260,0.000,86.90,1674.292,0.000,90.68,1712.943,0.000,91.62,1426.679,0.000,70.84,1357.850,0.000,73.68
92.8221,47711.515,0.000,80.85,41.64,2.61,1610.436,0.000,68.70,1544.328,0.000,93.17,1550.766,0.000,92.23,1590.893,0.000,95.05,1736.753,0.000,43.29,1591.317,0.000,91.28,1543.789,0.000,91.28,1546.988,0.000,53.64,1592.357,0.000,95.05,1703.641,0.000,43.29,1590.661,0.000,60.23,1574.703,0.000,56.46,1581.217,0.000,100.00,1585.265,0.000,99.75,1566.917,0.000,99.75,1475.638,0.000,49.88,1363.352,0.000,46.11,1576.399,0.000,99.75,1568.574,0.000,99.75,1589.736,0.000,99.75,1563.023,0.000,99.75,1343.732,0.000,61.17,1591.317,0.000,99.75,1685.640,0.000,71.52,1728.388,0.000,79.99,1650.408,0.000,79.99,1724.264,0.000,82.81,1591.856,0.000,79.05,1725.266,0.000,98.81,1623.888,0.000,94.11
92.9270,49291.800,2.992,78.10,31.76,2.97,1569.429,2.992,63.87,1618.044,0.000,89.61,1725.974,0.000,90.57,1607.853,0.000,89.61,1461.617,0.000,34.32,1710.511,0.000,91.52,1631.907,0.000,88.66,1831.053,0.000,58.15,1835.426,0.000,94.38,1689.347,0.000,40.04,1481.414,0.000,52.43,1614.413,0.000,55.29,1679.194,0.000,99.15,1668.534,0.000,99.15,1699.382,0.000,99.15,1620.622,0.000,55.29,1672.048,0.000,52.43,1683.021,0.000,100.00,1644.480,0.000,98.19,1656.897,0.000,99.15,1661.974,0.000,99.15,1462.046,0.000,60.06,1675.328,0.000,100.00,1589.422,0.000,60.06,1702.896,0.000,71.50,1694.852,0.000,79.13,1559.433,0.000,75.31,1579.816,0.000,71.50,1594.459,0.000,83.89,1670.408,0.000,91.52
93.0318,47796.892,0.020,73.67,36.75,2.54,1553.541,0.020,58.20,1628.537,0.000,83.01,1628.185,0.000,81.10,1737.103,0.000,83.96,1675.903,0.000,41.98,1520.713,0.000,76.33,1606.690,0.000,79.19,1168.047,0.000,41.03,1706.386,0.000,81.10,1406.089,0.000,38.16,1658.277,0.000,61.06,1385.649,0.000,46.75,1630.764,0.000,100.00,1649.015,0.000,100.00,1654.916,0.000,100.00,1425.668,0.000,43.89,1502.579,0.000,44.84,1660.935,0.000,100.00,1662.537,0.000,100.00,1670.158,0.000,100.00,1649.914,0.000,100.00,1621.229,0.000,61.06,1639.479,0.000,100.00,1586.408,0.000,61.06,1631.311,0.000,62.97,1720.806,0.000,69.65,1675.863,0.000,71.56,1565.734,0.000,66.79,1471.197,0.000,72.51,1703.259,0.000,83.96
93.1382,45150.685,0.000,79.58,42.19,2.79,1186.426,0.000,51.71,1397.508,0.000,87.44,1438.561,0.000,86.50,1392.578,0.000,87.44,1731.403,0.000,48.89,1522.978,0.000,92.14,1473.914,0.000,92.14,1737.565,0.000,75.22,1336.313,0.000,86.50,1925.116,0.000,51.71,1355.684,0.000,49.83,1742.571,0.000,78.98,1472.027,0.000,95.90,1570.347,0.000,100.00,1545.392,0.000,99.66,1841.392,0.000,81.80,1631.735,0.000,72.40,1546.547,0.000,100.00,1523.980,0.000,99.66,1508.921,0.000,99.66,1542.619,0.000,99.66,1219.777,0.000,50.77,1554.481,0.000,100.00,1588.525,0.000,62.99,1158.274,0.000,53.59,1326.069,0.000,63.94,1526.406,0.000,72.40,1262.255,0.000,61.11,1635.432,0.000,95.90,1455.891,0.000,89.32
93.2442,46289.307,0.000,79.19,39.70,2.18,1382.660,0.000,56.61,1560.826,0.000,97.19,1541.347,0.000,90.58,1702.585,0.000,99.07,1447.511,0.000,38.69,1599.821,0.000,100.00,1584.517,0.000,100.00,1498.912,0.000,46.23,1530.603,0.000,93.41,1386.718,0.000,37.74,1459.453,0.000,56.61,1339.104,0.000,46.23,1334.273,0.000,85.86,1613.928,0.000,100.00,1674.875,0.000,99.07,1642.991,0.000,52.84,1665.831,0.000,53.78,1657.213,0.000,100.00,1536.632,0.000,100.00,1552.246,0.000,100.00,1595.454,0.000,100.00,1612.730,0.000,67.94,1560.323,0.000,100.00,1695.667,0.000,65.10,1432.129,0.000,68.88,1556.072,0.000,75.48,1538.487,0.000,75.48,1398.583,0.000,68.88,1598.159,0.000,100.00,1589.657,0.000,100.00
93.3493,43721.782,0.000,68.38,40.11,0.84,1253.768,0.000,52.33,1278.478,0.000,71.36,1278.088,0.000,68.51,1369.600,0.000,70.41,1615.256,0.000,40.92,1514.975,0.000,82.78,1513.494,0.000,84.69,1429.621,0.000,52.33,1274.620,0.000,69.46,1407.522,0.000,37.11,1566.655,0.000,56.14,1382.462,0.000,53.29,1243.440,0.000,76.12,2065.878,0.000,98.96,1265.383,0.000,76.12,1396.843,0.000,55.19,1346.839,0.000,47.58,1815.156,0.000,91.35,1727.269,0.000,98.96,1698.466,0.000,98.96,1251.391,0.000,78.98,1396.843,0.000,50.43,1711.289,0.000,98.96,1420.774,0.000,50.43,1272.710,0.000,51.38,1390.491,0.000,58.99,1469.180,0.000,58.04,1277.893,0.000,53.29,1618.842,0.000,85.64,1468.556,0.000,82.78
93.4543,42822.089,0.000,91.35,52.24,1.98,1433.383,0.000,100.00,1475.892,0.000,100.00,1457.835,0.000,99.97,1437.127,0.000,100.00,1678.377,0.000,56.18,1450.192,0.000,96.17,1578.851,0.000,100.00,1333.310,0.000,74.27,1450.621,0.000,99.97,1527.527,0.000,52.37,1419.577,0.000,99.02,1301.331,0.000,69.51,1400.623,0.000,100.00,1428.391,0.000,99.97,1413.727,0.000,99.97,1309.131,0.000,70.46,1384.829,0.000,71.41,1407.955,0.000,100.00,1477.608,0.000,100.00,1485.876,0.000,100.00,1223.020,0.000,88.55,1482.600,0.000,99.97,1479.792,0.000,99.97,1434.709,0.000,98.07,1343.255,0.000,90.45,1415.482,0.000,96.17,1418.134,0.000,96.17,1386.701,0.000,96.17,1302.891,0.000,88.55,1483.341,0.000,97.12
93.5606,43861.190,0.000,88.22,46.68,2.34,1293.274,0.000,93.12,1499.251,0.000,99.71,1473.244,0.000,99.71,1496.169,0.000,99.71,1375.958,0.000,40.45,1590.412,0.000,100.00,1579.238,0.000,99.71,1624.548,0.000,64.91,1468.736,0.000,100.00,1411.982,0.000,37.63,1495.629,0.000,99.71,1379.233,0.000,61.14,1453.170,0.000,99.71,1424.774,0.000,100.00,1454.750,0.000,100.00,1663.579,0.000,69.61,1571.301,0.000,61.14,1452.014,0.000,99.71,1534.891,0.000,98.77,1530.537,0.000,99.71,1273.316,0.000,86.54,1359.120,0.000,95.01,1536.201,0.000,100.00,1452.400,0.000,99.71,1323.327,0.000,82.78,1441.843,0.000,91.24,1596.653,0.000,98.77,1331.225,0.000,83.72,1411.096,0.000,93.12,1363.320,0.000,91.24
93.6659,44662.139,0.000,86.01,45.07,2.45,1491.115,0.000,94.02,1527.875,0.000,99.72,1542.502,0.000,99.72,1509.398,0.000,99.72,1460.734,0.000,41.79,1569.537,0.000,89.27,1692.928,0.000,91.17,1443.968,0.000,57.93,1558.412,0.000,99.72,1394.176,0.000,42.74,1595.367,0.000,99.72,1556.389,0.000,64.58,1413.665,0.000,99.72,1406.429,0.000,99.72,1384.334,0.000,98.77,1695.418,0.000,66.48,1420.589,0.000,57.93,1424.596,0.000,99.72,1399.077,0.000,98.77,1416.582,0.000,97.82,1423.273,0.000,98.77,1607.037,0.000,99.72,1402.656,0.000,99.72,1607.620,0.000,99.72,1478.783,0.000,78.83,1471.354,0.000,80.73,1573.816,0.000,84.52,1443.540,0.000,76.93,1441.089,0.000,81.67,1309.880,0.000,80.73
93.7700,44951.137,0.000,85.31,57.60,2.01,1326.952,0.000,87.41,1626.429,0.000,99.89,1640.121,0.000,99.89,1626.469,0.000,99.89,1541.882,0.000,44.18,1457.885,0.000,79.72,1483.340,0.000,81.64,1611.479,0.000,61.47,1602.391,0.000,99.89,1471.930,0.000,44.18,1585.159,0.000,100.00,1508.362,0.000,57.63,1469.570,0.000,99.89,1466.501,0.000,99.89,1472.324,0.000,99.89,1490.618,0.000,61.47,1369.718,0.000,51.87,1464.376,0.000,99.89,1500.690,0.000,100.00,1497.464,0.000,100.00,1364.407,0.000,93.17,1616.948,0.000,99.89,1472.166,0.000,99.89,1563.796,0.000,100.00,1601.683,0.000,91.25,1379.081,0.000,83.56,1558.681,0.000,89.33,1480.546,0.000,88.37,1368.183,0.000,70.12,1331.988,0.000,74.92
93.8744,43969.879,0.000,86.80,54.21,2.39,1482.347,0.000,99.64,1530.382,0.000,96.77,1515.665,0.000,95.81,1602.082,0.000,100.00,1503.774,0.000,41.20,1387.846,0.000,82.40,1430.387,0.000,85.27,1347.934,0.000,48.86,1624.412,0.000,99.64,1353.193,0.000,40.24,1552.320,0.000,99.64,1346.050,0.000,52.70,1416.573,0.000,100.00,1456.563,0.000,99.64,1456.877,0.000,100.00,1486.899,0.000,57.49,1554.949,0.000,55.57,1423.637,0.000,100.00,1479.364,0.000,100.00,1452.835,0.000,100.00,1321.169,0.000,96.77,1519.825,0.000,100.00,1483.681,0.000,100.00,1569.627,0.000,99.64,1568.449,0.000,99.64,1504.520,0.000,98.69,1484.505,0.000,98.69,1518.805,0.000,99.64,1284.436,0.000,76.65,1310.769,0.000,79.52
93.9799,41057.503,4503.764,85.06,57.14,1.81,1185.283,114.334,85.33,1364.551,270.922,96.71,1240.081,201.327,90.07,1627.744,206.298,100.00,1288.510,79.537,41.72,1110.911,129.247,68.27,1424.631,238.610,75.85,1386.144,79.537,53.10,1940.260,39.768,100.00,1312.471,159.073,40.77,1469.020,119.305,99.56,1312.355,159.073,63.53,1308.471,169.015,99.56,1596.753,39.768,100.00,1242.100,198.842,100.00,1292.471,270.922,69.22,1454.030,114.334,56.89,1401.795,144.160,100.00,1304.665,159.073,100.00,1384.435,119.305,100.00,1247.770,119.305,91.97,1502.109,96.935,99.56,1495.973,39.768,100.00,1366.998,151.617,99.56,1207.691,221.211,94.82,1447.272,159.073,99.56,1491.390,159.073,100.00,1332.239,79.537,89.13,1116.387,238.610,64.47,1202.992,226.182,72.06
94.0860,40178.788,12190.373,90.86,40.05,2.79,1196.268,320.970,95.13,1362.887,481.455,96.07,1271.496,474.048,91.36,1472.063,506.145,98.89,1328.321,281.466,47.09,1345.180,417.261,97.01,1408.525,454.296,99.84,1357.293,276.528,65.93,1211.391,422.199,86.65,1597.442,399.978,59.34,1155.877,461.703,99.84,1398.263,397.509,69.70,999.944,587.622,99.84,1840.214,39.504,99.84,968.040,529.292,99.84,1504.585,520.959,80.06,1435.337,597.498,77.23,1436.649,353.067,98.89,953.034,592.560,98.89,1439.851,345.660,99.84,1156.109,491.331,99.84,1446.833,350.598,99.84,1639.801,202.458,98.89,1574.681,269.121,99.84,1305.869,291.342,88.53,1343.868,377.757,96.07,1362.887,316.032,88.53,1154.064,535.773,97.01,1050.366,567.870,99.84,1461.647,328.377,96.07
94.1919,38724.959,11549.169,84.84,51.03,2.61,1309.260,396.183,94.46,1277.225,277.328,84.07,1252.193,552.180,100.00,1368.610,356.564,96.35,1204.566,549.703,49.12,1106.835,324.375,80.29,1249.330,614.083,99.18,986.394,158.473,35.89,1419.177,170.854,82.18,1166.727,153.521,37.78,1576.412,336.755,100.00,1186.188,314.470,55.73,1654.914,272.376,100.00,1151.599,554.656,100.00,948.362,618.107,100.00,1162.355,515.037,51.01,1093.410,396.183,44.39,1401.535,373.897,100.00,1685.943,237.710,100.00,962.794,361.517,83.12,1207.545,458.086,99.18,1059.556,542.275,100.00,1400.374,392.604,100.00,1568.752,331.803,100.00,1302.876,359.041,89.73,1342.920,564.560,100.00,1252.928,113.903,75.57,1491.682,334.279,94.46,1666.714,420.944,99.18,1267.785,497.704,93.51
94.2969,39554.018,7567.687,78.05,62.55,1.99,1110.639,219.632,72.36,1080.689,239.598,71.41,1256.137,319.465,76.17,1113.485,242.094,72.36,1400.153,399.331,57.12,890.422,239.598,58.08,1668.220,239.598,67.60,1108.494,239.598,54.27,1151.469,199.665,66.65,1655.936,199.665,55.22,1220.220,311.977,86.64,910.973,277.036,45.70,1508.799,199.665,100.00,1289.245,319.465,99.97,1387.986,272.044,100.00,1045.825,347.289,53.32,1039.937,119.799,42.84,1541.635,159.732,100.00,1546.081,309.481,100.00,1425.150,124.791,88.54,1649.579,239.598,100.00,1938.002,199.665,99.02,1168.861,479.197,100.00,1414.738,282.027,83.78,1257.892,319.465,90.45,1667.752,247.086,99.02,1515.897,204.657,98.06,1612.025,159.732,93.30,956.288,79.866,41.89,1021.491,376.868,67.60
94.4049,35337.745,2221.364,57.35,59.28,2.10,1038.647,19.422,44.45,1035.157,0.000,49.08,1200.356,194.218,60.20,1085.191,114.103,59.27,841.319,38.844,25.93,1051.886,38.844,54.64,1080.487,38.844,56.49,894.994,38.844,28.71,1042.364,38.844,51.86,971.505,0.000,26.86,1123.238,77.687,41.67,1122.328,80.115,37.97,1603.851,77.687,91.68,1560.986,271.905,100.00,1719.736,201.501,100.00,1276.905,50.982,41.67,1151.612,77.687,38.90,1066.680,77.687,66.68,1454.129,87.398,94.46,924.961,0.000,62.97,1443.507,0.000,84.28,1178.127,0.000,49.08,1785.019,77.687,100.00,1175.017,269.477,52.79,1029.695,116.531,47.23,1087.619,0.000,45.38,1049.382,0.000,49.08,1070.625,77.687,45.38,1162.650,77.687,55.57,1109.772,77.687,58.34
94.5117,31902.690,0.000,40.76,61.40,0.92,771.544,0.000,29.96,839.467,0.000,35.58,999.015,0.000,37.45,945.014,0.000,35.58,1138.926,0.000,30.90,878.241,0.000,29.96,804.796,0.000,29.96,746.193,0.000,29.03,844.376,0.000,29.03,1138.926,0.000,32.77,785.466,0.000,22.47,706.919,0.000,29.96,1140.728,0.000,56.18,2617.351,0.000,95.51,1982.535,0.000,83.34,706.919,0.000,27.15,746.193,0.000,26.22,899.681,0.000,50.56,953.681,0.000,49.63,955.216,0.000,50.56,1002.275,0.000,51.50,979.378,0.000,35.58,2669.242,0.000,89.89,934.352,0.000,33.71,855.652,0.000,30.90,1052.248,0.000,38.39,1051.021,0.000,40.26,1077.561,0.000,33.71,778.102,0.000,24.35,901.675,0.000,32.77
94.6161,3340.582,0.000,3.48,40.31,0.00,120.581,0.000,4.79,160.774,0.000,2.87,0.000,0.000,0.00,40.194,0.000,0.96,200.968,0.000,6.71,0.000,0.000,0.00,0.000,0.000,0.00,0.000,0.000,0.00,80.387,0.000,1.92,241.162,0.000,6.71,120.581,0.000,4.79,0.000,0.000,0.00,281.355,0.000,7.67,147.664,0.000,4.79,170.234,0.000,5.75,0.000,0.000,0.00,0.000,0.000,0.00,195.944,0.000,4.79,241.162,0.000,6.71,200.968,0.000,6.71,233.233,0.000,6.71,80.387,0.000,3.83,160.774,0.000,2.87,141.698,0.000,4.79,120.581,0.000,5.75,120.581,0.000,4.79,120.581,0.000,5.75,160.774,0.000,4.79,0.000,0.000,0.00,0.000,0.000,0.00
94.7181,0.000,0.000,0.00,0.77,0.00,0.000,0.000,0.00,0.000,0.000,0.00,0.000,0.000,0.00,0.000,0.000,0.00,0.000,0.000,0.00,0.000,0.000,0.00,0.000,0.000,0.00,0.000,0.000,0.00,0.000,0.000,0.00,0.000,0.000,0.00,0.000,0.000,0.00,0.000,0.000,0.00,0.000,0.000,0.00,0.000,0.000,0.00,0.000,0.000,0.00,0.000,0.000,0.00,0.000,0.000,0.00,0.000,0.000,0.00,0.000,0.000,0.00,0.000,0.000,0.00,0.000,0.000,0.00,0.000,0.000,0.00,0.000,0.000,0.00,0.000,0.000,0.00,0.000,0.000,0.00,0.000,0.000,0.00,0.000,0.000,0.00,0.000,0.000,0.00,0.000,0.000,0.00,0.000,0.000,0.00
94.8201,0.000,0.000,0.00,0.84,0.00,0.000,0.000,0.00,0.000,0.000,0.00,0.000,0.000,0.00,0.000,0.000,0.00,0.000,0.000,0.00,0.000,0.000,0.00,0.000,0.000,0.00,0.000,0.000,0.00,0.000,0.000,0.00,0.000,0.000,0.00,0.000,0.000,0.00,0.000,0.000,0.00,0.000,0.000,0.00,0.000,0.000,0.00,0.000,0.000,0.00,0.000,0.000,0.00,0.000,0.000,0.00,0.000,0.000,0.00,0.000,0.000,0.00,0.000,0.000,0.00,0.000,0.000,0.00,0.000,0.000,0.00,0.000,0.000,0.00,0.000,0.000,0.00,0.000,0.000,0.00,0.000,0.000,0.00,0.000,0.000,0.00,0.000,0.000,0.00,0.000,0.000,0.00,0.000,0.000,0.00
94.9219,0.000,0.000,0.00,0.77,0.00,0.000,0.000,0.00,0.000,0.000,0.00,0.000,0.000,0.00,0.000,0.000,0.00,0.000,0.000,0.00,0.000,0.000,0.00,0.000,0.000,0.00,0.000,0.000,0.00,0.000,0.000,0.00,0.000,0.000,0.00,0.000,0.000,0.00,0.000,0.000,0.00,0.000,0.000,0.00,0.000,0.000,0.00,0.000,0.000,0.00,0.000,0.000,0.00,0.000,0.000,0.00,0.000,0.000,0.00,0.000,0.000,0.00,0.000,0.000,0.00,0.000,0.000,0.00,0.000,0.000,0.00,0.000,0.000,0.00,0.000,0.000,0.00,0.000,0.000,0.00,0.000,0.000,0.00,0.000,0.000,0.00,0.000,0.000,0.00,0.000,0.000,0.00,0.000,0.000,0.00
95.0237,0.000,6.535,0.07,0.77,0.00,0.000,0.000,0.00,0.000,0.000,0.00,0.000,0.000,0.00,0.000,0.000,0.00,0.000,0.000,0.00,0.000,0.000,0.00,0.000,0.000,0.00,0.000,0.000,0.00,0.000,0.000,0.00,0.000,0.000,0.00,0.000,6.535,1.96,0.000,0.000,0.00,0.000,0.000,0.00,0.000,0.000,0.00,0.000,0.000,0.00,0.000,0.000,0.00,0.000,0.000,0.00,0.000,0.000,0.00,0.000,0.000,0.00,0.000,0.000,0.00,0.000,0.000,0.00,0.000,0.000,0.00,0.000,0.000,0.00,0.000,0.000,0.00,0.000,0.000,0.00,0.000,0.000,0.00,0.000,0.000,0.00,0.000,0.000,0.00,0.000,0.000,0.00,0.000,0.000,0.00
95.1257,0.000,0.000,0.00,0.92,0.00,0.000,0.000,0.00,0.000,0.000,0.00,0.000,0.000,0.00,0.000,0.000,0.00,0.000,0.000,0.00,0.000,0.000,0.00,0.000,0.000,0.00,0.000,0.000,0.00,0.000,0.000,0.00,0.000,0.000,0.00,0.000,0.000,0.00,0.000,0.000,0.00,0.000,0.000,0.00,0.000,0.000,0.00,0.000,0.000,0.00,0.000,0.000,0.00,0.000,0.000,0.00,0.000,0.000,0.00,0.000,0.000,0.00,0.000,0.000,0.00,0.000,0.000,0.00,0.000,0.000,0.00,0.000,0.000,0.00,0.000,0.000,0.00,0.000,0.000,0.00,0.000,0.000,0.00,0.000,0.000,0.00,0.000,0.000,0.00,0.000,0.000,0.00,0.000,0.000,0.00
95.2276,0.000,0.000,0.00,0.77,0.00,0.000,0.000,0.00,0.000,0.000,0.00,0.000,0.000,0.00,0.000,0.000,0.00,0.000,0.000,0.00,0.000,0.000,0.00,0.000,0.000,0.00,0.000,0.000,0.00,0.000,0.000,0.00,0.000,0.000,0.00,0.000,0.000,0.00,0.000,0.000,0.00,0.000,0.000,0.00,0.000,0.000,0.00,0.000,0.000,0.00,0.000,0.000,0.00,0.000,0.000,0.00,0.000,0.000,0.00,0.000,0.000,0.00,0.000,0.000,0.00,0.000,0.000,0.00,0.000,0.000,0.00,0.000,0.000,0.00,0.000,0.000,0.00,0.000,0.000,0.00,0.000,0.000,0.00,0.000,0.000,0.00,0.000,0.000,0.00,0.000,0.000,0.00,0.000,0.000,0.00
95.3295,0.000,0.000,0.00,0.77,0.00,0.000,0.000,0.00,0.000,0.000,0.00,0.000,0.000,0.00,0.000,0.000,0.00,0.000,0.000,0.00,0.000,0.000,0.00,0.000,0.000,0.00,0.000,0.000,0.00,0.000,0.000,0.00,0.000,0.000,0.00,0.000,0.000,0.00,0.000,0.000,0.00,0.000,0.000,0.00,0.000,0.000,0.00,0.000,0.000,0.00,0.000,0.000,0.00,0.000,0.000,0.00,0.000,0.000,0.00,0.000,0.000,0.00,0.000,0.000,0.00,0.000,0.000,0.00,0.000,0.000,0.00,0.000,0.000,0.00,0.000,0.000,0.00,0.000,0.000,0.00,0.000,0.000,0.00,0.000,0.000,0.00,0.000,0.000,0.00,0.000,0.000,0.00,0.000,0.000,0.00
95.4313,0.000,0.000,0.00,0.84,0.00,0.000,0.000,0.00,0.000,0.000,0.00,0.000,0.000,0.00,0.000,0.000,0.00,0.000,0.000,0.00,0.000,0.000,0.00,0.000,0.000,0.00,0.000,0.000,0.00,0.000,0.000,0.00,0.000,0.000,0.00,0.000,0.000,0.00,0.000,0.000,0.00,0.000,0.000,0.00,0.000,0.000,0.00,0.000,0.000,0.00,0.000,0.000,0.00,0.000,0.000,0.00,0.000,0.000,0.00,0.000,0.000,0.00,0.000,0.000,0.00,0.000,0.000,0.00,0.000,0.000,0.00,0.000,0.000,0.00,0.000,0.000,0.00,0.000,0.000,0.00,0.000,0.000,0.00,0.000,0.000,0.00,0.000,0.000,0.00,0.000,0.000,0.00,0.000,0.000,0.00
95.5332,0.000,39545.252,35.97,3.06,0.00,0.000,1029.629,31.42,0.000,1400.296,40.26,0.000,1112.000,32.40,0.000,1235.555,33.39,0.000,1112.382,21.60,0.000,1359.498,37.31,0.000,1029.629,30.44,0.000,1812.148,35.35,0.000,1812.148,39.28,0.000,1400.779,25.53,0.000,1359.111,33.39,0.000,1153.567,70.70,0.000,1070.815,29.46,0.000,1112.000,32.40,0.000,1441.481,37.31,0.000,1441.481,30.44,0.000,1318.408,27.49,0.000,1770.962,44.19,0.000,1523.851,37.31,0.000,1153.662,32.40,0.000,1153.572,36.33,0.000,1360.086,34.37,0.000,1400.296,37.31,0.000,1153.723,36.33,0.000,1524.404,34.37,0.000,1195.054,29.46,0.000,1277.520,28.48,0.000,1689.567,79.54,0.000,947.259,27.49,0.000,1194.370,33.39
95.6360,0.000,0.000,0.00,0.84,0.00,0.000,0.000,0.00,0.000,0.000,0.00,0.000,0.000,0.00,0.000,0.000,0.00,0.000,0.000,0.00,0.000,0.000,0.00,0.000,0.000,0.00,0.000,0.000,0.00,0.000,0.000,0.00,0.000,0.000,0.00,0.000,0.000,0.00,0.000,0.000,0.00,0.000,0.000,0.00,0.000,0.000,0.00,0.000,0.000,0.00,0.000,0.000,0.00,0.000,0.000,0.00,0.000,0.000,0.00,0.000,0.000,0.00,0.000,0.000,0.00,0.000,0.000,0.00,0.000,0.000,0.00,0.000,0.000,0.00,0.000,0.000,0.00,0.000,0.000,0.00,0.000,0.000,0.00,0.000,0.000,0.00,0.000,0.000,0.00,0.000,0.000,0.00,0.000,0.000,0.00
95.7387,0.000,0.000,0.00,0.76,0.00,0.000,0.000,0.00,0.000,0.000,0.00,0.000,0.000,0.00,0.000,0.000,0.00,0.000,0.000,0.00,0.000,0.000,0.00,0.000,0.000,0.00,0.000,0.000,0.00,0.000,0.000,0.00,0.000,0.000,0.00,0.000,0.000,0.00,0.000,0.000,0.00,0.000,0.000,0.00,0.000,0.000,0.00,0.000,0.000,0.00,0.000,0.000,0.00,0.000,0.000,0.00,0.000,0.000,0.00,0.000,0.000,0.00,0.000,0.000,0.00,0.000,0.000,0.00,0.000,0.000,0.00,0.000,0.000,0.00,0.000,0.000,0.00,0.000,0.000,0.00,0.000,0.000,0.00,0.000,0.000,0.00,0.000,0.000,0.00,0.000,0.000,0.00,0.000,0.000,0.00
95.8410,0.000,0.000,0.00,0.84,0.00,0.000,0.000,0.00,0.000,0.000,0.00,0.000,0.000,0.00,0.000,0.000,0.00,0.000,0.000,0.00,0.000,0.000,0.00,0.000,0.000,0.00,0.000,0.000,0.00,0.000,0.000,0.00,0.000,0.000,0.00,0.000,0.000,0.00,0.000,0.000,0.00,0.000,0.000,0.00,0.000,0.000,0.00,0.000,0.000,0.00,0.000,0.000,0.00,0.000,0.000,0.00,0.000,0.000,0.00,0.000,0.000,0.00,0.000,0.000,0.00,0.000,0.000,0.00,0.000,0.000,0.00,0.000,0.000,0.00,0.000,0.000,0.00,0.000,0.000,0.00,0.000,0.000,0.00,0.000,0.000,0.00,0.000,0.000,0.00,0.000,0.000,0.00,0.000,0.000,0.00
95.9429,0.000,39506.091,34.05,2.85,0.00,0.000,1316.870,32.38,0.000,1440.326,34.34,0.000,1358.022,37.28,0.000,1069.957,29.43,0.000,987.652,23.55,0.000,1646.087,39.25,0.000,987.652,29.43,0.000,1111.109,22.57,0.000,1152.261,31.40,0.000,1111.109,18.64,0.000,1152.261,27.47,0.000,1358.022,53.96,0.000,2098.761,48.08,0.000,1111.109,31.40,0.000,1275.718,34.34,0.000,1111.109,22.57,0.000,1069.957,22.57,0.000,1934.152,44.15,0.000,1234.565,31.40,0.000,987.652,32.38,0.000,1275.718,31.40,0.000,1234.565,30.42,0.000,1111.109,28.45,0.000,1646.087,43.17,0.000,1358.022,34.34,0.000,1604.935,39.25,0.000,1563.783,36.30,0.000,1522.631,60.83,0.000,1358.022,36.30,0.000,1316.870,34.34
96.0450,0.000,0.000,0.00,0.99,0.00,0.000,0.000,0.00,0.000,0.000,0.00,0.000,0.000,0.00,0.000,0.000,0.00,0.000,0.000,0.00,0.000,0.000,0.00,0.000,0.000,0.00,0.000,0.000,0.00,0.000,0.000,0.00,0.000,0.000,0.00,0.000,0.000,0.00,0.000,0.000,0.00,0.000,0.000,0.00,0.000,0.000,0.00,0.000,0.000,0.00,0.000,0.000,0.00,0.000,0.000,0.00,0.000,0.000,0.00,0.000,0.000,0.00,0.000,0.000,0.00,0.000,0.000,0.00,0.000,0.000,0.00,0.000,0.000,0.00,0.000,0.000,0.00,0.000,0.000,0.00,0.000,0.000,0.00,0.000,0.000,0.00,0.000,0.000,0.00,0.000,0.000,0.00,0.000,0.000,0.00
96.1471,0.000,0.000,0.00,1.07,0.00,0.000,0.000,0.00,0.000,0.000,0.00,0.000,0.000,0.00,0.000,0.000,0.00,0.000,0.000,0.00,0.000,0.000,0.00,0.000,0.000,0.00,0.000,0.000,0.00,0.000,0.000,0.00,0.000,0.000,0.00,0.000,0.000,0.00,0.000,0.000,0.00,0.000,0.000,0.00,0.000,0.000,0.00,0.000,0.000,0.00,0.000,0.000,0.00,0.000,0.000,0.00,0.000,0.000,0.00,0.000,0.000,0.00,0.000,0.000,0.00,0.000,0.000,0.00,0.000,0.000,0.00,0.000,0.000,0.00,0.000,0.000,0.00,0.000,0.000,0.00,0.000,0.000,0.00,0.000,0.000,0.00,0.000,0.000,0.00,0.000,0.000,0.00,0.000,0.000,0.00
96.2492,0.000,0.000,0.00,0.77,0.00,0.000,0.000,0.00,0.000,0.000,0.00,0.000,0.000,0.00,0.000,0.000,0.00,0.000,0.000,0.00,0.000,0.000,0.00,0.000,0.000,0.00,0.000,0.000,0.00,0.000,0.000,0.00,0.000,0.000,0.00,0.000,0.000,0.00,0.000,0.000,0.00,0.000,0.000,0.00,0.000,0.000,0.00,0.000,0.000,0.00,0.000,0.000,0.00,0.000,0.000,0.00,0.000,0.000,0.00,0.000,0.000,0.00,0.000,0.000,0.00,0.000,0.000,0.00,0.000,0.000,0.00,0.000,0.000,0.00,0.000,0.000,0.00,0.000,0.000,0.00,0.000,0.000,0.00,0.000,0.000,0.00,0.000,0.000,0.00,0.000,0.000,0.00,0.000,0.000,0.00
96.3512,0.000,39475.311,34.54,2.30,0.00,0.000,1069.123,29.41,0.000,1973.766,47.06,0.000,1398.084,38.23,0.000,1192.483,40.20,0.000,1110.243,19.61,0.000,1439.204,38.23,0.000,1768.165,43.14,0.000,1274.724,24.51,0.000,1398.084,38.23,0.000,1274.724,20.59,0.000,945.763,25.49,0.000,1480.324,58.82,0.000,904.643,26.47,0.000,1151.363,32.35,0.000,1644.805,39.22,0.000,986.883,21.57,0.000,1315.844,40.20,0.000,1603.685,37.25,0.000,1192.483,32.35,0.000,1151.363,31.37,0.000,1233.603,34.31,0.000,1521.444,34.31,0.000,1315.844,35.29,0.000,1439.204,34.31,0.000,1069.123,29.41,0.000,1274.724,30.39,0.000,1192.483,29.41,0.000,1233.603,46.08,0.000,1603.685,41.18,0.000,1315.844,37.25
96.4534,0.000,0.000,0.00,0.77,0.00,0.000,0.000,0.00,0.000,0.000,0.00,0.000,0.000,0.00,0.000,0.000,0.00,0.000,0.000,0.00,0.000,0.000,0.00,0.000,0.000,0.00,0.000,0.000,0.00,0.000,0.000,0.00,0.000,0.000,0.00,0.000,0.000,0.00,0.000,0.000,0.00,0.000,0.000,0.00,0.000,0.000,0.00,0.000,0.000,0.00,0.000,0.000,0.00,0.000,0.000,0.00,0.000,0.000,0.00,0.000,0.000,0.00,0.000,0.000,0.00,0.000,0.000,0.00,0.000,0.000,0.00,0.000,0.000,0.00,0.000,0.000,0.00,0.000,0.000,0.00,0.000,0.000,0.00,0.000,0.000,0.00,0.000,0.000,0.00,0.000,0.000,0.00,0.000,0.000,0.00
96.5557,0.000,0.000,0.00,0.84,0.00,0.000,0.000,0.00,0.000,0.000,0.00,0.000,0.000,0.00,0.000,0.000,0.00,0.000,0.000,0.00,0.000,0.000,0.00,0.000,0.000,0.00,0.000,0.000,0.00,0.000,0.000,0.00,0.000,0.000,0.00,0.000,0.000,0.00,0.000,0.000,0.00,0.000,0.000,0.00,0.000,0.000,0.00,0.000,0.000,0.00,0.000,0.000,0.00,0.000,0.000,0.00,0.000,0.000,0.00,0.000,0.000,0.00,0.000,0.000,0.00,0.000,0.000,0.00,0.000,0.000,0.00,0.000,0.000,0.00,0.000,0.000,0.00,0.000,0.000,0.00,0.000,0.000,0.00,0.000,0.000,0.00,0.000,0.000,0.00,0.000,0.000,0.00,0.000,0.000,0.00
96.6580,0.000,14050.223,13.58,1.75,0.00,0.000,519.978,12.70,0.000,462.145,12.70,0.000,368.852,12.70,0.000,403.912,12.70,0.000,819.670,15.63,0.000,478.995,13.68,0.000,545.593,16.61,0.000,522.540,14.66,0.000,481.036,13.68,0.000,801.740,14.66,0.000,450.819,14.66,0.000,322.745,13.68,0.000,448.257,11.73,0.000,494.364,11.73,0.000,330.430,16.61,0.000,506.971,13.68,0.000,478.995,14.66,0.000,471.310,13.68,0.000,435.450,14.66,0.000,422.643,12.70,0.000,440.573,13.68,0.000,402.151,11.73,0.000,397.028,11.73,0.000,525.021,14.66,0.000,507.171,11.73,0.000,517.417,14.66,0.000,331.510,13.68,0.000,384.221,13.68,0.000,407.274,12.70,0.000,371.413,11.73
96.7612,0.000,25082.509,21.22,2.06,0.00,0.000,947.441,17.44,0.000,1004.791,24.22,0.000,731.536,20.35,0.000,899.974,23.25,0.000,1016.023,15.50,0.000,1150.646,26.16,0.000,637.554,16.47,0.000,782.338,14.53,0.000,1107.981,25.19,0.000,505.471,7.75,0.000,1219.227,28.10,0.000,1021.103,44.57,0.000,734.077,20.35,0.000,728.996,20.35,0.000,769.637,20.35,0.000,757.135,15.50,0.000,622.314,12.60,0.000,751.857,20.35,0.000,868.700,23.25,0.000,718.836,20.35,0.000,1066.824,25.19,0.000,942.361,18.41,0.000,906.800,24.22,0.000,414.109,10.66,0.000,635.014,18.41,0.000,787.418,20.35,0.000,1053.052,21.32,0.000,1000.783,40.70,0.000,612.154,21.32,0.000,688.356,19.38
96.8633,0.000,0.000,0.00,0.92,0.00,0.000,0.000,0.00,0.000,0.000,0.00,0.000,0.000,0.00,0.000,0.000,0.00,0.000,0.000,0.00,0.000,0.000,0.00,0.000,0.000,0.00,0.000,0.000,0.00,0.000,0.000,0.00,0.000,0.000,0.00,0.000,0.000,0.00,0.000,0.000,0.00,0.000,0.000,0.00,0.000,0.000,0.00,0.000,0.000,0.00,0.000,0.000,0.00,0.000,0.000,0.00,0.000,0.000,0.00,0.000,0.000,0.00,0.000,0.000,0.00,0.000,0.000,0.00,0.000,0.000,0.00,0.000,0.000,0.00,0.000,0.000,0.00,0.000,0.000,0.00,0.000,0.000,0.00,0.000,0.000,0.00,0.000,0.000,0.00,0.000,0.000,0.00,0.000,0.000,0.00
96.9654,0.000,0.000,0.00,0.77,0.00,0.000,0.000,0.00,0.000,0.000,0.00,0.000,0.000,0.00,0.000,0.000,0.00,0.000,0.000,0.00,0.000,0.000,0.00,0.000,0.000,0.00,0.000,0.000,0.00,0.000,0.000,0.00,0.000,0.000,0.00,0.000,0.000,0.00,0.000,0.000,0.00,0.000,0.000,0.00,0.000,0.000,0.00,0.000,0.000,0.00,0.000,0.000,0.00,0.000,0.000,0.00,0.000,0.000,0.00,0.000,0.000,0.00,0.000,0.000,0.00,0.000,0.000,0.00,0.000,0.000,0.00,0.000,0.000,0.00,0.000,0.000,0.00,0.000,0.000,0.00,0.000,0.000,0.00,0.000,0.000,0.00,0.000,0.000,0.00,0.000,0.000,0.00,0.000,0.000,0.00
97.0676,0.000,22860.486,21.11,2.43,0.00,0.000,913.598,24.47,0.000,746.790,20.56,0.000,703.163,20.56,0.000,698.030,20.56,0.000,1108.636,18.60,0.000,708.295,20.56,0.000,818.646,22.52,0.000,903.333,22.52,0.000,667.235,19.58,0.000,1449.952,23.50,0.000,739.091,19.58,0.000,533.788,20.56,0.000,680.066,21.54,0.000,674.934,22.52,0.000,754.488,21.54,0.000,921.297,21.54,0.000,869.971,20.56,0.000,715.994,21.54,0.000,633.873,22.52,0.000,805.814,22.52,0.000,692.898,21.54,0.000,508.125,21.54,0.000,669.801,18.60,0.000,764.754,20.56,0.000,749.356,20.56,0.000,792.983,21.54,0.000,715.994,19.58,0.000,564.583,21.54,0.000,672.367,19.58,0.000,682.632,20.56
97.1710,0.000,16362.007,13.32,1.38,0.00,0.000,720.212,14.51,0.000,601.022,14.51,0.000,441.257,10.64,0.000,770.932,23.22,0.000,0.000,0.00,0.000,720.212,14.51,0.000,814.043,20.32,0.000,446.329,6.77,0.000,517.336,13.54,0.000,68.471,0.97,0.000,770.932,16.45,0.000,852.082,35.79,0.000,464.080,10.64,0.000,874.906,16.45,0.000,431.113,10.64,0.000,509.728,7.74,0.000,438.721,6.77,0.000,225.700,6.77,0.000,712.604,15.48,0.000,136.942,2.90,0.000,451.401,8.71,0.000,471.688,12.58,0.000,433.649,9.67,0.000,420.969,11.61,0.000,1004.240,17.41,0.000,717.676,14.51,0.000,347.426,8.71,0.000,943.377,37.73,0.000,349.962,8.71,0.000,704.997,21.28
97.2731,0.000,0.000,0.00,0.77,0.00,0.000,0.000,0.00,0.000,0.000,0.00,0.000,0.000,0.00,0.000,0.000,0.00,0.000,0.000,0.00,0.000,0.000,0.00,0.000,0.000,0.00,0.000,0.000,0.00,0.000,0.000,0.00,0.000,0.000,0.00,0.000,0.000,0.00,0.000,0.000,0.00,0.000,0.000,0.00,0.000,0.000,0.00,0.000,0.000,0.00,0.000,0.000,0.00,0.000,0.000,0.00,0.000,0.000,0.00,0.000,0.000,0.00,0.000,0.000,0.00,0.000,0.000,0.00,0.000,0.000,0.00,0.000,0.000,0.00,0.000,0.000,0.00,0.000,0.000,0.00,0.000,0.000,0.00,0.000,0.000,0.00,0.000,0.000,0.00,0.000,0.000,0.00,0.000,0.000,0.00
97.3751,0.000,0.000,0.00,0.77,0.00,0.000,0.000,0.00,0.000,0.000,0.00,0.000,0.000,0.00,0.000,0.000,0.00,0.000,0.000,0.00,0.000,0.000,0.00,0.000,0.000,0.00,0.000,0.000,0.00,0.000,0.000,0.00,0.000,0.000,0.00,0.000,0.000,0.00,0.000,0.000,0.00,0.000,0.000,0.00,0.000,0.000,0.00,0.000,0.000,0.00,0.000,0.000,0.00,0.000,0.000,0.00,0.000,0.000,0.00,0.000,0.000,0.00,0.000,0.000,0.00,0.000,0.000,0.00,0.000,0.000,0.00,0.000,0.000,0.00,0.000,0.000,0.00,0.000,0.000,0.00,0.000,0.000,0.00,0.000,0.000,0.00,0.000,0.000,0.00,0.000,0.000,0.00,0.000,0.000,0.00
97.4772,0.000,36695.909,32.42,3.06,0.00,0.000,1191.477,32.33,0.000,1027.136,32.33,0.000,1150.392,30.37,0.000,1404.608,34.28,0.000,1314.734,19.59,0.000,986.050,26.45,0.000,1217.156,34.28,0.000,1355.819,29.39,0.000,903.879,26.45,0.000,1931.015,30.37,0.000,1109.307,30.37,0.000,834.548,34.28,0.000,1183.774,34.28,0.000,1224.779,35.26,0.000,1258.241,36.24,0.000,1314.734,35.26,0.000,1561.246,32.33,0.000,1173.503,35.26,0.000,1232.563,35.26,0.000,1191.477,35.26,0.000,1212.020,35.26,0.000,1407.176,34.28,0.000,1142.689,36.24,0.000,1027.136,29.39,0.000,1373.794,33.30,0.000,1232.563,32.33,0.000,1407.176,33.30,0.000,902.876,35.26,0.000,1068.221,30.37,0.000,1355.819,33.30
97.5799,0.000,2730.993,1.40,0.92,0.00,0.000,0.000,0.00,0.000,0.000,0.00,0.000,0.000,0.00,0.000,33.198,0.97,0.000,0.000,0.00,0.000,0.000,0.00,0.000,301.338,4.87,0.000,0.000,0.00,0.000,0.000,0.00,0.000,0.000,0.00,0.000,0.000,0.00,0.000,28.091,0.97,0.000,293.677,3.90,0.000,48.600,0.97,0.000,383.056,5.84,0.000,0.000,0.00,0.000,0.000,0.00,0.000,385.610,4.87,0.000,0.000,0.00,0.000,0.000,0.00,0.000,429.023,5.84,0.000,71.504,0.97,0.000,416.255,5.84,0.000,0.000,0.00,0.000,22.983,0.00,0.000,0.000,0.00,0.000,234.941,2.92,0.000,82.716,3.90,0.000,0.000,0.00,0.000,0.000,0.00
97.6814,0.000,0.000,0.00,1.00,0.00,0.000,0.000,0.00,0.000,0.000,0.00,0.000,0.000,0.00,0.000,0.000,0.00,0.000,0.000,0.00,0.000,0.000,0.00,0.000,0.000,0.00,0.000,0.000,0.00,0.000,0.000,0.00,0.000,0.000,0.00,0.000,0.000,0.00,0.000,0.000,0.00,0.000,0.000,0.00,0.000,0.000,0.00,0.000,0.000,0.00,0.000,0.000,0.00,0.000,0.000,0.00,0.000,0.000,0.00,0.000,0.000,0.00,0.000,0.000,0.00,0.000,0.000,0.00,0.000,0.000,0.00,0.000,0.000,0.00,0.000,0.000,0.00,0.000,0.000,0.00,0.000,0.000,0.00,0.000,0.000,0.00,0.000,0.000,0.00,0.000,0.000,0.00,0.000,0.000,0.00
97.7831,0.000,0.000,0.00,0.85,0.00,0.000,0.000,0.00,0.000,0.000,0.00,0.000,0.000,0.00,0.000,0.000,0.00,0.000,0.000,0.00,0.000,0.000,0.00,0.000,0.000,0.00,0.000,0.000,0.00,0.000,0.000,0.00,0.000,0.000,0.00,0.000,0.000,0.00,0.000,0.000,0.00,0.000,0.000,0.00,0.000,0.000,0.00,0.000,0.000,0.00,0.000,0.000,0.00,0.000,0.000,0.00,0.000,0.000,0.00,0.000,0.000,0.00,0.000,0.000,0.00,0.000,0.000,0.00,0.000,0.000,0.00,0.000,0.000,0.00,0.000,0.000,0.00,0.000,0.000,0.00,0.000,0.000,0.00,0.000,0.000,0.00,0.000,0.000,0.00,0.000,0.000,0.00,0.000,0.000,0.00
97.8842,0.000,39815.013,35.53,3.08,0.00,0.000,1534.537,37.58,0.000,1700.433,41.53,0.000,1119.797,30.65,0.000,1327.167,35.60,0.000,1285.693,27.69,0.000,1078.323,29.66,0.000,1493.063,39.55,0.000,1368.641,27.69,0.000,1078.323,33.62,0.000,1451.589,24.72,0.000,1078.323,35.60,0.000,1078.323,45.49,0.000,1451.589,44.50,0.000,1617.485,43.51,0.000,1368.641,38.56,0.000,1119.797,25.71,0.000,1368.641,29.66,0.000,1078.323,29.66,0.000,953.901,24.72,0.000,1576.011,40.54,0.000,1410.115,39.55,0.000,1617.485,47.46,0.000,1202.745,32.63,0.000,1410.115,35.60,0.000,1534.537,37.58,0.000,1202.745,31.64,0.000,1493.063,36.59,0.000,1078.323,44.50,0.000,1493.063,39.55,0.000,1244.219,34.61
97.9863,0.000,0.000,0.00,0.85,0.00,0.000,0.000,0.00,0.000,0.000,0.00,0.000,0.000,0.00,0.000,0.000,0.00,0.000,0.000,0.00,0.000,0.000,0.00,0.000,0.000,0.00,0.000,0.000,0.00,0.000,0.000,0.00,0.000,0.000,0.00,0.000,0.000,0.00,0.000,0.000,0.00,0.000,0.000,0.00,0.000,0.000,0.00,0.000,0.000,0.00,0.000,0.000,0.00,0.000,0.000,0.00,0.000,0.000,0.00,0.000,0.000,0.00,0.000,0.000,0.00,0.000,0.000,0.00,0.000,0.000,0.00,0.000,0.000,0.00,0.000,0.000,0.00,0.000,0.000,0.00,0.000,0.000,0.00,0.000,0.000,0.00,0.000,0.000,0.00,0.000,0.000,0.00,0.000,0.000,0.00
98.0879,0.000,0.000,0.00,0.84,0.00,0.000,0.000,0.00,0.000,0.000,0.00,0.000,0.000,0.00,0.000,0.000,0.00,0.000,0.000,0.00,0.000,0.000,0.00,0.000,0.000,0.00,0.000,0.000,0.00,0.000,0.000,0.00,0.000,0.000,0.00,0.000,0.000,0.00,0.000,0.000,0.00,0.000,0.000,0.00,0.000,0.000,0.00,0.000,0.000,0.00,0.000,0.000,0.00,0.000,0.000,0.00,0.000,0.000,0.00,0.000,0.000,0.00,0.000,0.000,0.00,0.000,0.000,0.00,0.000,0.000,0.00,0.000,0.000,0.00,0.000,0.000,0.00,0.000,0.000,0.00,0.000,0.000,0.00,0.000,0.000,0.00,0.000,0.000,0.00,0.000,0.000,0.00,0.000,0.000,0.00
98.1897,0.000,0.000,0.00,0.84,0.00,0.000,0.000,0.00,0.000,0.000,0.00,0.000,0.000,0.00,0.000,0.000,0.00,0.000,0.000,0.00,0.000,0.000,0.00,0.000,0.000,0.00,0.000,0.000,0.00,0.000,0.000,0.00,0.000,0.000,0.00,0.000,0.000,0.00,0.000,0.000,0.00,0.000,0.000,0.00,0.000,0.000,0.00,0.000,0.000,0.00,0.000,0.000,0.00,0.000,0.000,0.00,0.000,0.000,0.00,0.000,0.000,0.00,0.000,0.000,0.00,0.000,0.000,0.00,0.000,0.000,0.00,0.000,0.000,0.00,0.000,0.000,0.00,0.000,0.000,0.00,0.000,0.000,0.00,0.000,0.000,0.00,0.000,0.000,0.00,0.000,0.000,0.00,0.000,0.000,0.00
98.2916,0.000,39348.711,33.98,2.99,0.00,0.000,1111.168,32.38,0.000,1563.866,36.30,0.000,987.705,27.47,0.000,946.550,28.45,0.000,1687.329,27.47,0.000,1399.248,35.32,0.000,1316.939,33.36,0.000,1358.094,27.47,0.000,1275.785,32.38,0.000,1193.476,26.49,0.000,1111.168,32.38,0.000,1034.003,49.06,0.000,1399.248,37.29,0.000,1358.094,39.25,0.000,1275.785,35.32,0.000,1316.939,27.47,0.000,1440.403,28.45,0.000,1399.248,37.29,0.000,1275.785,35.32,0.000,1646.174,38.27,0.000,946.550,23.55,0.000,1481.557,36.30,0.000,1275.785,34.34,0.000,1399.248,36.30,0.000,1563.866,34.34,0.000,1440.403,35.32,0.000,1193.476,32.38,0.000,1111.168,47.10,0.000,1563.866,38.27,0.000,1275.785,34.34
98.3937,0.000,159.249,0.20,0.69,0.00,0.000,0.000,0.00,0.000,0.000,0.00,0.000,0.000,0.00,0.000,0.000,0.00,0.000,0.000,0.00,0.000,0.000,0.00,0.000,0.000,0.00,0.000,0.000,0.00,0.000,0.000,0.00,0.000,0.000,0.00,0.000,0.000,0.00,0.000,159.249,5.88,0.000,0.000,0.00,0.000,0.000,0.00,0.000,0.000,0.00,0.000,0.000,0.00,0.000,0.000,0.00,0.000,0.000,0.00,0.000,0.000,0.00,0.000,0.000,0.00,0.000,0.000,0.00,0.000,0.000,0.00,0.000,0.000,0.00,0.000,0.000,0.00,0.000,0.000,0.00,0.000,0.000,0.00,0.000,0.000,0.00,0.000,0.000,0.00,0.000,0.000,0.00,0.000,0.000,0.00
98.4957,0.000,0.000,0.00,0.77,0.00,0.000,0.000,0.00,0.000,0.000,0.00,0.000,0.000,0.00,0.000,0.000,0.00,0.000,0.000,0.00,0.000,0.000,0.00,0.000,0.000,0.00,0.000,0.000,0.00,0.000,0.000,0.00,0.000,0.000,0.00,0.000,0.000,0.00,0.000,0.000,0.00,0.000,0.000,0.00,0.000,0.000,0.00,0.000,0.000,0.00,0.000,0.000,0.00,0.000,0.000,0.00,0.000,0.000,0.00,0.000,0.000,0.00,0.000,0.000,0.00,0.000,0.000,0.00,0.000,0.000,0.00,0.000,0.000,0.00,0.000,0.000,0.00,0.000,0.000,0.00,0.000,0.000,0.00,0.000,0.000,0.00,0.000,0.000,0.00,0.000,0.000,0.00,0.000,0.000,0.00
98.5978,0.000,0.000,0.00,0.92,0.00,0.000,0.000,0.00,0.000,0.000,0.00,0.000,0.000,0.00,0.000,0.000,0.00,0.000,0.000,0.00,0.000,0.000,0.00,0.000,0.000,0.00,0.000,0.000,0.00,0.000,0.000,0.00,0.000,0.000,0.00,0.000,0.000,0.00,0.000,0.000,0.00,0.000,0.000,0.00,0.000,0.000,0.00,0.000,0.000,0.00,0.000,0.000,0.00,0.000,0.000,0.00,0.000,0.000,0.00,0.000,0.000,0.00,0.000,0.000,0.00,0.000,0.000,0.00,0.000,0.000,0.00,0.000,0.000,0.00,0.000,0.000,0.00,0.000,0.000,0.00,0.000,0.000,0.00,0.000,0.000,0.00,0.000,0.000,0.00,0.000,0.000,0.00,0.000,0.000,0.00
98.6997,0.000,38906.650,33.50,2.47,0.00,0.000,1809.612,43.14,0.000,1316.081,36.28,0.000,1398.336,38.24,0.000,1316.081,35.30,0.000,1645.101,26.48,0.000,1110.443,32.36,0.000,1151.571,32.36,0.000,1233.826,26.48,0.000,1357.209,39.22,0.000,1110.443,18.63,0.000,1439.464,36.28,0.000,1192.699,49.03,0.000,1357.209,35.30,0.000,945.933,29.42,0.000,1274.954,32.36,0.000,1850.739,36.28,0.000,1274.954,27.46,0.000,1069.316,30.40,0.000,1028.188,28.44,0.000,1521.719,35.30,0.000,1233.826,31.38,0.000,1398.336,36.28,0.000,781.423,25.49,0.000,1316.081,35.30,0.000,1316.081,30.40,0.000,740.296,20.59,0.000,1645.101,36.28,0.000,1233.826,50.01,0.000,1603.974,37.26,0.000,1233.826,33.34
98.8018,0.000,575.446,0.82,0.77,0.00,0.000,0.000,0.00,0.000,0.000,0.00,0.000,0.000,0.00,0.000,0.000,0.00,0.000,0.000,0.00,0.000,0.000,0.00,0.000,0.000,0.00,0.000,0.000,0.00,0.000,0.000,0.00,0.000,0.000,0.00,0.000,0.000,0.00,0.000,369.930,16.66,0.000,0.000,0.00,0.000,0.000,0.00,0.000,0.000,0.00,0.000,0.000,0.00,0.000,0.000,0.00,0.000,0.000,0.00,0.000,0.000,0.00,0.000,0.000,0.00,0.000,0.000,0.00,0.000,0.000,0.00,0.000,0.000,0.00,0.000,0.000,0.00,0.000,0.000,0.00,0.000,0.000,0.00,0.000,0.000,0.00,0.000,205.517,7.84,0.000,0.000,0.00,0.000,0.000,0.00
98.9038,0.000,0.000,0.00,0.84,0.00,0.000,0.000,0.00,0.000,0.000,0.00,0.000,0.000,0.00,0.000,0.000,0.00,0.000,0.000,0.00,0.000,0.000,0.00,0.000,0.000,0.00,0.000,0.000,0.00,0.000,0.000,0.00,0.000,0.000,0.00,0.000,0.000,0.00,0.000,0.000,0.00,0.000,0.000,0.00,0.000,0.000,0.00,0.000,0.000,0.00,0.000,0.000,0.00,0.000,0.000,0.00,0.000,0.000,0.00,0.000,0.000,0.00,0.000,0.000,0.00,0.000,0.000,0.00,0.000,0.000,0.00,0.000,0.000,0.00,0.000,0.000,0.00,0.000,0.000,0.00,0.000,0.000,0.00,0.000,0.000,0.00,0.000,0.000,0.00,0.000,0.000,0.00,0.000,0.000,0.00
99.0059,0.000,0.000,0.00,1.07,0.00,0.000,0.000,0.00,0.000,0.000,0.00,0.000,0.000,0.00,0.000,0.000,0.00,0.000,0.000,0.00,0.000,0.000,0.00,0.000,0.000,0.00,0.000,0.000,0.00,0.000,0.000,0.00,0.000,0.000,0.00,0.000,0.000,0.00,0.000,0.000,0.00,0.000,0.000,0.00,0.000,0.000,0.00,0.000,0.000,0.00,0.000,0.000,0.00,0.000,0.000,0.00,0.000,0.000,0.00,0.000,0.000,0.00,0.000,0.000,0.00,0.000,0.000,0.00,0.000,0.000,0.00,0.000,0.000,0.00,0.000,0.000,0.00,0.000,0.000,0.00,0.000,0.000,0.00,0.000,0.000,0.00,0.000,0.000,0.00,0.000,0.000,0.00,0.000,0.000,0.00
99.1078,0.000,39477.622,36.01,3.07,0.00,0.000,1315.921,34.32,0.000,1151.431,31.37,0.000,1439.288,41.18,0.000,1439.288,35.30,0.000,1398.166,24.51,0.000,1439.288,42.16,0.000,904.696,25.49,0.000,1069.186,29.41,0.000,1274.798,41.18,0.000,1274.798,23.53,0.000,1274.798,34.32,0.000,1274.798,50.98,0.000,1439.288,39.22,0.000,1192.553,37.26,0.000,1315.921,38.24,0.000,1562.656,33.33,0.000,1439.288,29.41,0.000,1398.166,47.06,0.000,1357.043,38.24,0.000,986.941,29.41,0.000,1480.411,39.22,0.000,1357.043,35.30,0.000,1439.288,39.22,0.000,1439.288,38.24,0.000,1439.288,35.30,0.000,1562.656,39.22,0.000,1192.553,32.35,0.000,1192.553,48.04,0.000,986.941,30.39,0.000,1439.288,37.26
99.2099,0.000,0.000,0.00,0.92,0.00,0.000,0.000,0.00,0.000,0.000,0.00,0.000,0.000,0.00,0.000,0.000,0.00,0.000,0.000,0.00,0.000,0.000,0.00,0.000,0.000,0.00,0.000,0.000,0.00,0.000,0.000,0.00,0.000,0.000,0.00,0.000,0.000,0.00,0.000,0.000,0.00,0.000,0.000,0.00,0.000,0.000,0.00,0.000,0.000,0.00,0.000,0.000,0.00,0.000,0.000,0.00,0.000,0.000,0.00,0.000,0.000,0.00,0.000,0.000,0.00,0.000,0.000,0.00,0.000,0.000,0.00,0.000,0.000,0.00,0.000,0.000,0.00,0.000,0.000,0.00,0.000,0.000,0.00,0.000,0.000,0.00,0.000,0.000,0.00,0.000,0.000,0.00,0.000,0.000,0.00
99.3120,0.000,0.000,0.00,0.84,0.00,0.000,0.000,0.00,0.000,0.000,0.00,0.000,0.000,0.00,0.000,0.000,0.00,0.000,0.000,0.00,0.000,0.000,0.00,0.000,0.000,0.00,0.000,0.000,0.00,0.000,0.000,0.00,0.000,0.000,0.00,0.000,0.000,0.00,0.000,0.000,0.00,0.000,0.000,0.00,0.000,0.000,0.00,0.000,0.000,0.00,0.000,0.000,0.00,0.000,0.000,0.00,0.000,0.000,0.00,0.000,0.000,0.00,0.000,0.000,0.00,0.000,0.000,0.00,0.000,0.000,0.00,0.000,0.000,0.00,0.000,0.000,0.00,0.000,0.000,0.00,0.000,0.000,0.00,0.000,0.000,0.00,0.000,0.000,0.00,0.000,0.000,0.00,0.000,0.000,0.00
99.4140,0.000,0.000,0.00,0.92,0.00,0.000,0.000,0.00,0.000,0.000,0.00,0.000,0.000,0.00,0.000,0.000,0.00,0.000,0.000,0.00,0.000,0.000,0.00,0.000,0.000,0.00,0.000,0.000,0.00,0.000,0.000,0.00,0.000,0.000,0.00,0.000,0.000,0.00,0.000,0.000,0.00,0.000,0.000,0.00,0.000,0.000,0.00,0.000,0.000,0.00,0.000,0.000,0.00,0.000,0.000,0.00,0.000,0.000,0.00,0.000,0.000,0.00,0.000,0.000,0.00,0.000,0.000,0.00,0.000,0.000,0.00,0.000,0.000,0.00,0.000,0.000,0.00,0.000,0.000,0.00,0.000,0.000,0.00,0.000,0.000,0.00,0.000,0.000,0.00,0.000,0.000,0.00,0.000,0.000,0.00
99.5158,0.000,39525.152,34.00,2.24,0.00,0.000,1564.537,46.14,0.000,1605.709,43.19,0.000,1193.989,30.43,0.000,1441.021,36.32,0.000,1646.881,25.52,0.000,1399.849,38.28,0.000,1276.333,33.38,0.000,1729.225,37.30,0.000,1111.645,29.45,0.000,1152.817,24.54,0.000,1729.225,38.28,0.000,1399.849,53.99,0.000,1441.021,34.36,0.000,1358.677,32.39,0.000,988.129,27.49,0.000,1193.989,23.56,0.000,823.441,18.65,0.000,1482.193,40.25,0.000,905.785,25.52,0.000,1399.849,36.32,0.000,1358.677,35.34,0.000,1276.333,29.45,0.000,1441.021,37.30,0.000,1441.021,34.36,0.000,1070.473,25.52,0.000,1152.817,27.49,0.000,905.785,24.54,0.000,1441.021,56.93,0.000,1317.505,40.25,0.000,1276.333,33.38
99.6181,0.000,7.003,0.00,0.92,0.00,0.000,0.000,0.00,0.000,0.000,0.00,0.000,0.000,0.00,0.000,0.000,0.00,0.000,0.000,0.00,0.000,0.000,0.00,0.000,0.000,0.00,0.000,0.000,0.00,0.000,0.000,0.00,0.000,0.000,0.00,0.000,0.000,0.00,0.000,0.000,0.00,0.000,0.000,0.00,0.000,0.000,0.00,0.000,0.000,0.00,0.000,0.000,0.00,0.000,0.000,0.00,0.000,0.000,0.00,0.000,0.000,0.00,0.000,0.000,0.00,0.000,0.000,0.00,0.000,7.003,0.00,0.000,0.000,0.00,0.000,0.000,0.00,0.000,0.000,0.00,0.000,0.000,0.00,0.000,0.000,0.00,0.000,0.000,0.00,0.000,0.000,0.00,0.000,0.000,0.00
99.7201,0.000,0.000,0.00,0.77,0.00,0.000,0.000,0.00,0.000,0.000,0.00,0.000,0.000,0.00,0.000,0.000,0.00,0.000,0.000,0.00,0.000,0.000,0.00,0.000,0.000,0.00,0.000,0.000,0.00,0.000,0.000,0.00,0.000,0.000,0.00,0.000,0.000,0.00,0.000,0.000,0.00,0.000,0.000,0.00,0.000,0.000,0.00,0.000,0.000,0.00,0.000,0.000,0.00,0.000,0.000,0.00,0.000,0.000,0.00,0.000,0.000,0.00,0.000,0.000,0.00,0.000,0.000,0.00,0.000,0.000,0.00,0.000,0.000,0.00,0.000,0.000,0.00,0.000,0.000,0.00,0.000,0.000,0.00,0.000,0.000,0.00,0.000,0.000,0.00,0.000,0.000,0.00,0.000,0.000,0.00
99.8221,0.000,0.000,0.00,0.77,0.00,0.000,0.000,0.00,0.000,0.000,0.00,0.000,0.000,0.00,0.000,0.000,0.00,0.000,0.000,0.00,0.000,0.000,0.00,0.000,0.000,0.00,0.000,0.000,0.00,0.000,0.000,0.00,0.000,0.000,0.00,0.000,0.000,0.00,0.000,0.000,0.00,0.000,0.000,0.00,0.000,0.000,0.00,0.000,0.000,0.00,0.000,0.000,0.00,0.000,0.000,0.00,0.000,0.000,0.00,0.000,0.000,0.00,0.000,0.000,0.00,0.000,0.000,0.00,0.000,0.000,0.00,0.000,0.000,0.00,0.000,0.000,0.00,0.000,0.000,0.00,0.000,0.000,0.00,0.000,0.000,0.00,0.000,0.000,0.00,0.000,0.000,0.00,0.000,0.000,0.00
99.9241,0.000,39502.211,33.81,2.84,0.00,0.000,1440.185,31.39,0.000,1728.222,42.19,0.000,1316.740,35.32,0.000,1933.962,44.15,0.000,1440.185,29.43,0.000,781.815,24.53,0.000,1522.481,37.28,0.000,1399.037,29.43,0.000,1316.740,33.36,0.000,1522.481,23.55,0.000,1316.740,32.37,0.000,905.259,35.32,0.000,1357.889,38.26,0.000,1275.592,35.32,0.000,1399.037,39.24,0.000,1399.037,29.43,0.000,1440.185,29.43,0.000,1316.740,37.28,0.000,1440.185,35.32,0.000,1316.740,36.30,0.000,1069.852,37.28,0.000,1440.185,34.34,0.000,1111.000,30.41,0.000,1316.740,33.36,0.000,946.407,26.49,0.000,1111.000,26.49,0.000,1152.148,26.49,0.000,1316.740,54.94,0.000,1316.740,35.32,0.000,1152.148,30.41
100.0261,0.000,0.000,0.00,0.77,0.00,0.000,0.000,0.00,0.000,0.000,0.00,0.000,0.000,0.00,0.000,0.000,0.00,0.000,0.000,0.00,0.000,0.000,0.00,0.000,0.000,0.00,0.000,0.000,0.00,0.000,0.000,0.00,0.000,0.000,0.00,0.000,0.000,0.00,0.000,0.000,0.00,0.000,0.000,0.00,0.000,0.000,0.00,0.000,0.000,0.00,0.000,0.000,0.00,0.000,0.000,0.00,0.000,0.000,0.00,0.000,0.000,0.00,0.000,0.000,0.00,0.000,0.000,0.00,0.000,0.000,0.00,0.000,0.000,0.00,0.000,0.000,0.00,0.000,0.000,0.00,0.000,0.000,0.00,0.000,0.000,0.00,0.000,0.000,0.00,0.000,0.000,0.00,0.000,0.000,0.00
100.1281,0.000,229.738,0.20,0.92,0.08,0.000,0.000,0.00,0.000,0.000,0.00,0.000,0.000,0.00,0.000,0.000,0.00,0.000,0.000,0.00,0.000,0.000,0.00,0.000,0.000,0.00,0.000,0.000,0.00,0.000,0.000,0.00,0.000,0.000,0.00,0.000,0.000,0.00,0.000,0.000,0.00,0.000,0.000,0.00,0.000,0.000,0.00,0.000,0.000,0.00,0.000,0.000,0.00,0.000,0.000,0.00,0.000,0.000,0.00,0.000,0.000,0.00,0.000,0.000,0.00,0.000,0.000,0.00,0.000,0.000,0.00,0.000,229.738,5.88,0.000,0.000,0.00,0.000,0.000,0.00,0.000,0.000,0.00,0.000,0.000,0.00,0.000,0.000,0.00,0.000,0.000,0.00,0.000,0.000,0.00
100.2301,0.000,0.000,0.00,0.84,0.00,0.000,0.000,0.00,0.000,0.000,0.00,0.000,0.000,0.00,0.000,0.000,0.00,0.000,0.000,0.00,0.000,0.000,0.00,0.000,0.000,0.00,0.000,0.000,0.00,0.000,0.000,0.00,0.000,0.000,0.00,0.000,0.000,0.00,0.000,0.000,0.00,0.000,0.000,0.00,0.000,0.000,0.00,0.000,0.000,0.00,0.000,0.000,0.00,0.000,0.000,0.00,0.000,0.000,0.00,0.000,0.000,0.00,0.000,0.000,0.00,0.000,0.000,0.00,0.000,0.000,0.00,0.000,0.000,0.00,0.000,0.000,0.00,0.000,0.000,0.00,0.000,0.000,0.00,0.000,0.000,0.00,0.000,0.000,0.00,0.000,0.000,0.00,0.000,0.000,0.00
100.3319,0.000,39527.671,34.82,2.32,0.00,0.000,1152.890,31.41,0.000,1399.938,36.32,0.000,1029.366,35.34,0.000,1317.589,34.36,0.000,1399.938,23.56,0.000,1358.764,35.34,0.000,1564.637,38.29,0.000,988.192,23.56,0.000,1399.938,33.38,0.000,1523.462,25.52,0.000,1399.938,35.34,0.000,1070.541,43.19,0.000,1276.414,35.34,0.000,1688.161,41.23,0.000,1235.240,34.36,0.000,1194.065,27.49,0.000,1358.764,28.47,0.000,1646.986,41.23,0.000,905.842,28.47,0.000,1523.462,44.18,0.000,1317.589,34.36,0.000,1441.113,37.30,0.000,1111.716,31.41,0.000,1317.589,37.30,0.000,1482.288,37.30,0.000,1152.890,34.36,0.000,1646.986,38.29,0.000,1646.986,66.75,0.000,1194.065,28.47,0.000,782.318,22.58
100.4340,0.000,0.000,0.00,0.92,0.00,0.000,0.000,0.00,0.000,0.000,0.00,0.000,0.000,0.00,0.000,0.000,0.00,0.000,0.000,0.00,0.000,0.000,0.00,0.000,0.000,0.00,0.000,0.000,0.00,0.000,0.000,0.00,0.000,0.000,0.00,0.000,0.000,0.00,0.000,0.000,0.00,0.000,0.000,0.00,0.000,0.000,0.00,0.000,0.000,0.00,0.000,0.000,0.00,0.000,0.000,0.00,0.000,0.000,0.00,0.000,0.000,0.00,0.000,0.000,0.00,0.000,0.000,0.00,0.000,0.000,0.00,0.000,0.000,0.00,0.000,0.000,0.00,0.000,0.000,0.00,0.000,0.000,0.00,0.000,0.000,0.00,0.000,0.000,0.00,0.000,0.000,0.00,0.000,0.000,0.00
100.5360,0.000,0.000,0.00,1.00,0.00,0.000,0.000,0.00,0.000,0.000,0.00,0.000,0.000,0.00,0.000,0.000,0.00,0.000,0.000,0.00,0.000,0.000,0.00,0.000,0.000,0.00,0.000,0.000,0.00,0.000,0.000,0.00,0.000,0.000,0.00,0.000,0.000,0.00,0.000,0.000,0.00,0.000,0.000,0.00,0.000,0.000,0.00,0.000,0.000,0.00,0.000,0.000,0.00,0.000,0.000,0.00,0.000,0.000,0.00,0.000,0.000,0.00,0.000,0.000,0.00,0.000,0.000,0.00,0.000,0.000,0.00,0.000,0.000,0.00,0.000,0.000,0.00,0.000,0.000,0.00,0.000,0.000,0.00,0.000,0.000,0.00,0.000,0.000,0.00,0.000,0.000,0.00,0.000,0.000,0.00
100.6380,0.000,6.924,0.07,0.77,0.00,0.000,0.000,0.00,0.000,0.000,0.00,0.000,0.000,0.00,0.000,0.000,0.00,0.000,0.000,0.00,0.000,0.000,0.00,0.000,0.000,0.00,0.000,0.000,0.00,0.000,0.000,0.00,0.000,0.000,0.00,0.000,0.000,0.00,0.000,0.000,0.00,0.000,0.000,0.00,0.000,0.000,0.00,0.000,0.000,0.00,0.000,0.000,0.00,0.000,0.000,0.00,0.000,0.000,0.00,0.000,0.000,0.00,0.000,0.000,0.00,0.000,0.000,0.00,0.000,0.000,0.00,0.000,0.000,0.00,0.000,0.000,0.00,0.000,0.000,0.00,0.000,0.000,0.00,0.000,0.000,0.00,0.000,6.924,1.96,0.000,0.000,0.00,0.000,0.000,0.00
100.7400,0.000,39481.659,34.74,2.93,0.00,0.000,1274.929,33.34,0.000,1398.309,35.30,0.000,1274.929,32.36,0.000,1316.055,37.26,0.000,1028.168,16.67,0.000,1192.675,32.36,0.000,1439.435,37.26,0.000,1521.689,30.40,0.000,1233.802,33.34,0.000,1028.168,17.65,0.000,1316.055,33.34,0.000,1192.675,50.01,0.000,1357.182,36.28,0.000,1357.182,36.28,0.000,1028.168,30.40,0.000,1480.562,25.49,0.000,1686.196,46.09,0.000,1151.548,32.36,0.000,1274.929,34.32,0.000,1603.942,40.20,0.000,1603.942,41.18,0.000,945.915,28.44,0.000,1357.182,37.26,0.000,1233.802,32.36,0.000,1645.069,43.14,0.000,1110.422,29.42,0.000,1398.309,33.34,0.000,1480.562,58.83,0.000,1439.435,36.28,0.000,1110.422,31.38
100.8421,0.000,0.000,0.00,0.84,0.00,0.000,0.000,0.00,0.000,0.000,0.00,0.000,0.000,0.00,0.000,0.000,0.00,0.000,0.000,0.00,0.000,0.000,0.00,0.000,0.000,0.00,0.000,0.000,0.00,0.000,0.000,0.00,0.000,0.000,0.00,0.000,0.000,0.00,0.000,0.000,0.00,0.000,0.000,0.00,0.000,0.000,0.00,0.000,0.000,0.00,0.000,0.000,0.00,0.000,0.000,0.00,0.000,0.000,0.00,0.000,0.000,0.00,0.000,0.000,0.00,0.000,0.000,0.00,0.000,0.000,0.00,0.000,0.000,0.00,0.000,0.000,0.00,0.000,0.000,0.00,0.000,0.000,0.00,0.000,0.000,0.00,0.000,0.000,0.00,0.000,0.000,0.00,0.000,0.000,0.00
100.9441,0.000,0.000,0.00,0.77,0.00,0.000,0.000,0.00,0.000,0.000,0.00,0.000,0.000,0.00,0.000,0.000,0.00,0.000,0.000,0.00,0.000,0.000,0.00,0.000,0.000,0.00,0.000,0.000,0.00,0.000,0.000,0.00,0.000,0.000,0.00,0.000,0.000,0.00,0.000,0.000,0.00,0.000,0.000,0.00,0.000,0.000,0.00,0.000,0.000,0.00,0.000,0.000,0.00,0.000,0.000,0.00,0.000,0.000,0.00,0.000,0.000,0.00,0.000,0.000,0.00,0.000,0.000,0.00,0.000,0.000,0.00,0.000,0.000,0.00,0.000,0.000,0.00,0.000,0.000,0.00,0.000,0.000,0.00,0.000,0.000,0.00,0.000,0.000,0.00,0.000,0.000,0.00,0.000,0.000,0.00
101.0463,0.000,0.000,0.00,0.84,0.00,0.000,0.000,0.00,0.000,0.000,0.00,0.000,0.000,0.00,0.000,0.000,0.00,0.000,0.000,0.00,0.000,0.000,0.00,0.000,0.000,0.00,0.000,0.000,0.00,0.000,0.000,0.00,0.000,0.000,0.00,0.000,0.000,0.00,0.000,0.000,0.00,0.000,0.000,0.00,0.000,0.000,0.00,0.000,0.000,0.00,0.000,0.000,0.00,0.000,0.000,0.00,0.000,0.000,0.00,0.000,0.000,0.00,0.000,0.000,0.00,0.000,0.000,0.00,0.000,0.000,0.00,0.000,0.000,0.00,0.000,0.000,0.00,0.000,0.000,0.00,0.000,0.000,0.00,0.000,0.000,0.00,0.000,0.000,0.00,0.000,0.000,0.00,0.000,0.000,0.00
101.1483,0.000,39459.707,34.86,2.62,0.00,0.000,1068.700,28.42,0.000,1767.466,42.14,0.000,1315.324,32.34,0.000,1438.635,36.26,0.000,1109.804,22.54,0.000,1274.220,32.34,0.000,1808.570,49.00,0.000,1027.597,18.62,0.000,986.493,28.42,0.000,986.493,16.66,0.000,1438.635,36.26,0.000,1150.908,49.98,0.000,1397.531,37.24,0.000,1027.597,31.36,0.000,1561.947,43.12,0.000,1109.804,27.44,0.000,1479.739,26.46,0.000,1109.804,31.36,0.000,1233.116,34.30,0.000,1603.051,42.14,0.000,1808.570,43.12,0.000,1315.324,32.34,0.000,1520.843,40.18,0.000,945.389,26.46,0.000,1274.220,30.38,0.000,1192.012,30.38,0.000,1520.843,37.24,0.000,1726.362,69.58,0.000,1109.804,37.24,0.000,1150.908,32.34
101.2505,0.000,0.000,0.00,0.84,0.00,0.000,0.000,0.00,0.000,0.000,0.00,0.000,0.000,0.00,0.000,0.000,0.00,0.000,0.000,0.00,0.000,0.000,0.00,0.000,0.000,0.00,0.000,0.000,0.00,0.000,0.000,0.00,0.000,0.000,0.00,0.000,0.000,0.00,0.000,0.000,0.00,0.000,0.000,0.00,0.000,0.000,0.00,0.000,0.000,0.00,0.000,0.000,0.00,0.000,0.000,0.00,0.000,0.000,0.00,0.000,0.000,0.00,0.000,0.000,0.00,0.000,0.000,0.00,0.000,0.000,0.00,0.000,0.000,0.00,0.000,0.000,0.00,0.000,0.000,0.00,0.000,0.000,0.00,0.000,0.000,0.00,0.000,0.000,0.00,0.000,0.000,0.00,0.000,0.000,0.00
101.3525,0.000,0.000,0.00,0.84,0.00,0.000,0.000,0.00,0.000,0.000,0.00,0.000,0.000,0.00,0.000,0.000,0.00,0.000,0.000,0.00,0.000,0.000,0.00,0.000,0.000,0.00,0.000,0.000,0.00,0.000,0.000,0.00,0.000,0.000,0.00,0.000,0.000,0.00,0.000,0.000,0.00,0.000,0.000,0.00,0.000,0.000,0.00,0.000,0.000,0.00,0.000,0.000,0.00,0.000,0.000,0.00,0.000,0.000,0.00,0.000,0.000,0.00,0.000,0.000,0.00,0.000,0.000,0.00,0.000,0.000,0.00,0.000,0.000,0.00,0.000,0.000,0.00,0.000,0.000,0.00,0.000,0.000,0.00,0.000,0.000,0.00,0.000,0.000,0.00,0.000,0.000,0.00,0.000,0.000,0.00
101.4547,0.000,6558.636,6.85,1.28,0.00,0.000,325.632,8.80,0.000,169.226,6.85,0.000,197.431,6.85,0.000,212.815,7.82,0.000,323.068,7.82,0.000,241.019,6.85,0.000,261.531,7.82,0.000,251.275,7.82,0.000,241.019,6.85,0.000,369.221,6.85,0.000,189.738,5.87,0.000,130.766,5.87,0.000,230.763,7.82,0.000,205.123,7.82,0.000,197.431,4.89,0.000,258.967,5.87,0.000,223.071,6.85,0.000,133.330,5.87,0.000,171.790,6.85,0.000,174.354,6.85,0.000,258.967,7.82,0.000,94.869,6.85,0.000,258.967,7.82,0.000,125.477,4.89,0.000,230.763,6.85,0.000,182.046,6.85,0.000,282.044,6.85,0.000,233.327,7.82,0.000,256.403,5.87,0.000,128.202,4.89
101.5585,0.000,32324.732,28.80,2.38,0.00,0.000,972.111,26.01,0.000,1004.935,27.93,0.000,1017.560,23.12,0.000,1164.008,29.86,0.000,853.437,13.48,0.000,974.636,26.97,0.000,1035.235,33.71,0.000,1166.533,23.12,0.000,732.239,18.30,0.000,888.787,13.48,0.000,1186.733,30.82,0.000,1366.005,60.68,0.000,863.537,26.01,0.000,1050.385,27.93,0.000,977.161,27.93,0.000,1078.159,22.15,0.000,1153.908,24.08,0.000,959.486,27.93,0.000,921.611,26.01,0.000,1121.084,28.90,0.000,1320.556,32.75,0.000,1441.754,35.64,0.000,835.763,23.12,0.000,1250.014,31.79,0.000,1146.333,27.93,0.000,1315.506,33.71,0.000,1136.233,26.97,0.000,1063.009,47.20,0.000,999.885,27.93,0.000,1328.130,38.53
101.6604,0.000,0.000,0.00,0.77,0.00,0.000,0.000,0.00,0.000,0.000,0.00,0.000,0.000,0.00,0.000,0.000,0.00,0.000,0.000,0.00,0.000,0.000,0.00,0.000,0.000,0.00,0.000,0.000,0.00,0.000,0.000,0.00,0.000,0.000,0.00,0.000,0.000,0.00,0.000,0.000,0.00,0.000,0.000,0.00,0.000,0.000,0.00,0.000,0.000,0.00,0.000,0.000,0.00,0.000,0.000,0.00,0.000,0.000,0.00,0.000,0.000,0.00,0.000,0.000,0.00,0.000,0.000,0.00,0.000,0.000,0.00,0.000,0.000,0.00,0.000,0.000,0.00,0.000,0.000,0.00,0.000,0.000,0.00,0.000,0.000,0.00,0.000,0.000,0.00,0.000,0.000,0.00,0.000,0.000,0.00
101.7626,0.000,0.000,0.00,0.85,0.00,0.000,0.000,0.00,0.000,0.000,0.00,0.000,0.000,0.00,0.000,0.000,0.00,0.000,0.000,0.00,0.000,0.000,0.00,0.000,0.000,0.00,0.000,0.000,0.00,0.000,0.000,0.00,0.000,0.000,0.00,0.000,0.000,0.00,0.000,0.000,0.00,0.000,0.000,0.00,0.000,0.000,0.00,0.000,0.000,0.00,0.000,0.000,0.00,0.000,0.000,0.00,0.000,0.000,0.00,0.000,0.000,0.00,0.000,0.000,0.00,0.000,0.000,0.00,0.000,0.000,0.00,0.000,0.000,0.00,0.000,0.000,0.00,0.000,0.000,0.00,0.000,0.000,0.00,0.000,0.000,0.00,0.000,0.000,0.00,0.000,0.000,0.00,0.000,0.000,0.00
101.8638,0.000,26294.187,24.44,2.49,0.00,0.000,929.828,27.66,0.000,826.226,22.72,0.000,823.636,24.70,0.000,857.307,25.69,0.000,1199.193,26.68,0.000,888.387,25.69,0.000,919.468,26.68,0.000,1240.634,23.71,0.000,795.145,23.71,0.000,1300.205,20.75,0.000,826.226,22.72,0.000,577.581,24.70,0.000,758.885,23.71,0.000,846.946,26.68,0.000,870.257,25.69,0.000,916.878,24.70,0.000,1235.454,24.70,0.000,748.524,23.71,0.000,859.897,24.70,0.000,629.382,25.69,0.000,911.698,26.68,0.000,751.114,22.72,0.000,802.915,22.72,0.000,808.096,21.74,0.000,875.437,22.72,0.000,914.288,24.70,0.000,901.337,24.70,0.000,673.413,26.68,0.000,756.295,21.74,0.000,849.536,23.71
101.9679,0.000,13114.760,10.02,1.07,0.00,0.000,425.575,8.65,0.000,486.012,9.61,0.000,407.948,8.65,0.000,334.920,7.68,0.000,365.138,6.72,0.000,264.410,4.80,0.000,234.192,3.84,0.000,203.974,3.84,0.000,435.648,8.65,0.000,105.764,1.92,0.000,486.012,10.57,0.000,606.885,27.86,0.000,672.358,18.25,0.000,627.031,9.61,0.000,0.000,0.00,0.000,115.837,1.92,0.000,128.428,1.92,0.000,279.520,5.76,0.000,533.857,16.33,0.000,475.939,9.61,0.000,483.493,9.61,0.000,921.659,17.29,0.000,790.713,15.37,0.000,221.601,5.76,0.000,639.622,13.45,0.000,601.849,12.49,0.000,654.731,13.45,0.000,554.003,24.02,0.000,151.092,2.88,0.000,906.550,20.17
102.0700,0.000,0.000,0.00,1.15,0.00,0.000,0.000,0.00,0.000,0.000,0.00,0.000,0.000,0.00,0.000,0.000,0.00,0.000,0.000,0.00,0.000,0.000,0.00,0.000,0.000,0.00,0.000,0.000,0.00,0.000,0.000,0.00,0.000,0.000,0.00,0.000,0.000,0.00,0.000,0.000,0.00,0.000,0.000,0.00,0.000,0.000,0.00,0.000,0.000,0.00,0.000,0.000,0.00,0.000,0.000,0.00,0.000,0.000,0.00,0.000,0.000,0.00,0.000,0.000,0.00,0.000,0.000,0.00,0.000,0.000,0.00,0.000,0.000,0.00,0.000,0.000,0.00,0.000,0.000,0.00,0.000,0.000,0.00,0.000,0.000,0.00,0.000,0.000,0.00,0.000,0.000,0.00,0.000,0.000,0.00
102.1720,0.000,0.000,0.00,0.84,0.00,0.000,0.000,0.00,0.000,0.000,0.00,0.000,0.000,0.00,0.000,0.000,0.00,0.000,0.000,0.00,0.000,0.000,0.00,0.000,0.000,0.00,0.000,0.000,0.00,0.000,0.000,0.00,0.000,0.000,0.00,0.000,0.000,0.00,0.000,0.000,0.00,0.000,0.000,0.00,0.000,0.000,0.00,0.000,0.000,0.00,0.000,0.000,0.00,0.000,0.000,0.00,0.000,0.000,0.00,0.000,0.000,0.00,0.000,0.000,0.00,0.000,0.000,0.00,0.000,0.000,0.00,0.000,0.000,0.00,0.000,0.000,0.00,0.000,0.000,0.00,0.000,0.000,0.00,0.000,0.000,0.00,0.000,0.000,0.00,0.000,0.000,0.00,0.000,0.000,0.00
102.2741,0.000,35586.153,31.14,2.98,0.00,0.000,862.596,22.52,0.000,1219.444,35.26,0.000,1121.888,31.34,0.000,1073.111,30.36,0.000,1191.204,18.61,0.000,1139.217,34.28,0.000,1109.052,32.32,0.000,1478.736,31.34,0.000,1180.935,32.32,0.000,1437.660,23.50,0.000,1273.356,31.34,0.000,789.991,33.30,0.000,944.748,31.34,0.000,1301.596,32.32,0.000,1253.114,35.26,0.000,1396.584,29.38,0.000,1519.812,31.34,0.000,1067.976,29.38,0.000,1109.052,31.34,0.000,1427.391,35.26,0.000,1021.766,34.28,0.000,1219.444,32.32,0.000,1168.099,32.32,0.000,1191.204,27.42,0.000,1337.537,32.32,0.000,1270.789,32.32,0.000,1273.356,30.36,0.000,857.462,34.28,0.000,1237.415,34.28,0.000,1111.619,32.32
102.3770,0.000,3816.459,3.27,0.84,0.00,0.000,0.000,0.00,0.000,53.483,0.97,0.000,272.508,4.86,0.000,76.404,1.94,0.000,0.000,0.00,0.000,92.321,1.94,0.000,0.000,0.00,0.000,0.000,0.00,0.000,91.685,1.94,0.000,0.000,0.00,0.000,0.000,0.00,0.000,520.263,24.29,0.000,0.000,0.00,0.000,379.473,12.63,0.000,20.374,0.00,0.000,0.000,0.00,0.000,0.000,0.00,0.000,0.000,0.00,0.000,0.000,0.00,0.000,91.685,0.97,0.000,208.838,2.91,0.000,216.478,2.91,0.000,185.916,2.91,0.000,0.000,0.00,0.000,221.572,3.89,0.000,2.547,0.00,0.000,0.000,0.00,0.000,494.079,21.37,0.000,198.650,3.89,0.000,690.183,10.69
102.4792,0.000,0.000,0.00,0.77,0.00,0.000,0.000,0.00,0.000,0.000,0.00,0.000,0.000,0.00,0.000,0.000,0.00,0.000,0.000,0.00,0.000,0.000,0.00,0.000,0.000,0.00,0.000,0.000,0.00,0.000,0.000,0.00,0.000,0.000,0.00,0.000,0.000,0.00,0.000,0.000,0.00,0.000,0.000,0.00,0.000,0.000,0.00,0.000,0.000,0.00,0.000,0.000,0.00,0.000,0.000,0.00,0.000,0.000,0.00,0.000,0.000,0.00,0.000,0.000,0.00,0.000,0.000,0.00,0.000,0.000,0.00,0.000,0.000,0.00,0.000,0.000,0.00,0.000,0.000,0.00,0.000,0.000,0.00,0.000,0.000,0.00,0.000,0.000,0.00,0.000,0.000,0.00,0.000,0.000,0.00
102.5811,0.000,0.000,0.00,0.84,0.00,0.000,0.000,0.00,0.000,0.000,0.00,0.000,0.000,0.00,0.000,0.000,0.00,0.000,0.000,0.00,0.000,0.000,0.00,0.000,0.000,0.00,0.000,0.000,0.00,0.000,0.000,0.00,0.000,0.000,0.00,0.000,0.000,0.00,0.000,0.000,0.00,0.000,0.000,0.00,0.000,0.000,0.00,0.000,0.000,0.00,0.000,0.000,0.00,0.000,0.000,0.00,0.000,0.000,0.00,0.000,0.000,0.00,0.000,0.000,0.00,0.000,0.000,0.00,0.000,0.000,0.00,0.000,0.000,0.00,0.000,0.000,0.00,0.000,0.000,0.00,0.000,0.000,0.00,0.000,0.000,0.00,0.000,0.000,0.00,0.000,0.000,0.00,0.000,0.000,0.00
102.6832,0.000,38847.310,33.82,2.62,0.00,0.000,1603.321,39.21,0.000,1479.988,38.23,0.000,1315.545,34.31,0.000,1438.878,37.25,0.000,1274.434,20.58,0.000,1315.545,34.31,0.000,1109.991,31.37,0.000,1233.324,26.46,0.000,1343.809,39.21,0.000,1315.731,27.44,0.000,1397.767,35.29,0.000,950.687,40.19,0.000,1479.988,33.33,0.000,945.548,30.38,0.000,1356.656,36.27,0.000,1233.324,24.50,0.000,1562.210,32.35,0.000,1109.991,28.42,0.000,1068.880,31.37,0.000,1479.988,38.23,0.000,1647.001,38.23,0.000,1027.770,29.40,0.000,1274.434,39.21,0.000,1068.880,30.38,0.000,1438.878,37.25,0.000,1315.545,33.33,0.000,1397.767,35.29,0.000,1009.784,39.21,0.000,1315.545,35.29,0.000,1336.101,38.23
102.7852,0.000,619.367,0.75,0.92,0.00,0.000,0.000,0.00,0.000,0.000,0.00,0.000,0.000,0.00,0.000,0.000,0.00,0.000,0.000,0.00,0.000,0.000,0.00,0.000,0.000,0.00,0.000,0.000,0.00,0.000,53.970,0.98,0.000,0.000,0.00,0.000,0.000,0.00,0.000,406.058,17.65,0.000,0.000,0.00,0.000,0.000,0.00,0.000,0.000,0.00,0.000,0.000,0.00,0.000,0.000,0.00,0.000,0.000,0.00,0.000,0.000,0.00,0.000,0.000,0.00,0.000,38.550,0.98,0.000,0.000,0.00,0.000,0.000,0.00,0.000,0.000,0.00,0.000,0.000,0.00,0.000,0.000,0.00,0.000,0.000,0.00,0.000,17.990,0.98,0.000,0.000,0.00,0.000,102.800,1.96
102.8872,0.000,0.000,0.00,0.77,0.00,0.000,0.000,0.00,0.000,0.000,0.00,0.000,0.000,0.00,0.000,0.000,0.00,0.000,0.000,0.00,0.000,0.000,0.00,0.000,0.000,0.00,0.000,0.000,0.00,0.000,0.000,0.00,0.000,0.000,0.00,0.000,0.000,0.00,0.000,0.000,0.00,0.000,0.000,0.00,0.000,0.000,0.00,0.000,0.000,0.00,0.000,0.000,0.00,0.000,0.000,0.00,0.000,0.000,0.00,0.000,0.000,0.00,0.000,0.000,0.00,0.000,0.000,0.00,0.000,0.000,0.00,0.000,0.000,0.00,0.000,0.000,0.00,0.000,0.000,0.00,0.000,0.000,0.00,0.000,0.000,0.00,0.000,0.000,0.00,0.000,0.000,0.00,0.000,0.000,0.00
102.9893,0.000,19569.650,15.81,1.76,2.67,0.000,693.596,17.64,0.000,665.339,16.66,0.000,624.237,15.68,0.000,616.530,15.68,0.000,945.346,14.70,0.000,588.272,16.66,0.000,631.943,14.70,0.000,850.298,14.70,0.000,629.374,16.66,0.000,909.382,14.70,0.000,616.530,14.70,0.000,313.403,15.68,0.000,639.650,15.68,0.000,629.374,16.66,0.000,650.808,16.66,0.000,842.591,15.68,0.000,757.818,13.72,0.000,590.841,15.68,0.000,696.165,16.66,0.000,667.908,16.66,0.000,679.829,17.64,0.000,657.632,12.74,0.000,524.051,15.68,0.000,642.219,16.66,0.000,716.716,14.70,0.000,801.489,16.66,0.000,328.816,14.70,0.000,446.984,17.64,0.000,593.410,16.66,0.000,619.099,15.68
103.0923,0.000,13532.365,9.29,16.25,3.02,0.000,371.608,5.83,0.000,521.778,10.68,0.000,766.123,13.59,0.000,162.897,2.91,0.000,0.000,0.00,0.000,598.136,8.74,0.000,391.970,7.77,0.000,623.588,10.68,0.000,638.860,9.71,0.000,279.978,2.91,0.000,0.000,0.00,0.000,666.858,26.22,0.000,221.438,4.85,0.000,804.620,16.51,0.000,498.513,10.68,0.000,346.155,5.83,0.000,389.425,5.83,0.000,315.329,6.80,0.000,491.235,15.54,0.000,152.716,2.91,0.000,306.734,7.77,0.000,529.414,7.77,0.000,702.491,14.56,0.000,178.168,1.94,0.000,677.829,10.68,0.000,386.879,5.83,0.000,814.483,14.56,0.000,656.677,26.22,0.000,307.976,6.80,0.000,730.489,14.56
103.1942,0.000,73.254,2.16,12.88,0.00,0.000,0.000,0.00,0.000,0.000,0.00,0.000,2.200,1.96,0.000,5.093,4.90,0.000,3.571,1.96,0.000,5.550,2.94,0.000,2.968,1.96,0.000,2.667,2.94,0.000,0.000,0.00,0.000,3.495,5.89,0.000,1.994,0.98,0.000,3.154,4.90,0.000,3.144,1.96,0.000,1.461,0.98,0.000,1.687,6.87,0.000,3.089,0.98,0.000,3.069,0.98,0.000,0.000,0.00,0.000,2.908,4.90,0.000,2.978,1.96,0.000,2.546,0.00,0.000,1.607,0.00,0.000,0.000,0.00,0.000,0.000,0.00,0.000,3.556,3.92,0.000,4.415,2.94,0.000,4.214,3.92,0.000,0.000,0.00,0.000,2.416,3.92,0.000,5.474,2.94
103.2962,0.000,33.590,1.63,4.38,0.00,0.000,0.964,1.96,0.000,2.169,2.94,0.000,0.000,0.00,0.000,0.577,0.98,0.000,0.000,0.00,0.000,1.285,1.96,0.000,0.000,0.00,0.000,0.000,0.00,0.000,3.339,1.96,0.000,0.000,0.00,0.000,1.064,0.98,0.000,1.190,3.92,0.000,1.280,1.96,0.000,0.276,0.98,0.000,0.000,0.00,0.000,1.496,1.96,0.000,1.391,0.98,0.000,0.000,0.00,0.000,0.000,0.00,0.000,1.175,1.96,0.000,1.064,1.96,0.000,0.979,1.96,0.000,9.214,6.86,0.000,2.254,1.96,0.000,0.758,1.96,0.000,0.512,1.96,0.000,0.482,0.98,0.000,2.119,8.83,0.000,0.000,0.00,0.000,0.000,0.00
103.3981,0.000,1.312,0.13,0.54,0.00,0.000,0.000,0.00,0.000,0.000,0.00,0.000,0.000,0.00,0.000,0.000,0.00,0.000,0.000,0.00,0.000,0.030,0.00,0.000,1.281,3.93,0.000,0.000,0.00,0.000,0.000,0.00,0.000,0.000,0.00,0.000,0.000,0.00,0.000,0.000,0.00,0.000,0.000,0.00,0.000,0.000,0.00,0.000,0.000,0.00,0.000,0.000,0.00,0.000,0.000,0.00,0.000,0.000,0.00,0.000,0.000,0.00,0.000,0.000,0.00,0.000,0.000,0.00,0.000,0.000,0.00,0.000,0.000,0.00,0.000,0.000,0.00,0.000,0.000,0.00,0.000,0.000,0.00,0.000,0.000,0.00,0.000,0.000,0.00,0.000,0.000,0.00,0.000,0.000,0.00
103.4995,0.000,0.000,0.00,0.00,0.00,0.000,0.000,0.00,0.000,0.000,0.00,0.000,0.000,0.00,0.000,0.000,0.00,0.000,0.000,0.00,0.000,0.000,0.00,0.000,0.000,0.00,0.000,0.000,0.00,0.000,0.000,0.00,0.000,0.000,0.00,0.000,0.000,0.00,0.000,0.000,0.00,0.000,0.000,0.00,0.000,0.000,0.00,0.000,0.000,0.00,0.000,0.000,0.00,0.000,0.000,0.00,0.000,0.000,0.00,0.000,0.000,0.00,0.000,0.000,0.00,0.000,0.000,0.00,0.000,0.000,0.00,0.000,0.000,0.00,0.000,0.000,0.00,0.000,0.000,0.00,0.000,0.000,0.00,0.000,0.000,0.00,0.000,0.000,0.00,0.000,0.000,0.00,0.000,0.000,0.00
103.6011,0.000,0.000,0.00,0.31,0.00,0.000,0.000,0.00,0.000,0.000,0.00,0.000,0.000,0.00,0.000,0.000,0.00,0.000,0.000,0.00,0.000,0.000,0.00,0.000,0.000,0.00,0.000,0.000,0.00,0.000,0.000,0.00,0.000,0.000,0.00,0.000,0.000,0.00,0.000,0.000,0.00,0.000,0.000,0.00,0.000,0.000,0.00,0.000,0.000,0.00,0.000,0.000,0.00,0.000,0.000,0.00,0.000,0.000,0.00,0.000,0.000,0.00,0.000,0.000,0.00,0.000,0.000,0.00,0.000,0.000,0.00,0.000,0.000,0.00,0.000,0.000,0.00,0.000,0.000,0.00,0.000,0.000,0.00,0.000,0.000,0.00,0.000,0.000,0.00,0.000,0.000,0.00,0.000,0.000,0.00
103.7022,0.000,0.000,0.00,0.00,0.00,0.000,0.000,0.00,0.000,0.000,0.00,0.000,0.000,0.00,0.000,0.000,0.00,0.000,0.000,0.00,0.000,0.000,0.00,0.000,0.000,0.00,0.000,0.000,0.00,0.000,0.000,0.00,0.000,0.000,0.00,0.000,0.000,0.00,0.000,0.000,0.00,0.000,0.000,0.00,0.000,0.000,0.00,0.000,0.000,0.00,0.000,0.000,0.00,0.000,0.000,0.00,0.000,0.000,0.00,0.000,0.000,0.00,0.000,0.000,0.00,0.000,0.000,0.00,0.000,0.000,0.00,0.000,0.000,0.00,0.000,0.000,0.00,0.000,0.000,0.00,0.000,0.000,0.00,0.000,0.000,0.00,0.000,0.000,0.00,0.000,0.000,0.00,0.000,0.000,0.00
103.8033,0.000,0.000,0.00,0.15,0.00,0.000,0.000,0.00,0.000,0.000,0.00,0.000,0.000,0.00,0.000,0.000,0.00,0.000,0.000,0.00,0.000,0.000,0.00,0.000,0.000,0.00,0.000,0.000,0.00,0.000,0.000,0.00,0.000,0.000,0.00,0.000,0.000,0.00,0.000,0.000,0.00,0.000,0.000,0.00,0.000,0.000,0.00,0.000,0.000,0.00,0.000,0.000,0.00,0.000,0.000,0.00,0.000,0.000,0.00,0.000,0.000,0.00,0.000,0.000,0.00,0.000,0.000,0.00,0.000,0.000,0.00,0.000,0.000,0.00,0.000,0.000,0.00,0.000,0.000,0.00,0.000,0.000,0.00,0.000,0.000,0.00,0.000,0.000,0.00,0.000,0.000,0.00,0.000,0.000,0.00
103.9052,0.000,0.000,0.00,0.00,0.00,0.000,0.000,0.00,0.000,0.000,0.00,0.000,0.000,0.00,0.000,0.000,0.00,0.000,0.000,0.00,0.000,0.000,0.00,0.000,0.000,0.00,0.000,0.000,0.00,0.000,0.000,0.00,0.000,0.000,0.00,0.000,0.000,0.00,0.000,0.000,0.00,0.000,0.000,0.00,0.000,0.000,0.00,0.000,0.000,0.00,0.000,0.000,0.00,0.000,0.000,0.00,0.000,0.000,0.00,0.000,0.000,0.00,0.000,0.000,0.00,0.000,0.000,0.00,0.000,0.000,0.00,0.000,0.000,0.00,0.000,0.000,0.00,0.000,0.000,0.00,0.000,0.000,0.00,0.000,0.000,0.00,0.000,0.000,0.00,0.000,0.000,0.00,0.000,0.000,0.00
104.0061,0.000,0.000,0.00,0.08,0.00,0.000,0.000,0.00,0.000,0.000,0.00,0.000,0.000,0.00,0.000,0.000,0.00,0.000,0.000,0.00,0.000,0.000,0.00,0.000,0.000,0.00,0.000,0.000,0.00,0.000,0.000,0.00,0.000,0.000,0.00,0.000,0.000,0.00,0.000,0.000,0.00,0.000,0.000,0.00,0.000,0.000,0.00,0.000,0.000,0.00,0.000,0.000,0.00,0.000,0.000,0.00,0.000,0.000,0.00,0.000,0.000,0.00,0.000,0.000,0.00,0.000,0.000,0.00,0.000,0.000,0.00,0.000,0.000,0.00,0.000,0.000,0.00,0.000,0.000,0.00,0.000,0.000,0.00,0.000,0.000,0.00,0.000,0.000,0.00,0.000,0.000,0.00,0.000,0.000,0.00
104.1072,0.000,0.000,0.00,0.08,0.00,0.000,0.000,0.00,0.000,0.000,0.00,0.000,0.000,0.00,0.000,0.000,0.00,0.000,0.000,0.00,0.000,0.000,0.00,0.000,0.000,0.00,0.000,0.000,0.00,0.000,0.000,0.00,0.000,0.000,0.00,0.000,0.000,0.00,0.000,0.000,0.00,0.000,0.000,0.00,0.000,0.000,0.00,0.000,0.000,0.00,0.000,0.000,0.00,0.000,0.000,0.00,0.000,0.000,0.00,0.000,0.000,0.00,0.000,0.000,0.00,0.000,0.000,0.00,0.000,0.000,0.00,0.000,0.000,0.00,0.000,0.000,0.00,0.000,0.000,0.00,0.000,0.000,0.00,0.000,0.000,0.00,0.000,0.000,0.00,0.000,0.000,0.00,0.000,0.000,0.00
104.2084,0.000,1.681,0.00,0.00,0.00,0.000,0.000,0.00,0.000,0.000,0.00,0.000,0.000,0.00,0.000,0.000,0.00,0.000,0.000,0.00,0.000,0.000,0.00,0.000,0.000,0.00,0.000,0.000,0.00,0.000,0.000,0.00,0.000,0.000,0.00,0.000,0.000,0.00,0.000,0.000,0.00,0.000,0.000,0.00,0.000,0.000,0.00,0.000,0.000,0.00,0.000,0.000,0.00,0.000,0.000,0.00,0.000,0.000,0.00,0.000,0.000,0.00,0.000,0.000,0.00,0.000,0.000,0.00,0.000,0.000,0.00,0.000,0.000,0.00,0.000,0.000,0.00,0.000,0.000,0.00,0.000,1.681,0.00,0.000,0.000,0.00,0.000,0.000,0.00,0.000,0.000,0.00,0.000,0.000,0.00
104.3095,0.000,0.000,0.00,0.00,0.00,0.000,0.000,0.00,0.000,0.000,0.00,0.000,0.000,0.00,0.000,0.000,0.00,0.000,0.000,0.00,0.000,0.000,0.00,0.000,0.000,0.00,0.000,0.000,0.00,0.000,0.000,0.00,0.000,0.000,0.00,0.000,0.000,0.00,0.000,0.000,0.00,0.000,0.000,0.00,0.000,0.000,0.00,0.000,0.000,0.00,0.000,0.000,0.00,0.000,0.000,0.00,0.000,0.000,0.00,0.000,0.000,0.00,0.000,0.000,0.00,0.000,0.000,0.00,0.000,0.000,0.00,0.000,0.000,0.00,0.000,0.000,0.00,0.000,0.000,0.00,0.000,0.000,0.00,0.000,0.000,0.00,0.000,0.000,0.00,0.000,0.000,0.00,0.000,0.000,0.00
104.4106,0.000,0.000,0.00,0.08,0.00,0.000,0.000,0.00,0.000,0.000,0.00,0.000,0.000,0.00,0.000,0.000,0.00,0.000,0.000,0.00,0.000,0.000,0.00,0.000,0.000,0.00,0.000,0.000,0.00,0.000,0.000,0.00,0.000,0.000,0.00,0.000,0.000,0.00,0.000,0.000,0.00,0.000,0.000,0.00,0.000,0.000,0.00,0.000,0.000,0.00,0.000,0.000,0.00,0.000,0.000,0.00,0.000,0.000,0.00,0.000,0.000,0.00,0.000,0.000,0.00,0.000,0.000,0.00,0.000,0.000,0.00,0.000,0.000,0.00,0.000,0.000,0.00,0.000,0.000,0.00,0.000,0.000,0.00,0.000,0.000,0.00,0.000,0.000,0.00,0.000,0.000,0.00,0.000,0.000,0.00
104.5117,0.000,0.000,0.00,0.00,0.00,0.000,0.000,0.00,0.000,0.000,0.00,0.000,0.000,0.00,0.000,0.000,0.00,0.000,0.000,0.00,0.000,0.000,0.00,0.000,0.000,0.00,0.000,0.000,0.00,0.000,0.000,0.00,0.000,0.000,0.00,0.000,0.000,0.00,0.000,0.000,0.00,0.000,0.000,0.00,0.000,0.000,0.00,0.000,0.000,0.00,0.000,0.000,0.00,0.000,0.000,0.00,0.000,0.000,0.00,0.000,0.000,0.00,0.000,0.000,0.00,0.000,0.000,0.00,0.000,0.000,0.00,0.000,0.000,0.00,0.000,0.000,0.00,0.000,0.000,0.00,0.000,0.000,0.00,0.000,0.000,0.00,0.000,0.000,0.00,0.000,0.000,0.00,0.000,0.000,0.00
104.6126,0.000,0.000,0.00,0.00,0.00,0.000,0.000,0.00,0.000,0.000,0.00,0.000,0.000,0.00,0.000,0.000,0.00,0.000,0.000,0.00,0.000,0.000,0.00,0.000,0.000,0.00,0.000,0.000,0.00,0.000,0.000,0.00,0.000,0.000,0.00,0.000,0.000,0.00,0.000,0.000,0.00,0.000,0.000,0.00,0.000,0.000,0.00,0.000,0.000,0.00,0.000,0.000,0.00,0.000,0.000,0.00,0.000,0.000,0.00,0.000,0.000,0.00,0.000,0.000,0.00,0.000,0.000,0.00,0.000,0.000,0.00,0.000,0.000,0.00,0.000,0.000,0.00,0.000,0.000,0.00,0.000,0.000,0.00,0.000,0.000,0.00,0.000,0.000,0.00,0.000,0.000,0.00,0.000,0.000,0.00
104.7137,0.000,0.000,0.00,0.08,0.00,0.000,0.000,0.00,0.000,0.000,0.00,0.000,0.000,0.00,0.000,0.000,0.00,0.000,0.000,0.00,0.000,0.000,0.00,0.000,0.000,0.00,0.000,0.000,0.00,0.000,0.000,0.00,0.000,0.000,0.00,0.000,0.000,0.00,0.000,0.000,0.00,0.000,0.000,0.00,0.000,0.000,0.00,0.000,0.000,0.00,0.000,0.000,0.00,0.000,0.000,0.00,0.000,0.000,0.00,0.000,0.000,0.00,0.000,0.000,0.00,0.000,0.000,0.00,0.000,0.000,0.00,0.000,0.000,0.00,0.000,0.000,0.00,0.000,0.000,0.00,0.000,0.000,0.00,0.000,0.000,0.00,0.000,0.000,0.00,0.000,0.000,0.00,0.000,0.000,0.00
104.8148,0.000,0.000,0.00,0.08,0.00,0.000,0.000,0.00,0.000,0.000,0.00,0.000,0.000,0.00,0.000,0.000,0.00,0.000,0.000,0.00,0.000,0.000,0.00,0.000,0.000,0.00,0.000,0.000,0.00,0.000,0.000,0.00,0.000,0.000,0.00,0.000,0.000,0.00,0.000,0.000,0.00,0.000,0.000,0.00,0.000,0.000,0.00,0.000,0.000,0.00,0.000,0.000,0.00,0.000,0.000,0.00,0.000,0.000,0.00,0.000,0.000,0.00,0.000,0.000,0.00,0.000,0.000,0.00,0.000,0.000,0.00,0.000,0.000,0.00,0.000,0.000,0.00,0.000,0.000,0.00,0.000,0.000,0.00,0.000,0.000,0.00,0.000,0.000,0.00,0.000,0.000,0.00,0.000,0.000,0.00
104.9157,0.000,0.000,0.00,0.08,0.00,0.000,0.000,0.00,0.000,0.000,0.00,0.000,0.000,0.00,0.000,0.000,0.00,0.000,0.000,0.00,0.000,0.000,0.00,0.000,0.000,0.00,0.000,0.000,0.00,0.000,0.000,0.00,0.000,0.000,0.00,0.000,0.000,0.00,0.000,0.000,0.00,0.000,0.000,0.00,0.000,0.000,0.00,0.000,0.000,0.00,0.000,0.000,0.00,0.000,0.000,0.00,0.000,0.000,0.00,0.000,0.000,0.00,0.000,0.000,0.00,0.000,0.000,0.00,0.000,0.000,0.00,0.000,0.000,0.00,0.000,0.000,0.00,0.000,0.000,0.00,0.000,0.000,0.00,0.000,0.000,0.00,0.000,0.000,0.00,0.000,0.000,0.00,0.000,0.000,0.00
105.0168,0.000,0.000,0.00,0.00,0.00,0.000,0.000,0.00,0.000,0.000,0.00,0.000,0.000,0.00,0.000,0.000,0.00,0.000,0.000,0.00,0.000,0.000,0.00,0.000,0.000,0.00,0.000,0.000,0.00,0.000,0.000,0.00,0.000,0.000,0.00,0.000,0.000,0.00,0.000,0.000,0.00,0.000,0.000,0.00,0.000,0.000,0.00,0.000,0.000,0.00,0.000,0.000,0.00,0.000,0.000,0.00,0.000,0.000,0.00,0.000,0.000,0.00,0.000,0.000,0.00,0.000,0.000,0.00,0.000,0.000,0.00,0.000,0.000,0.00,0.000,0.000,0.00,0.000,0.000,0.00,0.000,0.000,0.00,0.000,0.000,0.00,0.000,0.000,0.00,0.000,0.000,0.00,0.000,0.000,0.00
105.1179,0.000,0.000,0.00,0.23,0.00,0.000,0.000,0.00,0.000,0.000,0.00,0.000,0.000,0.00,0.000,0.000,0.00,0.000,0.000,0.00,0.000,0.000,0.00,0.000,0.000,0.00,0.000,0.000,0.00,0.000,0.000,0.00,0.000,0.000,0.00,0.000,0.000,0.00,0.000,0.000,0.00,0.000,0.000,0.00,0.000,0.000,0.00,0.000,0.000,0.00,0.000,0.000,0.00,0.000,0.000,0.00,0.000,0.000,0.00,0.000,0.000,0.00,0.000,0.000,0.00,0.000,0.000,0.00,0.000,0.000,0.00,0.000,0.000,0.00,0.000,0.000,0.00,0.000,0.000,0.00,0.000,0.000,0.00,0.000,0.000,0.00,0.000,0.000,0.00,0.000,0.000,0.00,0.000,0.000,0.00
105.2195,0.000,0.000,0.00,0.00,0.00,0.000,0.000,0.00,0.000,0.000,0.00,0.000,0.000,0.00,0.000,0.000,0.00,0.000,0.000,0.00,0.000,0.000,0.00,0.000,0.000,0.00,0.000,0.000,0.00,0.000,0.000,0.00,0.000,0.000,0.00,0.000,0.000,0.00,0.000,0.000,0.00,0.000,0.000,0.00,0.000,0.000,0.00,0.000,0.000,0.00,0.000,0.000,0.00,0.000,0.000,0.00,0.000,0.000,0.00,0.000,0.000,0.00,0.000,0.000,0.00,0.000,0.000,0.00,0.000,0.000,0.00,0.000,0.000,0.00,0.000,0.000,0.00,0.000,0.000,0.00,0.000,0.000,0.00,0.000,0.000,0.00,0.000,0.000,0.00,0.000,0.000,0.00,0.000,0.000,0.00
105.3207,34940.119,0.000,48.46,21.30,1.36,1080.382,0.000,48.43,1222.878,0.000,49.42,1347.239,0.000,54.36,1375.738,0.000,55.35,1326.512,0.000,31.63,1173.652,0.000,51.39,1228.060,0.000,56.33,870.523,0.000,28.66,901.614,0.000,42.50,984.521,0.000,23.72,1300.604,0.000,54.36,1305.785,0.000,38.54,1127.017,0.000,55.35,873.114,0.000,47.44,1199.561,0.000,57.32,1536.370,0.000,43.49,1373.147,0.000,43.49,974.157,0.000,49.42,1298.013,0.000,56.33,1023.383,0.000,51.39,1303.194,0.000,58.31,919.750,0.000,42.50,1160.698,0.000,56.33,1103.699,0.000,49.42,1256.559,0.000,51.39,1230.651,0.000,54.36,746.163,0.000,37.56,1225.469,0.000,54.36,1266.923,0.000,57.32,1204.742,0.000,53.37
105.4252,67130.744,0.000,85.33,23.59,3.24,2101.284,0.000,78.44,2326.958,0.000,100.00,2319.436,0.000,99.48,1998.476,0.000,89.91,1845.519,0.000,39.22,2477.408,0.000,93.74,2196.568,0.000,84.18,2422.243,0.000,66.96,2352.033,0.000,100.00,2241.703,0.000,42.09,2151.434,0.000,83.22,2078.716,0.000,59.31,2229.166,0.000,100.00,2219.136,0.000,99.48,2221.643,0.000,100.00,2444.811,0.000,68.87,2206.598,0.000,66.96,2204.091,0.000,99.48,2567.678,0.000,97.57,1908.206,0.000,80.35,2056.149,0.000,82.26,2447.318,0.000,91.83,2284.331,0.000,90.87,2474.901,0.000,89.91,2394.661,0.000,100.00,2286.838,0.000,98.52,2071.194,0.000,91.83,2399.676,0.000,100.00,1988.446,0.000,80.35,2214.121,0.000,85.13
105.5296,67208.527,0.000,74.87,22.46,3.95,1871.509,0.000,52.71,2414.121,0.000,97.75,2368.903,0.000,94.87,2014.698,0.000,84.33,2476.923,0.000,40.25,2411.609,0.000,99.66,2198.081,0.000,93.91,2316.149,0.000,53.66,2426.682,0.000,96.79,2145.327,0.000,43.12,2250.835,0.000,58.46,2245.811,0.000,49.83,2439.242,0.000,98.70,1773.537,0.000,80.50,2459.339,0.000,99.66,1549.961,0.000,36.41,1939.336,0.000,45.04,2439.242,0.000,99.66,2067.452,0.000,71.87,1828.803,0.000,66.12,2399.049,0.000,80.50,2404.073,0.000,65.16,2069.964,0.000,72.83,2318.662,0.000,61.33,2100.109,0.000,68.04,2454.315,0.000,80.50,2667.842,0.000,85.29,2637.697,0.000,79.54,2373.928,0.000,98.70,2145.327,0.000,91.04
105.6338,67173.936,0.000,80.25,23.70,3.66,2454.945,0.000,94.03,2376.970,0.000,99.79,1906.607,0.000,86.36,2341.756,0.000,99.79,2148.077,0.000,42.22,2485.129,0.000,99.79,2480.098,0.000,99.79,2049.980,0.000,52.77,2344.271,0.000,98.83,2472.552,0.000,45.10,2218.506,0.000,87.32,2246.174,0.000,59.49,1997.158,0.000,86.36,2442.368,0.000,99.79,2432.307,0.000,99.79,2673.777,0.000,67.17,2374.455,0.000,58.53,2447.399,0.000,99.79,2115.378,0.000,66.21,1861.331,0.000,60.45,2055.010,0.000,66.21,2072.618,0.000,83.48,2304.026,0.000,67.17,1891.515,0.000,78.68,2291.450,0.000,87.32,2384.516,0.000,87.32,1954.398,0.000,74.84,2329.179,0.000,86.36,1722.989,0.000,77.72,2298.996,0.000,94.99
105.7374,67628.025,0.000,82.57,24.05,3.48,2545.318,0.000,95.55,2924.838,0.000,96.52,1778.686,0.000,69.49,2497.245,0.000,90.73,2388.449,0.000,47.29,1707.842,0.000,74.32,2606.041,0.000,100.00,2471.944,0.000,68.53,1677.481,0.000,68.53,2897.007,0.000,52.12,2135.435,0.000,83.97,1806.518,0.000,54.05,2191.098,0.000,100.00,2193.629,0.000,100.00,2208.809,0.000,100.00,2267.003,0.000,63.70,2211.340,0.000,62.74,2178.448,0.000,99.41,1890.012,0.000,78.18,2143.026,0.000,84.94,2608.571,0.000,98.45,2489.655,0.000,92.66,2125.315,0.000,86.87,1948.205,0.000,81.07,2669.294,0.000,95.55,2011.459,0.000,77.21,2623.752,0.000,94.59,1687.601,0.000,68.53,2241.701,0.000,92.66,2502.305,0.000,99.41
105.8419,67671.061,0.000,80.69,24.15,4.30,2372.575,0.000,90.89,2533.088,0.000,90.89,2086.662,0.000,76.54,1913.610,0.000,75.58,2648.456,0.000,47.84,2334.955,0.000,90.89,2445.307,0.000,93.76,2294.827,0.000,54.53,2269.747,0.000,84.19,1845.894,0.000,33.49,2179.459,0.000,88.02,2124.282,0.000,55.49,2184.475,0.000,100.00,2159.395,0.000,99.50,2161.903,0.000,99.50,2309.875,0.000,52.62,2370.067,0.000,59.32,2171.935,0.000,100.00,2091.678,0.000,82.28,2716.172,0.000,99.50,1971.294,0.000,79.41,2653.472,0.000,94.72,1936.182,0.000,80.37,2405.179,0.000,90.89,2563.184,0.000,90.89,2099.202,0.000,77.50,2390.131,0.000,81.32,2224.603,0.000,79.41,2350.003,0.000,93.76,1863.450,0.000,77.50
105.9457,67721.933,0.000,80.04,25.68,3.64,2540.583,0.000,90.56,2123.887,0.000,89.59,2252.684,0.000,93.45,2245.107,0.000,94.41,2664.329,0.000,47.21,2255.209,0.000,90.56,1750.123,0.000,75.14,2133.988,0.000,55.88,2065.802,0.000,87.67,2222.378,0.000,45.28,2396.633,0.000,85.74,2421.887,0.000,63.58,2227.429,0.000,99.23,2227.429,0.000,100.00,2237.531,0.000,100.00,2656.752,0.000,64.55,2139.039,0.000,57.80,2227.429,0.000,100.00,1982.463,0.000,77.07,2154.192,0.000,84.78,2333.497,0.000,89.59,2131.463,0.000,78.03,2118.836,0.000,83.81,2548.159,0.000,88.63,2303.192,0.000,70.33,2272.887,0.000,69.36,2144.090,0.000,66.47,2315.819,0.000,70.33,2414.311,0.000,93.45,2214.802,0.000,88.63
106.0502,67244.314,0.000,74.80,24.11,3.62,2513.759,0.000,71.78,2275.429,0.000,100.00,2205.184,0.000,99.53,2272.920,0.000,100.00,2410.901,0.000,45.94,2127.413,0.000,85.17,2355.709,0.000,92.83,2609.091,0.000,60.29,2295.499,0.000,100.00,2335.639,0.000,46.89,2292.990,0.000,71.78,2027.063,0.000,48.81,2463.584,0.000,100.00,2220.236,0.000,92.83,2473.619,0.000,100.00,2212.710,0.000,51.68,2185.114,0.000,48.81,2461.076,0.000,100.00,1919.187,0.000,70.82,2536.338,0.000,83.26,2017.028,0.000,68.90,2553.899,0.000,68.90,2132.430,0.000,75.60,2144.974,0.000,65.08,1966.854,0.000,55.51,1778.698,0.000,48.81,1851.451,0.000,49.76,2237.798,0.000,60.29,2180.097,0.000,89.96,2187.623,0.000,90.92
106.1548,66872.507,0.000,74.04,25.06,3.48,1986.089,0.000,56.44,2490.134,0.000,99.49,1976.058,0.000,83.22,2475.088,0.000,99.49,2058.812,0.000,40.18,1833.120,0.000,66.01,2720.841,0.000,84.18,2006.150,0.000,47.83,2176.673,0.000,90.88,2154.104,0.000,36.35,2462.549,0.000,66.96,1787.981,0.000,39.22,2329.642,0.000,99.49,2324.626,0.000,99.49,2339.673,0.000,99.49,2269.457,0.000,46.87,2429.949,0.000,55.48,2339.673,0.000,99.49,2011.165,0.000,77.49,2271.965,0.000,85.14,2106.458,0.000,83.22,2061.319,0.000,60.27,2088.904,0.000,85.14,2184.196,0.000,62.18,2447.503,0.000,76.53,2144.073,0.000,71.75,2683.226,0.000,86.09,2861.272,0.000,88.01,2214.288,0.000,76.53,1637.520,0.000,58.35
106.2583,66983.736,1.651,76.06,25.99,3.50,2219.714,0.000,67.59,2698.079,0.000,99.45,2224.776,0.000,87.86,2687.955,0.000,99.45,1809.687,0.000,35.72,2303.238,0.000,90.76,2584.183,0.000,96.55,2105.818,0.000,41.52,1756.536,0.000,72.41,1908.397,0.000,30.90,2270.335,0.000,65.65,2290.583,0.000,50.21,2313.362,0.000,100.00,2313.362,0.000,100.00,2143.783,0.000,93.65,2065.321,0.000,44.41,2566.465,0.000,53.10,2313.362,0.000,99.45,2156.438,0.000,94.62,2363.983,0.000,100.00,2386.762,0.000,100.00,2245.025,0.000,62.76,2181.749,0.000,92.69,1870.432,0.000,52.14,2290.583,0.000,68.55,1738.818,0.000,60.83,2457.631,1.651,71.45,2396.886,0.000,74.34,2179.218,0.000,87.86,2141.252,0.000,87.86
106.3623,67888.592,0.000,83.47,25.32,4.03,2105.053,0.000,75.97,2447.912,0.000,93.28,2160.516,0.000,85.59,2289.088,0.000,91.36,2621.863,0.000,55.78,2178.163,0.000,84.63,2105.053,0.000,83.67,2500.853,0.000,61.55,2059.675,0.000,83.67,2379.844,0.000,51.93,2326.903,0.000,80.78,2183.205,0.000,55.78,2286.567,0.000,100.00,2294.130,0.000,100.00,1835.304,0.000,87.51,2016.817,0.000,50.97,2647.073,0.000,67.32,2256.314,0.000,99.05,1961.355,0.000,90.40,2273.962,0.000,100.00,2296.651,0.000,100.00,2591.610,0.000,86.55,2145.389,0.000,97.13,2019.338,0.000,74.05,2523.543,0.000,100.00,2541.190,0.000,100.00,2311.777,0.000,93.28,1991.607,0.000,82.71,1794.967,0.000,74.05,2742.872,0.000,97.13
106.4662,67585.318,0.000,78.58,25.72,3.79,1904.700,0.000,51.97,2232.662,0.000,93.35,2391.597,0.000,97.20,2146.887,0.000,88.54,1937.496,0.000,38.49,1955.156,0.000,78.91,1985.429,0.000,82.76,2611.079,0.000,54.85,2025.794,0.000,85.65,2220.048,0.000,36.57,2310.868,0.000,64.48,2250.321,0.000,50.04,2146.887,0.000,92.39,2464.758,0.000,100.00,2114.091,0.000,90.46,2341.141,0.000,54.85,2381.506,0.000,55.82,1791.175,0.000,81.80,2056.067,0.000,98.16,2151.933,0.000,100.00,2134.273,0.000,100.00,2479.894,0.000,63.52,2139.319,0.000,100.00,2008.134,0.000,60.63,2878.494,0.000,93.35,2706.945,0.000,88.54,2515.213,0.000,85.65,2384.029,0.000,83.73,2194.820,0.000,85.65,2724.604,0.000,100.00
106.5700,49772.417,0.000,53.87,26.04,3.55,1740.708,0.000,50.12,2129.777,0.000,71.32,1854.397,0.000,66.50,1500.697,0.000,54.93,1738.181,0.000,29.88,1707.864,0.000,62.64,1402.167,0.000,55.90,1225.317,0.000,33.73,1771.025,0.000,61.68,1573.253,0.000,26.02,1020.676,0.000,35.66,1483.012,0.000,41.44,1715.444,0.000,66.50,1743.234,0.000,64.57,1793.763,0.000,68.43,1811.448,0.000,48.19,1750.814,0.000,43.37,1374.376,0.000,57.83,1601.754,0.000,63.61,1821.553,0.000,71.32,2849.809,0.000,85.77,1225.317,0.000,35.66,2276.310,0.000,77.10,1288.477,0.000,40.48,1525.962,0.000,48.19,1505.750,0.000,42.41,1488.065,0.000,43.37,1399.640,0.000,45.30,1541.120,0.000,57.83,1912.505,0.000,66.50
106.6750,67303.850,0.000,86.61,22.11,3.53,1906.922,0.000,79.03,2273.829,0.000,99.97,2261.349,0.000,99.97,2278.821,0.000,99.97,2034.216,0.000,41.89,2286.309,0.000,99.97,2328.741,0.000,99.97,2403.620,0.000,66.65,2094.119,0.000,95.21,2321.253,0.000,43.80,2386.148,0.000,94.26,1929.385,0.000,58.08,2191.462,0.000,92.36,2226.406,0.000,94.26,2451.043,0.000,100.00,2603.297,0.000,65.70,2183.974,0.000,64.75,2034.216,0.000,87.60,2578.338,0.000,99.97,1926.889,0.000,79.98,2166.503,0.000,87.60,2343.717,0.000,93.31,2276.325,0.000,92.36,2403.620,0.000,92.36,2443.555,0.000,99.02,2301.285,0.000,96.17,1871.978,0.000,81.88,2423.588,0.000,98.07,2129.063,0.000,96.17,2243.878,0.000,98.07
106.7796,66333.375,0.000,76.65,23.29,3.41,1884.927,0.000,59.28,2388.743,0.000,100.00,2388.743,0.000,100.00,1827.276,0.000,81.27,1767.119,0.000,37.29,2506.551,0.000,99.44,1970.149,0.000,85.10,2118.036,0.000,47.81,2383.730,0.000,99.44,1925.031,0.000,36.33,1844.822,0.000,56.41,2616.840,0.000,57.37,2506.551,0.000,98.49,1744.560,0.000,74.58,2534.123,0.000,99.44,1711.975,0.000,40.16,2075.425,0.000,52.59,2526.604,0.000,100.00,2175.687,0.000,77.45,1719.494,0.000,65.02,2285.975,0.000,84.14,2473.966,0.000,70.76,2128.062,0.000,78.41,2604.307,0.000,72.67,2260.909,0.000,80.32,2446.394,0.000,85.10,2406.289,0.000,83.19,2729.634,0.000,91.79,2057.879,0.000,89.88,2323.573,0.000,95.62
106.8836,67459.376,0.000,81.20,22.98,4.11,2639.485,0.000,86.55,2319.318,0.000,99.05,2009.235,0.000,88.47,2286.545,0.000,99.05,2682.341,0.000,50.97,2357.133,0.000,100.00,2389.906,0.000,100.00,2306.713,0.000,71.16,2319.318,0.000,100.00,2468.057,0.000,46.16,2642.006,0.000,85.59,2329.402,0.000,69.24,2009.235,0.000,87.51,2324.360,0.000,97.13,2455.452,0.000,100.00,2241.167,0.000,65.39,2107.554,0.000,62.51,2473.099,0.000,99.05,2031.924,0.000,75.01,1895.790,0.000,68.28,2427.721,0.000,78.86,2024.361,0.000,71.16,2117.638,0.000,74.05,1522.683,0.000,58.66,2094.949,0.000,77.90,2485.704,0.000,87.51,1996.630,0.000,74.05,2246.209,0.000,78.86,2152.932,0.000,92.32,2102.512,0.000,91.36
106.9871,68182.654,0.000,78.71,23.52,4.63,2535.415,0.000,80.20,2560.744,0.000,100.00,1995.911,0.000,85.03,2565.810,0.000,99.52,1876.866,0.000,34.78,2274.528,0.000,91.79,2467.027,0.000,99.52,2525.283,0.000,57.01,2011.108,0.000,85.03,2963.472,0.000,49.28,2046.569,0.000,68.60,1823.675,0.000,43.48,2069.365,0.000,94.69,2261.864,0.000,99.52,2221.338,0.000,99.52,2228.936,0.000,51.21,2391.041,0.000,53.14,2241.601,0.000,100.00,2076.963,0.000,77.30,1942.721,0.000,77.30,2436.633,0.000,89.86,2525.283,0.000,81.16,2282.127,0.000,88.89,2140.285,0.000,72.47,2654.460,0.000,81.16,1924.990,0.000,68.60,2768.440,0.000,83.09,1995.911,0.000,65.70,2074.430,0.000,89.86,2299.857,0.000,93.72
107.0906,67578.774,0.000,80.52,24.47,3.96,2192.127,0.000,82.08,2693.329,0.000,99.46,1959.245,0.000,83.04,2027.591,0.000,84.01,2733.831,0.000,50.21,1989.621,0.000,85.94,2571.826,0.000,100.00,2176.939,0.000,51.18,2242.754,0.000,90.77,1890.900,0.000,38.62,2042.779,0.000,80.15,1944.057,0.000,47.32,2247.816,0.000,99.46,2219.972,0.000,100.00,2235.160,0.000,99.46,2419.946,0.000,56.97,2430.072,0.000,56.97,2232.628,0.000,99.46,1949.120,0.000,79.18,2979.369,0.000,100.00,1880.774,0.000,75.32,2589.545,0.000,94.63,1974.433,0.000,81.11,2478.167,0.000,91.73,2756.613,0.000,86.91,2209.846,0.000,77.25,2306.037,0.000,79.18,1822.554,0.000,65.66,2179.471,0.000,88.84,2202.252,0.000,90.77
107.1938,67742.890,0.000,84.05,25.11,3.73,2383.005,0.000,94.01,2423.653,0.000,99.82,2248.358,0.000,94.97,2245.817,0.000,94.97,2832.677,0.000,53.30,2154.359,0.000,93.04,2123.872,0.000,89.16,2062.900,0.000,57.18,1946.036,0.000,83.35,2078.143,0.000,44.58,2222.953,0.000,87.22,2235.655,0.000,60.09,2197.547,0.000,100.00,2210.250,0.000,98.85,2210.250,0.000,100.00,2804.731,0.000,68.81,2276.303,0.000,58.15,2195.007,0.000,100.00,2197.547,0.000,82.38,1986.684,0.000,68.81,2443.978,0.000,86.25,2184.845,0.000,86.25,2101.008,0.000,81.41,2327.114,0.000,91.10,2187.385,0.000,86.25,2182.304,0.000,87.22,2441.437,0.000,94.01,2311.871,0.000,89.16,2436.356,0.000,100.00,2090.846,0.000,91.10
107.2979,68472.535,0.000,78.07,23.59,5.05,2841.686,0.000,87.45,2181.649,0.000,98.02,2267.302,0.000,99.94,2249.668,0.000,99.94,2660.302,0.000,49.01,2189.207,0.000,94.18,2146.380,0.000,95.14,2635.109,0.000,63.43,2242.110,0.000,100.00,2413.418,0.000,51.89,2771.147,0.000,85.53,2267.302,0.000,54.78,2438.610,0.000,99.94,2106.072,0.000,91.30,2426.014,0.000,100.00,2257.226,0.000,54.78,1831.477,0.000,49.01,2436.091,0.000,99.94,1894.457,0.000,66.31,2431.052,0.000,80.72,2206.841,0.000,74.96,2463.802,0.000,78.80,2161.495,0.000,70.15,2325.245,0.000,79.76,1932.246,0.000,55.74,1894.457,0.000,50.93,1619.862,0.000,49.01,2529.302,0.000,61.50,2332.802,0.000,99.94,2320.206,0.000,99.94
107.4023,67386.193,0.000,74.62,23.89,3.78,1998.041,0.000,59.37,2339.415,0.000,99.58,2085.895,0.000,92.88,2326.864,0.000,100.00,2128.566,0.000,44.05,2141.117,0.000,79.47,2987.021,0.000,97.67,2073.344,0.000,53.62,2183.789,0.000,94.80,2208.890,0.000,42.13,2294.233,0.000,62.24,1779.662,0.000,42.13,2269.132,0.000,99.58,2301.763,0.000,99.58,2045.733,0.000,90.97,2309.294,0.000,55.54,2728.481,0.000,63.20,2291.723,0.000,100.00,1907.677,0.000,69.90,2585.405,0.000,88.09,2168.728,0.000,79.47,2023.142,0.000,52.66,1982.980,0.000,77.56,2261.602,0.000,60.32,2688.319,0.000,77.56,2080.874,0.000,61.28,2653.178,0.000,71.81,2796.253,0.000,77.56,2228.970,0.000,81.39,1516.101,0.000,64.15
107.5063,66898.526,0.000,71.98,24.69,3.44,2104.441,0.000,52.88,2550.532,0.000,99.99,2089.319,0.000,81.72,2553.052,0.000,99.03,1832.249,0.000,33.65,1875.094,0.000,70.18,2467.362,0.000,82.68,2137.204,0.000,42.30,2048.994,0.000,87.49,1900.297,0.000,31.73,2238.016,0.000,57.68,1953.223,0.000,42.30,2404.355,0.000,99.99,2384.193,0.000,99.99,2137.204,0.000,91.33,1955.744,0.000,37.50,2525.329,0.000,49.99,2389.233,0.000,99.03,2094.359,0.000,92.30,2386.713,0.000,99.99,2416.956,0.000,99.99,2336.307,0.000,60.57,2404.355,0.000,99.03,1733.958,0.000,49.99,2278.340,0.000,58.65,2054.035,0.000,50.95,2618.579,0.000,66.34,2598.417,0.000,63.45,2202.732,0.000,79.80,2227.935,0.000,78.84
107.6099,67553.779,0.000,80.59,26.74,3.71,2242.848,0.000,73.39,2445.363,0.000,100.00,2030.208,0.000,89.81,2458.020,0.000,100.00,2366.888,0.000,39.59,2351.700,0.000,99.46,2184.625,0.000,95.60,2511.180,0.000,60.84,1764.408,0.000,77.25,2268.163,0.000,43.45,2369.420,0.000,73.39,2470.677,0.000,58.91,2374.483,0.000,99.46,2364.357,0.000,99.46,1913.762,0.000,86.91,2065.648,0.000,49.25,2470.677,0.000,57.94,2139.060,0.000,94.64,2009.957,0.000,90.77,2349.168,0.000,99.46,2323.854,0.000,100.00,2582.060,0.000,73.39,2101.088,0.000,93.67,2106.151,0.000,66.63,2392.203,0.000,78.22,2346.637,0.000,80.15,2321.323,0.000,77.25,1992.237,0.000,73.39,1906.168,0.000,85.94,2331.448,0.000,99.46
107.7137,67622.016,0.000,78.95,27.91,3.95,1917.405,0.000,53.97,2207.921,0.000,99.26,2200.343,0.000,100.00,2207.921,0.000,100.00,2268.551,0.000,45.29,1995.718,0.000,79.99,1917.405,0.000,77.09,2344.338,0.000,56.86,2170.028,0.000,100.00,2243.289,0.000,44.33,2303.918,0.000,66.49,2344.338,0.000,54.93,2185.185,0.000,87.69,2624.749,0.000,99.26,2139.713,0.000,86.73,2427.703,0.000,61.68,2546.436,0.000,61.68,1659.730,0.000,73.24,2134.661,0.000,97.33,2177.607,0.000,100.00,2162.449,0.000,99.26,2463.070,0.000,72.28,2185.185,0.000,100.00,2020.981,0.000,60.71,2680.326,0.000,81.91,2710.640,0.000,79.99,2372.126,0.000,73.24,2134.661,0.000,67.46,2215.500,0.000,87.69,2660.116,0.000,100.00
107.8172,52184.683,0.000,54.19,30.53,3.33,1756.300,0.000,41.51,2654.696,0.000,85.92,2242.193,0.000,79.16,1627.235,0.000,65.65,1457.678,0.000,29.93,1819.567,0.000,65.65,1465.271,0.000,56.96,1822.098,0.000,39.58,1943.571,0.000,76.27,1945.390,0.000,32.82,1105.912,0.000,32.82,1358.981,0.000,33.79,1730.993,0.000,63.72,1693.033,0.000,56.96,1751.239,0.000,63.72,1528.538,0.000,35.72,1612.051,0.000,36.68,1503.231,0.000,55.99,1576.621,0.000,65.65,1675.318,0.000,69.51,2596.490,0.000,82.06,1447.556,0.000,34.75,2209.294,0.000,77.23,1204.609,0.000,31.86,1880.304,0.000,50.20,1462.740,0.000,41.51,1634.827,0.000,41.51,1546.253,0.000,43.44,1467.801,0.000,58.89,2464.894,0.000,76.27
107.9213,67966.762,0.000,87.90,20.42,3.84,1879.985,0.000,80.75,2389.043,0.000,100.00,2384.003,0.000,100.00,2338.641,0.000,99.98,2217.677,0.000,36.53,2343.681,0.000,99.98,2341.161,0.000,99.98,2298.320,0.000,62.49,2043.791,0.000,91.33,1958.108,0.000,37.49,2497.407,0.000,99.98,2235.318,0.000,60.56,2149.635,0.000,96.13,2263.039,0.000,99.98,2295.800,0.000,100.00,2951.023,0.000,77.87,2525.128,0.000,69.22,2048.831,0.000,92.29,2361.322,0.000,99.98,1877.465,0.000,83.64,2235.318,0.000,95.17,2353.762,0.000,95.17,2285.719,0.000,98.06,2252.958,0.000,93.25,2414.244,0.000,98.06,2310.920,0.000,95.17,1811.943,0.000,79.79,2376.443,0.000,99.02,2215.157,0.000,95.17,2310.920,0.000,99.98
108.0262,67439.634,0.000,78.34,22.58,4.24,1958.755,0.000,52.42,2380.987,0.000,99.12,2365.996,0.000,99.12,1913.784,0.000,85.78,1758.882,0.000,36.22,2483.421,0.000,95.31,2066.187,0.000,85.78,2198.603,0.000,44.79,2385.983,0.000,99.12,2151.133,0.000,40.98,1813.847,0.000,54.32,2518.399,0.000,61.00,2266.060,0.000,99.12,1976.244,0.000,88.64,2298.539,0.000,99.12,1838.831,0.000,46.70,2101.164,0.000,48.61,2288.545,0.000,99.12,2495.914,0.000,99.12,1898.793,0.000,80.06,2278.552,0.000,95.31,2365.996,0.000,63.86,2111.158,0.000,88.64,2713.275,0.000,71.48,2393.479,0.000,77.20,2660.809,0.000,87.68,2505.907,0.000,82.92,2833.199,0.000,88.64,2048.698,0.000,87.68,2368.495,0.000,92.45
108.1295,67415.682,0.000,77.42,23.61,3.31,2649.525,0.000,83.26,2339.906,0.000,100.00,2149.566,0.000,93.91,2124.188,0.000,93.91,2517.556,0.000,48.41,2388.125,0.000,99.72,2403.352,0.000,100.00,1949.076,0.000,54.21,2347.519,0.000,99.72,2317.065,0.000,47.44,2563.237,0.000,80.35,2050.590,0.000,54.21,2268.846,0.000,87.13,2096.271,0.000,85.19,2705.358,0.000,100.00,2136.877,0.000,55.18,2098.809,0.000,60.99,2705.358,0.000,100.00,2045.514,0.000,73.58,1804.418,0.000,61.96,2502.329,0.000,84.23,2139.415,0.000,68.74,2276.459,0.000,72.61,1806.955,0.000,60.02,1964.303,0.000,63.90,2383.049,0.000,73.58,2081.044,0.000,62.93,2319.603,0.000,73.58,2263.770,0.000,95.84,2017.598,0.000,88.10
108.2345,67293.454,0.000,79.07,25.04,3.70,2522.318,0.000,73.35,2434.911,0.000,100.00,1868.014,0.000,83.83,2422.424,0.000,100.00,2117.748,0.000,38.11,2260.097,0.000,97.17,2342.509,0.000,100.00,2674.656,0.000,64.78,2137.727,0.000,93.36,2894.423,0.000,48.59,2127.738,0.000,65.73,1987.886,0.000,54.30,2110.256,0.000,92.41,2287.568,0.000,100.00,2305.049,0.000,100.00,2197.663,0.000,58.11,2237.621,0.000,57.16,2302.552,0.000,100.00,2087.780,0.000,75.26,2037.833,0.000,74.31,2245.113,0.000,86.69,2369.980,0.000,74.31,2240.118,0.000,80.98,1917.961,0.000,61.92,2782.042,0.000,87.64,1850.533,0.000,66.69,2477.366,0.000,82.88,1873.009,0.000,69.54,1917.961,0.000,85.74,2262.594,0.000,99.08
108.3390,67844.853,0.000,78.76,23.67,4.42,2247.365,0.000,79.42,2648.681,0.000,100.00,1986.511,0.000,81.33,2159.578,0.000,84.20,2432.974,0.000,47.84,1903.739,0.000,81.33,2488.155,0.000,100.00,2209.742,0.000,56.45,2054.232,0.000,83.24,2227.300,0.000,36.36,2076.806,0.000,73.67,2036.675,0.000,53.58,2232.316,0.000,100.00,2217.267,0.000,100.00,2222.283,0.000,100.00,2463.072,0.000,60.28,2375.285,0.000,59.32,2189.676,0.000,99.51,1913.772,0.000,70.80,2794.157,0.000,97.59,2006.576,0.000,76.54,2676.271,0.000,84.20,2041.691,0.000,77.50,2498.187,0.000,78.46,2470.597,0.000,77.50,2407.892,0.000,79.42,2470.597,0.000,75.59,1908.756,0.000,63.15,2254.890,0.000,91.85,2229.808,0.000,93.77
108.4441,67219.059,0.000,81.72,25.30,3.72,2272.060,0.000,78.97,2351.869,0.000,98.95,2164.817,0.000,94.19,2237.144,0.000,96.09,2888.085,0.000,52.33,2154.841,0.000,95.14,2299.494,0.000,98.95,1995.223,0.000,50.42,2080.020,0.000,92.29,1763.278,0.000,35.20,2229.662,0.000,77.06,2169.805,0.000,58.99,2252.108,0.000,99.90,2189.757,0.000,97.04,2234.650,0.000,98.95,2753.408,0.000,68.50,2573.838,0.000,64.69,2262.084,0.000,99.90,2224.674,0.000,84.67,2179.781,0.000,78.97,2239.638,0.000,86.58,2214.697,0.000,71.35,2007.693,0.000,78.01,2324.435,0.000,81.82,2336.905,0.000,83.72,1823.135,0.000,69.45,2439.160,0.000,85.63,2147.359,0.000,79.92,2301.988,0.000,99.90,2107.454,0.000,94.19
108.5477,67974.840,0.000,77.93,24.33,3.88,2866.013,0.000,89.74,2413.218,0.000,100.00,2281.680,0.000,95.53,2400.570,0.000,100.00,2630.762,0.000,44.39,2428.396,0.000,99.39,2061.607,0.000,87.81,2547.286,0.000,53.07,2279.150,0.000,97.46,2420.807,0.000,46.32,2527.049,0.000,84.92,2357.567,0.000,55.00,2241.207,0.000,100.00,2172.908,0.000,98.43,2226.029,0.000,100.00,2084.373,0.000,48.25,1550.632,0.000,39.56,2243.736,0.000,100.00,1707.466,0.000,63.69,2337.331,0.000,82.99,2296.858,0.000,78.16,2413.218,0.000,82.02,2107.139,0.000,76.23,2327.212,0.000,79.13,2079.314,0.000,61.76,2076.784,0.000,61.76,1621.460,0.000,45.35,2413.218,0.000,67.55,2438.514,0.000,100.00,2423.336,0.000,99.39
108.6517,68140.805,0.000,77.04,23.29,4.43,2011.258,0.000,69.22,2681.677,0.000,99.99,2139.797,0.000,84.61,2674.116,0.000,99.99,2298.580,0.000,47.11,1933.126,0.000,64.42,2908.510,0.000,89.41,2099.471,0.000,55.76,2122.154,0.000,85.57,2540.536,0.000,50.96,2497.690,0.000,79.80,1761.741,0.000,46.15,2217.928,0.000,99.03,2162.480,0.000,98.07,2245.652,0.000,99.99,2318.743,0.000,52.88,2565.740,0.000,59.61,2192.725,0.000,99.99,1996.135,0.000,83.65,2341.427,0.000,89.41,2074.267,0.000,85.57,2101.991,0.000,72.11,1975.972,0.000,81.72,2449.803,0.000,77.88,2601.025,0.000,77.88,1975.972,0.000,65.38,2570.780,0.000,80.76,2860.623,0.000,86.53,2311.182,0.000,72.11,1509.703,0.000,55.76
108.7562,67155.216,0.000,69.81,24.43,3.74,2007.780,0.000,47.87,3102.020,0.000,98.61,2080.562,0.000,76.59,2657.799,0.000,89.99,1847.157,0.000,29.68,1967.624,0.000,69.89,2585.017,0.000,79.46,2326.515,0.000,47.87,2017.819,0.000,74.68,1807.002,0.000,34.47,2248.713,0.000,55.53,2155.854,0.000,46.91,2271.301,0.000,100.00,2253.733,0.000,99.57,2241.184,0.000,99.57,2100.640,0.000,44.04,2645.250,0.000,50.74,2271.301,0.000,99.57,2175.931,0.000,95.74,2248.713,0.000,98.61,2266.281,0.000,99.57,2248.713,0.000,50.74,2268.791,0.000,99.57,1776.885,0.000,40.21,2228.636,0.000,52.66,1824.570,0.000,43.08,2479.608,0.000,63.19,2685.406,0.000,58.40,2175.931,0.000,71.80,2188.480,0.000,75.63
108.8597,67210.842,0.000,76.05,26.28,3.43,2471.099,0.000,74.37,2291.336,0.000,78.23,2281.209,0.000,76.30,2349.569,0.000,81.13,2187.530,0.000,45.39,2286.273,0.000,73.40,2174.871,0.000,77.27,2271.081,0.000,54.09,1855.856,0.000,61.81,2349.569,0.000,43.46,2430.589,0.000,81.13,2177.402,0.000,53.12,2217.912,0.000,99.48,2212.848,0.000,100.00,1949.535,0.000,89.82,2012.831,0.000,47.33,2554.650,0.000,55.05,2225.508,0.000,100.00,1860.919,0.000,86.92,2263.486,0.000,100.00,2271.081,0.000,99.48,2491.353,0.000,78.23,2266.018,0.000,100.00,1863.451,0.000,62.78,2453.375,0.000,81.13,2592.628,0.000,84.03,2554.650,0.000,83.06,1957.130,0.000,66.64,1855.856,0.000,66.64,2481.226,0.000,81.13
108.9636,68021.221,0.000,76.02,27.22,3.76,1614.927,0.000,50.05,1955.575,0.000,67.38,2276.037,0.000,68.34,2008.565,0.000,65.45,2503.137,0.000,45.24,2195.291,0.000,74.12,1915.202,0.000,65.45,2472.857,0.000,60.64,2079.218,0.000,65.45,2059.032,0.000,39.47,2235.664,0.000,67.38,2392.110,0.000,57.75,2250.804,0.000,100.00,2243.234,0.000,100.00,2119.591,0.000,96.26,2583.883,0.000,61.60,2533.416,0.000,63.53,2139.778,0.000,95.29,2152.395,0.000,100.00,2190.244,0.000,100.00,2182.674,0.000,100.00,2593.976,0.000,76.04,2177.628,0.000,100.00,2028.752,0.000,58.72,2679.769,0.000,88.56,2525.846,0.000,84.71,2465.287,0.000,83.74,2268.467,0.000,78.93,2323.981,0.000,77.01,2853.878,0.000,89.52
109.0680,55170.169,0.000,51.45,25.61,4.04,1967.789,0.000,39.26,2176.113,0.000,69.89,1980.338,0.000,67.02,1576.239,0.000,53.62,1285.087,0.000,22.02,1726.835,0.000,49.79,1561.179,0.000,40.21,1957.749,0.000,39.26,2015.478,0.000,68.94,1808.957,0.000,32.55,1229.868,0.000,29.68,1526.040,0.000,30.64,2261.451,0.000,78.51,2625.392,0.000,84.26,1787.074,0.000,70.85,1485.881,0.000,28.72,1807.153,0.000,35.43,1390.504,0.000,57.45,1719.305,0.000,71.81,2241.372,0.000,82.34,3064.630,0.000,92.87,1606.358,0.000,35.43,2324.200,0.000,83.30,1355.365,0.000,30.64,1990.378,0.000,43.09,1766.994,0.000,38.30,1701.736,0.000,38.30,1593.809,0.000,30.64,1445.722,0.000,41.17,2191.173,0.000,57.45
109.1703,61848.635,0.000,79.57,23.86,4.17,1918.423,0.000,79.25,2203.109,0.000,91.97,2167.203,0.000,90.99,2149.250,0.000,90.01,2133.861,0.000,45.00,2100.520,0.000,90.01,2126.167,0.000,91.97,1890.211,0.000,53.81,1836.352,0.000,80.23,1790.186,0.000,37.18,2215.933,0.000,85.12,2156.944,0.000,56.75,2092.825,0.000,90.01,1838.916,0.000,84.14,2113.343,0.000,91.97,2662.197,0.000,65.55,2267.228,0.000,54.79,1772.233,0.000,80.23,2095.390,0.000,91.97,1764.539,0.000,83.16,2021.013,0.000,91.97,2051.790,0.000,83.16,2015.883,0.000,90.01,2133.861,0.000,84.14,2215.933,0.000,85.12,2203.109,0.000,85.12,1543.972,0.000,67.51,2210.803,0.000,87.07,2092.825,0.000,90.01,2064.613,0.000,89.03
109.2749,67814.461,0.000,80.35,21.62,4.43,1893.685,0.000,57.33,2397.165,0.000,96.51,2477.321,0.000,99.38,1913.724,0.000,86.00,1871.141,0.000,32.49,2527.418,0.000,93.64,2104.094,0.000,79.31,2402.174,0.000,62.11,2494.855,0.000,100.00,2322.018,0.000,44.91,2003.899,0.000,62.11,2286.950,0.000,51.60,2166.716,0.000,96.51,2071.531,0.000,91.73,2317.009,0.000,100.00,2008.909,0.000,49.69,2053.997,0.000,49.69,2296.970,0.000,99.38,2502.369,0.000,100.00,1936.268,0.000,84.09,2259.397,0.000,92.69,2347.067,0.000,67.84,2159.202,0.000,90.78,2449.767,0.000,74.53,2284.445,0.000,89.82,2477.321,0.000,93.64,2637.633,0.000,100.00,2712.779,0.000,99.38,2033.958,0.000,76.44,2404.679,0.000,88.86
109.3795,67131.843,0.000,77.62,21.62,4.02,2281.094,0.000,70.76,2381.362,0.000,100.00,2220.933,0.000,94.67,2165.786,0.000,96.58,2569.364,0.000,50.68,2466.589,0.000,99.45,2474.110,0.000,99.45,2125.679,0.000,56.42,2373.842,0.000,99.45,2343.761,0.000,46.86,2213.413,0.000,65.98,2198.373,0.000,58.33,2296.134,0.000,92.75,1932.663,0.000,83.19,2469.096,0.000,99.45,2060.505,0.000,56.42,2138.212,0.000,55.46,2484.136,0.000,100.00,2180.826,0.000,78.41,1809.835,0.000,69.80,2283.601,0.000,86.06,2271.067,0.000,68.85,2268.560,0.000,87.02,2113.145,0.000,68.85,1980.290,0.000,59.29,2278.587,0.000,68.85,2188.346,0.000,66.94,2303.654,0.000,68.85,2328.721,0.000,95.62,1930.156,0.000,84.15
109.4837,67623.752,0.000,79.40,23.65,4.09,2781.401,0.000,81.54,2562.611,0.000,99.77,1891.151,0.000,78.67,2555.066,0.000,99.77,1855.944,0.000,37.41,2348.850,0.000,97.85,2396.632,0.000,99.77,2399.147,0.000,64.28,2062.160,0.000,85.38,2758.767,0.000,57.56,2527.403,0.000,73.87,1921.329,0.000,51.80,2142.634,0.000,98.81,2175.327,0.000,99.77,2205.505,0.000,99.77,2278.435,0.000,59.48,2137.605,0.000,54.68,2215.564,0.000,99.77,2230.653,0.000,82.50,1918.815,0.000,76.75,2298.554,0.000,87.30,2044.556,0.000,63.32,2077.249,0.000,82.50,1898.696,0.000,60.44,2879.479,0.000,87.30,2280.950,0.000,74.83,2348.850,0.000,71.95,2213.050,0.000,71.95,1838.340,0.000,83.46,2379.028,0.000,99.77
109.5873,68043.757,0.000,76.51,21.54,4.03,2073.517,0.000,68.57,2840.642,0.000,86.92,1891.230,0.000,67.61,2202.637,0.000,77.26,2615.315,0.000,53.12,1997.564,0.000,77.26,2871.023,0.000,100.00,2445.686,0.000,62.78,1893.761,0.000,68.57,2367.202,0.000,49.26,1873.507,0.000,64.71,2098.834,0.000,56.02,2174.787,0.000,100.00,2212.764,0.000,100.00,2200.105,0.000,99.48,2308.971,0.000,65.67,2488.726,0.000,63.74,2189.978,0.000,99.48,1843.126,0.000,78.23,2344.416,0.000,92.72,2402.646,0.000,91.75,2860.896,0.000,83.06,2235.550,0.000,88.85,2303.908,0.000,69.54,2524.171,0.000,73.40,2227.955,0.000,65.67,2270.995,0.000,65.67,1769.705,0.000,53.12,2268.463,0.000,87.89,2245.677,0.000,84.99
109.6913,67787.659,0.000,77.51,24.15,4.44,2524.933,0.000,83.63,2449.337,0.000,94.20,2232.626,0.000,86.51,2066.313,0.000,83.63,2774.403,0.000,50.95,2169.628,0.000,79.78,1834.483,0.000,67.29,1854.642,0.000,51.91,2159.549,0.000,82.67,2023.475,0.000,41.33,2104.111,0.000,73.06,2265.384,0.000,55.75,2174.668,0.000,99.97,2146.949,0.000,99.97,2144.429,0.000,99.97,2822.281,0.000,70.17,2489.655,0.000,60.56,2162.069,0.000,99.97,2149.469,0.000,80.75,2726.525,0.000,94.20,1937.798,0.000,79.78,2635.809,0.000,83.63,1763.926,0.000,74.98,2489.655,0.000,83.63,2353.581,0.000,69.21,1774.005,0.000,61.52,2522.414,0.000,80.75,2230.106,0.000,72.09,2701.326,0.000,90.36,2104.111,0.000,73.06
109.7960,68219.533,0.000,73.32,24.36,4.29,2852.184,0.000,75.46,2173.570,0.000,85.02,2058.380,0.000,79.29,2664.376,0.000,94.57,2554.195,0.000,51.58,2248.693,0.000,79.29,2123.487,0.000,76.42,2614.293,0.000,53.49,2356.370,0.000,88.84,2196.107,0.000,42.99,2639.334,0.000,73.55,2115.975,0.000,47.76,2191.098,0.000,100.00,2233.668,0.000,99.35,2231.164,0.000,100.00,2243.685,0.000,48.72,1757.887,0.000,34.39,2226.156,0.000,100.00,1785.432,0.000,80.24,2166.057,0.000,87.88,2544.178,0.000,100.00,2163.553,0.000,61.14,2479.071,0.000,97.43,2336.337,0.000,60.18,2070.901,0.000,51.58,2363.882,0.000,62.09,1747.870,0.000,46.81,2263.718,0.000,54.45,2293.767,0.000,79.29,2524.145,0.000,87.88
109.9001,67351.851,0.000,71.78,22.93,3.64,2024.332,0.000,64.35,2930.750,0.000,98.93,2255.972,0.000,79.72,2804.858,0.000,95.09,2633.646,0.000,49.94,2079.724,0.000,67.23,2621.057,0.000,77.80,2253.454,0.000,52.83,1986.565,0.000,77.80,2457.398,0.000,46.10,2394.453,0.000,71.08,1651.694,0.000,42.26,2288.704,0.000,99.89,2255.972,0.000,100.00,2248.419,0.000,99.89,2336.543,0.000,56.67,2457.398,0.000,57.63,2261.008,0.000,99.89,1973.976,0.000,67.23,2434.738,0.000,74.92,1996.636,0.000,66.27,2255.972,0.000,69.15,1898.441,0.000,65.31,2439.774,0.000,70.11,2261.008,0.000,71.08,1704.568,0.000,58.59,2407.042,0.000,75.88,2502.719,0.000,76.84,1971.458,0.000,66.27,1563.570,0.000,54.75
110.0042,67418.189,0.000,67.30,23.54,4.54,1923.788,0.000,42.26,2616.251,0.000,81.65,1921.270,0.000,66.28,2112.641,0.000,71.08,1918.752,0.000,33.62,1946.450,0.000,58.59,2654.021,0.000,70.12,2168.038,0.000,46.11,2110.123,0.000,72.04,1823.066,0.000,30.74,2387.109,0.000,45.15,2336.748,0.000,44.19,2314.085,0.000,99.90,2304.013,0.000,99.90,2306.531,0.000,99.90,2296.459,0.000,47.07,2618.769,0.000,48.03,2309.049,0.000,99.90,2193.219,0.000,94.13,2334.230,0.000,99.90,2364.446,0.000,99.90,1974.149,0.000,45.15,2319.121,0.000,99.90,1687.091,0.000,44.19,2306.531,0.000,60.52,1961.559,0.000,49.95,2737.117,0.000,66.28,2996.476,0.000,70.12,2372.000,0.000,70.12,2105.087,0.000,62.44
110.1080,68117.555,0.000,72.94,25.74,4.24,2290.026,0.000,63.57,2272.353,0.000,74.16,2242.055,0.000,78.02,2504.637,0.000,82.83,2050.167,0.000,37.56,2133.487,0.000,72.24,2469.290,0.000,81.87,2456.666,0.000,55.86,1878.478,0.000,66.46,2171.359,0.000,43.34,2335.473,0.000,66.46,2408.694,0.000,52.97,2226.906,0.000,100.00,2239.530,0.000,100.00,2239.530,0.000,100.00,1979.472,0.000,46.23,2628.354,0.000,57.79,2221.856,0.000,100.00,1979.472,0.000,87.65,2330.424,0.000,100.00,2343.048,0.000,100.00,2527.361,0.000,69.35,2305.175,0.000,97.28,2095.614,0.000,58.75,2683.901,0.000,70.31,2383.445,0.000,62.60,2411.219,0.000,59.72,2060.266,0.000,54.90,1835.556,0.000,64.53,2413.743,0.000,83.79
110.2121,67840.766,0.000,73.22,25.75,4.07,2068.838,0.000,55.75,1985.682,0.000,64.40,2492.182,0.000,69.21,1907.565,0.000,58.64,2509.821,0.000,44.22,2134.356,0.000,73.06,1932.764,0.000,66.33,2212.473,0.000,49.02,2083.958,0.000,63.44,2295.630,0.000,44.22,2421.625,0.000,63.44,1993.241,0.000,47.10,2225.072,0.000,99.97,2214.993,0.000,99.97,2174.674,0.000,99.97,2214.993,0.000,50.95,2537.540,0.000,56.71,2225.072,0.000,99.01,2051.199,0.000,93.24,2280.510,0.000,99.97,2303.189,0.000,99.97,2598.018,0.000,68.25,2247.751,0.000,99.97,1763.930,0.000,51.91,2479.582,0.000,78.82,2862.607,0.000,85.55,2230.112,0.000,74.02,2157.035,0.000,74.98,2270.431,0.000,75.94,2965.923,0.000,88.44
110.3165,66268.844,0.000,64.14,25.61,4.24,2129.223,0.000,52.68,2656.507,0.000,76.63,2317.539,0.000,75.67,2043.853,0.000,65.13,1647.135,0.000,31.61,2166.886,0.000,56.51,1810.342,0.000,51.72,2392.865,0.000,43.10,2392.865,0.000,69.92,2213.886,0.000,40.23,1536.656,0.000,39.27,2086.538,0.000,40.23,2714.257,0.000,98.66,2769.496,0.000,99.61,2277.365,0.000,90.04,1971.038,0.000,40.23,2209.571,0.000,41.19,2114.158,0.000,88.12,2048.875,0.000,82.37,2397.887,0.000,92.91,2802.138,0.000,99.61,2046.364,0.000,47.89,2551.050,0.000,96.74,1848.005,0.000,48.85,2546.028,0.000,63.22,1968.527,0.000,54.60,2317.539,0.000,63.22,2068.962,0.000,52.68,1755.102,0.000,55.55,2468.191,0.000,66.09
