time_s,agg_read_mbps,agg_write_mbps,mean_util_pct,cpu_pct,iowait_pct,nvme0n1p1_read_mbps,nvme0n1p1_write_mbps,nvme0n1p1_util_pct,nvme10n1p1_read_mbps,nvme10n1p1_write_mbps,nvme10n1p1_util_pct,nvme11n1p1_read_mbps,nvme11n1p1_write_mbps,nvme11n1p1_util_pct,nvme12n1p1_read_mbps,nvme12n1p1_write_mbps,nvme12n1p1_util_pct,nvme13n1p1_read_mbps,nvme13n1p1_write_mbps,nvme13n1p1_util_pct,nvme14n1p1_read_mbps,nvme14n1p1_write_mbps,nvme14n1p1_util_pct,nvme15n1p1_read_mbps,nvme15n1p1_write_mbps,nvme15n1p1_util_pct,nvme17n1p1_read_mbps,nvme17n1p1_write_mbps,nvme17n1p1_util_pct,nvme18n1p1_read_mbps,nvme18n1p1_write_mbps,nvme18n1p1_util_pct,nvme19n1p1_read_mbps,nvme19n1p1_write_mbps,nvme19n1p1_util_pct,nvme1n1p1_read_mbps,nvme1n1p1_write_mbps,nvme1n1p1_util_pct,nvme20n1p1_read_mbps,nvme20n1p1_write_mbps,nvme20n1p1_util_pct,nvme21n1p1_read_mbps,nvme21n1p1_write_mbps,nvme21n1p1_util_pct,nvme22n1p1_read_mbps,nvme22n1p1_write_mbps,nvme22n1p1_util_pct,nvme23n1p1_read_mbps,nvme23n1p1_write_mbps,nvme23n1p1_util_pct,nvme24n1p1_read_mbps,nvme24n1p1_write_mbps,nvme24n1p1_util_pct,nvme25n1p1_read_mbps,nvme25n1p1_write_mbps,nvme25n1p1_util_pct,nvme26n1p1_read_mbps,nvme26n1p1_write_mbps,nvme26n1p1_util_pct,nvme27n1p1_read_mbps,nvme27n1p1_write_mbps,nvme27n1p1_util_pct,nvme28n1p1_read_mbps,nvme28n1p1_write_mbps,nvme28n1p1_util_pct,nvme29n1p1_read_mbps,nvme29n1p1_write_mbps,nvme29n1p1_util_pct,nvme2n1p1_read_mbps,nvme2n1p1_write_mbps,nvme2n1p1_util_pct,nvme30n1p3_read_mbps,nvme30n1p3_write_mbps,nvme30n1p3_util_pct,nvme3n1p1_read_mbps,nvme3n1p1_write_mbps,nvme3n1p1_util_pct,nvme4n1p1_read_mbps,nvme4n1p1_write_mbps,nvme4n1p1_util_pct,nvme5n1p1_read_mbps,nvme5n1p1_write_mbps,nvme5n1p1_util_pct,nvme6n1p1_read_mbps,nvme6n1p1_write_mbps,nvme6n1p1_util_pct,nvme7n1p1_read_mbps,nvme7n1p1_write_mbps,nvme7n1p1_util_pct,nvme8n1p1_read_mbps,nvme8n1p1_write_mbps,nvme8n1p1_util_pct,nvme9n1p1_read_mbps,nvme9n1p1_write_mbps,nvme9n1p1_util_pct
0.1023,0.000,0.000,0.00,89.84,0.00,0.000,0.000,0.00,0.000,0.000,0.00,0.000,0.000,0.00,0.000,0.000,0.00,0.000,0.000,0.00,0.000,0.000,0.00,0.000,0.000,0.00,0.000,0.000,0.00,0.000,0.000,0.00,0.000,0.000,0.00,0.000,0.000,0.00,0.000,0.000,0.00,0.000,0.000,0.00,0.000,0.000,0.00,0.000,0.000,0.00,0.000,0.000,0.00,0.000,0.000,0.00,0.000,0.000,0.00,0.000,0.000,0.00,0.000,0.000,0.00,0.000,0.000,0.00,0.000,0.000,0.00,0.000,0.000,0.00,0.000,0.000,0.00,0.000,0.000,0.00,0.000,0.000,0.00,0.000,0.000,0.00,0.000,0.000,0.00,0.000,0.000,0.00,0.000,0.000,0.00
0.2053,0.000,0.000,0.00,99.01,0.00,0.000,0.000,0.00,0.000,0.000,0.00,0.000,0.000,0.00,0.000,0.000,0.00,0.000,0.000,0.00,0.000,0.000,0.00,0.000,0.000,0.00,0.000,0.000,0.00,0.000,0.000,0.00,0.000,0.000,0.00,0.000,0.000,0.00,0.000,0.000,0.00,0.000,0.000,0.00,0.000,0.000,0.00,0.000,0.000,0.00,0.000,0.000,0.00,0.000,0.000,0.00,0.000,0.000,0.00,0.000,0.000,0.00,0.000,0.000,0.00,0.000,0.000,0.00,0.000,0.000,0.00,0.000,0.000,0.00,0.000,0.000,0.00,0.000,0.000,0.00,0.000,0.000,0.00,0.000,0.000,0.00,0.000,0.000,0.00,0.000,0.000,0.00,0.000,0.000,0.00
0.3083,0.000,0.000,0.00,99.24,0.00,0.000,0.000,0.00,0.000,0.000,0.00,0.000,0.000,0.00,0.000,0.000,0.00,0.000,0.000,0.00,0.000,0.000,0.00,0.000,0.000,0.00,0.000,0.000,0.00,0.000,0.000,0.00,0.000,0.000,0.00,0.000,0.000,0.00,0.000,0.000,0.00,0.000,0.000,0.00,0.000,0.000,0.00,0.000,0.000,0.00,0.000,0.000,0.00,0.000,0.000,0.00,0.000,0.000,0.00,0.000,0.000,0.00,0.000,0.000,0.00,0.000,0.000,0.00,0.000,0.000,0.00,0.000,0.000,0.00,0.000,0.000,0.00,0.000,0.000,0.00,0.000,0.000,0.00,0.000,0.000,0.00,0.000,0.000,0.00,0.000,0.000,0.00,0.000,0.000,0.00
0.4113,0.000,0.000,0.00,99.24,0.00,0.000,0.000,0.00,0.000,0.000,0.00,0.000,0.000,0.00,0.000,0.000,0.00,0.000,0.000,0.00,0.000,0.000,0.00,0.000,0.000,0.00,0.000,0.000,0.00,0.000,0.000,0.00,0.000,0.000,0.00,0.000,0.000,0.00,0.000,0.000,0.00,0.000,0.000,0.00,0.000,0.000,0.00,0.000,0.000,0.00,0.000,0.000,0.00,0.000,0.000,0.00,0.000,0.000,0.00,0.000,0.000,0.00,0.000,0.000,0.00,0.000,0.000,0.00,0.000,0.000,0.00,0.000,0.000,0.00,0.000,0.000,0.00,0.000,0.000,0.00,0.000,0.000,0.00,0.000,0.000,0.00,0.000,0.000,0.00,0.000,0.000,0.00,0.000,0.000,0.00
0.5143,0.000,0.000,0.00,99.17,0.00,0.000,0.000,0.00,0.000,0.000,0.00,0.000,0.000,0.00,0.000,0.000,0.00,0.000,0.000,0.00,0.000,0.000,0.00,0.000,0.000,0.00,0.000,0.000,0.00,0.000,0.000,0.00,0.000,0.000,0.00,0.000,0.000,0.00,0.000,0.000,0.00,0.000,0.000,0.00,0.000,0.000,0.00,0.000,0.000,0.00,0.000,0.000,0.00,0.000,0.000,0.00,0.000,0.000,0.00,0.000,0.000,0.00,0.000,0.000,0.00,0.000,0.000,0.00,0.000,0.000,0.00,0.000,0.000,0.00,0.000,0.000,0.00,0.000,0.000,0.00,0.000,0.000,0.00,0.000,0.000,0.00,0.000,0.000,0.00,0.000,0.000,0.00,0.000,0.000,0.00
0.6173,0.000,0.000,0.00,99.24,0.00,0.000,0.000,0.00,0.000,0.000,0.00,0.000,0.000,0.00,0.000,0.000,0.00,0.000,0.000,0.00,0.000,0.000,0.00,0.000,0.000,0.00,0.000,0.000,0.00,0.000,0.000,0.00,0.000,0.000,0.00,0.000,0.000,0.00,0.000,0.000,0.00,0.000,0.000,0.00,0.000,0.000,0.00,0.000,0.000,0.00,0.000,0.000,0.00,0.000,0.000,0.00,0.000,0.000,0.00,0.000,0.000,0.00,0.000,0.000,0.00,0.000,0.000,0.00,0.000,0.000,0.00,0.000,0.000,0.00,0.000,0.000,0.00,0.000,0.000,0.00,0.000,0.000,0.00,0.000,0.000,0.00,0.000,0.000,0.00,0.000,0.000,0.00,0.000,0.000,0.00
0.7203,0.000,0.000,0.00,99.24,0.00,0.000,0.000,0.00,0.000,0.000,0.00,0.000,0.000,0.00,0.000,0.000,0.00,0.000,0.000,0.00,0.000,0.000,0.00,0.000,0.000,0.00,0.000,0.000,0.00,0.000,0.000,0.00,0.000,0.000,0.00,0.000,0.000,0.00,0.000,0.000,0.00,0.000,0.000,0.00,0.000,0.000,0.00,0.000,0.000,0.00,0.000,0.000,0.00,0.000,0.000,0.00,0.000,0.000,0.00,0.000,0.000,0.00,0.000,0.000,0.00,0.000,0.000,0.00,0.000,0.000,0.00,0.000,0.000,0.00,0.000,0.000,0.00,0.000,0.000,0.00,0.000,0.000,0.00,0.000,0.000,0.00,0.000,0.000,0.00,0.000,0.000,0.00,0.000,0.000,0.00
0.8233,0.000,0.000,0.00,99.62,0.00,0.000,0.000,0.00,0.000,0.000,0.00,0.000,0.000,0.00,0.000,0.000,0.00,0.000,0.000,0.00,0.000,0.000,0.00,0.000,0.000,0.00,0.000,0.000,0.00,0.000,0.000,0.00,0.000,0.000,0.00,0.000,0.000,0.00,0.000,0.000,0.00,0.000,0.000,0.00,0.000,0.000,0.00,0.000,0.000,0.00,0.000,0.000,0.00,0.000,0.000,0.00,0.000,0.000,0.00,0.000,0.000,0.00,0.000,0.000,0.00,0.000,0.000,0.00,0.000,0.000,0.00,0.000,0.000,0.00,0.000,0.000,0.00,0.000,0.000,0.00,0.000,0.000,0.00,0.000,0.000,0.00,0.000,0.000,0.00,0.000,0.000,0.00,0.000,0.000,0.00
0.9263,0.000,0.000,0.00,100.00,0.00,0.000,0.000,0.00,0.000,0.000,0.00,0.000,0.000,0.00,0.000,0.000,0.00,0.000,0.000,0.00,0.000,0.000,0.00,0.000,0.000,0.00,0.000,0.000,0.00,0.000,0.000,0.00,0.000,0.000,0.00,0.000,0.000,0.00,0.000,0.000,0.00,0.000,0.000,0.00,0.000,0.000,0.00,0.000,0.000,0.00,0.000,0.000,0.00,0.000,0.000,0.00,0.000,0.000,0.00,0.000,0.000,0.00,0.000,0.000,0.00,0.000,0.000,0.00,0.000,0.000,0.00,0.000,0.000,0.00,0.000,0.000,0.00,0.000,0.000,0.00,0.000,0.000,0.00,0.000,0.000,0.00,0.000,0.000,0.00,0.000,0.000,0.00,0.000,0.000,0.00
1.0293,0.000,0.000,0.00,100.00,0.00,0.000,0.000,0.00,0.000,0.000,0.00,0.000,0.000,0.00,0.000,0.000,0.00,0.000,0.000,0.00,0.000,0.000,0.00,0.000,0.000,0.00,0.000,0.000,0.00,0.000,0.000,0.00,0.000,0.000,0.00,0.000,0.000,0.00,0.000,0.000,0.00,0.000,0.000,0.00,0.000,0.000,0.00,0.000,0.000,0.00,0.000,0.000,0.00,0.000,0.000,0.00,0.000,0.000,0.00,0.000,0.000,0.00,0.000,0.000,0.00,0.000,0.000,0.00,0.000,0.000,0.00,0.000,0.000,0.00,0.000,0.000,0.00,0.000,0.000,0.00,0.000,0.000,0.00,0.000,0.000,0.00,0.000,0.000,0.00,0.000,0.000,0.00,0.000,0.000,0.00
1.1323,0.000,0.209,0.81,100.00,0.00,0.000,0.000,0.00,0.000,0.000,0.00,0.000,0.030,2.91,0.000,0.025,2.91,0.000,0.000,0.00,0.000,0.000,0.00,0.000,0.030,2.91,0.000,0.000,0.00,0.000,0.025,2.91,0.000,0.000,0.00,0.000,0.000,0.00,0.000,0.000,0.00,0.000,0.025,2.91,0.000,0.000,0.00,0.000,0.025,3.88,0.000,0.000,0.00,0.000,0.000,0.00,0.000,0.025,2.91,0.000,0.025,2.91,0.000,0.000,0.00,0.000,0.000,0.00,0.000,0.000,0.00,0.000,0.000,0.00,0.000,0.000,0.00,0.000,0.000,0.00,0.000,0.000,0.00,0.000,0.000,0.00,0.000,0.000,0.00,0.000,0.000,0.00,0.000,0.000,0.00
1.2353,0.000,0.000,0.00,100.00,0.00,0.000,0.000,0.00,0.000,0.000,0.00,0.000,0.000,0.00,0.000,0.000,0.00,0.000,0.000,0.00,0.000,0.000,0.00,0.000,0.000,0.00,0.000,0.000,0.00,0.000,0.000,0.00,0.000,0.000,0.00,0.000,0.000,0.00,0.000,0.000,0.00,0.000,0.000,0.00,0.000,0.000,0.00,0.000,0.000,0.00,0.000,0.000,0.00,0.000,0.000,0.00,0.000,0.000,0.00,0.000,0.000,0.00,0.000,0.000,0.00,0.000,0.000,0.00,0.000,0.000,0.00,0.000,0.000,0.00,0.000,0.000,0.00,0.000,0.000,0.00,0.000,0.000,0.00,0.000,0.000,0.00,0.000,0.000,0.00,0.000,0.000,0.00,0.000,0.000,0.00
1.3373,0.000,0.000,0.00,100.00,0.00,0.000,0.000,0.00,0.000,0.000,0.00,0.000,0.000,0.00,0.000,0.000,0.00,0.000,0.000,0.00,0.000,0.000,0.00,0.000,0.000,0.00,0.000,0.000,0.00,0.000,0.000,0.00,0.000,0.000,0.00,0.000,0.000,0.00,0.000,0.000,0.00,0.000,0.000,0.00,0.000,0.000,0.00,0.000,0.000,0.00,0.000,0.000,0.00,0.000,0.000,0.00,0.000,0.000,0.00,0.000,0.000,0.00,0.000,0.000,0.00,0.000,0.000,0.00,0.000,0.000,0.00,0.000,0.000,0.00,0.000,0.000,0.00,0.000,0.000,0.00,0.000,0.000,0.00,0.000,0.000,0.00,0.000,0.000,0.00,0.000,0.000,0.00,0.000,0.000,0.00
1.4403,0.000,0.000,0.00,100.00,0.00,0.000,0.000,0.00,0.000,0.000,0.00,0.000,0.000,0.00,0.000,0.000,0.00,0.000,0.000,0.00,0.000,0.000,0.00,0.000,0.000,0.00,0.000,0.000,0.00,0.000,0.000,0.00,0.000,0.000,0.00,0.000,0.000,0.00,0.000,0.000,0.00,0.000,0.000,0.00,0.000,0.000,0.00,0.000,0.000,0.00,0.000,0.000,0.00,0.000,0.000,0.00,0.000,0.000,0.00,0.000,0.000,0.00,0.000,0.000,0.00,0.000,0.000,0.00,0.000,0.000,0.00,0.000,0.000,0.00,0.000,0.000,0.00,0.000,0.000,0.00,0.000,0.000,0.00,0.000,0.000,0.00,0.000,0.000,0.00,0.000,0.000,0.00,0.000,0.000,0.00
1.5433,0.000,0.000,0.00,100.00,0.00,0.000,0.000,0.00,0.000,0.000,0.00,0.000,0.000,0.00,0.000,0.000,0.00,0.000,0.000,0.00,0.000,0.000,0.00,0.000,0.000,0.00,0.000,0.000,0.00,0.000,0.000,0.00,0.000,0.000,0.00,0.000,0.000,0.00,0.000,0.000,0.00,0.000,0.000,0.00,0.000,0.000,0.00,0.000,0.000,0.00,0.000,0.000,0.00,0.000,0.000,0.00,0.000,0.000,0.00,0.000,0.000,0.00,0.000,0.000,0.00,0.000,0.000,0.00,0.000,0.000,0.00,0.000,0.000,0.00,0.000,0.000,0.00,0.000,0.000,0.00,0.000,0.000,0.00,0.000,0.000,0.00,0.000,0.000,0.00,0.000,0.000,0.00,0.000,0.000,0.00
1.6492,0.000,0.000,0.00,100.00,0.00,0.000,0.000,0.00,0.000,0.000,0.00,0.000,0.000,0.00,0.000,0.000,0.00,0.000,0.000,0.00,0.000,0.000,0.00,0.000,0.000,0.00,0.000,0.000,0.00,0.000,0.000,0.00,0.000,0.000,0.00,0.000,0.000,0.00,0.000,0.000,0.00,0.000,0.000,0.00,0.000,0.000,0.00,0.000,0.000,0.00,0.000,0.000,0.00,0.000,0.000,0.00,0.000,0.000,0.00,0.000,0.000,0.00,0.000,0.000,0.00,0.000,0.000,0.00,0.000,0.000,0.00,0.000,0.000,0.00,0.000,0.000,0.00,0.000,0.000,0.00,0.000,0.000,0.00,0.000,0.000,0.00,0.000,0.000,0.00,0.000,0.000,0.00,0.000,0.000,0.00
1.7513,0.000,0.000,0.00,100.00,0.00,0.000,0.000,0.00,0.000,0.000,0.00,0.000,0.000,0.00,0.000,0.000,0.00,0.000,0.000,0.00,0.000,0.000,0.00,0.000,0.000,0.00,0.000,0.000,0.00,0.000,0.000,0.00,0.000,0.000,0.00,0.000,0.000,0.00,0.000,0.000,0.00,0.000,0.000,0.00,0.000,0.000,0.00,0.000,0.000,0.00,0.000,0.000,0.00,0.000,0.000,0.00,0.000,0.000,0.00,0.000,0.000,0.00,0.000,0.000,0.00,0.000,0.000,0.00,0.000,0.000,0.00,0.000,0.000,0.00,0.000,0.000,0.00,0.000,0.000,0.00,0.000,0.000,0.00,0.000,0.000,0.00,0.000,0.000,0.00,0.000,0.000,0.00,0.000,0.000,0.00
1.8543,0.000,0.000,0.00,100.00,0.00,0.000,0.000,0.00,0.000,0.000,0.00,0.000,0.000,0.00,0.000,0.000,0.00,0.000,0.000,0.00,0.000,0.000,0.00,0.000,0.000,0.00,0.000,0.000,0.00,0.000,0.000,0.00,0.000,0.000,0.00,0.000,0.000,0.00,0.000,0.000,0.00,0.000,0.000,0.00,0.000,0.000,0.00,0.000,0.000,0.00,0.000,0.000,0.00,0.000,0.000,0.00,0.000,0.000,0.00,0.000,0.000,0.00,0.000,0.000,0.00,0.000,0.000,0.00,0.000,0.000,0.00,0.000,0.000,0.00,0.000,0.000,0.00,0.000,0.000,0.00,0.000,0.000,0.00,0.000,0.000,0.00,0.000,0.000,0.00,0.000,0.000,0.00,0.000,0.000,0.00
1.9573,0.000,0.000,0.00,100.00,0.00,0.000,0.000,0.00,0.000,0.000,0.00,0.000,0.000,0.00,0.000,0.000,0.00,0.000,0.000,0.00,0.000,0.000,0.00,0.000,0.000,0.00,0.000,0.000,0.00,0.000,0.000,0.00,0.000,0.000,0.00,0.000,0.000,0.00,0.000,0.000,0.00,0.000,0.000,0.00,0.000,0.000,0.00,0.000,0.000,0.00,0.000,0.000,0.00,0.000,0.000,0.00,0.000,0.000,0.00,0.000,0.000,0.00,0.000,0.000,0.00,0.000,0.000,0.00,0.000,0.000,0.00,0.000,0.000,0.00,0.000,0.000,0.00,0.000,0.000,0.00,0.000,0.000,0.00,0.000,0.000,0.00,0.000,0.000,0.00,0.000,0.000,0.00,0.000,0.000,0.00
2.0603,0.000,0.000,0.00,100.00,0.00,0.000,0.000,0.00,0.000,0.000,0.00,0.000,0.000,0.00,0.000,0.000,0.00,0.000,0.000,0.00,0.000,0.000,0.00,0.000,0.000,0.00,0.000,0.000,0.00,0.000,0.000,0.00,0.000,0.000,0.00,0.000,0.000,0.00,0.000,0.000,0.00,0.000,0.000,0.00,0.000,0.000,0.00,0.000,0.000,0.00,0.000,0.000,0.00,0.000,0.000,0.00,0.000,0.000,0.00,0.000,0.000,0.00,0.000,0.000,0.00,0.000,0.000,0.00,0.000,0.000,0.00,0.000,0.000,0.00,0.000,0.000,0.00,0.000,0.000,0.00,0.000,0.000,0.00,0.000,0.000,0.00,0.000,0.000,0.00,0.000,0.000,0.00,0.000,0.000,0.00
2.1633,0.000,0.000,0.00,100.00,0.00,0.000,0.000,0.00,0.000,0.000,0.00,0.000,0.000,0.00,0.000,0.000,0.00,0.000,0.000,0.00,0.000,0.000,0.00,0.000,0.000,0.00,0.000,0.000,0.00,0.000,0.000,0.00,0.000,0.000,0.00,0.000,0.000,0.00,0.000,0.000,0.00,0.000,0.000,0.00,0.000,0.000,0.00,0.000,0.000,0.00,0.000,0.000,0.00,0.000,0.000,0.00,0.000,0.000,0.00,0.000,0.000,0.00,0.000,0.000,0.00,0.000,0.000,0.00,0.000,0.000,0.00,0.000,0.000,0.00,0.000,0.000,0.00,0.000,0.000,0.00,0.000,0.000,0.00,0.000,0.000,0.00,0.000,0.000,0.00,0.000,0.000,0.00,0.000,0.000,0.00
2.2663,0.000,0.000,0.00,100.00,0.00,0.000,0.000,0.00,0.000,0.000,0.00,0.000,0.000,0.00,0.000,0.000,0.00,0.000,0.000,0.00,0.000,0.000,0.00,0.000,0.000,0.00,0.000,0.000,0.00,0.000,0.000,0.00,0.000,0.000,0.00,0.000,0.000,0.00,0.000,0.000,0.00,0.000,0.000,0.00,0.000,0.000,0.00,0.000,0.000,0.00,0.000,0.000,0.00,0.000,0.000,0.00,0.000,0.000,0.00,0.000,0.000,0.00,0.000,0.000,0.00,0.000,0.000,0.00,0.000,0.000,0.00,0.000,0.000,0.00,0.000,0.000,0.00,0.000,0.000,0.00,0.000,0.000,0.00,0.000,0.000,0.00,0.000,0.000,0.00,0.000,0.000,0.00,0.000,0.000,0.00
2.3683,0.000,0.000,0.00,100.00,0.00,0.000,0.000,0.00,0.000,0.000,0.00,0.000,0.000,0.00,0.000,0.000,0.00,0.000,0.000,0.00,0.000,0.000,0.00,0.000,0.000,0.00,0.000,0.000,0.00,0.000,0.000,0.00,0.000,0.000,0.00,0.000,0.000,0.00,0.000,0.000,0.00,0.000,0.000,0.00,0.000,0.000,0.00,0.000,0.000,0.00,0.000,0.000,0.00,0.000,0.000,0.00,0.000,0.000,0.00,0.000,0.000,0.00,0.000,0.000,0.00,0.000,0.000,0.00,0.000,0.000,0.00,0.000,0.000,0.00,0.000,0.000,0.00,0.000,0.000,0.00,0.000,0.000,0.00,0.000,0.000,0.00,0.000,0.000,0.00,0.000,0.000,0.00,0.000,0.000,0.00
2.4713,0.000,0.000,0.00,100.00,0.00,0.000,0.000,0.00,0.000,0.000,0.00,0.000,0.000,0.00,0.000,0.000,0.00,0.000,0.000,0.00,0.000,0.000,0.00,0.000,0.000,0.00,0.000,0.000,0.00,0.000,0.000,0.00,0.000,0.000,0.00,0.000,0.000,0.00,0.000,0.000,0.00,0.000,0.000,0.00,0.000,0.000,0.00,0.000,0.000,0.00,0.000,0.000,0.00,0.000,0.000,0.00,0.000,0.000,0.00,0.000,0.000,0.00,0.000,0.000,0.00,0.000,0.000,0.00,0.000,0.000,0.00,0.000,0.000,0.00,0.000,0.000,0.00,0.000,0.000,0.00,0.000,0.000,0.00,0.000,0.000,0.00,0.000,0.000,0.00,0.000,0.000,0.00,0.000,0.000,0.00
2.5743,0.000,0.025,0.13,100.00,0.00,0.000,0.025,3.88,0.000,0.000,0.00,0.000,0.000,0.00,0.000,0.000,0.00,0.000,0.000,0.00,0.000,0.000,0.00,0.000,0.000,0.00,0.000,0.000,0.00,0.000,0.000,0.00,0.000,0.000,0.00,0.000,0.000,0.00,0.000,0.000,0.00,0.000,0.000,0.00,0.000,0.000,0.00,0.000,0.000,0.00,0.000,0.000,0.00,0.000,0.000,0.00,0.000,0.000,0.00,0.000,0.000,0.00,0.000,0.000,0.00,0.000,0.000,0.00,0.000,0.000,0.00,0.000,0.000,0.00,0.000,0.000,0.00,0.000,0.000,0.00,0.000,0.000,0.00,0.000,0.000,0.00,0.000,0.000,0.00,0.000,0.000,0.00,0.000,0.000,0.00
2.6773,0.000,0.000,0.00,100.00,0.00,0.000,0.000,0.00,0.000,0.000,0.00,0.000,0.000,0.00,0.000,0.000,0.00,0.000,0.000,0.00,0.000,0.000,0.00,0.000,0.000,0.00,0.000,0.000,0.00,0.000,0.000,0.00,0.000,0.000,0.00,0.000,0.000,0.00,0.000,0.000,0.00,0.000,0.000,0.00,0.000,0.000,0.00,0.000,0.000,0.00,0.000,0.000,0.00,0.000,0.000,0.00,0.000,0.000,0.00,0.000,0.000,0.00,0.000,0.000,0.00,0.000,0.000,0.00,0.000,0.000,0.00,0.000,0.000,0.00,0.000,0.000,0.00,0.000,0.000,0.00,0.000,0.000,0.00,0.000,0.000,0.00,0.000,0.000,0.00,0.000,0.000,0.00,0.000,0.000,0.00
2.7803,0.000,0.000,0.00,100.00,0.00,0.000,0.000,0.00,0.000,0.000,0.00,0.000,0.000,0.00,0.000,0.000,0.00,0.000,0.000,0.00,0.000,0.000,0.00,0.000,0.000,0.00,0.000,0.000,0.00,0.000,0.000,0.00,0.000,0.000,0.00,0.000,0.000,0.00,0.000,0.000,0.00,0.000,0.000,0.00,0.000,0.000,0.00,0.000,0.000,0.00,0.000,0.000,0.00,0.000,0.000,0.00,0.000,0.000,0.00,0.000,0.000,0.00,0.000,0.000,0.00,0.000,0.000,0.00,0.000,0.000,0.00,0.000,0.000,0.00,0.000,0.000,0.00,0.000,0.000,0.00,0.000,0.000,0.00,0.000,0.000,0.00,0.000,0.000,0.00,0.000,0.000,0.00,0.000,0.000,0.00
2.8833,0.000,0.000,0.00,100.00,0.00,0.000,0.000,0.00,0.000,0.000,0.00,0.000,0.000,0.00,0.000,0.000,0.00,0.000,0.000,0.00,0.000,0.000,0.00,0.000,0.000,0.00,0.000,0.000,0.00,0.000,0.000,0.00,0.000,0.000,0.00,0.000,0.000,0.00,0.000,0.000,0.00,0.000,0.000,0.00,0.000,0.000,0.00,0.000,0.000,0.00,0.000,0.000,0.00,0.000,0.000,0.00,0.000,0.000,0.00,0.000,0.000,0.00,0.000,0.000,0.00,0.000,0.000,0.00,0.000,0.000,0.00,0.000,0.000,0.00,0.000,0.000,0.00,0.000,0.000,0.00,0.000,0.000,0.00,0.000,0.000,0.00,0.000,0.000,0.00,0.000,0.000,0.00,0.000,0.000,0.00
2.9853,0.000,0.000,0.00,100.00,0.00,0.000,0.000,0.00,0.000,0.000,0.00,0.000,0.000,0.00,0.000,0.000,0.00,0.000,0.000,0.00,0.000,0.000,0.00,0.000,0.000,0.00,0.000,0.000,0.00,0.000,0.000,0.00,0.000,0.000,0.00,0.000,0.000,0.00,0.000,0.000,0.00,0.000,0.000,0.00,0.000,0.000,0.00,0.000,0.000,0.00,0.000,0.000,0.00,0.000,0.000,0.00,0.000,0.000,0.00,0.000,0.000,0.00,0.000,0.000,0.00,0.000,0.000,0.00,0.000,0.000,0.00,0.000,0.000,0.00,0.000,0.000,0.00,0.000,0.000,0.00,0.000,0.000,0.00,0.000,0.000,0.00,0.000,0.000,0.00,0.000,0.000,0.00,0.000,0.000,0.00
3.0883,0.000,0.000,0.00,100.00,0.00,0.000,0.000,0.00,0.000,0.000,0.00,0.000,0.000,0.00,0.000,0.000,0.00,0.000,0.000,0.00,0.000,0.000,0.00,0.000,0.000,0.00,0.000,0.000,0.00,0.000,0.000,0.00,0.000,0.000,0.00,0.000,0.000,0.00,0.000,0.000,0.00,0.000,0.000,0.00,0.000,0.000,0.00,0.000,0.000,0.00,0.000,0.000,0.00,0.000,0.000,0.00,0.000,0.000,0.00,0.000,0.000,0.00,0.000,0.000,0.00,0.000,0.000,0.00,0.000,0.000,0.00,0.000,0.000,0.00,0.000,0.000,0.00,0.000,0.000,0.00,0.000,0.000,0.00,0.000,0.000,0.00,0.000,0.000,0.00,0.000,0.000,0.00,0.000,0.000,0.00
3.1913,0.000,0.000,0.00,100.00,0.00,0.000,0.000,0.00,0.000,0.000,0.00,0.000,0.000,0.00,0.000,0.000,0.00,0.000,0.000,0.00,0.000,0.000,0.00,0.000,0.000,0.00,0.000,0.000,0.00,0.000,0.000,0.00,0.000,0.000,0.00,0.000,0.000,0.00,0.000,0.000,0.00,0.000,0.000,0.00,0.000,0.000,0.00,0.000,0.000,0.00,0.000,0.000,0.00,0.000,0.000,0.00,0.000,0.000,0.00,0.000,0.000,0.00,0.000,0.000,0.00,0.000,0.000,0.00,0.000,0.000,0.00,0.000,0.000,0.00,0.000,0.000,0.00,0.000,0.000,0.00,0.000,0.000,0.00,0.000,0.000,0.00,0.000,0.000,0.00,0.000,0.000,0.00,0.000,0.000,0.00
3.2943,0.000,0.000,0.00,99.92,0.00,0.000,0.000,0.00,0.000,0.000,0.00,0.000,0.000,0.00,0.000,0.000,0.00,0.000,0.000,0.00,0.000,0.000,0.00,0.000,0.000,0.00,0.000,0.000,0.00,0.000,0.000,0.00,0.000,0.000,0.00,0.000,0.000,0.00,0.000,0.000,0.00,0.000,0.000,0.00,0.000,0.000,0.00,0.000,0.000,0.00,0.000,0.000,0.00,0.000,0.000,0.00,0.000,0.000,0.00,0.000,0.000,0.00,0.000,0.000,0.00,0.000,0.000,0.00,0.000,0.000,0.00,0.000,0.000,0.00,0.000,0.000,0.00,0.000,0.000,0.00,0.000,0.000,0.00,0.000,0.000,0.00,0.000,0.000,0.00,0.000,0.000,0.00,0.000,0.000,0.00
3.3963,0.000,0.000,0.00,100.00,0.00,0.000,0.000,0.00,0.000,0.000,0.00,0.000,0.000,0.00,0.000,0.000,0.00,0.000,0.000,0.00,0.000,0.000,0.00,0.000,0.000,0.00,0.000,0.000,0.00,0.000,0.000,0.00,0.000,0.000,0.00,0.000,0.000,0.00,0.000,0.000,0.00,0.000,0.000,0.00,0.000,0.000,0.00,0.000,0.000,0.00,0.000,0.000,0.00,0.000,0.000,0.00,0.000,0.000,0.00,0.000,0.000,0.00,0.000,0.000,0.00,0.000,0.000,0.00,0.000,0.000,0.00,0.000,0.000,0.00,0.000,0.000,0.00,0.000,0.000,0.00,0.000,0.000,0.00,0.000,0.000,0.00,0.000,0.000,0.00,0.000,0.000,0.00,0.000,0.000,0.00
3.5003,0.000,0.000,0.00,100.00,0.00,0.000,0.000,0.00,0.000,0.000,0.00,0.000,0.000,0.00,0.000,0.000,0.00,0.000,0.000,0.00,0.000,0.000,0.00,0.000,0.000,0.00,0.000,0.000,0.00,0.000,0.000,0.00,0.000,0.000,0.00,0.000,0.000,0.00,0.000,0.000,0.00,0.000,0.000,0.00,0.000,0.000,0.00,0.000,0.000,0.00,0.000,0.000,0.00,0.000,0.000,0.00,0.000,0.000,0.00,0.000,0.000,0.00,0.000,0.000,0.00,0.000,0.000,0.00,0.000,0.000,0.00,0.000,0.000,0.00,0.000,0.000,0.00,0.000,0.000,0.00,0.000,0.000,0.00,0.000,0.000,0.00,0.000,0.000,0.00,0.000,0.000,0.00,0.000,0.000,0.00
3.6043,0.000,0.000,0.00,100.00,0.00,0.000,0.000,0.00,0.000,0.000,0.00,0.000,0.000,0.00,0.000,0.000,0.00,0.000,0.000,0.00,0.000,0.000,0.00,0.000,0.000,0.00,0.000,0.000,0.00,0.000,0.000,0.00,0.000,0.000,0.00,0.000,0.000,0.00,0.000,0.000,0.00,0.000,0.000,0.00,0.000,0.000,0.00,0.000,0.000,0.00,0.000,0.000,0.00,0.000,0.000,0.00,0.000,0.000,0.00,0.000,0.000,0.00,0.000,0.000,0.00,0.000,0.000,0.00,0.000,0.000,0.00,0.000,0.000,0.00,0.000,0.000,0.00,0.000,0.000,0.00,0.000,0.000,0.00,0.000,0.000,0.00,0.000,0.000,0.00,0.000,0.000,0.00,0.000,0.000,0.00
3.7083,0.000,0.000,0.00,100.00,0.00,0.000,0.000,0.00,0.000,0.000,0.00,0.000,0.000,0.00,0.000,0.000,0.00,0.000,0.000,0.00,0.000,0.000,0.00,0.000,0.000,0.00,0.000,0.000,0.00,0.000,0.000,0.00,0.000,0.000,0.00,0.000,0.000,0.00,0.000,0.000,0.00,0.000,0.000,0.00,0.000,0.000,0.00,0.000,0.000,0.00,0.000,0.000,0.00,0.000,0.000,0.00,0.000,0.000,0.00,0.000,0.000,0.00,0.000,0.000,0.00,0.000,0.000,0.00,0.000,0.000,0.00,0.000,0.000,0.00,0.000,0.000,0.00,0.000,0.000,0.00,0.000,0.000,0.00,0.000,0.000,0.00,0.000,0.000,0.00,0.000,0.000,0.00,0.000,0.000,0.00
3.8123,0.000,0.000,0.00,100.00,0.00,0.000,0.000,0.00,0.000,0.000,0.00,0.000,0.000,0.00,0.000,0.000,0.00,0.000,0.000,0.00,0.000,0.000,0.00,0.000,0.000,0.00,0.000,0.000,0.00,0.000,0.000,0.00,0.000,0.000,0.00,0.000,0.000,0.00,0.000,0.000,0.00,0.000,0.000,0.00,0.000,0.000,0.00,0.000,0.000,0.00,0.000,0.000,0.00,0.000,0.000,0.00,0.000,0.000,0.00,0.000,0.000,0.00,0.000,0.000,0.00,0.000,0.000,0.00,0.000,0.000,0.00,0.000,0.000,0.00,0.000,0.000,0.00,0.000,0.000,0.00,0.000,0.000,0.00,0.000,0.000,0.00,0.000,0.000,0.00,0.000,0.000,0.00,0.000,0.000,0.00
3.9163,0.000,0.000,0.00,100.00,0.00,0.000,0.000,0.00,0.000,0.000,0.00,0.000,0.000,0.00,0.000,0.000,0.00,0.000,0.000,0.00,0.000,0.000,0.00,0.000,0.000,0.00,0.000,0.000,0.00,0.000,0.000,0.00,0.000,0.000,0.00,0.000,0.000,0.00,0.000,0.000,0.00,0.000,0.000,0.00,0.000,0.000,0.00,0.000,0.000,0.00,0.000,0.000,0.00,0.000,0.000,0.00,0.000,0.000,0.00,0.000,0.000,0.00,0.000,0.000,0.00,0.000,0.000,0.00,0.000,0.000,0.00,0.000,0.000,0.00,0.000,0.000,0.00,0.000,0.000,0.00,0.000,0.000,0.00,0.000,0.000,0.00,0.000,0.000,0.00,0.000,0.000,0.00,0.000,0.000,0.00
4.0203,0.000,0.000,0.00,100.00,0.00,0.000,0.000,0.00,0.000,0.000,0.00,0.000,0.000,0.00,0.000,0.000,0.00,0.000,0.000,0.00,0.000,0.000,0.00,0.000,0.000,0.00,0.000,0.000,0.00,0.000,0.000,0.00,0.000,0.000,0.00,0.000,0.000,0.00,0.000,0.000,0.00,0.000,0.000,0.00,0.000,0.000,0.00,0.000,0.000,0.00,0.000,0.000,0.00,0.000,0.000,0.00,0.000,0.000,0.00,0.000,0.000,0.00,0.000,0.000,0.00,0.000,0.000,0.00,0.000,0.000,0.00,0.000,0.000,0.00,0.000,0.000,0.00,0.000,0.000,0.00,0.000,0.000,0.00,0.000,0.000,0.00,0.000,0.000,0.00,0.000,0.000,0.00,0.000,0.000,0.00
4.1233,0.000,0.000,0.00,100.00,0.00,0.000,0.000,0.00,0.000,0.000,0.00,0.000,0.000,0.00,0.000,0.000,0.00,0.000,0.000,0.00,0.000,0.000,0.00,0.000,0.000,0.00,0.000,0.000,0.00,0.000,0.000,0.00,0.000,0.000,0.00,0.000,0.000,0.00,0.000,0.000,0.00,0.000,0.000,0.00,0.000,0.000,0.00,0.000,0.000,0.00,0.000,0.000,0.00,0.000,0.000,0.00,0.000,0.000,0.00,0.000,0.000,0.00,0.000,0.000,0.00,0.000,0.000,0.00,0.000,0.000,0.00,0.000,0.000,0.00,0.000,0.000,0.00,0.000,0.000,0.00,0.000,0.000,0.00,0.000,0.000,0.00,0.000,0.000,0.00,0.000,0.000,0.00,0.000,0.000,0.00
4.2282,0.000,0.000,0.00,100.00,0.00,0.000,0.000,0.00,0.000,0.000,0.00,0.000,0.000,0.00,0.000,0.000,0.00,0.000,0.000,0.00,0.000,0.000,0.00,0.000,0.000,0.00,0.000,0.000,0.00,0.000,0.000,0.00,0.000,0.000,0.00,0.000,0.000,0.00,0.000,0.000,0.00,0.000,0.000,0.00,0.000,0.000,0.00,0.000,0.000,0.00,0.000,0.000,0.00,0.000,0.000,0.00,0.000,0.000,0.00,0.000,0.000,0.00,0.000,0.000,0.00,0.000,0.000,0.00,0.000,0.000,0.00,0.000,0.000,0.00,0.000,0.000,0.00,0.000,0.000,0.00,0.000,0.000,0.00,0.000,0.000,0.00,0.000,0.000,0.00,0.000,0.000,0.00,0.000,0.000,0.00
4.3296,0.000,0.000,0.00,100.00,0.00,0.000,0.000,0.00,0.000,0.000,0.00,0.000,0.000,0.00,0.000,0.000,0.00,0.000,0.000,0.00,0.000,0.000,0.00,0.000,0.000,0.00,0.000,0.000,0.00,0.000,0.000,0.00,0.000,0.000,0.00,0.000,0.000,0.00,0.000,0.000,0.00,0.000,0.000,0.00,0.000,0.000,0.00,0.000,0.000,0.00,0.000,0.000,0.00,0.000,0.000,0.00,0.000,0.000,0.00,0.000,0.000,0.00,0.000,0.000,0.00,0.000,0.000,0.00,0.000,0.000,0.00,0.000,0.000,0.00,0.000,0.000,0.00,0.000,0.000,0.00,0.000,0.000,0.00,0.000,0.000,0.00,0.000,0.000,0.00,0.000,0.000,0.00,0.000,0.000,0.00
4.4332,0.000,0.000,0.00,100.00,0.00,0.000,0.000,0.00,0.000,0.000,0.00,0.000,0.000,0.00,0.000,0.000,0.00,0.000,0.000,0.00,0.000,0.000,0.00,0.000,0.000,0.00,0.000,0.000,0.00,0.000,0.000,0.00,0.000,0.000,0.00,0.000,0.000,0.00,0.000,0.000,0.00,0.000,0.000,0.00,0.000,0.000,0.00,0.000,0.000,0.00,0.000,0.000,0.00,0.000,0.000,0.00,0.000,0.000,0.00,0.000,0.000,0.00,0.000,0.000,0.00,0.000,0.000,0.00,0.000,0.000,0.00,0.000,0.000,0.00,0.000,0.000,0.00,0.000,0.000,0.00,0.000,0.000,0.00,0.000,0.000,0.00,0.000,0.000,0.00,0.000,0.000,0.00,0.000,0.000,0.00
4.5377,0.000,0.000,0.00,100.00,0.00,0.000,0.000,0.00,0.000,0.000,0.00,0.000,0.000,0.00,0.000,0.000,0.00,0.000,0.000,0.00,0.000,0.000,0.00,0.000,0.000,0.00,0.000,0.000,0.00,0.000,0.000,0.00,0.000,0.000,0.00,0.000,0.000,0.00,0.000,0.000,0.00,0.000,0.000,0.00,0.000,0.000,0.00,0.000,0.000,0.00,0.000,0.000,0.00,0.000,0.000,0.00,0.000,0.000,0.00,0.000,0.000,0.00,0.000,0.000,0.00,0.000,0.000,0.00,0.000,0.000,0.00,0.000,0.000,0.00,0.000,0.000,0.00,0.000,0.000,0.00,0.000,0.000,0.00,0.000,0.000,0.00,0.000,0.000,0.00,0.000,0.000,0.00,0.000,0.000,0.00
4.6403,0.000,0.030,0.10,100.00,0.00,0.000,0.000,0.00,0.000,0.000,0.00,0.000,0.000,0.00,0.000,0.000,0.00,0.000,0.000,0.00,0.000,0.000,0.00,0.000,0.000,0.00,0.000,0.000,0.00,0.000,0.000,0.00,0.000,0.000,0.00,0.000,0.030,2.92,0.000,0.000,0.00,0.000,0.000,0.00,0.000,0.000,0.00,0.000,0.000,0.00,0.000,0.000,0.00,0.000,0.000,0.00,0.000,0.000,0.00,0.000,0.000,0.00,0.000,0.000,0.00,0.000,0.000,0.00,0.000,0.000,0.00,0.000,0.000,0.00,0.000,0.000,0.00,0.000,0.000,0.00,0.000,0.000,0.00,0.000,0.000,0.00,0.000,0.000,0.00,0.000,0.000,0.00,0.000,0.000,0.00
4.7433,0.000,0.000,0.00,100.00,0.00,0.000,0.000,0.00,0.000,0.000,0.00,0.000,0.000,0.00,0.000,0.000,0.00,0.000,0.000,0.00,0.000,0.000,0.00,0.000,0.000,0.00,0.000,0.000,0.00,0.000,0.000,0.00,0.000,0.000,0.00,0.000,0.000,0.00,0.000,0.000,0.00,0.000,0.000,0.00,0.000,0.000,0.00,0.000,0.000,0.00,0.000,0.000,0.00,0.000,0.000,0.00,0.000,0.000,0.00,0.000,0.000,0.00,0.000,0.000,0.00,0.000,0.000,0.00,0.000,0.000,0.00,0.000,0.000,0.00,0.000,0.000,0.00,0.000,0.000,0.00,0.000,0.000,0.00,0.000,0.000,0.00,0.000,0.000,0.00,0.000,0.000,0.00,0.000,0.000,0.00
4.8472,0.000,0.000,0.00,100.00,0.00,0.000,0.000,0.00,0.000,0.000,0.00,0.000,0.000,0.00,0.000,0.000,0.00,0.000,0.000,0.00,0.000,0.000,0.00,0.000,0.000,0.00,0.000,0.000,0.00,0.000,0.000,0.00,0.000,0.000,0.00,0.000,0.000,0.00,0.000,0.000,0.00,0.000,0.000,0.00,0.000,0.000,0.00,0.000,0.000,0.00,0.000,0.000,0.00,0.000,0.000,0.00,0.000,0.000,0.00,0.000,0.000,0.00,0.000,0.000,0.00,0.000,0.000,0.00,0.000,0.000,0.00,0.000,0.000,0.00,0.000,0.000,0.00,0.000,0.000,0.00,0.000,0.000,0.00,0.000,0.000,0.00,0.000,0.000,0.00,0.000,0.000,0.00,0.000,0.000,0.00
4.9493,0.000,0.000,0.00,100.00,0.00,0.000,0.000,0.00,0.000,0.000,0.00,0.000,0.000,0.00,0.000,0.000,0.00,0.000,0.000,0.00,0.000,0.000,0.00,0.000,0.000,0.00,0.000,0.000,0.00,0.000,0.000,0.00,0.000,0.000,0.00,0.000,0.000,0.00,0.000,0.000,0.00,0.000,0.000,0.00,0.000,0.000,0.00,0.000,0.000,0.00,0.000,0.000,0.00,0.000,0.000,0.00,0.000,0.000,0.00,0.000,0.000,0.00,0.000,0.000,0.00,0.000,0.000,0.00,0.000,0.000,0.00,0.000,0.000,0.00,0.000,0.000,0.00,0.000,0.000,0.00,0.000,0.000,0.00,0.000,0.000,0.00,0.000,0.000,0.00,0.000,0.000,0.00,0.000,0.000,0.00
5.0533,0.000,0.000,0.00,100.00,0.00,0.000,0.000,0.00,0.000,0.000,0.00,0.000,0.000,0.00,0.000,0.000,0.00,0.000,0.000,0.00,0.000,0.000,0.00,0.000,0.000,0.00,0.000,0.000,0.00,0.000,0.000,0.00,0.000,0.000,0.00,0.000,0.000,0.00,0.000,0.000,0.00,0.000,0.000,0.00,0.000,0.000,0.00,0.000,0.000,0.00,0.000,0.000,0.00,0.000,0.000,0.00,0.000,0.000,0.00,0.000,0.000,0.00,0.000,0.000,0.00,0.000,0.000,0.00,0.000,0.000,0.00,0.000,0.000,0.00,0.000,0.000,0.00,0.000,0.000,0.00,0.000,0.000,0.00,0.000,0.000,0.00,0.000,0.000,0.00,0.000,0.000,0.00,0.000,0.000,0.00
5.1572,0.000,0.000,0.00,100.00,0.00,0.000,0.000,0.00,0.000,0.000,0.00,0.000,0.000,0.00,0.000,0.000,0.00,0.000,0.000,0.00,0.000,0.000,0.00,0.000,0.000,0.00,0.000,0.000,0.00,0.000,0.000,0.00,0.000,0.000,0.00,0.000,0.000,0.00,0.000,0.000,0.00,0.000,0.000,0.00,0.000,0.000,0.00,0.000,0.000,0.00,0.000,0.000,0.00,0.000,0.000,0.00,0.000,0.000,0.00,0.000,0.000,0.00,0.000,0.000,0.00,0.000,0.000,0.00,0.000,0.000,0.00,0.000,0.000,0.00,0.000,0.000,0.00,0.000,0.000,0.00,0.000,0.000,0.00,0.000,0.000,0.00,0.000,0.000,0.00,0.000,0.000,0.00,0.000,0.000,0.00
5.2633,0.000,0.000,0.00,100.00,0.00,0.000,0.000,0.00,0.000,0.000,0.00,0.000,0.000,0.00,0.000,0.000,0.00,0.000,0.000,0.00,0.000,0.000,0.00,0.000,0.000,0.00,0.000,0.000,0.00,0.000,0.000,0.00,0.000,0.000,0.00,0.000,0.000,0.00,0.000,0.000,0.00,0.000,0.000,0.00,0.000,0.000,0.00,0.000,0.000,0.00,0.000,0.000,0.00,0.000,0.000,0.00,0.000,0.000,0.00,0.000,0.000,0.00,0.000,0.000,0.00,0.000,0.000,0.00,0.000,0.000,0.00,0.000,0.000,0.00,0.000,0.000,0.00,0.000,0.000,0.00,0.000,0.000,0.00,0.000,0.000,0.00,0.000,0.000,0.00,0.000,0.000,0.00,0.000,0.000,0.00
5.3651,0.000,0.000,0.00,100.00,0.00,0.000,0.000,0.00,0.000,0.000,0.00,0.000,0.000,0.00,0.000,0.000,0.00,0.000,0.000,0.00,0.000,0.000,0.00,0.000,0.000,0.00,0.000,0.000,0.00,0.000,0.000,0.00,0.000,0.000,0.00,0.000,0.000,0.00,0.000,0.000,0.00,0.000,0.000,0.00,0.000,0.000,0.00,0.000,0.000,0.00,0.000,0.000,0.00,0.000,0.000,0.00,0.000,0.000,0.00,0.000,0.000,0.00,0.000,0.000,0.00,0.000,0.000,0.00,0.000,0.000,0.00,0.000,0.000,0.00,0.000,0.000,0.00,0.000,0.000,0.00,0.000,0.000,0.00,0.000,0.000,0.00,0.000,0.000,0.00,0.000,0.000,0.00,0.000,0.000,0.00
5.4673,0.000,0.000,0.00,100.00,0.00,0.000,0.000,0.00,0.000,0.000,0.00,0.000,0.000,0.00,0.000,0.000,0.00,0.000,0.000,0.00,0.000,0.000,0.00,0.000,0.000,0.00,0.000,0.000,0.00,0.000,0.000,0.00,0.000,0.000,0.00,0.000,0.000,0.00,0.000,0.000,0.00,0.000,0.000,0.00,0.000,0.000,0.00,0.000,0.000,0.00,0.000,0.000,0.00,0.000,0.000,0.00,0.000,0.000,0.00,0.000,0.000,0.00,0.000,0.000,0.00,0.000,0.000,0.00,0.000,0.000,0.00,0.000,0.000,0.00,0.000,0.000,0.00,0.000,0.000,0.00,0.000,0.000,0.00,0.000,0.000,0.00,0.000,0.000,0.00,0.000,0.000,0.00,0.000,0.000,0.00
5.5703,0.000,0.000,0.00,100.00,0.00,0.000,0.000,0.00,0.000,0.000,0.00,0.000,0.000,0.00,0.000,0.000,0.00,0.000,0.000,0.00,0.000,0.000,0.00,0.000,0.000,0.00,0.000,0.000,0.00,0.000,0.000,0.00,0.000,0.000,0.00,0.000,0.000,0.00,0.000,0.000,0.00,0.000,0.000,0.00,0.000,0.000,0.00,0.000,0.000,0.00,0.000,0.000,0.00,0.000,0.000,0.00,0.000,0.000,0.00,0.000,0.000,0.00,0.000,0.000,0.00,0.000,0.000,0.00,0.000,0.000,0.00,0.000,0.000,0.00,0.000,0.000,0.00,0.000,0.000,0.00,0.000,0.000,0.00,0.000,0.000,0.00,0.000,0.000,0.00,0.000,0.000,0.00,0.000,0.000,0.00
5.6743,0.000,0.000,0.00,100.00,0.00,0.000,0.000,0.00,0.000,0.000,0.00,0.000,0.000,0.00,0.000,0.000,0.00,0.000,0.000,0.00,0.000,0.000,0.00,0.000,0.000,0.00,0.000,0.000,0.00,0.000,0.000,0.00,0.000,0.000,0.00,0.000,0.000,0.00,0.000,0.000,0.00,0.000,0.000,0.00,0.000,0.000,0.00,0.000,0.000,0.00,0.000,0.000,0.00,0.000,0.000,0.00,0.000,0.000,0.00,0.000,0.000,0.00,0.000,0.000,0.00,0.000,0.000,0.00,0.000,0.000,0.00,0.000,0.000,0.00,0.000,0.000,0.00,0.000,0.000,0.00,0.000,0.000,0.00,0.000,0.000,0.00,0.000,0.000,0.00,0.000,0.000,0.00,0.000,0.000,0.00
5.7783,0.000,0.000,0.00,100.00,0.00,0.000,0.000,0.00,0.000,0.000,0.00,0.000,0.000,0.00,0.000,0.000,0.00,0.000,0.000,0.00,0.000,0.000,0.00,0.000,0.000,0.00,0.000,0.000,0.00,0.000,0.000,0.00,0.000,0.000,0.00,0.000,0.000,0.00,0.000,0.000,0.00,0.000,0.000,0.00,0.000,0.000,0.00,0.000,0.000,0.00,0.000,0.000,0.00,0.000,0.000,0.00,0.000,0.000,0.00,0.000,0.000,0.00,0.000,0.000,0.00,0.000,0.000,0.00,0.000,0.000,0.00,0.000,0.000,0.00,0.000,0.000,0.00,0.000,0.000,0.00,0.000,0.000,0.00,0.000,0.000,0.00,0.000,0.000,0.00,0.000,0.000,0.00,0.000,0.000,0.00
5.8813,0.000,0.000,0.00,100.00,0.00,0.000,0.000,0.00,0.000,0.000,0.00,0.000,0.000,0.00,0.000,0.000,0.00,0.000,0.000,0.00,0.000,0.000,0.00,0.000,0.000,0.00,0.000,0.000,0.00,0.000,0.000,0.00,0.000,0.000,0.00,0.000,0.000,0.00,0.000,0.000,0.00,0.000,0.000,0.00,0.000,0.000,0.00,0.000,0.000,0.00,0.000,0.000,0.00,0.000,0.000,0.00,0.000,0.000,0.00,0.000,0.000,0.00,0.000,0.000,0.00,0.000,0.000,0.00,0.000,0.000,0.00,0.000,0.000,0.00,0.000,0.000,0.00,0.000,0.000,0.00,0.000,0.000,0.00,0.000,0.000,0.00,0.000,0.000,0.00,0.000,0.000,0.00,0.000,0.000,0.00
5.9862,0.000,0.000,0.00,100.00,0.00,0.000,0.000,0.00,0.000,0.000,0.00,0.000,0.000,0.00,0.000,0.000,0.00,0.000,0.000,0.00,0.000,0.000,0.00,0.000,0.000,0.00,0.000,0.000,0.00,0.000,0.000,0.00,0.000,0.000,0.00,0.000,0.000,0.00,0.000,0.000,0.00,0.000,0.000,0.00,0.000,0.000,0.00,0.000,0.000,0.00,0.000,0.000,0.00,0.000,0.000,0.00,0.000,0.000,0.00,0.000,0.000,0.00,0.000,0.000,0.00,0.000,0.000,0.00,0.000,0.000,0.00,0.000,0.000,0.00,0.000,0.000,0.00,0.000,0.000,0.00,0.000,0.000,0.00,0.000,0.000,0.00,0.000,0.000,0.00,0.000,0.000,0.00,0.000,0.000,0.00
6.0883,0.000,0.000,0.00,100.00,0.00,0.000,0.000,0.00,0.000,0.000,0.00,0.000,0.000,0.00,0.000,0.000,0.00,0.000,0.000,0.00,0.000,0.000,0.00,0.000,0.000,0.00,0.000,0.000,0.00,0.000,0.000,0.00,0.000,0.000,0.00,0.000,0.000,0.00,0.000,0.000,0.00,0.000,0.000,0.00,0.000,0.000,0.00,0.000,0.000,0.00,0.000,0.000,0.00,0.000,0.000,0.00,0.000,0.000,0.00,0.000,0.000,0.00,0.000,0.000,0.00,0.000,0.000,0.00,0.000,0.000,0.00,0.000,0.000,0.00,0.000,0.000,0.00,0.000,0.000,0.00,0.000,0.000,0.00,0.000,0.000,0.00,0.000,0.000,0.00,0.000,0.000,0.00,0.000,0.000,0.00
6.1913,0.000,0.000,0.00,99.47,0.00,0.000,0.000,0.00,0.000,0.000,0.00,0.000,0.000,0.00,0.000,0.000,0.00,0.000,0.000,0.00,0.000,0.000,0.00,0.000,0.000,0.00,0.000,0.000,0.00,0.000,0.000,0.00,0.000,0.000,0.00,0.000,0.000,0.00,0.000,0.000,0.00,0.000,0.000,0.00,0.000,0.000,0.00,0.000,0.000,0.00,0.000,0.000,0.00,0.000,0.000,0.00,0.000,0.000,0.00,0.000,0.000,0.00,0.000,0.000,0.00,0.000,0.000,0.00,0.000,0.000,0.00,0.000,0.000,0.00,0.000,0.000,0.00,0.000,0.000,0.00,0.000,0.000,0.00,0.000,0.000,0.00,0.000,0.000,0.00,0.000,0.000,0.00,0.000,0.000,0.00
6.2954,0.000,0.000,0.00,99.93,0.00,0.000,0.000,0.00,0.000,0.000,0.00,0.000,0.000,0.00,0.000,0.000,0.00,0.000,0.000,0.00,0.000,0.000,0.00,0.000,0.000,0.00,0.000,0.000,0.00,0.000,0.000,0.00,0.000,0.000,0.00,0.000,0.000,0.00,0.000,0.000,0.00,0.000,0.000,0.00,0.000,0.000,0.00,0.000,0.000,0.00,0.000,0.000,0.00,0.000,0.000,0.00,0.000,0.000,0.00,0.000,0.000,0.00,0.000,0.000,0.00,0.000,0.000,0.00,0.000,0.000,0.00,0.000,0.000,0.00,0.000,0.000,0.00,0.000,0.000,0.00,0.000,0.000,0.00,0.000,0.000,0.00,0.000,0.000,0.00,0.000,0.000,0.00,0.000,0.000,0.00
6.3992,0.000,0.000,0.00,100.00,0.00,0.000,0.000,0.00,0.000,0.000,0.00,0.000,0.000,0.00,0.000,0.000,0.00,0.000,0.000,0.00,0.000,0.000,0.00,0.000,0.000,0.00,0.000,0.000,0.00,0.000,0.000,0.00,0.000,0.000,0.00,0.000,0.000,0.00,0.000,0.000,0.00,0.000,0.000,0.00,0.000,0.000,0.00,0.000,0.000,0.00,0.000,0.000,0.00,0.000,0.000,0.00,0.000,0.000,0.00,0.000,0.000,0.00,0.000,0.000,0.00,0.000,0.000,0.00,0.000,0.000,0.00,0.000,0.000,0.00,0.000,0.000,0.00,0.000,0.000,0.00,0.000,0.000,0.00,0.000,0.000,0.00,0.000,0.000,0.00,0.000,0.000,0.00,0.000,0.000,0.00
6.5035,0.000,0.000,0.00,91.03,0.00,0.000,0.000,0.00,0.000,0.000,0.00,0.000,0.000,0.00,0.000,0.000,0.00,0.000,0.000,0.00,0.000,0.000,0.00,0.000,0.000,0.00,0.000,0.000,0.00,0.000,0.000,0.00,0.000,0.000,0.00,0.000,0.000,0.00,0.000,0.000,0.00,0.000,0.000,0.00,0.000,0.000,0.00,0.000,0.000,0.00,0.000,0.000,0.00,0.000,0.000,0.00,0.000,0.000,0.00,0.000,0.000,0.00,0.000,0.000,0.00,0.000,0.000,0.00,0.000,0.000,0.00,0.000,0.000,0.00,0.000,0.000,0.00,0.000,0.000,0.00,0.000,0.000,0.00,0.000,0.000,0.00,0.000,0.000,0.00,0.000,0.000,0.00,0.000,0.000,0.00
6.6154,0.000,0.000,0.00,94.19,0.00,0.000,0.000,0.00,0.000,0.000,0.00,0.000,0.000,0.00,0.000,0.000,0.00,0.000,0.000,0.00,0.000,0.000,0.00,0.000,0.000,0.00,0.000,0.000,0.00,0.000,0.000,0.00,0.000,0.000,0.00,0.000,0.000,0.00,0.000,0.000,0.00,0.000,0.000,0.00,0.000,0.000,0.00,0.000,0.000,0.00,0.000,0.000,0.00,0.000,0.000,0.00,0.000,0.000,0.00,0.000,0.000,0.00,0.000,0.000,0.00,0.000,0.000,0.00,0.000,0.000,0.00,0.000,0.000,0.00,0.000,0.000,0.00,0.000,0.000,0.00,0.000,0.000,0.00,0.000,0.000,0.00,0.000,0.000,0.00,0.000,0.000,0.00,0.000,0.000,0.00
6.7177,0.000,50.428,0.16,84.85,0.00,0.000,0.000,0.00,0.000,0.000,0.00,0.000,0.000,0.00,0.000,0.000,0.00,0.000,0.000,0.00,0.000,0.000,0.00,0.000,0.000,0.00,0.000,0.000,0.00,0.000,0.000,0.00,0.000,0.000,0.00,0.000,0.000,0.00,0.000,0.000,0.00,0.000,0.000,0.00,0.000,0.000,0.00,0.000,0.000,0.00,0.000,0.000,0.00,0.000,0.000,0.00,0.000,0.000,0.00,0.000,0.000,0.00,0.000,0.000,0.00,0.000,0.000,0.00,0.000,0.000,0.00,0.000,50.428,4.89,0.000,0.000,0.00,0.000,0.000,0.00,0.000,0.000,0.00,0.000,0.000,0.00,0.000,0.000,0.00,0.000,0.000,0.00,0.000,0.000,0.00
6.8214,0.000,0.000,0.00,97.80,0.00,0.000,0.000,0.00,0.000,0.000,0.00,0.000,0.000,0.00,0.000,0.000,0.00,0.000,0.000,0.00,0.000,0.000,0.00,0.000,0.000,0.00,0.000,0.000,0.00,0.000,0.000,0.00,0.000,0.000,0.00,0.000,0.000,0.00,0.000,0.000,0.00,0.000,0.000,0.00,0.000,0.000,0.00,0.000,0.000,0.00,0.000,0.000,0.00,0.000,0.000,0.00,0.000,0.000,0.00,0.000,0.000,0.00,0.000,0.000,0.00,0.000,0.000,0.00,0.000,0.000,0.00,0.000,0.000,0.00,0.000,0.000,0.00,0.000,0.000,0.00,0.000,0.000,0.00,0.000,0.000,0.00,0.000,0.000,0.00,0.000,0.000,0.00,0.000,0.000,0.00
6.9414,0.000,0.000,0.00,99.60,0.00,0.000,0.000,0.00,0.000,0.000,0.00,0.000,0.000,0.00,0.000,0.000,0.00,0.000,0.000,0.00,0.000,0.000,0.00,0.000,0.000,0.00,0.000,0.000,0.00,0.000,0.000,0.00,0.000,0.000,0.00,0.000,0.000,0.00,0.000,0.000,0.00,0.000,0.000,0.00,0.000,0.000,0.00,0.000,0.000,0.00,0.000,0.000,0.00,0.000,0.000,0.00,0.000,0.000,0.00,0.000,0.000,0.00,0.000,0.000,0.00,0.000,0.000,0.00,0.000,0.000,0.00,0.000,0.000,0.00,0.000,0.000,0.00,0.000,0.000,0.00,0.000,0.000,0.00,0.000,0.000,0.00,0.000,0.000,0.00,0.000,0.000,0.00,0.000,0.000,0.00
7.0574,0.000,0.000,0.00,100.00,0.00,0.000,0.000,0.00,0.000,0.000,0.00,0.000,0.000,0.00,0.000,0.000,0.00,0.000,0.000,0.00,0.000,0.000,0.00,0.000,0.000,0.00,0.000,0.000,0.00,0.000,0.000,0.00,0.000,0.000,0.00,0.000,0.000,0.00,0.000,0.000,0.00,0.000,0.000,0.00,0.000,0.000,0.00,0.000,0.000,0.00,0.000,0.000,0.00,0.000,0.000,0.00,0.000,0.000,0.00,0.000,0.000,0.00,0.000,0.000,0.00,0.000,0.000,0.00,0.000,0.000,0.00,0.000,0.000,0.00,0.000,0.000,0.00,0.000,0.000,0.00,0.000,0.000,0.00,0.000,0.000,0.00,0.000,0.000,0.00,0.000,0.000,0.00,0.000,0.000,0.00
7.1724,0.000,0.000,0.00,100.00,0.00,0.000,0.000,0.00,0.000,0.000,0.00,0.000,0.000,0.00,0.000,0.000,0.00,0.000,0.000,0.00,0.000,0.000,0.00,0.000,0.000,0.00,0.000,0.000,0.00,0.000,0.000,0.00,0.000,0.000,0.00,0.000,0.000,0.00,0.000,0.000,0.00,0.000,0.000,0.00,0.000,0.000,0.00,0.000,0.000,0.00,0.000,0.000,0.00,0.000,0.000,0.00,0.000,0.000,0.00,0.000,0.000,0.00,0.000,0.000,0.00,0.000,0.000,0.00,0.000,0.000,0.00,0.000,0.000,0.00,0.000,0.000,0.00,0.000,0.000,0.00,0.000,0.000,0.00,0.000,0.000,0.00,0.000,0.000,0.00,0.000,0.000,0.00,0.000,0.000,0.00
7.2874,0.000,0.000,0.00,100.00,0.00,0.000,0.000,0.00,0.000,0.000,0.00,0.000,0.000,0.00,0.000,0.000,0.00,0.000,0.000,0.00,0.000,0.000,0.00,0.000,0.000,0.00,0.000,0.000,0.00,0.000,0.000,0.00,0.000,0.000,0.00,0.000,0.000,0.00,0.000,0.000,0.00,0.000,0.000,0.00,0.000,0.000,0.00,0.000,0.000,0.00,0.000,0.000,0.00,0.000,0.000,0.00,0.000,0.000,0.00,0.000,0.000,0.00,0.000,0.000,0.00,0.000,0.000,0.00,0.000,0.000,0.00,0.000,0.000,0.00,0.000,0.000,0.00,0.000,0.000,0.00,0.000,0.000,0.00,0.000,0.000,0.00,0.000,0.000,0.00,0.000,0.000,0.00,0.000,0.000,0.00
7.4034,0.000,0.000,0.00,100.00,0.00,0.000,0.000,0.00,0.000,0.000,0.00,0.000,0.000,0.00,0.000,0.000,0.00,0.000,0.000,0.00,0.000,0.000,0.00,0.000,0.000,0.00,0.000,0.000,0.00,0.000,0.000,0.00,0.000,0.000,0.00,0.000,0.000,0.00,0.000,0.000,0.00,0.000,0.000,0.00,0.000,0.000,0.00,0.000,0.000,0.00,0.000,0.000,0.00,0.000,0.000,0.00,0.000,0.000,0.00,0.000,0.000,0.00,0.000,0.000,0.00,0.000,0.000,0.00,0.000,0.000,0.00,0.000,0.000,0.00,0.000,0.000,0.00,0.000,0.000,0.00,0.000,0.000,0.00,0.000,0.000,0.00,0.000,0.000,0.00,0.000,0.000,0.00,0.000,0.000,0.00
7.5154,0.000,0.000,0.00,99.93,0.00,0.000,0.000,0.00,0.000,0.000,0.00,0.000,0.000,0.00,0.000,0.000,0.00,0.000,0.000,0.00,0.000,0.000,0.00,0.000,0.000,0.00,0.000,0.000,0.00,0.000,0.000,0.00,0.000,0.000,0.00,0.000,0.000,0.00,0.000,0.000,0.00,0.000,0.000,0.00,0.000,0.000,0.00,0.000,0.000,0.00,0.000,0.000,0.00,0.000,0.000,0.00,0.000,0.000,0.00,0.000,0.000,0.00,0.000,0.000,0.00,0.000,0.000,0.00,0.000,0.000,0.00,0.000,0.000,0.00,0.000,0.000,0.00,0.000,0.000,0.00,0.000,0.000,0.00,0.000,0.000,0.00,0.000,0.000,0.00,0.000,0.000,0.00,0.000,0.000,0.00
7.6304,0.000,0.000,0.00,100.00,0.00,0.000,0.000,0.00,0.000,0.000,0.00,0.000,0.000,0.00,0.000,0.000,0.00,0.000,0.000,0.00,0.000,0.000,0.00,0.000,0.000,0.00,0.000,0.000,0.00,0.000,0.000,0.00,0.000,0.000,0.00,0.000,0.000,0.00,0.000,0.000,0.00,0.000,0.000,0.00,0.000,0.000,0.00,0.000,0.000,0.00,0.000,0.000,0.00,0.000,0.000,0.00,0.000,0.000,0.00,0.000,0.000,0.00,0.000,0.000,0.00,0.000,0.000,0.00,0.000,0.000,0.00,0.000,0.000,0.00,0.000,0.000,0.00,0.000,0.000,0.00,0.000,0.000,0.00,0.000,0.000,0.00,0.000,0.000,0.00,0.000,0.000,0.00,0.000,0.000,0.00
7.7454,0.000,0.027,0.09,100.00,0.00,0.000,0.000,0.00,0.000,0.000,0.00,0.000,0.000,0.00,0.000,0.000,0.00,0.000,0.000,0.00,0.000,0.000,0.00,0.000,0.000,0.00,0.000,0.000,0.00,0.000,0.000,0.00,0.000,0.000,0.00,0.000,0.000,0.00,0.000,0.000,0.00,0.000,0.000,0.00,0.000,0.000,0.00,0.000,0.000,0.00,0.000,0.000,0.00,0.000,0.000,0.00,0.000,0.000,0.00,0.000,0.000,0.00,0.000,0.000,0.00,0.000,0.000,0.00,0.000,0.027,2.61,0.000,0.000,0.00,0.000,0.000,0.00,0.000,0.000,0.00,0.000,0.000,0.00,0.000,0.000,0.00,0.000,0.000,0.00,0.000,0.000,0.00,0.000,0.000,0.00
7.8604,0.000,0.000,0.00,100.00,0.00,0.000,0.000,0.00,0.000,0.000,0.00,0.000,0.000,0.00,0.000,0.000,0.00,0.000,0.000,0.00,0.000,0.000,0.00,0.000,0.000,0.00,0.000,0.000,0.00,0.000,0.000,0.00,0.000,0.000,0.00,0.000,0.000,0.00,0.000,0.000,0.00,0.000,0.000,0.00,0.000,0.000,0.00,0.000,0.000,0.00,0.000,0.000,0.00,0.000,0.000,0.00,0.000,0.000,0.00,0.000,0.000,0.00,0.000,0.000,0.00,0.000,0.000,0.00,0.000,0.000,0.00,0.000,0.000,0.00,0.000,0.000,0.00,0.000,0.000,0.00,0.000,0.000,0.00,0.000,0.000,0.00,0.000,0.000,0.00,0.000,0.000,0.00,0.000,0.000,0.00
7.9764,0.000,0.000,0.00,100.00,0.00,0.000,0.000,0.00,0.000,0.000,0.00,0.000,0.000,0.00,0.000,0.000,0.00,0.000,0.000,0.00,0.000,0.000,0.00,0.000,0.000,0.00,0.000,0.000,0.00,0.000,0.000,0.00,0.000,0.000,0.00,0.000,0.000,0.00,0.000,0.000,0.00,0.000,0.000,0.00,0.000,0.000,0.00,0.000,0.000,0.00,0.000,0.000,0.00,0.000,0.000,0.00,0.000,0.000,0.00,0.000,0.000,0.00,0.000,0.000,0.00,0.000,0.000,0.00,0.000,0.000,0.00,0.000,0.000,0.00,0.000,0.000,0.00,0.000,0.000,0.00,0.000,0.000,0.00,0.000,0.000,0.00,0.000,0.000,0.00,0.000,0.000,0.00,0.000,0.000,0.00
8.0914,0.000,0.000,0.00,100.00,0.00,0.000,0.000,0.00,0.000,0.000,0.00,0.000,0.000,0.00,0.000,0.000,0.00,0.000,0.000,0.00,0.000,0.000,0.00,0.000,0.000,0.00,0.000,0.000,0.00,0.000,0.000,0.00,0.000,0.000,0.00,0.000,0.000,0.00,0.000,0.000,0.00,0.000,0.000,0.00,0.000,0.000,0.00,0.000,0.000,0.00,0.000,0.000,0.00,0.000,0.000,0.00,0.000,0.000,0.00,0.000,0.000,0.00,0.000,0.000,0.00,0.000,0.000,0.00,0.000,0.000,0.00,0.000,0.000,0.00,0.000,0.000,0.00,0.000,0.000,0.00,0.000,0.000,0.00,0.000,0.000,0.00,0.000,0.000,0.00,0.000,0.000,0.00,0.000,0.000,0.00
8.2064,0.000,0.000,0.00,100.00,0.00,0.000,0.000,0.00,0.000,0.000,0.00,0.000,0.000,0.00,0.000,0.000,0.00,0.000,0.000,0.00,0.000,0.000,0.00,0.000,0.000,0.00,0.000,0.000,0.00,0.000,0.000,0.00,0.000,0.000,0.00,0.000,0.000,0.00,0.000,0.000,0.00,0.000,0.000,0.00,0.000,0.000,0.00,0.000,0.000,0.00,0.000,0.000,0.00,0.000,0.000,0.00,0.000,0.000,0.00,0.000,0.000,0.00,0.000,0.000,0.00,0.000,0.000,0.00,0.000,0.000,0.00,0.000,0.000,0.00,0.000,0.000,0.00,0.000,0.000,0.00,0.000,0.000,0.00,0.000,0.000,0.00,0.000,0.000,0.00,0.000,0.000,0.00,0.000,0.000,0.00
8.3214,0.000,0.000,0.00,100.00,0.00,0.000,0.000,0.00,0.000,0.000,0.00,0.000,0.000,0.00,0.000,0.000,0.00,0.000,0.000,0.00,0.000,0.000,0.00,0.000,0.000,0.00,0.000,0.000,0.00,0.000,0.000,0.00,0.000,0.000,0.00,0.000,0.000,0.00,0.000,0.000,0.00,0.000,0.000,0.00,0.000,0.000,0.00,0.000,0.000,0.00,0.000,0.000,0.00,0.000,0.000,0.00,0.000,0.000,0.00,0.000,0.000,0.00,0.000,0.000,0.00,0.000,0.000,0.00,0.000,0.000,0.00,0.000,0.000,0.00,0.000,0.000,0.00,0.000,0.000,0.00,0.000,0.000,0.00,0.000,0.000,0.00,0.000,0.000,0.00,0.000,0.000,0.00,0.000,0.000,0.00
8.4364,0.000,0.000,0.00,100.00,0.00,0.000,0.000,0.00,0.000,0.000,0.00,0.000,0.000,0.00,0.000,0.000,0.00,0.000,0.000,0.00,0.000,0.000,0.00,0.000,0.000,0.00,0.000,0.000,0.00,0.000,0.000,0.00,0.000,0.000,0.00,0.000,0.000,0.00,0.000,0.000,0.00,0.000,0.000,0.00,0.000,0.000,0.00,0.000,0.000,0.00,0.000,0.000,0.00,0.000,0.000,0.00,0.000,0.000,0.00,0.000,0.000,0.00,0.000,0.000,0.00,0.000,0.000,0.00,0.000,0.000,0.00,0.000,0.000,0.00,0.000,0.000,0.00,0.000,0.000,0.00,0.000,0.000,0.00,0.000,0.000,0.00,0.000,0.000,0.00,0.000,0.000,0.00,0.000,0.000,0.00
8.5514,0.000,0.000,0.00,100.00,0.00,0.000,0.000,0.00,0.000,0.000,0.00,0.000,0.000,0.00,0.000,0.000,0.00,0.000,0.000,0.00,0.000,0.000,0.00,0.000,0.000,0.00,0.000,0.000,0.00,0.000,0.000,0.00,0.000,0.000,0.00,0.000,0.000,0.00,0.000,0.000,0.00,0.000,0.000,0.00,0.000,0.000,0.00,0.000,0.000,0.00,0.000,0.000,0.00,0.000,0.000,0.00,0.000,0.000,0.00,0.000,0.000,0.00,0.000,0.000,0.00,0.000,0.000,0.00,0.000,0.000,0.00,0.000,0.000,0.00,0.000,0.000,0.00,0.000,0.000,0.00,0.000,0.000,0.00,0.000,0.000,0.00,0.000,0.000,0.00,0.000,0.000,0.00,0.000,0.000,0.00
8.6586,0.000,0.000,0.00,98.17,0.00,0.000,0.000,0.00,0.000,0.000,0.00,0.000,0.000,0.00,0.000,0.000,0.00,0.000,0.000,0.00,0.000,0.000,0.00,0.000,0.000,0.00,0.000,0.000,0.00,0.000,0.000,0.00,0.000,0.000,0.00,0.000,0.000,0.00,0.000,0.000,0.00,0.000,0.000,0.00,0.000,0.000,0.00,0.000,0.000,0.00,0.000,0.000,0.00,0.000,0.000,0.00,0.000,0.000,0.00,0.000,0.000,0.00,0.000,0.000,0.00,0.000,0.000,0.00,0.000,0.000,0.00,0.000,0.000,0.00,0.000,0.000,0.00,0.000,0.000,0.00,0.000,0.000,0.00,0.000,0.000,0.00,0.000,0.000,0.00,0.000,0.000,0.00,0.000,0.000,0.00
8.7653,0.000,0.000,0.00,80.36,0.00,0.000,0.000,0.00,0.000,0.000,0.00,0.000,0.000,0.00,0.000,0.000,0.00,0.000,0.000,0.00,0.000,0.000,0.00,0.000,0.000,0.00,0.000,0.000,0.00,0.000,0.000,0.00,0.000,0.000,0.00,0.000,0.000,0.00,0.000,0.000,0.00,0.000,0.000,0.00,0.000,0.000,0.00,0.000,0.000,0.00,0.000,0.000,0.00,0.000,0.000,0.00,0.000,0.000,0.00,0.000,0.000,0.00,0.000,0.000,0.00,0.000,0.000,0.00,0.000,0.000,0.00,0.000,0.000,0.00,0.000,0.000,0.00,0.000,0.000,0.00,0.000,0.000,0.00,0.000,0.000,0.00,0.000,0.000,0.00,0.000,0.000,0.00,0.000,0.000,0.00
8.8706,0.000,0.000,0.00,39.80,0.00,0.000,0.000,0.00,0.000,0.000,0.00,0.000,0.000,0.00,0.000,0.000,0.00,0.000,0.000,0.00,0.000,0.000,0.00,0.000,0.000,0.00,0.000,0.000,0.00,0.000,0.000,0.00,0.000,0.000,0.00,0.000,0.000,0.00,0.000,0.000,0.00,0.000,0.000,0.00,0.000,0.000,0.00,0.000,0.000,0.00,0.000,0.000,0.00,0.000,0.000,0.00,0.000,0.000,0.00,0.000,0.000,0.00,0.000,0.000,0.00,0.000,0.000,0.00,0.000,0.000,0.00,0.000,0.000,0.00,0.000,0.000,0.00,0.000,0.000,0.00,0.000,0.000,0.00,0.000,0.000,0.00,0.000,0.000,0.00,0.000,0.000,0.00,0.000,0.000,0.00
8.9731,0.000,0.000,0.00,30.52,0.00,0.000,0.000,0.00,0.000,0.000,0.00,0.000,0.000,0.00,0.000,0.000,0.00,0.000,0.000,0.00,0.000,0.000,0.00,0.000,0.000,0.00,0.000,0.000,0.00,0.000,0.000,0.00,0.000,0.000,0.00,0.000,0.000,0.00,0.000,0.000,0.00,0.000,0.000,0.00,0.000,0.000,0.00,0.000,0.000,0.00,0.000,0.000,0.00,0.000,0.000,0.00,0.000,0.000,0.00,0.000,0.000,0.00,0.000,0.000,0.00,0.000,0.000,0.00,0.000,0.000,0.00,0.000,0.000,0.00,0.000,0.000,0.00,0.000,0.000,0.00,0.000,0.000,0.00,0.000,0.000,0.00,0.000,0.000,0.00,0.000,0.000,0.00,0.000,0.000,0.00
9.0754,0.000,0.000,0.00,30.69,0.00,0.000,0.000,0.00,0.000,0.000,0.00,0.000,0.000,0.00,0.000,0.000,0.00,0.000,0.000,0.00,0.000,0.000,0.00,0.000,0.000,0.00,0.000,0.000,0.00,0.000,0.000,0.00,0.000,0.000,0.00,0.000,0.000,0.00,0.000,0.000,0.00,0.000,0.000,0.00,0.000,0.000,0.00,0.000,0.000,0.00,0.000,0.000,0.00,0.000,0.000,0.00,0.000,0.000,0.00,0.000,0.000,0.00,0.000,0.000,0.00,0.000,0.000,0.00,0.000,0.000,0.00,0.000,0.000,0.00,0.000,0.000,0.00,0.000,0.000,0.00,0.000,0.000,0.00,0.000,0.000,0.00,0.000,0.000,0.00,0.000,0.000,0.00,0.000,0.000,0.00
9.1779,0.000,0.000,0.00,30.55,0.00,0.000,0.000,0.00,0.000,0.000,0.00,0.000,0.000,0.00,0.000,0.000,0.00,0.000,0.000,0.00,0.000,0.000,0.00,0.000,0.000,0.00,0.000,0.000,0.00,0.000,0.000,0.00,0.000,0.000,0.00,0.000,0.000,0.00,0.000,0.000,0.00,0.000,0.000,0.00,0.000,0.000,0.00,0.000,0.000,0.00,0.000,0.000,0.00,0.000,0.000,0.00,0.000,0.000,0.00,0.000,0.000,0.00,0.000,0.000,0.00,0.000,0.000,0.00,0.000,0.000,0.00,0.000,0.000,0.00,0.000,0.000,0.00,0.000,0.000,0.00,0.000,0.000,0.00,0.000,0.000,0.00,0.000,0.000,0.00,0.000,0.000,0.00,0.000,0.000,0.00
9.2800,0.000,0.000,0.00,32.52,0.00,0.000,0.000,0.00,0.000,0.000,0.00,0.000,0.000,0.00,0.000,0.000,0.00,0.000,0.000,0.00,0.000,0.000,0.00,0.000,0.000,0.00,0.000,0.000,0.00,0.000,0.000,0.00,0.000,0.000,0.00,0.000,0.000,0.00,0.000,0.000,0.00,0.000,0.000,0.00,0.000,0.000,0.00,0.000,0.000,0.00,0.000,0.000,0.00,0.000,0.000,0.00,0.000,0.000,0.00,0.000,0.000,0.00,0.000,0.000,0.00,0.000,0.000,0.00,0.000,0.000,0.00,0.000,0.000,0.00,0.000,0.000,0.00,0.000,0.000,0.00,0.000,0.000,0.00,0.000,0.000,0.00,0.000,0.000,0.00,0.000,0.000,0.00,0.000,0.000,0.00
9.3824,0.000,0.000,0.00,31.06,0.00,0.000,0.000,0.00,0.000,0.000,0.00,0.000,0.000,0.00,0.000,0.000,0.00,0.000,0.000,0.00,0.000,0.000,0.00,0.000,0.000,0.00,0.000,0.000,0.00,0.000,0.000,0.00,0.000,0.000,0.00,0.000,0.000,0.00,0.000,0.000,0.00,0.000,0.000,0.00,0.000,0.000,0.00,0.000,0.000,0.00,0.000,0.000,0.00,0.000,0.000,0.00,0.000,0.000,0.00,0.000,0.000,0.00,0.000,0.000,0.00,0.000,0.000,0.00,0.000,0.000,0.00,0.000,0.000,0.00,0.000,0.000,0.00,0.000,0.000,0.00,0.000,0.000,0.00,0.000,0.000,0.00,0.000,0.000,0.00,0.000,0.000,0.00,0.000,0.000,0.00
9.4846,0.000,0.000,0.00,28.80,0.00,0.000,0.000,0.00,0.000,0.000,0.00,0.000,0.000,0.00,0.000,0.000,0.00,0.000,0.000,0.00,0.000,0.000,0.00,0.000,0.000,0.00,0.000,0.000,0.00,0.000,0.000,0.00,0.000,0.000,0.00,0.000,0.000,0.00,0.000,0.000,0.00,0.000,0.000,0.00,0.000,0.000,0.00,0.000,0.000,0.00,0.000,0.000,0.00,0.000,0.000,0.00,0.000,0.000,0.00,0.000,0.000,0.00,0.000,0.000,0.00,0.000,0.000,0.00,0.000,0.000,0.00,0.000,0.000,0.00,0.000,0.000,0.00,0.000,0.000,0.00,0.000,0.000,0.00,0.000,0.000,0.00,0.000,0.000,0.00,0.000,0.000,0.00,0.000,0.000,0.00
9.5866,0.000,0.000,0.00,28.21,0.00,0.000,0.000,0.00,0.000,0.000,0.00,0.000,0.000,0.00,0.000,0.000,0.00,0.000,0.000,0.00,0.000,0.000,0.00,0.000,0.000,0.00,0.000,0.000,0.00,0.000,0.000,0.00,0.000,0.000,0.00,0.000,0.000,0.00,0.000,0.000,0.00,0.000,0.000,0.00,0.000,0.000,0.00,0.000,0.000,0.00,0.000,0.000,0.00,0.000,0.000,0.00,0.000,0.000,0.00,0.000,0.000,0.00,0.000,0.000,0.00,0.000,0.000,0.00,0.000,0.000,0.00,0.000,0.000,0.00,0.000,0.000,0.00,0.000,0.000,0.00,0.000,0.000,0.00,0.000,0.000,0.00,0.000,0.000,0.00,0.000,0.000,0.00,0.000,0.000,0.00
9.6890,0.000,0.000,0.00,31.52,0.00,0.000,0.000,0.00,0.000,0.000,0.00,0.000,0.000,0.00,0.000,0.000,0.00,0.000,0.000,0.00,0.000,0.000,0.00,0.000,0.000,0.00,0.000,0.000,0.00,0.000,0.000,0.00,0.000,0.000,0.00,0.000,0.000,0.00,0.000,0.000,0.00,0.000,0.000,0.00,0.000,0.000,0.00,0.000,0.000,0.00,0.000,0.000,0.00,0.000,0.000,0.00,0.000,0.000,0.00,0.000,0.000,0.00,0.000,0.000,0.00,0.000,0.000,0.00,0.000,0.000,0.00,0.000,0.000,0.00,0.000,0.000,0.00,0.000,0.000,0.00,0.000,0.000,0.00,0.000,0.000,0.00,0.000,0.000,0.00,0.000,0.000,0.00,0.000,0.000,0.00
9.7913,0.000,0.040,0.00,29.77,0.00,0.000,0.000,0.00,0.000,0.000,0.00,0.000,0.000,0.00,0.000,0.000,0.00,0.000,0.000,0.00,0.000,0.000,0.00,0.000,0.000,0.00,0.000,0.000,0.00,0.000,0.000,0.00,0.000,0.000,0.00,0.000,0.000,0.00,0.000,0.000,0.00,0.000,0.000,0.00,0.000,0.000,0.00,0.000,0.000,0.00,0.000,0.000,0.00,0.000,0.000,0.00,0.000,0.000,0.00,0.000,0.000,0.00,0.000,0.000,0.00,0.000,0.000,0.00,0.000,0.000,0.00,0.000,0.040,0.00,0.000,0.000,0.00,0.000,0.000,0.00,0.000,0.000,0.00,0.000,0.000,0.00,0.000,0.000,0.00,0.000,0.000,0.00,0.000,0.000,0.00
9.8939,0.000,0.000,0.00,30.79,0.00,0.000,0.000,0.00,0.000,0.000,0.00,0.000,0.000,0.00,0.000,0.000,0.00,0.000,0.000,0.00,0.000,0.000,0.00,0.000,0.000,0.00,0.000,0.000,0.00,0.000,0.000,0.00,0.000,0.000,0.00,0.000,0.000,0.00,0.000,0.000,0.00,0.000,0.000,0.00,0.000,0.000,0.00,0.000,0.000,0.00,0.000,0.000,0.00,0.000,0.000,0.00,0.000,0.000,0.00,0.000,0.000,0.00,0.000,0.000,0.00,0.000,0.000,0.00,0.000,0.000,0.00,0.000,0.000,0.00,0.000,0.000,0.00,0.000,0.000,0.00,0.000,0.000,0.00,0.000,0.000,0.00,0.000,0.000,0.00,0.000,0.000,0.00,0.000,0.000,0.00
9.9960,0.000,0.000,0.00,29.66,0.00,0.000,0.000,0.00,0.000,0.000,0.00,0.000,0.000,0.00,0.000,0.000,0.00,0.000,0.000,0.00,0.000,0.000,0.00,0.000,0.000,0.00,0.000,0.000,0.00,0.000,0.000,0.00,0.000,0.000,0.00,0.000,0.000,0.00,0.000,0.000,0.00,0.000,0.000,0.00,0.000,0.000,0.00,0.000,0.000,0.00,0.000,0.000,0.00,0.000,0.000,0.00,0.000,0.000,0.00,0.000,0.000,0.00,0.000,0.000,0.00,0.000,0.000,0.00,0.000,0.000,0.00,0.000,0.000,0.00,0.000,0.000,0.00,0.000,0.000,0.00,0.000,0.000,0.00,0.000,0.000,0.00,0.000,0.000,0.00,0.000,0.000,0.00,0.000,0.000,0.00
10.0983,0.000,0.000,0.00,30.58,0.00,0.000,0.000,0.00,0.000,0.000,0.00,0.000,0.000,0.00,0.000,0.000,0.00,0.000,0.000,0.00,0.000,0.000,0.00,0.000,0.000,0.00,0.000,0.000,0.00,0.000,0.000,0.00,0.000,0.000,0.00,0.000,0.000,0.00,0.000,0.000,0.00,0.000,0.000,0.00,0.000,0.000,0.00,0.000,0.000,0.00,0.000,0.000,0.00,0.000,0.000,0.00,0.000,0.000,0.00,0.000,0.000,0.00,0.000,0.000,0.00,0.000,0.000,0.00,0.000,0.000,0.00,0.000,0.000,0.00,0.000,0.000,0.00,0.000,0.000,0.00,0.000,0.000,0.00,0.000,0.000,0.00,0.000,0.000,0.00,0.000,0.000,0.00,0.000,0.000,0.00
10.2014,0.000,0.000,0.00,45.14,0.00,0.000,0.000,0.00,0.000,0.000,0.00,0.000,0.000,0.00,0.000,0.000,0.00,0.000,0.000,0.00,0.000,0.000,0.00,0.000,0.000,0.00,0.000,0.000,0.00,0.000,0.000,0.00,0.000,0.000,0.00,0.000,0.000,0.00,0.000,0.000,0.00,0.000,0.000,0.00,0.000,0.000,0.00,0.000,0.000,0.00,0.000,0.000,0.00,0.000,0.000,0.00,0.000,0.000,0.00,0.000,0.000,0.00,0.000,0.000,0.00,0.000,0.000,0.00,0.000,0.000,0.00,0.000,0.000,0.00,0.000,0.000,0.00,0.000,0.000,0.00,0.000,0.000,0.00,0.000,0.000,0.00,0.000,0.000,0.00,0.000,0.000,0.00,0.000,0.000,0.00
10.3159,0.000,0.027,0.17,87.83,0.00,0.000,0.000,0.00,0.000,0.000,0.00,0.000,0.000,0.00,0.000,0.000,0.00,0.000,0.000,0.00,0.000,0.000,0.00,0.000,0.000,0.00,0.000,0.000,0.00,0.000,0.000,0.00,0.000,0.000,0.00,0.000,0.000,0.00,0.000,0.000,0.00,0.000,0.000,0.00,0.000,0.000,0.00,0.000,0.000,0.00,0.000,0.000,0.00,0.000,0.000,0.00,0.000,0.000,0.00,0.000,0.000,0.00,0.000,0.000,0.00,0.000,0.000,0.00,0.000,0.000,0.00,0.000,0.000,0.00,0.000,0.000,0.00,0.000,0.000,0.00,0.000,0.000,0.00,0.000,0.000,0.00,0.000,0.027,5.24,0.000,0.000,0.00,0.000,0.000,0.00
10.4291,0.000,0.000,0.00,94.48,0.00,0.000,0.000,0.00,0.000,0.000,0.00,0.000,0.000,0.00,0.000,0.000,0.00,0.000,0.000,0.00,0.000,0.000,0.00,0.000,0.000,0.00,0.000,0.000,0.00,0.000,0.000,0.00,0.000,0.000,0.00,0.000,0.000,0.00,0.000,0.000,0.00,0.000,0.000,0.00,0.000,0.000,0.00,0.000,0.000,0.00,0.000,0.000,0.00,0.000,0.000,0.00,0.000,0.000,0.00,0.000,0.000,0.00,0.000,0.000,0.00,0.000,0.000,0.00,0.000,0.000,0.00,0.000,0.000,0.00,0.000,0.000,0.00,0.000,0.000,0.00,0.000,0.000,0.00,0.000,0.000,0.00,0.000,0.000,0.00,0.000,0.000,0.00,0.000,0.000,0.00
10.5453,0.000,0.000,0.00,97.54,0.00,0.000,0.000,0.00,0.000,0.000,0.00,0.000,0.000,0.00,0.000,0.000,0.00,0.000,0.000,0.00,0.000,0.000,0.00,0.000,0.000,0.00,0.000,0.000,0.00,0.000,0.000,0.00,0.000,0.000,0.00,0.000,0.000,0.00,0.000,0.000,0.00,0.000,0.000,0.00,0.000,0.000,0.00,0.000,0.000,0.00,0.000,0.000,0.00,0.000,0.000,0.00,0.000,0.000,0.00,0.000,0.000,0.00,0.000,0.000,0.00,0.000,0.000,0.00,0.000,0.000,0.00,0.000,0.000,0.00,0.000,0.000,0.00,0.000,0.000,0.00,0.000,0.000,0.00,0.000,0.000,0.00,0.000,0.000,0.00,0.000,0.000,0.00,0.000,0.000,0.00
10.6525,0.000,0.000,0.00,22.38,0.00,0.000,0.000,0.00,0.000,0.000,0.00,0.000,0.000,0.00,0.000,0.000,0.00,0.000,0.000,0.00,0.000,0.000,0.00,0.000,0.000,0.00,0.000,0.000,0.00,0.000,0.000,0.00,0.000,0.000,0.00,0.000,0.000,0.00,0.000,0.000,0.00,0.000,0.000,0.00,0.000,0.000,0.00,0.000,0.000,0.00,0.000,0.000,0.00,0.000,0.000,0.00,0.000,0.000,0.00,0.000,0.000,0.00,0.000,0.000,0.00,0.000,0.000,0.00,0.000,0.000,0.00,0.000,0.000,0.00,0.000,0.000,0.00,0.000,0.000,0.00,0.000,0.000,0.00,0.000,0.000,0.00,0.000,0.000,0.00,0.000,0.000,0.00,0.000,0.000,0.00
10.7542,0.000,0.000,0.00,0.85,0.00,0.000,0.000,0.00,0.000,0.000,0.00,0.000,0.000,0.00,0.000,0.000,0.00,0.000,0.000,0.00,0.000,0.000,0.00,0.000,0.000,0.00,0.000,0.000,0.00,0.000,0.000,0.00,0.000,0.000,0.00,0.000,0.000,0.00,0.000,0.000,0.00,0.000,0.000,0.00,0.000,0.000,0.00,0.000,0.000,0.00,0.000,0.000,0.00,0.000,0.000,0.00,0.000,0.000,0.00,0.000,0.000,0.00,0.000,0.000,0.00,0.000,0.000,0.00,0.000,0.000,0.00,0.000,0.000,0.00,0.000,0.000,0.00,0.000,0.000,0.00,0.000,0.000,0.00,0.000,0.000,0.00,0.000,0.000,0.00,0.000,0.000,0.00,0.000,0.000,0.00
10.8553,0.000,0.000,0.00,0.85,0.00,0.000,0.000,0.00,0.000,0.000,0.00,0.000,0.000,0.00,0.000,0.000,0.00,0.000,0.000,0.00,0.000,0.000,0.00,0.000,0.000,0.00,0.000,0.000,0.00,0.000,0.000,0.00,0.000,0.000,0.00,0.000,0.000,0.00,0.000,0.000,0.00,0.000,0.000,0.00,0.000,0.000,0.00,0.000,0.000,0.00,0.000,0.000,0.00,0.000,0.000,0.00,0.000,0.000,0.00,0.000,0.000,0.00,0.000,0.000,0.00,0.000,0.000,0.00,0.000,0.000,0.00,0.000,0.000,0.00,0.000,0.000,0.00,0.000,0.000,0.00,0.000,0.000,0.00,0.000,0.000,0.00,0.000,0.000,0.00,0.000,0.000,0.00,0.000,0.000,0.00
10.9564,0.000,0.000,0.00,0.70,0.00,0.000,0.000,0.00,0.000,0.000,0.00,0.000,0.000,0.00,0.000,0.000,0.00,0.000,0.000,0.00,0.000,0.000,0.00,0.000,0.000,0.00,0.000,0.000,0.00,0.000,0.000,0.00,0.000,0.000,0.00,0.000,0.000,0.00,0.000,0.000,0.00,0.000,0.000,0.00,0.000,0.000,0.00,0.000,0.000,0.00,0.000,0.000,0.00,0.000,0.000,0.00,0.000,0.000,0.00,0.000,0.000,0.00,0.000,0.000,0.00,0.000,0.000,0.00,0.000,0.000,0.00,0.000,0.000,0.00,0.000,0.000,0.00,0.000,0.000,0.00,0.000,0.000,0.00,0.000,0.000,0.00,0.000,0.000,0.00,0.000,0.000,0.00,0.000,0.000,0.00
11.0578,0.000,0.000,0.00,0.99,0.00,0.000,0.000,0.00,0.000,0.000,0.00,0.000,0.000,0.00,0.000,0.000,0.00,0.000,0.000,0.00,0.000,0.000,0.00,0.000,0.000,0.00,0.000,0.000,0.00,0.000,0.000,0.00,0.000,0.000,0.00,0.000,0.000,0.00,0.000,0.000,0.00,0.000,0.000,0.00,0.000,0.000,0.00,0.000,0.000,0.00,0.000,0.000,0.00,0.000,0.000,0.00,0.000,0.000,0.00,0.000,0.000,0.00,0.000,0.000,0.00,0.000,0.000,0.00,0.000,0.000,0.00,0.000,0.000,0.00,0.000,0.000,0.00,0.000,0.000,0.00,0.000,0.000,0.00,0.000,0.000,0.00,0.000,0.000,0.00,0.000,0.000,0.00,0.000,0.000,0.00
11.1597,0.000,0.000,0.00,0.77,0.00,0.000,0.000,0.00,0.000,0.000,0.00,0.000,0.000,0.00,0.000,0.000,0.00,0.000,0.000,0.00,0.000,0.000,0.00,0.000,0.000,0.00,0.000,0.000,0.00,0.000,0.000,0.00,0.000,0.000,0.00,0.000,0.000,0.00,0.000,0.000,0.00,0.000,0.000,0.00,0.000,0.000,0.00,0.000,0.000,0.00,0.000,0.000,0.00,0.000,0.000,0.00,0.000,0.000,0.00,0.000,0.000,0.00,0.000,0.000,0.00,0.000,0.000,0.00,0.000,0.000,0.00,0.000,0.000,0.00,0.000,0.000,0.00,0.000,0.000,0.00,0.000,0.000,0.00,0.000,0.000,0.00,0.000,0.000,0.00,0.000,0.000,0.00,0.000,0.000,0.00
11.2608,0.000,0.000,0.00,0.93,0.00,0.000,0.000,0.00,0.000,0.000,0.00,0.000,0.000,0.00,0.000,0.000,0.00,0.000,0.000,0.00,0.000,0.000,0.00,0.000,0.000,0.00,0.000,0.000,0.00,0.000,0.000,0.00,0.000,0.000,0.00,0.000,0.000,0.00,0.000,0.000,0.00,0.000,0.000,0.00,0.000,0.000,0.00,0.000,0.000,0.00,0.000,0.000,0.00,0.000,0.000,0.00,0.000,0.000,0.00,0.000,0.000,0.00,0.000,0.000,0.00,0.000,0.000,0.00,0.000,0.000,0.00,0.000,0.000,0.00,0.000,0.000,0.00,0.000,0.000,0.00,0.000,0.000,0.00,0.000,0.000,0.00,0.000,0.000,0.00,0.000,0.000,0.00,0.000,0.000,0.00
11.3620,0.000,0.000,0.00,0.85,0.00,0.000,0.000,0.00,0.000,0.000,0.00,0.000,0.000,0.00,0.000,0.000,0.00,0.000,0.000,0.00,0.000,0.000,0.00,0.000,0.000,0.00,0.000,0.000,0.00,0.000,0.000,0.00,0.000,0.000,0.00,0.000,0.000,0.00,0.000,0.000,0.00,0.000,0.000,0.00,0.000,0.000,0.00,0.000,0.000,0.00,0.000,0.000,0.00,0.000,0.000,0.00,0.000,0.000,0.00,0.000,0.000,0.00,0.000,0.000,0.00,0.000,0.000,0.00,0.000,0.000,0.00,0.000,0.000,0.00,0.000,0.000,0.00,0.000,0.000,0.00,0.000,0.000,0.00,0.000,0.000,0.00,0.000,0.000,0.00,0.000,0.000,0.00,0.000,0.000,0.00
11.4632,0.000,0.000,0.00,0.85,0.00,0.000,0.000,0.00,0.000,0.000,0.00,0.000,0.000,0.00,0.000,0.000,0.00,0.000,0.000,0.00,0.000,0.000,0.00,0.000,0.000,0.00,0.000,0.000,0.00,0.000,0.000,0.00,0.000,0.000,0.00,0.000,0.000,0.00,0.000,0.000,0.00,0.000,0.000,0.00,0.000,0.000,0.00,0.000,0.000,0.00,0.000,0.000,0.00,0.000,0.000,0.00,0.000,0.000,0.00,0.000,0.000,0.00,0.000,0.000,0.00,0.000,0.000,0.00,0.000,0.000,0.00,0.000,0.000,0.00,0.000,0.000,0.00,0.000,0.000,0.00,0.000,0.000,0.00,0.000,0.000,0.00,0.000,0.000,0.00,0.000,0.000,0.00,0.000,0.000,0.00
11.5642,0.000,0.000,0.00,0.77,0.00,0.000,0.000,0.00,0.000,0.000,0.00,0.000,0.000,0.00,0.000,0.000,0.00,0.000,0.000,0.00,0.000,0.000,0.00,0.000,0.000,0.00,0.000,0.000,0.00,0.000,0.000,0.00,0.000,0.000,0.00,0.000,0.000,0.00,0.000,0.000,0.00,0.000,0.000,0.00,0.000,0.000,0.00,0.000,0.000,0.00,0.000,0.000,0.00,0.000,0.000,0.00,0.000,0.000,0.00,0.000,0.000,0.00,0.000,0.000,0.00,0.000,0.000,0.00,0.000,0.000,0.00,0.000,0.000,0.00,0.000,0.000,0.00,0.000,0.000,0.00,0.000,0.000,0.00,0.000,0.000,0.00,0.000,0.000,0.00,0.000,0.000,0.00,0.000,0.000,0.00
11.6654,0.000,0.000,0.00,0.77,0.00,0.000,0.000,0.00,0.000,0.000,0.00,0.000,0.000,0.00,0.000,0.000,0.00,0.000,0.000,0.00,0.000,0.000,0.00,0.000,0.000,0.00,0.000,0.000,0.00,0.000,0.000,0.00,0.000,0.000,0.00,0.000,0.000,0.00,0.000,0.000,0.00,0.000,0.000,0.00,0.000,0.000,0.00,0.000,0.000,0.00,0.000,0.000,0.00,0.000,0.000,0.00,0.000,0.000,0.00,0.000,0.000,0.00,0.000,0.000,0.00,0.000,0.000,0.00,0.000,0.000,0.00,0.000,0.000,0.00,0.000,0.000,0.00,0.000,0.000,0.00,0.000,0.000,0.00,0.000,0.000,0.00,0.000,0.000,0.00,0.000,0.000,0.00,0.000,0.000,0.00
11.7665,0.000,0.000,0.00,0.77,0.00,0.000,0.000,0.00,0.000,0.000,0.00,0.000,0.000,0.00,0.000,0.000,0.00,0.000,0.000,0.00,0.000,0.000,0.00,0.000,0.000,0.00,0.000,0.000,0.00,0.000,0.000,0.00,0.000,0.000,0.00,0.000,0.000,0.00,0.000,0.000,0.00,0.000,0.000,0.00,0.000,0.000,0.00,0.000,0.000,0.00,0.000,0.000,0.00,0.000,0.000,0.00,0.000,0.000,0.00,0.000,0.000,0.00,0.000,0.000,0.00,0.000,0.000,0.00,0.000,0.000,0.00,0.000,0.000,0.00,0.000,0.000,0.00,0.000,0.000,0.00,0.000,0.000,0.00,0.000,0.000,0.00,0.000,0.000,0.00,0.000,0.000,0.00,0.000,0.000,0.00
11.8676,0.000,0.041,0.03,0.77,0.00,0.000,0.000,0.00,0.000,0.000,0.00,0.000,0.000,0.00,0.000,0.000,0.00,0.000,0.000,0.00,0.000,0.000,0.00,0.000,0.000,0.00,0.000,0.000,0.00,0.000,0.000,0.00,0.000,0.000,0.00,0.000,0.000,0.00,0.000,0.000,0.00,0.000,0.000,0.00,0.000,0.000,0.00,0.000,0.000,0.00,0.000,0.000,0.00,0.000,0.000,0.00,0.000,0.000,0.00,0.000,0.000,0.00,0.000,0.000,0.00,0.000,0.000,0.00,0.000,0.000,0.00,0.000,0.041,0.99,0.000,0.000,0.00,0.000,0.000,0.00,0.000,0.000,0.00,0.000,0.000,0.00,0.000,0.000,0.00,0.000,0.000,0.00,0.000,0.000,0.00
11.9687,0.000,0.000,0.00,0.85,0.00,0.000,0.000,0.00,0.000,0.000,0.00,0.000,0.000,0.00,0.000,0.000,0.00,0.000,0.000,0.00,0.000,0.000,0.00,0.000,0.000,0.00,0.000,0.000,0.00,0.000,0.000,0.00,0.000,0.000,0.00,0.000,0.000,0.00,0.000,0.000,0.00,0.000,0.000,0.00,0.000,0.000,0.00,0.000,0.000,0.00,0.000,0.000,0.00,0.000,0.000,0.00,0.000,0.000,0.00,0.000,0.000,0.00,0.000,0.000,0.00,0.000,0.000,0.00,0.000,0.000,0.00,0.000,0.000,0.00,0.000,0.000,0.00,0.000,0.000,0.00,0.000,0.000,0.00,0.000,0.000,0.00,0.000,0.000,0.00,0.000,0.000,0.00,0.000,0.000,0.00
12.0699,0.000,0.000,0.00,0.77,0.00,0.000,0.000,0.00,0.000,0.000,0.00,0.000,0.000,0.00,0.000,0.000,0.00,0.000,0.000,0.00,0.000,0.000,0.00,0.000,0.000,0.00,0.000,0.000,0.00,0.000,0.000,0.00,0.000,0.000,0.00,0.000,0.000,0.00,0.000,0.000,0.00,0.000,0.000,0.00,0.000,0.000,0.00,0.000,0.000,0.00,0.000,0.000,0.00,0.000,0.000,0.00,0.000,0.000,0.00,0.000,0.000,0.00,0.000,0.000,0.00,0.000,0.000,0.00,0.000,0.000,0.00,0.000,0.000,0.00,0.000,0.000,0.00,0.000,0.000,0.00,0.000,0.000,0.00,0.000,0.000,0.00,0.000,0.000,0.00,0.000,0.000,0.00,0.000,0.000,0.00
12.1710,0.000,0.000,0.00,0.77,0.00,0.000,0.000,0.00,0.000,0.000,0.00,0.000,0.000,0.00,0.000,0.000,0.00,0.000,0.000,0.00,0.000,0.000,0.00,0.000,0.000,0.00,0.000,0.000,0.00,0.000,0.000,0.00,0.000,0.000,0.00,0.000,0.000,0.00,0.000,0.000,0.00,0.000,0.000,0.00,0.000,0.000,0.00,0.000,0.000,0.00,0.000,0.000,0.00,0.000,0.000,0.00,0.000,0.000,0.00,0.000,0.000,0.00,0.000,0.000,0.00,0.000,0.000,0.00,0.000,0.000,0.00,0.000,0.000,0.00,0.000,0.000,0.00,0.000,0.000,0.00,0.000,0.000,0.00,0.000,0.000,0.00,0.000,0.000,0.00,0.000,0.000,0.00,0.000,0.000,0.00
12.2721,0.000,0.000,0.00,1.08,0.00,0.000,0.000,0.00,0.000,0.000,0.00,0.000,0.000,0.00,0.000,0.000,0.00,0.000,0.000,0.00,0.000,0.000,0.00,0.000,0.000,0.00,0.000,0.000,0.00,0.000,0.000,0.00,0.000,0.000,0.00,0.000,0.000,0.00,0.000,0.000,0.00,0.000,0.000,0.00,0.000,0.000,0.00,0.000,0.000,0.00,0.000,0.000,0.00,0.000,0.000,0.00,0.000,0.000,0.00,0.000,0.000,0.00,0.000,0.000,0.00,0.000,0.000,0.00,0.000,0.000,0.00,0.000,0.000,0.00,0.000,0.000,0.00,0.000,0.000,0.00,0.000,0.000,0.00,0.000,0.000,0.00,0.000,0.000,0.00,0.000,0.000,0.00,0.000,0.000,0.00
12.3733,0.000,0.000,0.00,0.85,0.00,0.000,0.000,0.00,0.000,0.000,0.00,0.000,0.000,0.00,0.000,0.000,0.00,0.000,0.000,0.00,0.000,0.000,0.00,0.000,0.000,0.00,0.000,0.000,0.00,0.000,0.000,0.00,0.000,0.000,0.00,0.000,0.000,0.00,0.000,0.000,0.00,0.000,0.000,0.00,0.000,0.000,0.00,0.000,0.000,0.00,0.000,0.000,0.00,0.000,0.000,0.00,0.000,0.000,0.00,0.000,0.000,0.00,0.000,0.000,0.00,0.000,0.000,0.00,0.000,0.000,0.00,0.000,0.000,0.00,0.000,0.000,0.00,0.000,0.000,0.00,0.000,0.000,0.00,0.000,0.000,0.00,0.000,0.000,0.00,0.000,0.000,0.00,0.000,0.000,0.00
12.4745,0.000,0.000,0.00,0.77,0.00,0.000,0.000,0.00,0.000,0.000,0.00,0.000,0.000,0.00,0.000,0.000,0.00,0.000,0.000,0.00,0.000,0.000,0.00,0.000,0.000,0.00,0.000,0.000,0.00,0.000,0.000,0.00,0.000,0.000,0.00,0.000,0.000,0.00,0.000,0.000,0.00,0.000,0.000,0.00,0.000,0.000,0.00,0.000,0.000,0.00,0.000,0.000,0.00,0.000,0.000,0.00,0.000,0.000,0.00,0.000,0.000,0.00,0.000,0.000,0.00,0.000,0.000,0.00,0.000,0.000,0.00,0.000,0.000,0.00,0.000,0.000,0.00,0.000,0.000,0.00,0.000,0.000,0.00,0.000,0.000,0.00,0.000,0.000,0.00,0.000,0.000,0.00,0.000,0.000,0.00
12.5756,0.000,0.000,0.00,0.77,0.00,0.000,0.000,0.00,0.000,0.000,0.00,0.000,0.000,0.00,0.000,0.000,0.00,0.000,0.000,0.00,0.000,0.000,0.00,0.000,0.000,0.00,0.000,0.000,0.00,0.000,0.000,0.00,0.000,0.000,0.00,0.000,0.000,0.00,0.000,0.000,0.00,0.000,0.000,0.00,0.000,0.000,0.00,0.000,0.000,0.00,0.000,0.000,0.00,0.000,0.000,0.00,0.000,0.000,0.00,0.000,0.000,0.00,0.000,0.000,0.00,0.000,0.000,0.00,0.000,0.000,0.00,0.000,0.000,0.00,0.000,0.000,0.00,0.000,0.000,0.00,0.000,0.000,0.00,0.000,0.000,0.00,0.000,0.000,0.00,0.000,0.000,0.00,0.000,0.000,0.00
12.6768,0.000,0.000,0.00,0.77,0.00,0.000,0.000,0.00,0.000,0.000,0.00,0.000,0.000,0.00,0.000,0.000,0.00,0.000,0.000,0.00,0.000,0.000,0.00,0.000,0.000,0.00,0.000,0.000,0.00,0.000,0.000,0.00,0.000,0.000,0.00,0.000,0.000,0.00,0.000,0.000,0.00,0.000,0.000,0.00,0.000,0.000,0.00,0.000,0.000,0.00,0.000,0.000,0.00,0.000,0.000,0.00,0.000,0.000,0.00,0.000,0.000,0.00,0.000,0.000,0.00,0.000,0.000,0.00,0.000,0.000,0.00,0.000,0.000,0.00,0.000,0.000,0.00,0.000,0.000,0.00,0.000,0.000,0.00,0.000,0.000,0.00,0.000,0.000,0.00,0.000,0.000,0.00,0.000,0.000,0.00
12.7779,0.000,0.000,0.00,0.85,0.00,0.000,0.000,0.00,0.000,0.000,0.00,0.000,0.000,0.00,0.000,0.000,0.00,0.000,0.000,0.00,0.000,0.000,0.00,0.000,0.000,0.00,0.000,0.000,0.00,0.000,0.000,0.00,0.000,0.000,0.00,0.000,0.000,0.00,0.000,0.000,0.00,0.000,0.000,0.00,0.000,0.000,0.00,0.000,0.000,0.00,0.000,0.000,0.00,0.000,0.000,0.00,0.000,0.000,0.00,0.000,0.000,0.00,0.000,0.000,0.00,0.000,0.000,0.00,0.000,0.000,0.00,0.000,0.000,0.00,0.000,0.000,0.00,0.000,0.000,0.00,0.000,0.000,0.00,0.000,0.000,0.00,0.000,0.000,0.00,0.000,0.000,0.00,0.000,0.000,0.00
12.8791,0.000,0.000,0.00,0.93,0.00,0.000,0.000,0.00,0.000,0.000,0.00,0.000,0.000,0.00,0.000,0.000,0.00,0.000,0.000,0.00,0.000,0.000,0.00,0.000,0.000,0.00,0.000,0.000,0.00,0.000,0.000,0.00,0.000,0.000,0.00,0.000,0.000,0.00,0.000,0.000,0.00,0.000,0.000,0.00,0.000,0.000,0.00,0.000,0.000,0.00,0.000,0.000,0.00,0.000,0.000,0.00,0.000,0.000,0.00,0.000,0.000,0.00,0.000,0.000,0.00,0.000,0.000,0.00,0.000,0.000,0.00,0.000,0.000,0.00,0.000,0.000,0.00,0.000,0.000,0.00,0.000,0.000,0.00,0.000,0.000,0.00,0.000,0.000,0.00,0.000,0.000,0.00,0.000,0.000,0.00
12.9802,0.000,0.000,0.00,0.77,0.00,0.000,0.000,0.00,0.000,0.000,0.00,0.000,0.000,0.00,0.000,0.000,0.00,0.000,0.000,0.00,0.000,0.000,0.00,0.000,0.000,0.00,0.000,0.000,0.00,0.000,0.000,0.00,0.000,0.000,0.00,0.000,0.000,0.00,0.000,0.000,0.00,0.000,0.000,0.00,0.000,0.000,0.00,0.000,0.000,0.00,0.000,0.000,0.00,0.000,0.000,0.00,0.000,0.000,0.00,0.000,0.000,0.00,0.000,0.000,0.00,0.000,0.000,0.00,0.000,0.000,0.00,0.000,0.000,0.00,0.000,0.000,0.00,0.000,0.000,0.00,0.000,0.000,0.00,0.000,0.000,0.00,0.000,0.000,0.00,0.000,0.000,0.00,0.000,0.000,0.00
13.0825,0.000,0.000,0.00,62.17,0.00,0.000,0.000,0.00,0.000,0.000,0.00,0.000,0.000,0.00,0.000,0.000,0.00,0.000,0.000,0.00,0.000,0.000,0.00,0.000,0.000,0.00,0.000,0.000,0.00,0.000,0.000,0.00,0.000,0.000,0.00,0.000,0.000,0.00,0.000,0.000,0.00,0.000,0.000,0.00,0.000,0.000,0.00,0.000,0.000,0.00,0.000,0.000,0.00,0.000,0.000,0.00,0.000,0.000,0.00,0.000,0.000,0.00,0.000,0.000,0.00,0.000,0.000,0.00,0.000,0.000,0.00,0.000,0.000,0.00,0.000,0.000,0.00,0.000,0.000,0.00,0.000,0.000,0.00,0.000,0.000,0.00,0.000,0.000,0.00,0.000,0.000,0.00,0.000,0.000,0.00
13.1997,0.000,0.000,0.00,99.19,0.00,0.000,0.000,0.00,0.000,0.000,0.00,0.000,0.000,0.00,0.000,0.000,0.00,0.000,0.000,0.00,0.000,0.000,0.00,0.000,0.000,0.00,0.000,0.000,0.00,0.000,0.000,0.00,0.000,0.000,0.00,0.000,0.000,0.00,0.000,0.000,0.00,0.000,0.000,0.00,0.000,0.000,0.00,0.000,0.000,0.00,0.000,0.000,0.00,0.000,0.000,0.00,0.000,0.000,0.00,0.000,0.000,0.00,0.000,0.000,0.00,0.000,0.000,0.00,0.000,0.000,0.00,0.000,0.000,0.00,0.000,0.000,0.00,0.000,0.000,0.00,0.000,0.000,0.00,0.000,0.000,0.00,0.000,0.000,0.00,0.000,0.000,0.00,0.000,0.000,0.00
13.3053,0.000,0.000,0.00,100.00,0.00,0.000,0.000,0.00,0.000,0.000,0.00,0.000,0.000,0.00,0.000,0.000,0.00,0.000,0.000,0.00,0.000,0.000,0.00,0.000,0.000,0.00,0.000,0.000,0.00,0.000,0.000,0.00,0.000,0.000,0.00,0.000,0.000,0.00,0.000,0.000,0.00,0.000,0.000,0.00,0.000,0.000,0.00,0.000,0.000,0.00,0.000,0.000,0.00,0.000,0.000,0.00,0.000,0.000,0.00,0.000,0.000,0.00,0.000,0.000,0.00,0.000,0.000,0.00,0.000,0.000,0.00,0.000,0.000,0.00,0.000,0.000,0.00,0.000,0.000,0.00,0.000,0.000,0.00,0.000,0.000,0.00,0.000,0.000,0.00,0.000,0.000,0.00,0.000,0.000,0.00
13.4287,0.000,0.025,0.11,100.00,0.00,0.000,0.000,0.00,0.000,0.000,0.00,0.000,0.000,0.00,0.000,0.000,0.00,0.000,0.000,0.00,0.000,0.000,0.00,0.000,0.000,0.00,0.000,0.000,0.00,0.000,0.000,0.00,0.000,0.000,0.00,0.000,0.000,0.00,0.000,0.000,0.00,0.000,0.000,0.00,0.000,0.000,0.00,0.000,0.000,0.00,0.000,0.000,0.00,0.000,0.000,0.00,0.000,0.000,0.00,0.000,0.000,0.00,0.000,0.000,0.00,0.000,0.000,0.00,0.000,0.000,0.00,0.000,0.000,0.00,0.000,0.000,0.00,0.000,0.000,0.00,0.000,0.025,3.24,0.000,0.000,0.00,0.000,0.000,0.00,0.000,0.000,0.00,0.000,0.000,0.00
13.5362,0.000,0.000,0.00,100.00,0.00,0.000,0.000,0.00,0.000,0.000,0.00,0.000,0.000,0.00,0.000,0.000,0.00,0.000,0.000,0.00,0.000,0.000,0.00,0.000,0.000,0.00,0.000,0.000,0.00,0.000,0.000,0.00,0.000,0.000,0.00,0.000,0.000,0.00,0.000,0.000,0.00,0.000,0.000,0.00,0.000,0.000,0.00,0.000,0.000,0.00,0.000,0.000,0.00,0.000,0.000,0.00,0.000,0.000,0.00,0.000,0.000,0.00,0.000,0.000,0.00,0.000,0.000,0.00,0.000,0.000,0.00,0.000,0.000,0.00,0.000,0.000,0.00,0.000,0.000,0.00,0.000,0.000,0.00,0.000,0.000,0.00,0.000,0.000,0.00,0.000,0.000,0.00,0.000,0.000,0.00
13.6414,0.000,0.000,0.00,99.31,0.00,0.000,0.000,0.00,0.000,0.000,0.00,0.000,0.000,0.00,0.000,0.000,0.00,0.000,0.000,0.00,0.000,0.000,0.00,0.000,0.000,0.00,0.000,0.000,0.00,0.000,0.000,0.00,0.000,0.000,0.00,0.000,0.000,0.00,0.000,0.000,0.00,0.000,0.000,0.00,0.000,0.000,0.00,0.000,0.000,0.00,0.000,0.000,0.00,0.000,0.000,0.00,0.000,0.000,0.00,0.000,0.000,0.00,0.000,0.000,0.00,0.000,0.000,0.00,0.000,0.000,0.00,0.000,0.000,0.00,0.000,0.000,0.00,0.000,0.000,0.00,0.000,0.000,0.00,0.000,0.000,0.00,0.000,0.000,0.00,0.000,0.000,0.00,0.000,0.000,0.00
13.7484,0.000,0.000,0.00,100.00,0.00,0.000,0.000,0.00,0.000,0.000,0.00,0.000,0.000,0.00,0.000,0.000,0.00,0.000,0.000,0.00,0.000,0.000,0.00,0.000,0.000,0.00,0.000,0.000,0.00,0.000,0.000,0.00,0.000,0.000,0.00,0.000,0.000,0.00,0.000,0.000,0.00,0.000,0.000,0.00,0.000,0.000,0.00,0.000,0.000,0.00,0.000,0.000,0.00,0.000,0.000,0.00,0.000,0.000,0.00,0.000,0.000,0.00,0.000,0.000,0.00,0.000,0.000,0.00,0.000,0.000,0.00,0.000,0.000,0.00,0.000,0.000,0.00,0.000,0.000,0.00,0.000,0.000,0.00,0.000,0.000,0.00,0.000,0.000,0.00,0.000,0.000,0.00,0.000,0.000,0.00
13.8612,0.000,0.000,0.00,100.00,0.00,0.000,0.000,0.00,0.000,0.000,0.00,0.000,0.000,0.00,0.000,0.000,0.00,0.000,0.000,0.00,0.000,0.000,0.00,0.000,0.000,0.00,0.000,0.000,0.00,0.000,0.000,0.00,0.000,0.000,0.00,0.000,0.000,0.00,0.000,0.000,0.00,0.000,0.000,0.00,0.000,0.000,0.00,0.000,0.000,0.00,0.000,0.000,0.00,0.000,0.000,0.00,0.000,0.000,0.00,0.000,0.000,0.00,0.000,0.000,0.00,0.000,0.000,0.00,0.000,0.000,0.00,0.000,0.000,0.00,0.000,0.000,0.00,0.000,0.000,0.00,0.000,0.000,0.00,0.000,0.000,0.00,0.000,0.000,0.00,0.000,0.000,0.00,0.000,0.000,0.00
13.9686,0.000,0.000,0.00,100.00,0.00,0.000,0.000,0.00,0.000,0.000,0.00,0.000,0.000,0.00,0.000,0.000,0.00,0.000,0.000,0.00,0.000,0.000,0.00,0.000,0.000,0.00,0.000,0.000,0.00,0.000,0.000,0.00,0.000,0.000,0.00,0.000,0.000,0.00,0.000,0.000,0.00,0.000,0.000,0.00,0.000,0.000,0.00,0.000,0.000,0.00,0.000,0.000,0.00,0.000,0.000,0.00,0.000,0.000,0.00,0.000,0.000,0.00,0.000,0.000,0.00,0.000,0.000,0.00,0.000,0.000,0.00,0.000,0.000,0.00,0.000,0.000,0.00,0.000,0.000,0.00,0.000,0.000,0.00,0.000,0.000,0.00,0.000,0.000,0.00,0.000,0.000,0.00,0.000,0.000,0.00
14.0775,0.000,0.000,0.00,100.00,0.00,0.000,0.000,0.00,0.000,0.000,0.00,0.000,0.000,0.00,0.000,0.000,0.00,0.000,0.000,0.00,0.000,0.000,0.00,0.000,0.000,0.00,0.000,0.000,0.00,0.000,0.000,0.00,0.000,0.000,0.00,0.000,0.000,0.00,0.000,0.000,0.00,0.000,0.000,0.00,0.000,0.000,0.00,0.000,0.000,0.00,0.000,0.000,0.00,0.000,0.000,0.00,0.000,0.000,0.00,0.000,0.000,0.00,0.000,0.000,0.00,0.000,0.000,0.00,0.000,0.000,0.00,0.000,0.000,0.00,0.000,0.000,0.00,0.000,0.000,0.00,0.000,0.000,0.00,0.000,0.000,0.00,0.000,0.000,0.00,0.000,0.000,0.00,0.000,0.000,0.00
14.2106,0.000,0.000,0.00,98.27,0.00,0.000,0.000,0.00,0.000,0.000,0.00,0.000,0.000,0.00,0.000,0.000,0.00,0.000,0.000,0.00,0.000,0.000,0.00,0.000,0.000,0.00,0.000,0.000,0.00,0.000,0.000,0.00,0.000,0.000,0.00,0.000,0.000,0.00,0.000,0.000,0.00,0.000,0.000,0.00,0.000,0.000,0.00,0.000,0.000,0.00,0.000,0.000,0.00,0.000,0.000,0.00,0.000,0.000,0.00,0.000,0.000,0.00,0.000,0.000,0.00,0.000,0.000,0.00,0.000,0.000,0.00,0.000,0.000,0.00,0.000,0.000,0.00,0.000,0.000,0.00,0.000,0.000,0.00,0.000,0.000,0.00,0.000,0.000,0.00,0.000,0.000,0.00,0.000,0.000,0.00
14.3154,0.000,0.000,0.00,98.52,0.00,0.000,0.000,0.00,0.000,0.000,0.00,0.000,0.000,0.00,0.000,0.000,0.00,0.000,0.000,0.00,0.000,0.000,0.00,0.000,0.000,0.00,0.000,0.000,0.00,0.000,0.000,0.00,0.000,0.000,0.00,0.000,0.000,0.00,0.000,0.000,0.00,0.000,0.000,0.00,0.000,0.000,0.00,0.000,0.000,0.00,0.000,0.000,0.00,0.000,0.000,0.00,0.000,0.000,0.00,0.000,0.000,0.00,0.000,0.000,0.00,0.000,0.000,0.00,0.000,0.000,0.00,0.000,0.000,0.00,0.000,0.000,0.00,0.000,0.000,0.00,0.000,0.000,0.00,0.000,0.000,0.00,0.000,0.000,0.00,0.000,0.000,0.00,0.000,0.000,0.00
14.4233,0.000,0.000,0.00,98.66,0.00,0.000,0.000,0.00,0.000,0.000,0.00,0.000,0.000,0.00,0.000,0.000,0.00,0.000,0.000,0.00,0.000,0.000,0.00,0.000,0.000,0.00,0.000,0.000,0.00,0.000,0.000,0.00,0.000,0.000,0.00,0.000,0.000,0.00,0.000,0.000,0.00,0.000,0.000,0.00,0.000,0.000,0.00,0.000,0.000,0.00,0.000,0.000,0.00,0.000,0.000,0.00,0.000,0.000,0.00,0.000,0.000,0.00,0.000,0.000,0.00,0.000,0.000,0.00,0.000,0.000,0.00,0.000,0.000,0.00,0.000,0.000,0.00,0.000,0.000,0.00,0.000,0.000,0.00,0.000,0.000,0.00,0.000,0.000,0.00,0.000,0.000,0.00,0.000,0.000,0.00
14.5419,0.000,0.000,0.00,99.61,0.00,0.000,0.000,0.00,0.000,0.000,0.00,0.000,0.000,0.00,0.000,0.000,0.00,0.000,0.000,0.00,0.000,0.000,0.00,0.000,0.000,0.00,0.000,0.000,0.00,0.000,0.000,0.00,0.000,0.000,0.00,0.000,0.000,0.00,0.000,0.000,0.00,0.000,0.000,0.00,0.000,0.000,0.00,0.000,0.000,0.00,0.000,0.000,0.00,0.000,0.000,0.00,0.000,0.000,0.00,0.000,0.000,0.00,0.000,0.000,0.00,0.000,0.000,0.00,0.000,0.000,0.00,0.000,0.000,0.00,0.000,0.000,0.00,0.000,0.000,0.00,0.000,0.000,0.00,0.000,0.000,0.00,0.000,0.000,0.00,0.000,0.000,0.00,0.000,0.000,0.00
14.6460,0.000,0.000,0.00,94.54,0.10,0.000,0.000,0.00,0.000,0.000,0.00,0.000,0.000,0.00,0.000,0.000,0.00,0.000,0.000,0.00,0.000,0.000,0.00,0.000,0.000,0.00,0.000,0.000,0.00,0.000,0.000,0.00,0.000,0.000,0.00,0.000,0.000,0.00,0.000,0.000,0.00,0.000,0.000,0.00,0.000,0.000,0.00,0.000,0.000,0.00,0.000,0.000,0.00,0.000,0.000,0.00,0.000,0.000,0.00,0.000,0.000,0.00,0.000,0.000,0.00,0.000,0.000,0.00,0.000,0.000,0.00,0.000,0.000,0.00,0.000,0.000,0.00,0.000,0.000,0.00,0.000,0.000,0.00,0.000,0.000,0.00,0.000,0.000,0.00,0.000,0.000,0.00,0.000,0.000,0.00
14.7578,0.000,0.000,0.00,92.81,0.00,0.000,0.000,0.00,0.000,0.000,0.00,0.000,0.000,0.00,0.000,0.000,0.00,0.000,0.000,0.00,0.000,0.000,0.00,0.000,0.000,0.00,0.000,0.000,0.00,0.000,0.000,0.00,0.000,0.000,0.00,0.000,0.000,0.00,0.000,0.000,0.00,0.000,0.000,0.00,0.000,0.000,0.00,0.000,0.000,0.00,0.000,0.000,0.00,0.000,0.000,0.00,0.000,0.000,0.00,0.000,0.000,0.00,0.000,0.000,0.00,0.000,0.000,0.00,0.000,0.000,0.00,0.000,0.000,0.00,0.000,0.000,0.00,0.000,0.000,0.00,0.000,0.000,0.00,0.000,0.000,0.00,0.000,0.000,0.00,0.000,0.000,0.00,0.000,0.000,0.00
14.8674,0.000,0.000,0.00,94.28,0.00,0.000,0.000,0.00,0.000,0.000,0.00,0.000,0.000,0.00,0.000,0.000,0.00,0.000,0.000,0.00,0.000,0.000,0.00,0.000,0.000,0.00,0.000,0.000,0.00,0.000,0.000,0.00,0.000,0.000,0.00,0.000,0.000,0.00,0.000,0.000,0.00,0.000,0.000,0.00,0.000,0.000,0.00,0.000,0.000,0.00,0.000,0.000,0.00,0.000,0.000,0.00,0.000,0.000,0.00,0.000,0.000,0.00,0.000,0.000,0.00,0.000,0.000,0.00,0.000,0.000,0.00,0.000,0.000,0.00,0.000,0.000,0.00,0.000,0.000,0.00,0.000,0.000,0.00,0.000,0.000,0.00,0.000,0.000,0.00,0.000,0.000,0.00,0.000,0.000,0.00
14.9924,0.000,0.000,0.00,91.32,0.00,0.000,0.000,0.00,0.000,0.000,0.00,0.000,0.000,0.00,0.000,0.000,0.00,0.000,0.000,0.00,0.000,0.000,0.00,0.000,0.000,0.00,0.000,0.000,0.00,0.000,0.000,0.00,0.000,0.000,0.00,0.000,0.000,0.00,0.000,0.000,0.00,0.000,0.000,0.00,0.000,0.000,0.00,0.000,0.000,0.00,0.000,0.000,0.00,0.000,0.000,0.00,0.000,0.000,0.00,0.000,0.000,0.00,0.000,0.000,0.00,0.000,0.000,0.00,0.000,0.000,0.00,0.000,0.000,0.00,0.000,0.000,0.00,0.000,0.000,0.00,0.000,0.000,0.00,0.000,0.000,0.00,0.000,0.000,0.00,0.000,0.000,0.00,0.000,0.000,0.00
15.1171,0.000,0.000,0.00,97.15,0.00,0.000,0.000,0.00,0.000,0.000,0.00,0.000,0.000,0.00,0.000,0.000,0.00,0.000,0.000,0.00,0.000,0.000,0.00,0.000,0.000,0.00,0.000,0.000,0.00,0.000,0.000,0.00,0.000,0.000,0.00,0.000,0.000,0.00,0.000,0.000,0.00,0.000,0.000,0.00,0.000,0.000,0.00,0.000,0.000,0.00,0.000,0.000,0.00,0.000,0.000,0.00,0.000,0.000,0.00,0.000,0.000,0.00,0.000,0.000,0.00,0.000,0.000,0.00,0.000,0.000,0.00,0.000,0.000,0.00,0.000,0.000,0.00,0.000,0.000,0.00,0.000,0.000,0.00,0.000,0.000,0.00,0.000,0.000,0.00,0.000,0.000,0.00,0.000,0.000,0.00
15.2242,0.000,0.000,0.00,97.65,0.00,0.000,0.000,0.00,0.000,0.000,0.00,0.000,0.000,0.00,0.000,0.000,0.00,0.000,0.000,0.00,0.000,0.000,0.00,0.000,0.000,0.00,0.000,0.000,0.00,0.000,0.000,0.00,0.000,0.000,0.00,0.000,0.000,0.00,0.000,0.000,0.00,0.000,0.000,0.00,0.000,0.000,0.00,0.000,0.000,0.00,0.000,0.000,0.00,0.000,0.000,0.00,0.000,0.000,0.00,0.000,0.000,0.00,0.000,0.000,0.00,0.000,0.000,0.00,0.000,0.000,0.00,0.000,0.000,0.00,0.000,0.000,0.00,0.000,0.000,0.00,0.000,0.000,0.00,0.000,0.000,0.00,0.000,0.000,0.00,0.000,0.000,0.00,0.000,0.000,0.00
15.3418,0.000,0.000,0.00,98.79,0.00,0.000,0.000,0.00,0.000,0.000,0.00,0.000,0.000,0.00,0.000,0.000,0.00,0.000,0.000,0.00,0.000,0.000,0.00,0.000,0.000,0.00,0.000,0.000,0.00,0.000,0.000,0.00,0.000,0.000,0.00,0.000,0.000,0.00,0.000,0.000,0.00,0.000,0.000,0.00,0.000,0.000,0.00,0.000,0.000,0.00,0.000,0.000,0.00,0.000,0.000,0.00,0.000,0.000,0.00,0.000,0.000,0.00,0.000,0.000,0.00,0.000,0.000,0.00,0.000,0.000,0.00,0.000,0.000,0.00,0.000,0.000,0.00,0.000,0.000,0.00,0.000,0.000,0.00,0.000,0.000,0.00,0.000,0.000,0.00,0.000,0.000,0.00,0.000,0.000,0.00
15.4564,0.000,0.027,0.06,98.45,0.00,0.000,0.000,0.00,0.000,0.000,0.00,0.000,0.000,0.00,0.000,0.000,0.00,0.000,0.000,0.00,0.000,0.000,0.00,0.000,0.000,0.00,0.000,0.000,0.00,0.000,0.000,0.00,0.000,0.000,0.00,0.000,0.000,0.00,0.000,0.000,0.00,0.000,0.000,0.00,0.000,0.000,0.00,0.000,0.000,0.00,0.000,0.000,0.00,0.000,0.000,0.00,0.000,0.000,0.00,0.000,0.000,0.00,0.000,0.000,0.00,0.000,0.000,0.00,0.000,0.000,0.00,0.000,0.000,0.00,0.000,0.000,0.00,0.000,0.000,0.00,0.000,0.000,0.00,0.000,0.027,1.75,0.000,0.000,0.00,0.000,0.000,0.00,0.000,0.000,0.00
15.5725,0.000,0.000,0.00,98.92,0.00,0.000,0.000,0.00,0.000,0.000,0.00,0.000,0.000,0.00,0.000,0.000,0.00,0.000,0.000,0.00,0.000,0.000,0.00,0.000,0.000,0.00,0.000,0.000,0.00,0.000,0.000,0.00,0.000,0.000,0.00,0.000,0.000,0.00,0.000,0.000,0.00,0.000,0.000,0.00,0.000,0.000,0.00,0.000,0.000,0.00,0.000,0.000,0.00,0.000,0.000,0.00,0.000,0.000,0.00,0.000,0.000,0.00,0.000,0.000,0.00,0.000,0.000,0.00,0.000,0.000,0.00,0.000,0.000,0.00,0.000,0.000,0.00,0.000,0.000,0.00,0.000,0.000,0.00,0.000,0.000,0.00,0.000,0.000,0.00,0.000,0.000,0.00,0.000,0.000,0.00
15.6907,0.000,0.000,0.00,100.00,0.00,0.000,0.000,0.00,0.000,0.000,0.00,0.000,0.000,0.00,0.000,0.000,0.00,0.000,0.000,0.00,0.000,0.000,0.00,0.000,0.000,0.00,0.000,0.000,0.00,0.000,0.000,0.00,0.000,0.000,0.00,0.000,0.000,0.00,0.000,0.000,0.00,0.000,0.000,0.00,0.000,0.000,0.00,0.000,0.000,0.00,0.000,0.000,0.00,0.000,0.000,0.00,0.000,0.000,0.00,0.000,0.000,0.00,0.000,0.000,0.00,0.000,0.000,0.00,0.000,0.000,0.00,0.000,0.000,0.00,0.000,0.000,0.00,0.000,0.000,0.00,0.000,0.000,0.00,0.000,0.000,0.00,0.000,0.000,0.00,0.000,0.000,0.00,0.000,0.000,0.00
15.8084,0.000,0.000,0.00,95.57,0.00,0.000,0.000,0.00,0.000,0.000,0.00,0.000,0.000,0.00,0.000,0.000,0.00,0.000,0.000,0.00,0.000,0.000,0.00,0.000,0.000,0.00,0.000,0.000,0.00,0.000,0.000,0.00,0.000,0.000,0.00,0.000,0.000,0.00,0.000,0.000,0.00,0.000,0.000,0.00,0.000,0.000,0.00,0.000,0.000,0.00,0.000,0.000,0.00,0.000,0.000,0.00,0.000,0.000,0.00,0.000,0.000,0.00,0.000,0.000,0.00,0.000,0.000,0.00,0.000,0.000,0.00,0.000,0.000,0.00,0.000,0.000,0.00,0.000,0.000,0.00,0.000,0.000,0.00,0.000,0.000,0.00,0.000,0.000,0.00,0.000,0.000,0.00,0.000,0.000,0.00
15.9205,0.000,0.000,0.00,94.82,0.00,0.000,0.000,0.00,0.000,0.000,0.00,0.000,0.000,0.00,0.000,0.000,0.00,0.000,0.000,0.00,0.000,0.000,0.00,0.000,0.000,0.00,0.000,0.000,0.00,0.000,0.000,0.00,0.000,0.000,0.00,0.000,0.000,0.00,0.000,0.000,0.00,0.000,0.000,0.00,0.000,0.000,0.00,0.000,0.000,0.00,0.000,0.000,0.00,0.000,0.000,0.00,0.000,0.000,0.00,0.000,0.000,0.00,0.000,0.000,0.00,0.000,0.000,0.00,0.000,0.000,0.00,0.000,0.000,0.00,0.000,0.000,0.00,0.000,0.000,0.00,0.000,0.000,0.00,0.000,0.000,0.00,0.000,0.000,0.00,0.000,0.000,0.00,0.000,0.000,0.00
16.0393,0.000,0.000,0.00,99.78,0.00,0.000,0.000,0.00,0.000,0.000,0.00,0.000,0.000,0.00,0.000,0.000,0.00,0.000,0.000,0.00,0.000,0.000,0.00,0.000,0.000,0.00,0.000,0.000,0.00,0.000,0.000,0.00,0.000,0.000,0.00,0.000,0.000,0.00,0.000,0.000,0.00,0.000,0.000,0.00,0.000,0.000,0.00,0.000,0.000,0.00,0.000,0.000,0.00,0.000,0.000,0.00,0.000,0.000,0.00,0.000,0.000,0.00,0.000,0.000,0.00,0.000,0.000,0.00,0.000,0.000,0.00,0.000,0.000,0.00,0.000,0.000,0.00,0.000,0.000,0.00,0.000,0.000,0.00,0.000,0.000,0.00,0.000,0.000,0.00,0.000,0.000,0.00,0.000,0.000,0.00
16.1456,0.000,0.000,0.00,100.00,0.00,0.000,0.000,0.00,0.000,0.000,0.00,0.000,0.000,0.00,0.000,0.000,0.00,0.000,0.000,0.00,0.000,0.000,0.00,0.000,0.000,0.00,0.000,0.000,0.00,0.000,0.000,0.00,0.000,0.000,0.00,0.000,0.000,0.00,0.000,0.000,0.00,0.000,0.000,0.00,0.000,0.000,0.00,0.000,0.000,0.00,0.000,0.000,0.00,0.000,0.000,0.00,0.000,0.000,0.00,0.000,0.000,0.00,0.000,0.000,0.00,0.000,0.000,0.00,0.000,0.000,0.00,0.000,0.000,0.00,0.000,0.000,0.00,0.000,0.000,0.00,0.000,0.000,0.00,0.000,0.000,0.00,0.000,0.000,0.00,0.000,0.000,0.00,0.000,0.000,0.00
16.2494,0.000,0.000,0.00,100.00,0.00,0.000,0.000,0.00,0.000,0.000,0.00,0.000,0.000,0.00,0.000,0.000,0.00,0.000,0.000,0.00,0.000,0.000,0.00,0.000,0.000,0.00,0.000,0.000,0.00,0.000,0.000,0.00,0.000,0.000,0.00,0.000,0.000,0.00,0.000,0.000,0.00,0.000,0.000,0.00,0.000,0.000,0.00,0.000,0.000,0.00,0.000,0.000,0.00,0.000,0.000,0.00,0.000,0.000,0.00,0.000,0.000,0.00,0.000,0.000,0.00,0.000,0.000,0.00,0.000,0.000,0.00,0.000,0.000,0.00,0.000,0.000,0.00,0.000,0.000,0.00,0.000,0.000,0.00,0.000,0.000,0.00,0.000,0.000,0.00,0.000,0.000,0.00,0.000,0.000,0.00
16.3555,0.000,0.000,0.00,99.93,0.00,0.000,0.000,0.00,0.000,0.000,0.00,0.000,0.000,0.00,0.000,0.000,0.00,0.000,0.000,0.00,0.000,0.000,0.00,0.000,0.000,0.00,0.000,0.000,0.00,0.000,0.000,0.00,0.000,0.000,0.00,0.000,0.000,0.00,0.000,0.000,0.00,0.000,0.000,0.00,0.000,0.000,0.00,0.000,0.000,0.00,0.000,0.000,0.00,0.000,0.000,0.00,0.000,0.000,0.00,0.000,0.000,0.00,0.000,0.000,0.00,0.000,0.000,0.00,0.000,0.000,0.00,0.000,0.000,0.00,0.000,0.000,0.00,0.000,0.000,0.00,0.000,0.000,0.00,0.000,0.000,0.00,0.000,0.000,0.00,0.000,0.000,0.00,0.000,0.000,0.00
16.4747,0.000,0.000,0.00,90.44,0.00,0.000,0.000,0.00,0.000,0.000,0.00,0.000,0.000,0.00,0.000,0.000,0.00,0.000,0.000,0.00,0.000,0.000,0.00,0.000,0.000,0.00,0.000,0.000,0.00,0.000,0.000,0.00,0.000,0.000,0.00,0.000,0.000,0.00,0.000,0.000,0.00,0.000,0.000,0.00,0.000,0.000,0.00,0.000,0.000,0.00,0.000,0.000,0.00,0.000,0.000,0.00,0.000,0.000,0.00,0.000,0.000,0.00,0.000,0.000,0.00,0.000,0.000,0.00,0.000,0.000,0.00,0.000,0.000,0.00,0.000,0.000,0.00,0.000,0.000,0.00,0.000,0.000,0.00,0.000,0.000,0.00,0.000,0.000,0.00,0.000,0.000,0.00,0.000,0.000,0.00
16.5814,0.000,0.000,0.00,65.35,0.00,0.000,0.000,0.00,0.000,0.000,0.00,0.000,0.000,0.00,0.000,0.000,0.00,0.000,0.000,0.00,0.000,0.000,0.00,0.000,0.000,0.00,0.000,0.000,0.00,0.000,0.000,0.00,0.000,0.000,0.00,0.000,0.000,0.00,0.000,0.000,0.00,0.000,0.000,0.00,0.000,0.000,0.00,0.000,0.000,0.00,0.000,0.000,0.00,0.000,0.000,0.00,0.000,0.000,0.00,0.000,0.000,0.00,0.000,0.000,0.00,0.000,0.000,0.00,0.000,0.000,0.00,0.000,0.000,0.00,0.000,0.000,0.00,0.000,0.000,0.00,0.000,0.000,0.00,0.000,0.000,0.00,0.000,0.000,0.00,0.000,0.000,0.00,0.000,0.000,0.00
16.6894,0.000,0.000,0.00,83.92,0.00,0.000,0.000,0.00,0.000,0.000,0.00,0.000,0.000,0.00,0.000,0.000,0.00,0.000,0.000,0.00,0.000,0.000,0.00,0.000,0.000,0.00,0.000,0.000,0.00,0.000,0.000,0.00,0.000,0.000,0.00,0.000,0.000,0.00,0.000,0.000,0.00,0.000,0.000,0.00,0.000,0.000,0.00,0.000,0.000,0.00,0.000,0.000,0.00,0.000,0.000,0.00,0.000,0.000,0.00,0.000,0.000,0.00,0.000,0.000,0.00,0.000,0.000,0.00,0.000,0.000,0.00,0.000,0.000,0.00,0.000,0.000,0.00,0.000,0.000,0.00,0.000,0.000,0.00,0.000,0.000,0.00,0.000,0.000,0.00,0.000,0.000,0.00,0.000,0.000,0.00
16.8100,0.000,0.000,0.00,84.21,0.00,0.000,0.000,0.00,0.000,0.000,0.00,0.000,0.000,0.00,0.000,0.000,0.00,0.000,0.000,0.00,0.000,0.000,0.00,0.000,0.000,0.00,0.000,0.000,0.00,0.000,0.000,0.00,0.000,0.000,0.00,0.000,0.000,0.00,0.000,0.000,0.00,0.000,0.000,0.00,0.000,0.000,0.00,0.000,0.000,0.00,0.000,0.000,0.00,0.000,0.000,0.00,0.000,0.000,0.00,0.000,0.000,0.00,0.000,0.000,0.00,0.000,0.000,0.00,0.000,0.000,0.00,0.000,0.000,0.00,0.000,0.000,0.00,0.000,0.000,0.00,0.000,0.000,0.00,0.000,0.000,0.00,0.000,0.000,0.00,0.000,0.000,0.00,0.000,0.000,0.00
16.9177,0.000,0.000,0.00,67.12,0.00,0.000,0.000,0.00,0.000,0.000,0.00,0.000,0.000,0.00,0.000,0.000,0.00,0.000,0.000,0.00,0.000,0.000,0.00,0.000,0.000,0.00,0.000,0.000,0.00,0.000,0.000,0.00,0.000,0.000,0.00,0.000,0.000,0.00,0.000,0.000,0.00,0.000,0.000,0.00,0.000,0.000,0.00,0.000,0.000,0.00,0.000,0.000,0.00,0.000,0.000,0.00,0.000,0.000,0.00,0.000,0.000,0.00,0.000,0.000,0.00,0.000,0.000,0.00,0.000,0.000,0.00,0.000,0.000,0.00,0.000,0.000,0.00,0.000,0.000,0.00,0.000,0.000,0.00,0.000,0.000,0.00,0.000,0.000,0.00,0.000,0.000,0.00,0.000,0.000,0.00
17.0286,0.000,0.000,0.00,95.93,0.00,0.000,0.000,0.00,0.000,0.000,0.00,0.000,0.000,0.00,0.000,0.000,0.00,0.000,0.000,0.00,0.000,0.000,0.00,0.000,0.000,0.00,0.000,0.000,0.00,0.000,0.000,0.00,0.000,0.000,0.00,0.000,0.000,0.00,0.000,0.000,0.00,0.000,0.000,0.00,0.000,0.000,0.00,0.000,0.000,0.00,0.000,0.000,0.00,0.000,0.000,0.00,0.000,0.000,0.00,0.000,0.000,0.00,0.000,0.000,0.00,0.000,0.000,0.00,0.000,0.000,0.00,0.000,0.000,0.00,0.000,0.000,0.00,0.000,0.000,0.00,0.000,0.000,0.00,0.000,0.000,0.00,0.000,0.000,0.00,0.000,0.000,0.00,0.000,0.000,0.00
17.1503,0.000,0.000,0.00,98.80,0.00,0.000,0.000,0.00,0.000,0.000,0.00,0.000,0.000,0.00,0.000,0.000,0.00,0.000,0.000,0.00,0.000,0.000,0.00,0.000,0.000,0.00,0.000,0.000,0.00,0.000,0.000,0.00,0.000,0.000,0.00,0.000,0.000,0.00,0.000,0.000,0.00,0.000,0.000,0.00,0.000,0.000,0.00,0.000,0.000,0.00,0.000,0.000,0.00,0.000,0.000,0.00,0.000,0.000,0.00,0.000,0.000,0.00,0.000,0.000,0.00,0.000,0.000,0.00,0.000,0.000,0.00,0.000,0.000,0.00,0.000,0.000,0.00,0.000,0.000,0.00,0.000,0.000,0.00,0.000,0.000,0.00,0.000,0.000,0.00,0.000,0.000,0.00,0.000,0.000,0.00
17.2575,0.000,0.000,0.00,99.31,0.00,0.000,0.000,0.00,0.000,0.000,0.00,0.000,0.000,0.00,0.000,0.000,0.00,0.000,0.000,0.00,0.000,0.000,0.00,0.000,0.000,0.00,0.000,0.000,0.00,0.000,0.000,0.00,0.000,0.000,0.00,0.000,0.000,0.00,0.000,0.000,0.00,0.000,0.000,0.00,0.000,0.000,0.00,0.000,0.000,0.00,0.000,0.000,0.00,0.000,0.000,0.00,0.000,0.000,0.00,0.000,0.000,0.00,0.000,0.000,0.00,0.000,0.000,0.00,0.000,0.000,0.00,0.000,0.000,0.00,0.000,0.000,0.00,0.000,0.000,0.00,0.000,0.000,0.00,0.000,0.000,0.00,0.000,0.000,0.00,0.000,0.000,0.00,0.000,0.000,0.00
17.3643,0.000,0.000,0.00,100.00,0.00,0.000,0.000,0.00,0.000,0.000,0.00,0.000,0.000,0.00,0.000,0.000,0.00,0.000,0.000,0.00,0.000,0.000,0.00,0.000,0.000,0.00,0.000,0.000,0.00,0.000,0.000,0.00,0.000,0.000,0.00,0.000,0.000,0.00,0.000,0.000,0.00,0.000,0.000,0.00,0.000,0.000,0.00,0.000,0.000,0.00,0.000,0.000,0.00,0.000,0.000,0.00,0.000,0.000,0.00,0.000,0.000,0.00,0.000,0.000,0.00,0.000,0.000,0.00,0.000,0.000,0.00,0.000,0.000,0.00,0.000,0.000,0.00,0.000,0.000,0.00,0.000,0.000,0.00,0.000,0.000,0.00,0.000,0.000,0.00,0.000,0.000,0.00,0.000,0.000,0.00
17.4833,0.000,0.000,0.00,100.00,0.00,0.000,0.000,0.00,0.000,0.000,0.00,0.000,0.000,0.00,0.000,0.000,0.00,0.000,0.000,0.00,0.000,0.000,0.00,0.000,0.000,0.00,0.000,0.000,0.00,0.000,0.000,0.00,0.000,0.000,0.00,0.000,0.000,0.00,0.000,0.000,0.00,0.000,0.000,0.00,0.000,0.000,0.00,0.000,0.000,0.00,0.000,0.000,0.00,0.000,0.000,0.00,0.000,0.000,0.00,0.000,0.000,0.00,0.000,0.000,0.00,0.000,0.000,0.00,0.000,0.000,0.00,0.000,0.000,0.00,0.000,0.000,0.00,0.000,0.000,0.00,0.000,0.000,0.00,0.000,0.000,0.00,0.000,0.000,0.00,0.000,0.000,0.00,0.000,0.000,0.00
17.5993,0.000,0.000,0.00,100.00,0.00,0.000,0.000,0.00,0.000,0.000,0.00,0.000,0.000,0.00,0.000,0.000,0.00,0.000,0.000,0.00,0.000,0.000,0.00,0.000,0.000,0.00,0.000,0.000,0.00,0.000,0.000,0.00,0.000,0.000,0.00,0.000,0.000,0.00,0.000,0.000,0.00,0.000,0.000,0.00,0.000,0.000,0.00,0.000,0.000,0.00,0.000,0.000,0.00,0.000,0.000,0.00,0.000,0.000,0.00,0.000,0.000,0.00,0.000,0.000,0.00,0.000,0.000,0.00,0.000,0.000,0.00,0.000,0.000,0.00,0.000,0.000,0.00,0.000,0.000,0.00,0.000,0.000,0.00,0.000,0.000,0.00,0.000,0.000,0.00,0.000,0.000,0.00,0.000,0.000,0.00
17.7072,0.000,0.000,0.00,100.00,0.00,0.000,0.000,0.00,0.000,0.000,0.00,0.000,0.000,0.00,0.000,0.000,0.00,0.000,0.000,0.00,0.000,0.000,0.00,0.000,0.000,0.00,0.000,0.000,0.00,0.000,0.000,0.00,0.000,0.000,0.00,0.000,0.000,0.00,0.000,0.000,0.00,0.000,0.000,0.00,0.000,0.000,0.00,0.000,0.000,0.00,0.000,0.000,0.00,0.000,0.000,0.00,0.000,0.000,0.00,0.000,0.000,0.00,0.000,0.000,0.00,0.000,0.000,0.00,0.000,0.000,0.00,0.000,0.000,0.00,0.000,0.000,0.00,0.000,0.000,0.00,0.000,0.000,0.00,0.000,0.000,0.00,0.000,0.000,0.00,0.000,0.000,0.00,0.000,0.000,0.00
17.8296,0.000,0.000,0.00,100.00,0.00,0.000,0.000,0.00,0.000,0.000,0.00,0.000,0.000,0.00,0.000,0.000,0.00,0.000,0.000,0.00,0.000,0.000,0.00,0.000,0.000,0.00,0.000,0.000,0.00,0.000,0.000,0.00,0.000,0.000,0.00,0.000,0.000,0.00,0.000,0.000,0.00,0.000,0.000,0.00,0.000,0.000,0.00,0.000,0.000,0.00,0.000,0.000,0.00,0.000,0.000,0.00,0.000,0.000,0.00,0.000,0.000,0.00,0.000,0.000,0.00,0.000,0.000,0.00,0.000,0.000,0.00,0.000,0.000,0.00,0.000,0.000,0.00,0.000,0.000,0.00,0.000,0.000,0.00,0.000,0.000,0.00,0.000,0.000,0.00,0.000,0.000,0.00,0.000,0.000,0.00
17.9474,0.000,0.000,0.00,100.00,0.00,0.000,0.000,0.00,0.000,0.000,0.00,0.000,0.000,0.00,0.000,0.000,0.00,0.000,0.000,0.00,0.000,0.000,0.00,0.000,0.000,0.00,0.000,0.000,0.00,0.000,0.000,0.00,0.000,0.000,0.00,0.000,0.000,0.00,0.000,0.000,0.00,0.000,0.000,0.00,0.000,0.000,0.00,0.000,0.000,0.00,0.000,0.000,0.00,0.000,0.000,0.00,0.000,0.000,0.00,0.000,0.000,0.00,0.000,0.000,0.00,0.000,0.000,0.00,0.000,0.000,0.00,0.000,0.000,0.00,0.000,0.000,0.00,0.000,0.000,0.00,0.000,0.000,0.00,0.000,0.000,0.00,0.000,0.000,0.00,0.000,0.000,0.00,0.000,0.000,0.00
18.0654,0.000,0.000,0.00,100.00,0.00,0.000,0.000,0.00,0.000,0.000,0.00,0.000,0.000,0.00,0.000,0.000,0.00,0.000,0.000,0.00,0.000,0.000,0.00,0.000,0.000,0.00,0.000,0.000,0.00,0.000,0.000,0.00,0.000,0.000,0.00,0.000,0.000,0.00,0.000,0.000,0.00,0.000,0.000,0.00,0.000,0.000,0.00,0.000,0.000,0.00,0.000,0.000,0.00,0.000,0.000,0.00,0.000,0.000,0.00,0.000,0.000,0.00,0.000,0.000,0.00,0.000,0.000,0.00,0.000,0.000,0.00,0.000,0.000,0.00,0.000,0.000,0.00,0.000,0.000,0.00,0.000,0.000,0.00,0.000,0.000,0.00,0.000,0.000,0.00,0.000,0.000,0.00,0.000,0.000,0.00
18.1804,0.000,0.000,0.00,100.00,0.00,0.000,0.000,0.00,0.000,0.000,0.00,0.000,0.000,0.00,0.000,0.000,0.00,0.000,0.000,0.00,0.000,0.000,0.00,0.000,0.000,0.00,0.000,0.000,0.00,0.000,0.000,0.00,0.000,0.000,0.00,0.000,0.000,0.00,0.000,0.000,0.00,0.000,0.000,0.00,0.000,0.000,0.00,0.000,0.000,0.00,0.000,0.000,0.00,0.000,0.000,0.00,0.000,0.000,0.00,0.000,0.000,0.00,0.000,0.000,0.00,0.000,0.000,0.00,0.000,0.000,0.00,0.000,0.000,0.00,0.000,0.000,0.00,0.000,0.000,0.00,0.000,0.000,0.00,0.000,0.000,0.00,0.000,0.000,0.00,0.000,0.000,0.00,0.000,0.000,0.00
18.2965,0.000,0.000,0.00,100.00,0.00,0.000,0.000,0.00,0.000,0.000,0.00,0.000,0.000,0.00,0.000,0.000,0.00,0.000,0.000,0.00,0.000,0.000,0.00,0.000,0.000,0.00,0.000,0.000,0.00,0.000,0.000,0.00,0.000,0.000,0.00,0.000,0.000,0.00,0.000,0.000,0.00,0.000,0.000,0.00,0.000,0.000,0.00,0.000,0.000,0.00,0.000,0.000,0.00,0.000,0.000,0.00,0.000,0.000,0.00,0.000,0.000,0.00,0.000,0.000,0.00,0.000,0.000,0.00,0.000,0.000,0.00,0.000,0.000,0.00,0.000,0.000,0.00,0.000,0.000,0.00,0.000,0.000,0.00,0.000,0.000,0.00,0.000,0.000,0.00,0.000,0.000,0.00,0.000,0.000,0.00
18.4114,0.000,0.000,0.00,100.00,0.00,0.000,0.000,0.00,0.000,0.000,0.00,0.000,0.000,0.00,0.000,0.000,0.00,0.000,0.000,0.00,0.000,0.000,0.00,0.000,0.000,0.00,0.000,0.000,0.00,0.000,0.000,0.00,0.000,0.000,0.00,0.000,0.000,0.00,0.000,0.000,0.00,0.000,0.000,0.00,0.000,0.000,0.00,0.000,0.000,0.00,0.000,0.000,0.00,0.000,0.000,0.00,0.000,0.000,0.00,0.000,0.000,0.00,0.000,0.000,0.00,0.000,0.000,0.00,0.000,0.000,0.00,0.000,0.000,0.00,0.000,0.000,0.00,0.000,0.000,0.00,0.000,0.000,0.00,0.000,0.000,0.00,0.000,0.000,0.00,0.000,0.000,0.00,0.000,0.000,0.00
18.5297,0.000,0.000,0.00,100.00,0.00,0.000,0.000,0.00,0.000,0.000,0.00,0.000,0.000,0.00,0.000,0.000,0.00,0.000,0.000,0.00,0.000,0.000,0.00,0.000,0.000,0.00,0.000,0.000,0.00,0.000,0.000,0.00,0.000,0.000,0.00,0.000,0.000,0.00,0.000,0.000,0.00,0.000,0.000,0.00,0.000,0.000,0.00,0.000,0.000,0.00,0.000,0.000,0.00,0.000,0.000,0.00,0.000,0.000,0.00,0.000,0.000,0.00,0.000,0.000,0.00,0.000,0.000,0.00,0.000,0.000,0.00,0.000,0.000,0.00,0.000,0.000,0.00,0.000,0.000,0.00,0.000,0.000,0.00,0.000,0.000,0.00,0.000,0.000,0.00,0.000,0.000,0.00,0.000,0.000,0.00
18.6465,0.000,0.000,0.00,100.00,0.00,0.000,0.000,0.00,0.000,0.000,0.00,0.000,0.000,0.00,0.000,0.000,0.00,0.000,0.000,0.00,0.000,0.000,0.00,0.000,0.000,0.00,0.000,0.000,0.00,0.000,0.000,0.00,0.000,0.000,0.00,0.000,0.000,0.00,0.000,0.000,0.00,0.000,0.000,0.00,0.000,0.000,0.00,0.000,0.000,0.00,0.000,0.000,0.00,0.000,0.000,0.00,0.000,0.000,0.00,0.000,0.000,0.00,0.000,0.000,0.00,0.000,0.000,0.00,0.000,0.000,0.00,0.000,0.000,0.00,0.000,0.000,0.00,0.000,0.000,0.00,0.000,0.000,0.00,0.000,0.000,0.00,0.000,0.000,0.00,0.000,0.000,0.00,0.000,0.000,0.00
18.7659,0.000,0.000,0.00,34.37,0.00,0.000,0.000,0.00,0.000,0.000,0.00,0.000,0.000,0.00,0.000,0.000,0.00,0.000,0.000,0.00,0.000,0.000,0.00,0.000,0.000,0.00,0.000,0.000,0.00,0.000,0.000,0.00,0.000,0.000,0.00,0.000,0.000,0.00,0.000,0.000,0.00,0.000,0.000,0.00,0.000,0.000,0.00,0.000,0.000,0.00,0.000,0.000,0.00,0.000,0.000,0.00,0.000,0.000,0.00,0.000,0.000,0.00,0.000,0.000,0.00,0.000,0.000,0.00,0.000,0.000,0.00,0.000,0.000,0.00,0.000,0.000,0.00,0.000,0.000,0.00,0.000,0.000,0.00,0.000,0.000,0.00,0.000,0.000,0.00,0.000,0.000,0.00,0.000,0.000,0.00
18.8676,0.000,0.000,0.00,0.93,0.00,0.000,0.000,0.00,0.000,0.000,0.00,0.000,0.000,0.00,0.000,0.000,0.00,0.000,0.000,0.00,0.000,0.000,0.00,0.000,0.000,0.00,0.000,0.000,0.00,0.000,0.000,0.00,0.000,0.000,0.00,0.000,0.000,0.00,0.000,0.000,0.00,0.000,0.000,0.00,0.000,0.000,0.00,0.000,0.000,0.00,0.000,0.000,0.00,0.000,0.000,0.00,0.000,0.000,0.00,0.000,0.000,0.00,0.000,0.000,0.00,0.000,0.000,0.00,0.000,0.000,0.00,0.000,0.000,0.00,0.000,0.000,0.00,0.000,0.000,0.00,0.000,0.000,0.00,0.000,0.000,0.00,0.000,0.000,0.00,0.000,0.000,0.00,0.000,0.000,0.00
18.9684,0.000,0.000,0.00,0.85,0.00,0.000,0.000,0.00,0.000,0.000,0.00,0.000,0.000,0.00,0.000,0.000,0.00,0.000,0.000,0.00,0.000,0.000,0.00,0.000,0.000,0.00,0.000,0.000,0.00,0.000,0.000,0.00,0.000,0.000,0.00,0.000,0.000,0.00,0.000,0.000,0.00,0.000,0.000,0.00,0.000,0.000,0.00,0.000,0.000,0.00,0.000,0.000,0.00,0.000,0.000,0.00,0.000,0.000,0.00,0.000,0.000,0.00,0.000,0.000,0.00,0.000,0.000,0.00,0.000,0.000,0.00,0.000,0.000,0.00,0.000,0.000,0.00,0.000,0.000,0.00,0.000,0.000,0.00,0.000,0.000,0.00,0.000,0.000,0.00,0.000,0.000,0.00,0.000,0.000,0.00
19.0696,0.000,0.000,0.00,0.85,0.00,0.000,0.000,0.00,0.000,0.000,0.00,0.000,0.000,0.00,0.000,0.000,0.00,0.000,0.000,0.00,0.000,0.000,0.00,0.000,0.000,0.00,0.000,0.000,0.00,0.000,0.000,0.00,0.000,0.000,0.00,0.000,0.000,0.00,0.000,0.000,0.00,0.000,0.000,0.00,0.000,0.000,0.00,0.000,0.000,0.00,0.000,0.000,0.00,0.000,0.000,0.00,0.000,0.000,0.00,0.000,0.000,0.00,0.000,0.000,0.00,0.000,0.000,0.00,0.000,0.000,0.00,0.000,0.000,0.00,0.000,0.000,0.00,0.000,0.000,0.00,0.000,0.000,0.00,0.000,0.000,0.00,0.000,0.000,0.00,0.000,0.000,0.00,0.000,0.000,0.00
19.1706,0.000,0.000,0.00,0.77,0.00,0.000,0.000,0.00,0.000,0.000,0.00,0.000,0.000,0.00,0.000,0.000,0.00,0.000,0.000,0.00,0.000,0.000,0.00,0.000,0.000,0.00,0.000,0.000,0.00,0.000,0.000,0.00,0.000,0.000,0.00,0.000,0.000,0.00,0.000,0.000,0.00,0.000,0.000,0.00,0.000,0.000,0.00,0.000,0.000,0.00,0.000,0.000,0.00,0.000,0.000,0.00,0.000,0.000,0.00,0.000,0.000,0.00,0.000,0.000,0.00,0.000,0.000,0.00,0.000,0.000,0.00,0.000,0.000,0.00,0.000,0.000,0.00,0.000,0.000,0.00,0.000,0.000,0.00,0.000,0.000,0.00,0.000,0.000,0.00,0.000,0.000,0.00,0.000,0.000,0.00
19.2719,0.000,0.000,0.00,0.92,0.00,0.000,0.000,0.00,0.000,0.000,0.00,0.000,0.000,0.00,0.000,0.000,0.00,0.000,0.000,0.00,0.000,0.000,0.00,0.000,0.000,0.00,0.000,0.000,0.00,0.000,0.000,0.00,0.000,0.000,0.00,0.000,0.000,0.00,0.000,0.000,0.00,0.000,0.000,0.00,0.000,0.000,0.00,0.000,0.000,0.00,0.000,0.000,0.00,0.000,0.000,0.00,0.000,0.000,0.00,0.000,0.000,0.00,0.000,0.000,0.00,0.000,0.000,0.00,0.000,0.000,0.00,0.000,0.000,0.00,0.000,0.000,0.00,0.000,0.000,0.00,0.000,0.000,0.00,0.000,0.000,0.00,0.000,0.000,0.00,0.000,0.000,0.00,0.000,0.000,0.00
19.3737,0.000,0.000,0.00,0.77,0.00,0.000,0.000,0.00,0.000,0.000,0.00,0.000,0.000,0.00,0.000,0.000,0.00,0.000,0.000,0.00,0.000,0.000,0.00,0.000,0.000,0.00,0.000,0.000,0.00,0.000,0.000,0.00,0.000,0.000,0.00,0.000,0.000,0.00,0.000,0.000,0.00,0.000,0.000,0.00,0.000,0.000,0.00,0.000,0.000,0.00,0.000,0.000,0.00,0.000,0.000,0.00,0.000,0.000,0.00,0.000,0.000,0.00,0.000,0.000,0.00,0.000,0.000,0.00,0.000,0.000,0.00,0.000,0.000,0.00,0.000,0.000,0.00,0.000,0.000,0.00,0.000,0.000,0.00,0.000,0.000,0.00,0.000,0.000,0.00,0.000,0.000,0.00,0.000,0.000,0.00
19.4754,0.000,0.000,0.00,0.77,0.00,0.000,0.000,0.00,0.000,0.000,0.00,0.000,0.000,0.00,0.000,0.000,0.00,0.000,0.000,0.00,0.000,0.000,0.00,0.000,0.000,0.00,0.000,0.000,0.00,0.000,0.000,0.00,0.000,0.000,0.00,0.000,0.000,0.00,0.000,0.000,0.00,0.000,0.000,0.00,0.000,0.000,0.00,0.000,0.000,0.00,0.000,0.000,0.00,0.000,0.000,0.00,0.000,0.000,0.00,0.000,0.000,0.00,0.000,0.000,0.00,0.000,0.000,0.00,0.000,0.000,0.00,0.000,0.000,0.00,0.000,0.000,0.00,0.000,0.000,0.00,0.000,0.000,0.00,0.000,0.000,0.00,0.000,0.000,0.00,0.000,0.000,0.00,0.000,0.000,0.00
19.5775,0.000,0.000,0.00,78.96,0.00,0.000,0.000,0.00,0.000,0.000,0.00,0.000,0.000,0.00,0.000,0.000,0.00,0.000,0.000,0.00,0.000,0.000,0.00,0.000,0.000,0.00,0.000,0.000,0.00,0.000,0.000,0.00,0.000,0.000,0.00,0.000,0.000,0.00,0.000,0.000,0.00,0.000,0.000,0.00,0.000,0.000,0.00,0.000,0.000,0.00,0.000,0.000,0.00,0.000,0.000,0.00,0.000,0.000,0.00,0.000,0.000,0.00,0.000,0.000,0.00,0.000,0.000,0.00,0.000,0.000,0.00,0.000,0.000,0.00,0.000,0.000,0.00,0.000,0.000,0.00,0.000,0.000,0.00,0.000,0.000,0.00,0.000,0.000,0.00,0.000,0.000,0.00,0.000,0.000,0.00
19.6896,0.000,0.000,0.00,98.92,0.00,0.000,0.000,0.00,0.000,0.000,0.00,0.000,0.000,0.00,0.000,0.000,0.00,0.000,0.000,0.00,0.000,0.000,0.00,0.000,0.000,0.00,0.000,0.000,0.00,0.000,0.000,0.00,0.000,0.000,0.00,0.000,0.000,0.00,0.000,0.000,0.00,0.000,0.000,0.00,0.000,0.000,0.00,0.000,0.000,0.00,0.000,0.000,0.00,0.000,0.000,0.00,0.000,0.000,0.00,0.000,0.000,0.00,0.000,0.000,0.00,0.000,0.000,0.00,0.000,0.000,0.00,0.000,0.000,0.00,0.000,0.000,0.00,0.000,0.000,0.00,0.000,0.000,0.00,0.000,0.000,0.00,0.000,0.000,0.00,0.000,0.000,0.00,0.000,0.000,0.00
19.8244,0.000,0.000,0.00,100.00,0.00,0.000,0.000,0.00,0.000,0.000,0.00,0.000,0.000,0.00,0.000,0.000,0.00,0.000,0.000,0.00,0.000,0.000,0.00,0.000,0.000,0.00,0.000,0.000,0.00,0.000,0.000,0.00,0.000,0.000,0.00,0.000,0.000,0.00,0.000,0.000,0.00,0.000,0.000,0.00,0.000,0.000,0.00,0.000,0.000,0.00,0.000,0.000,0.00,0.000,0.000,0.00,0.000,0.000,0.00,0.000,0.000,0.00,0.000,0.000,0.00,0.000,0.000,0.00,0.000,0.000,0.00,0.000,0.000,0.00,0.000,0.000,0.00,0.000,0.000,0.00,0.000,0.000,0.00,0.000,0.000,0.00,0.000,0.000,0.00,0.000,0.000,0.00,0.000,0.000,0.00
19.9317,0.000,0.000,0.00,100.00,0.00,0.000,0.000,0.00,0.000,0.000,0.00,0.000,0.000,0.00,0.000,0.000,0.00,0.000,0.000,0.00,0.000,0.000,0.00,0.000,0.000,0.00,0.000,0.000,0.00,0.000,0.000,0.00,0.000,0.000,0.00,0.000,0.000,0.00,0.000,0.000,0.00,0.000,0.000,0.00,0.000,0.000,0.00,0.000,0.000,0.00,0.000,0.000,0.00,0.000,0.000,0.00,0.000,0.000,0.00,0.000,0.000,0.00,0.000,0.000,0.00,0.000,0.000,0.00,0.000,0.000,0.00,0.000,0.000,0.00,0.000,0.000,0.00,0.000,0.000,0.00,0.000,0.000,0.00,0.000,0.000,0.00,0.000,0.000,0.00,0.000,0.000,0.00,0.000,0.000,0.00
20.0353,0.000,0.000,0.00,100.00,0.00,0.000,0.000,0.00,0.000,0.000,0.00,0.000,0.000,0.00,0.000,0.000,0.00,0.000,0.000,0.00,0.000,0.000,0.00,0.000,0.000,0.00,0.000,0.000,0.00,0.000,0.000,0.00,0.000,0.000,0.00,0.000,0.000,0.00,0.000,0.000,0.00,0.000,0.000,0.00,0.000,0.000,0.00,0.000,0.000,0.00,0.000,0.000,0.00,0.000,0.000,0.00,0.000,0.000,0.00,0.000,0.000,0.00,0.000,0.000,0.00,0.000,0.000,0.00,0.000,0.000,0.00,0.000,0.000,0.00,0.000,0.000,0.00,0.000,0.000,0.00,0.000,0.000,0.00,0.000,0.000,0.00,0.000,0.000,0.00,0.000,0.000,0.00,0.000,0.000,0.00
20.1428,0.000,0.000,0.00,87.85,0.00,0.000,0.000,0.00,0.000,0.000,0.00,0.000,0.000,0.00,0.000,0.000,0.00,0.000,0.000,0.00,0.000,0.000,0.00,0.000,0.000,0.00,0.000,0.000,0.00,0.000,0.000,0.00,0.000,0.000,0.00,0.000,0.000,0.00,0.000,0.000,0.00,0.000,0.000,0.00,0.000,0.000,0.00,0.000,0.000,0.00,0.000,0.000,0.00,0.000,0.000,0.00,0.000,0.000,0.00,0.000,0.000,0.00,0.000,0.000,0.00,0.000,0.000,0.00,0.000,0.000,0.00,0.000,0.000,0.00,0.000,0.000,0.00,0.000,0.000,0.00,0.000,0.000,0.00,0.000,0.000,0.00,0.000,0.000,0.00,0.000,0.000,0.00,0.000,0.000,0.00
20.2564,0.000,0.000,0.00,82.52,0.00,0.000,0.000,0.00,0.000,0.000,0.00,0.000,0.000,0.00,0.000,0.000,0.00,0.000,0.000,0.00,0.000,0.000,0.00,0.000,0.000,0.00,0.000,0.000,0.00,0.000,0.000,0.00,0.000,0.000,0.00,0.000,0.000,0.00,0.000,0.000,0.00,0.000,0.000,0.00,0.000,0.000,0.00,0.000,0.000,0.00,0.000,0.000,0.00,0.000,0.000,0.00,0.000,0.000,0.00,0.000,0.000,0.00,0.000,0.000,0.00,0.000,0.000,0.00,0.000,0.000,0.00,0.000,0.000,0.00,0.000,0.000,0.00,0.000,0.000,0.00,0.000,0.000,0.00,0.000,0.000,0.00,0.000,0.000,0.00,0.000,0.000,0.00,0.000,0.000,0.00
20.3657,0.000,0.000,0.00,69.00,0.00,0.000,0.000,0.00,0.000,0.000,0.00,0.000,0.000,0.00,0.000,0.000,0.00,0.000,0.000,0.00,0.000,0.000,0.00,0.000,0.000,0.00,0.000,0.000,0.00,0.000,0.000,0.00,0.000,0.000,0.00,0.000,0.000,0.00,0.000,0.000,0.00,0.000,0.000,0.00,0.000,0.000,0.00,0.000,0.000,0.00,0.000,0.000,0.00,0.000,0.000,0.00,0.000,0.000,0.00,0.000,0.000,0.00,0.000,0.000,0.00,0.000,0.000,0.00,0.000,0.000,0.00,0.000,0.000,0.00,0.000,0.000,0.00,0.000,0.000,0.00,0.000,0.000,0.00,0.000,0.000,0.00,0.000,0.000,0.00,0.000,0.000,0.00,0.000,0.000,0.00
20.4720,0.000,0.000,0.00,74.35,0.00,0.000,0.000,0.00,0.000,0.000,0.00,0.000,0.000,0.00,0.000,0.000,0.00,0.000,0.000,0.00,0.000,0.000,0.00,0.000,0.000,0.00,0.000,0.000,0.00,0.000,0.000,0.00,0.000,0.000,0.00,0.000,0.000,0.00,0.000,0.000,0.00,0.000,0.000,0.00,0.000,0.000,0.00,0.000,0.000,0.00,0.000,0.000,0.00,0.000,0.000,0.00,0.000,0.000,0.00,0.000,0.000,0.00,0.000,0.000,0.00,0.000,0.000,0.00,0.000,0.000,0.00,0.000,0.000,0.00,0.000,0.000,0.00,0.000,0.000,0.00,0.000,0.000,0.00,0.000,0.000,0.00,0.000,0.000,0.00,0.000,0.000,0.00,0.000,0.000,0.00
20.5808,0.000,0.000,0.00,71.08,0.00,0.000,0.000,0.00,0.000,0.000,0.00,0.000,0.000,0.00,0.000,0.000,0.00,0.000,0.000,0.00,0.000,0.000,0.00,0.000,0.000,0.00,0.000,0.000,0.00,0.000,0.000,0.00,0.000,0.000,0.00,0.000,0.000,0.00,0.000,0.000,0.00,0.000,0.000,0.00,0.000,0.000,0.00,0.000,0.000,0.00,0.000,0.000,0.00,0.000,0.000,0.00,0.000,0.000,0.00,0.000,0.000,0.00,0.000,0.000,0.00,0.000,0.000,0.00,0.000,0.000,0.00,0.000,0.000,0.00,0.000,0.000,0.00,0.000,0.000,0.00,0.000,0.000,0.00,0.000,0.000,0.00,0.000,0.000,0.00,0.000,0.000,0.00,0.000,0.000,0.00
20.6903,0.000,0.000,0.00,77.85,0.00,0.000,0.000,0.00,0.000,0.000,0.00,0.000,0.000,0.00,0.000,0.000,0.00,0.000,0.000,0.00,0.000,0.000,0.00,0.000,0.000,0.00,0.000,0.000,0.00,0.000,0.000,0.00,0.000,0.000,0.00,0.000,0.000,0.00,0.000,0.000,0.00,0.000,0.000,0.00,0.000,0.000,0.00,0.000,0.000,0.00,0.000,0.000,0.00,0.000,0.000,0.00,0.000,0.000,0.00,0.000,0.000,0.00,0.000,0.000,0.00,0.000,0.000,0.00,0.000,0.000,0.00,0.000,0.000,0.00,0.000,0.000,0.00,0.000,0.000,0.00,0.000,0.000,0.00,0.000,0.000,0.00,0.000,0.000,0.00,0.000,0.000,0.00,0.000,0.000,0.00
20.7933,0.000,0.000,0.00,99.47,0.00,0.000,0.000,0.00,0.000,0.000,0.00,0.000,0.000,0.00,0.000,0.000,0.00,0.000,0.000,0.00,0.000,0.000,0.00,0.000,0.000,0.00,0.000,0.000,0.00,0.000,0.000,0.00,0.000,0.000,0.00,0.000,0.000,0.00,0.000,0.000,0.00,0.000,0.000,0.00,0.000,0.000,0.00,0.000,0.000,0.00,0.000,0.000,0.00,0.000,0.000,0.00,0.000,0.000,0.00,0.000,0.000,0.00,0.000,0.000,0.00,0.000,0.000,0.00,0.000,0.000,0.00,0.000,0.000,0.00,0.000,0.000,0.00,0.000,0.000,0.00,0.000,0.000,0.00,0.000,0.000,0.00,0.000,0.000,0.00,0.000,0.000,0.00,0.000,0.000,0.00
20.8963,0.000,0.000,0.00,100.00,0.00,0.000,0.000,0.00,0.000,0.000,0.00,0.000,0.000,0.00,0.000,0.000,0.00,0.000,0.000,0.00,0.000,0.000,0.00,0.000,0.000,0.00,0.000,0.000,0.00,0.000,0.000,0.00,0.000,0.000,0.00,0.000,0.000,0.00,0.000,0.000,0.00,0.000,0.000,0.00,0.000,0.000,0.00,0.000,0.000,0.00,0.000,0.000,0.00,0.000,0.000,0.00,0.000,0.000,0.00,0.000,0.000,0.00,0.000,0.000,0.00,0.000,0.000,0.00,0.000,0.000,0.00,0.000,0.000,0.00,0.000,0.000,0.00,0.000,0.000,0.00,0.000,0.000,0.00,0.000,0.000,0.00,0.000,0.000,0.00,0.000,0.000,0.00,0.000,0.000,0.00
20.9993,0.000,0.000,0.00,100.00,0.00,0.000,0.000,0.00,0.000,0.000,0.00,0.000,0.000,0.00,0.000,0.000,0.00,0.000,0.000,0.00,0.000,0.000,0.00,0.000,0.000,0.00,0.000,0.000,0.00,0.000,0.000,0.00,0.000,0.000,0.00,0.000,0.000,0.00,0.000,0.000,0.00,0.000,0.000,0.00,0.000,0.000,0.00,0.000,0.000,0.00,0.000,0.000,0.00,0.000,0.000,0.00,0.000,0.000,0.00,0.000,0.000,0.00,0.000,0.000,0.00,0.000,0.000,0.00,0.000,0.000,0.00,0.000,0.000,0.00,0.000,0.000,0.00,0.000,0.000,0.00,0.000,0.000,0.00,0.000,0.000,0.00,0.000,0.000,0.00,0.000,0.000,0.00,0.000,0.000,0.00
21.1054,0.000,0.000,0.00,100.00,0.00,0.000,0.000,0.00,0.000,0.000,0.00,0.000,0.000,0.00,0.000,0.000,0.00,0.000,0.000,0.00,0.000,0.000,0.00,0.000,0.000,0.00,0.000,0.000,0.00,0.000,0.000,0.00,0.000,0.000,0.00,0.000,0.000,0.00,0.000,0.000,0.00,0.000,0.000,0.00,0.000,0.000,0.00,0.000,0.000,0.00,0.000,0.000,0.00,0.000,0.000,0.00,0.000,0.000,0.00,0.000,0.000,0.00,0.000,0.000,0.00,0.000,0.000,0.00,0.000,0.000,0.00,0.000,0.000,0.00,0.000,0.000,0.00,0.000,0.000,0.00,0.000,0.000,0.00,0.000,0.000,0.00,0.000,0.000,0.00,0.000,0.000,0.00,0.000,0.000,0.00
21.2083,0.000,0.000,0.00,99.77,0.00,0.000,0.000,0.00,0.000,0.000,0.00,0.000,0.000,0.00,0.000,0.000,0.00,0.000,0.000,0.00,0.000,0.000,0.00,0.000,0.000,0.00,0.000,0.000,0.00,0.000,0.000,0.00,0.000,0.000,0.00,0.000,0.000,0.00,0.000,0.000,0.00,0.000,0.000,0.00,0.000,0.000,0.00,0.000,0.000,0.00,0.000,0.000,0.00,0.000,0.000,0.00,0.000,0.000,0.00,0.000,0.000,0.00,0.000,0.000,0.00,0.000,0.000,0.00,0.000,0.000,0.00,0.000,0.000,0.00,0.000,0.000,0.00,0.000,0.000,0.00,0.000,0.000,0.00,0.000,0.000,0.00,0.000,0.000,0.00,0.000,0.000,0.00,0.000,0.000,0.00
21.3113,0.000,0.000,0.00,100.00,0.00,0.000,0.000,0.00,0.000,0.000,0.00,0.000,0.000,0.00,0.000,0.000,0.00,0.000,0.000,0.00,0.000,0.000,0.00,0.000,0.000,0.00,0.000,0.000,0.00,0.000,0.000,0.00,0.000,0.000,0.00,0.000,0.000,0.00,0.000,0.000,0.00,0.000,0.000,0.00,0.000,0.000,0.00,0.000,0.000,0.00,0.000,0.000,0.00,0.000,0.000,0.00,0.000,0.000,0.00,0.000,0.000,0.00,0.000,0.000,0.00,0.000,0.000,0.00,0.000,0.000,0.00,0.000,0.000,0.00,0.000,0.000,0.00,0.000,0.000,0.00,0.000,0.000,0.00,0.000,0.000,0.00,0.000,0.000,0.00,0.000,0.000,0.00,0.000,0.000,0.00
21.4143,0.000,0.000,0.00,100.00,0.00,0.000,0.000,0.00,0.000,0.000,0.00,0.000,0.000,0.00,0.000,0.000,0.00,0.000,0.000,0.00,0.000,0.000,0.00,0.000,0.000,0.00,0.000,0.000,0.00,0.000,0.000,0.00,0.000,0.000,0.00,0.000,0.000,0.00,0.000,0.000,0.00,0.000,0.000,0.00,0.000,0.000,0.00,0.000,0.000,0.00,0.000,0.000,0.00,0.000,0.000,0.00,0.000,0.000,0.00,0.000,0.000,0.00,0.000,0.000,0.00,0.000,0.000,0.00,0.000,0.000,0.00,0.000,0.000,0.00,0.000,0.000,0.00,0.000,0.000,0.00,0.000,0.000,0.00,0.000,0.000,0.00,0.000,0.000,0.00,0.000,0.000,0.00,0.000,0.000,0.00
21.5173,0.000,0.000,0.00,100.00,0.00,0.000,0.000,0.00,0.000,0.000,0.00,0.000,0.000,0.00,0.000,0.000,0.00,0.000,0.000,0.00,0.000,0.000,0.00,0.000,0.000,0.00,0.000,0.000,0.00,0.000,0.000,0.00,0.000,0.000,0.00,0.000,0.000,0.00,0.000,0.000,0.00,0.000,0.000,0.00,0.000,0.000,0.00,0.000,0.000,0.00,0.000,0.000,0.00,0.000,0.000,0.00,0.000,0.000,0.00,0.000,0.000,0.00,0.000,0.000,0.00,0.000,0.000,0.00,0.000,0.000,0.00,0.000,0.000,0.00,0.000,0.000,0.00,0.000,0.000,0.00,0.000,0.000,0.00,0.000,0.000,0.00,0.000,0.000,0.00,0.000,0.000,0.00,0.000,0.000,0.00
21.6203,0.000,0.000,0.00,100.00,0.00,0.000,0.000,0.00,0.000,0.000,0.00,0.000,0.000,0.00,0.000,0.000,0.00,0.000,0.000,0.00,0.000,0.000,0.00,0.000,0.000,0.00,0.000,0.000,0.00,0.000,0.000,0.00,0.000,0.000,0.00,0.000,0.000,0.00,0.000,0.000,0.00,0.000,0.000,0.00,0.000,0.000,0.00,0.000,0.000,0.00,0.000,0.000,0.00,0.000,0.000,0.00,0.000,0.000,0.00,0.000,0.000,0.00,0.000,0.000,0.00,0.000,0.000,0.00,0.000,0.000,0.00,0.000,0.000,0.00,0.000,0.000,0.00,0.000,0.000,0.00,0.000,0.000,0.00,0.000,0.000,0.00,0.000,0.000,0.00,0.000,0.000,0.00,0.000,0.000,0.00
21.7233,0.000,0.000,0.00,100.00,0.00,0.000,0.000,0.00,0.000,0.000,0.00,0.000,0.000,0.00,0.000,0.000,0.00,0.000,0.000,0.00,0.000,0.000,0.00,0.000,0.000,0.00,0.000,0.000,0.00,0.000,0.000,0.00,0.000,0.000,0.00,0.000,0.000,0.00,0.000,0.000,0.00,0.000,0.000,0.00,0.000,0.000,0.00,0.000,0.000,0.00,0.000,0.000,0.00,0.000,0.000,0.00,0.000,0.000,0.00,0.000,0.000,0.00,0.000,0.000,0.00,0.000,0.000,0.00,0.000,0.000,0.00,0.000,0.000,0.00,0.000,0.000,0.00,0.000,0.000,0.00,0.000,0.000,0.00,0.000,0.000,0.00,0.000,0.000,0.00,0.000,0.000,0.00,0.000,0.000,0.00
21.8263,0.000,0.000,0.00,100.00,0.00,0.000,0.000,0.00,0.000,0.000,0.00,0.000,0.000,0.00,0.000,0.000,0.00,0.000,0.000,0.00,0.000,0.000,0.00,0.000,0.000,0.00,0.000,0.000,0.00,0.000,0.000,0.00,0.000,0.000,0.00,0.000,0.000,0.00,0.000,0.000,0.00,0.000,0.000,0.00,0.000,0.000,0.00,0.000,0.000,0.00,0.000,0.000,0.00,0.000,0.000,0.00,0.000,0.000,0.00,0.000,0.000,0.00,0.000,0.000,0.00,0.000,0.000,0.00,0.000,0.000,0.00,0.000,0.000,0.00,0.000,0.000,0.00,0.000,0.000,0.00,0.000,0.000,0.00,0.000,0.000,0.00,0.000,0.000,0.00,0.000,0.000,0.00,0.000,0.000,0.00
21.9293,0.000,0.000,0.00,99.92,0.00,0.000,0.000,0.00,0.000,0.000,0.00,0.000,0.000,0.00,0.000,0.000,0.00,0.000,0.000,0.00,0.000,0.000,0.00,0.000,0.000,0.00,0.000,0.000,0.00,0.000,0.000,0.00,0.000,0.000,0.00,0.000,0.000,0.00,0.000,0.000,0.00,0.000,0.000,0.00,0.000,0.000,0.00,0.000,0.000,0.00,0.000,0.000,0.00,0.000,0.000,0.00,0.000,0.000,0.00,0.000,0.000,0.00,0.000,0.000,0.00,0.000,0.000,0.00,0.000,0.000,0.00,0.000,0.000,0.00,0.000,0.000,0.00,0.000,0.000,0.00,0.000,0.000,0.00,0.000,0.000,0.00,0.000,0.000,0.00,0.000,0.000,0.00,0.000,0.000,0.00
22.0323,0.000,0.030,0.13,100.00,0.00,0.000,0.000,0.00,0.000,0.000,0.00,0.000,0.000,0.00,0.000,0.000,0.00,0.000,0.000,0.00,0.000,0.000,0.00,0.000,0.000,0.00,0.000,0.000,0.00,0.000,0.000,0.00,0.000,0.000,0.00,0.000,0.000,0.00,0.000,0.000,0.00,0.000,0.000,0.00,0.000,0.000,0.00,0.000,0.000,0.00,0.000,0.000,0.00,0.000,0.000,0.00,0.000,0.000,0.00,0.000,0.000,0.00,0.000,0.000,0.00,0.000,0.000,0.00,0.000,0.000,0.00,0.000,0.000,0.00,0.000,0.000,0.00,0.000,0.030,3.88,0.000,0.000,0.00,0.000,0.000,0.00,0.000,0.000,0.00,0.000,0.000,0.00,0.000,0.000,0.00
22.1353,0.000,0.000,0.00,100.00,0.00,0.000,0.000,0.00,0.000,0.000,0.00,0.000,0.000,0.00,0.000,0.000,0.00,0.000,0.000,0.00,0.000,0.000,0.00,0.000,0.000,0.00,0.000,0.000,0.00,0.000,0.000,0.00,0.000,0.000,0.00,0.000,0.000,0.00,0.000,0.000,0.00,0.000,0.000,0.00,0.000,0.000,0.00,0.000,0.000,0.00,0.000,0.000,0.00,0.000,0.000,0.00,0.000,0.000,0.00,0.000,0.000,0.00,0.000,0.000,0.00,0.000,0.000,0.00,0.000,0.000,0.00,0.000,0.000,0.00,0.000,0.000,0.00,0.000,0.000,0.00,0.000,0.000,0.00,0.000,0.000,0.00,0.000,0.000,0.00,0.000,0.000,0.00,0.000,0.000,0.00
22.2383,0.000,0.000,0.00,100.00,0.00,0.000,0.000,0.00,0.000,0.000,0.00,0.000,0.000,0.00,0.000,0.000,0.00,0.000,0.000,0.00,0.000,0.000,0.00,0.000,0.000,0.00,0.000,0.000,0.00,0.000,0.000,0.00,0.000,0.000,0.00,0.000,0.000,0.00,0.000,0.000,0.00,0.000,0.000,0.00,0.000,0.000,0.00,0.000,0.000,0.00,0.000,0.000,0.00,0.000,0.000,0.00,0.000,0.000,0.00,0.000,0.000,0.00,0.000,0.000,0.00,0.000,0.000,0.00,0.000,0.000,0.00,0.000,0.000,0.00,0.000,0.000,0.00,0.000,0.000,0.00,0.000,0.000,0.00,0.000,0.000,0.00,0.000,0.000,0.00,0.000,0.000,0.00,0.000,0.000,0.00
22.3413,0.000,0.000,0.00,100.00,0.00,0.000,0.000,0.00,0.000,0.000,0.00,0.000,0.000,0.00,0.000,0.000,0.00,0.000,0.000,0.00,0.000,0.000,0.00,0.000,0.000,0.00,0.000,0.000,0.00,0.000,0.000,0.00,0.000,0.000,0.00,0.000,0.000,0.00,0.000,0.000,0.00,0.000,0.000,0.00,0.000,0.000,0.00,0.000,0.000,0.00,0.000,0.000,0.00,0.000,0.000,0.00,0.000,0.000,0.00,0.000,0.000,0.00,0.000,0.000,0.00,0.000,0.000,0.00,0.000,0.000,0.00,0.000,0.000,0.00,0.000,0.000,0.00,0.000,0.000,0.00,0.000,0.000,0.00,0.000,0.000,0.00,0.000,0.000,0.00,0.000,0.000,0.00,0.000,0.000,0.00
22.4443,0.000,0.000,0.00,100.00,0.00,0.000,0.000,0.00,0.000,0.000,0.00,0.000,0.000,0.00,0.000,0.000,0.00,0.000,0.000,0.00,0.000,0.000,0.00,0.000,0.000,0.00,0.000,0.000,0.00,0.000,0.000,0.00,0.000,0.000,0.00,0.000,0.000,0.00,0.000,0.000,0.00,0.000,0.000,0.00,0.000,0.000,0.00,0.000,0.000,0.00,0.000,0.000,0.00,0.000,0.000,0.00,0.000,0.000,0.00,0.000,0.000,0.00,0.000,0.000,0.00,0.000,0.000,0.00,0.000,0.000,0.00,0.000,0.000,0.00,0.000,0.000,0.00,0.000,0.000,0.00,0.000,0.000,0.00,0.000,0.000,0.00,0.000,0.000,0.00,0.000,0.000,0.00,0.000,0.000,0.00
22.5473,0.000,0.000,0.00,100.00,0.00,0.000,0.000,0.00,0.000,0.000,0.00,0.000,0.000,0.00,0.000,0.000,0.00,0.000,0.000,0.00,0.000,0.000,0.00,0.000,0.000,0.00,0.000,0.000,0.00,0.000,0.000,0.00,0.000,0.000,0.00,0.000,0.000,0.00,0.000,0.000,0.00,0.000,0.000,0.00,0.000,0.000,0.00,0.000,0.000,0.00,0.000,0.000,0.00,0.000,0.000,0.00,0.000,0.000,0.00,0.000,0.000,0.00,0.000,0.000,0.00,0.000,0.000,0.00,0.000,0.000,0.00,0.000,0.000,0.00,0.000,0.000,0.00,0.000,0.000,0.00,0.000,0.000,0.00,0.000,0.000,0.00,0.000,0.000,0.00,0.000,0.000,0.00,0.000,0.000,0.00
22.6503,0.000,0.000,0.00,100.00,0.00,0.000,0.000,0.00,0.000,0.000,0.00,0.000,0.000,0.00,0.000,0.000,0.00,0.000,0.000,0.00,0.000,0.000,0.00,0.000,0.000,0.00,0.000,0.000,0.00,0.000,0.000,0.00,0.000,0.000,0.00,0.000,0.000,0.00,0.000,0.000,0.00,0.000,0.000,0.00,0.000,0.000,0.00,0.000,0.000,0.00,0.000,0.000,0.00,0.000,0.000,0.00,0.000,0.000,0.00,0.000,0.000,0.00,0.000,0.000,0.00,0.000,0.000,0.00,0.000,0.000,0.00,0.000,0.000,0.00,0.000,0.000,0.00,0.000,0.000,0.00,0.000,0.000,0.00,0.000,0.000,0.00,0.000,0.000,0.00,0.000,0.000,0.00,0.000,0.000,0.00
22.7533,0.000,0.000,0.00,100.00,0.00,0.000,0.000,0.00,0.000,0.000,0.00,0.000,0.000,0.00,0.000,0.000,0.00,0.000,0.000,0.00,0.000,0.000,0.00,0.000,0.000,0.00,0.000,0.000,0.00,0.000,0.000,0.00,0.000,0.000,0.00,0.000,0.000,0.00,0.000,0.000,0.00,0.000,0.000,0.00,0.000,0.000,0.00,0.000,0.000,0.00,0.000,0.000,0.00,0.000,0.000,0.00,0.000,0.000,0.00,0.000,0.000,0.00,0.000,0.000,0.00,0.000,0.000,0.00,0.000,0.000,0.00,0.000,0.000,0.00,0.000,0.000,0.00,0.000,0.000,0.00,0.000,0.000,0.00,0.000,0.000,0.00,0.000,0.000,0.00,0.000,0.000,0.00,0.000,0.000,0.00
22.8563,0.000,0.000,0.00,100.00,0.00,0.000,0.000,0.00,0.000,0.000,0.00,0.000,0.000,0.00,0.000,0.000,0.00,0.000,0.000,0.00,0.000,0.000,0.00,0.000,0.000,0.00,0.000,0.000,0.00,0.000,0.000,0.00,0.000,0.000,0.00,0.000,0.000,0.00,0.000,0.000,0.00,0.000,0.000,0.00,0.000,0.000,0.00,0.000,0.000,0.00,0.000,0.000,0.00,0.000,0.000,0.00,0.000,0.000,0.00,0.000,0.000,0.00,0.000,0.000,0.00,0.000,0.000,0.00,0.000,0.000,0.00,0.000,0.000,0.00,0.000,0.000,0.00,0.000,0.000,0.00,0.000,0.000,0.00,0.000,0.000,0.00,0.000,0.000,0.00,0.000,0.000,0.00,0.000,0.000,0.00
22.9593,0.000,0.000,0.00,100.00,0.00,0.000,0.000,0.00,0.000,0.000,0.00,0.000,0.000,0.00,0.000,0.000,0.00,0.000,0.000,0.00,0.000,0.000,0.00,0.000,0.000,0.00,0.000,0.000,0.00,0.000,0.000,0.00,0.000,0.000,0.00,0.000,0.000,0.00,0.000,0.000,0.00,0.000,0.000,0.00,0.000,0.000,0.00,0.000,0.000,0.00,0.000,0.000,0.00,0.000,0.000,0.00,0.000,0.000,0.00,0.000,0.000,0.00,0.000,0.000,0.00,0.000,0.000,0.00,0.000,0.000,0.00,0.000,0.000,0.00,0.000,0.000,0.00,0.000,0.000,0.00,0.000,0.000,0.00,0.000,0.000,0.00,0.000,0.000,0.00,0.000,0.000,0.00,0.000,0.000,0.00
23.0623,0.000,0.000,0.00,100.00,0.00,0.000,0.000,0.00,0.000,0.000,0.00,0.000,0.000,0.00,0.000,0.000,0.00,0.000,0.000,0.00,0.000,0.000,0.00,0.000,0.000,0.00,0.000,0.000,0.00,0.000,0.000,0.00,0.000,0.000,0.00,0.000,0.000,0.00,0.000,0.000,0.00,0.000,0.000,0.00,0.000,0.000,0.00,0.000,0.000,0.00,0.000,0.000,0.00,0.000,0.000,0.00,0.000,0.000,0.00,0.000,0.000,0.00,0.000,0.000,0.00,0.000,0.000,0.00,0.000,0.000,0.00,0.000,0.000,0.00,0.000,0.000,0.00,0.000,0.000,0.00,0.000,0.000,0.00,0.000,0.000,0.00,0.000,0.000,0.00,0.000,0.000,0.00,0.000,0.000,0.00
23.1653,0.000,0.000,0.00,100.00,0.00,0.000,0.000,0.00,0.000,0.000,0.00,0.000,0.000,0.00,0.000,0.000,0.00,0.000,0.000,0.00,0.000,0.000,0.00,0.000,0.000,0.00,0.000,0.000,0.00,0.000,0.000,0.00,0.000,0.000,0.00,0.000,0.000,0.00,0.000,0.000,0.00,0.000,0.000,0.00,0.000,0.000,0.00,0.000,0.000,0.00,0.000,0.000,0.00,0.000,0.000,0.00,0.000,0.000,0.00,0.000,0.000,0.00,0.000,0.000,0.00,0.000,0.000,0.00,0.000,0.000,0.00,0.000,0.000,0.00,0.000,0.000,0.00,0.000,0.000,0.00,0.000,0.000,0.00,0.000,0.000,0.00,0.000,0.000,0.00,0.000,0.000,0.00,0.000,0.000,0.00
23.2683,0.000,0.000,0.00,99.70,0.00,0.000,0.000,0.00,0.000,0.000,0.00,0.000,0.000,0.00,0.000,0.000,0.00,0.000,0.000,0.00,0.000,0.000,0.00,0.000,0.000,0.00,0.000,0.000,0.00,0.000,0.000,0.00,0.000,0.000,0.00,0.000,0.000,0.00,0.000,0.000,0.00,0.000,0.000,0.00,0.000,0.000,0.00,0.000,0.000,0.00,0.000,0.000,0.00,0.000,0.000,0.00,0.000,0.000,0.00,0.000,0.000,0.00,0.000,0.000,0.00,0.000,0.000,0.00,0.000,0.000,0.00,0.000,0.000,0.00,0.000,0.000,0.00,0.000,0.000,0.00,0.000,0.000,0.00,0.000,0.000,0.00,0.000,0.000,0.00,0.000,0.000,0.00,0.000,0.000,0.00
23.3713,0.000,0.000,0.00,99.54,0.00,0.000,0.000,0.00,0.000,0.000,0.00,0.000,0.000,0.00,0.000,0.000,0.00,0.000,0.000,0.00,0.000,0.000,0.00,0.000,0.000,0.00,0.000,0.000,0.00,0.000,0.000,0.00,0.000,0.000,0.00,0.000,0.000,0.00,0.000,0.000,0.00,0.000,0.000,0.00,0.000,0.000,0.00,0.000,0.000,0.00,0.000,0.000,0.00,0.000,0.000,0.00,0.000,0.000,0.00,0.000,0.000,0.00,0.000,0.000,0.00,0.000,0.000,0.00,0.000,0.000,0.00,0.000,0.000,0.00,0.000,0.000,0.00,0.000,0.000,0.00,0.000,0.000,0.00,0.000,0.000,0.00,0.000,0.000,0.00,0.000,0.000,0.00,0.000,0.000,0.00
23.4743,0.000,0.000,0.00,100.00,0.00,0.000,0.000,0.00,0.000,0.000,0.00,0.000,0.000,0.00,0.000,0.000,0.00,0.000,0.000,0.00,0.000,0.000,0.00,0.000,0.000,0.00,0.000,0.000,0.00,0.000,0.000,0.00,0.000,0.000,0.00,0.000,0.000,0.00,0.000,0.000,0.00,0.000,0.000,0.00,0.000,0.000,0.00,0.000,0.000,0.00,0.000,0.000,0.00,0.000,0.000,0.00,0.000,0.000,0.00,0.000,0.000,0.00,0.000,0.000,0.00,0.000,0.000,0.00,0.000,0.000,0.00,0.000,0.000,0.00,0.000,0.000,0.00,0.000,0.000,0.00,0.000,0.000,0.00,0.000,0.000,0.00,0.000,0.000,0.00,0.000,0.000,0.00,0.000,0.000,0.00
23.5773,0.000,0.000,0.00,100.00,0.00,0.000,0.000,0.00,0.000,0.000,0.00,0.000,0.000,0.00,0.000,0.000,0.00,0.000,0.000,0.00,0.000,0.000,0.00,0.000,0.000,0.00,0.000,0.000,0.00,0.000,0.000,0.00,0.000,0.000,0.00,0.000,0.000,0.00,0.000,0.000,0.00,0.000,0.000,0.00,0.000,0.000,0.00,0.000,0.000,0.00,0.000,0.000,0.00,0.000,0.000,0.00,0.000,0.000,0.00,0.000,0.000,0.00,0.000,0.000,0.00,0.000,0.000,0.00,0.000,0.000,0.00,0.000,0.000,0.00,0.000,0.000,0.00,0.000,0.000,0.00,0.000,0.000,0.00,0.000,0.000,0.00,0.000,0.000,0.00,0.000,0.000,0.00,0.000,0.000,0.00
23.6803,0.000,0.000,0.00,100.00,0.00,0.000,0.000,0.00,0.000,0.000,0.00,0.000,0.000,0.00,0.000,0.000,0.00,0.000,0.000,0.00,0.000,0.000,0.00,0.000,0.000,0.00,0.000,0.000,0.00,0.000,0.000,0.00,0.000,0.000,0.00,0.000,0.000,0.00,0.000,0.000,0.00,0.000,0.000,0.00,0.000,0.000,0.00,0.000,0.000,0.00,0.000,0.000,0.00,0.000,0.000,0.00,0.000,0.000,0.00,0.000,0.000,0.00,0.000,0.000,0.00,0.000,0.000,0.00,0.000,0.000,0.00,0.000,0.000,0.00,0.000,0.000,0.00,0.000,0.000,0.00,0.000,0.000,0.00,0.000,0.000,0.00,0.000,0.000,0.00,0.000,0.000,0.00,0.000,0.000,0.00
23.7833,0.000,0.000,0.00,100.00,0.00,0.000,0.000,0.00,0.000,0.000,0.00,0.000,0.000,0.00,0.000,0.000,0.00,0.000,0.000,0.00,0.000,0.000,0.00,0.000,0.000,0.00,0.000,0.000,0.00,0.000,0.000,0.00,0.000,0.000,0.00,0.000,0.000,0.00,0.000,0.000,0.00,0.000,0.000,0.00,0.000,0.000,0.00,0.000,0.000,0.00,0.000,0.000,0.00,0.000,0.000,0.00,0.000,0.000,0.00,0.000,0.000,0.00,0.000,0.000,0.00,0.000,0.000,0.00,0.000,0.000,0.00,0.000,0.000,0.00,0.000,0.000,0.00,0.000,0.000,0.00,0.000,0.000,0.00,0.000,0.000,0.00,0.000,0.000,0.00,0.000,0.000,0.00,0.000,0.000,0.00
23.8863,0.000,0.000,0.00,100.00,0.00,0.000,0.000,0.00,0.000,0.000,0.00,0.000,0.000,0.00,0.000,0.000,0.00,0.000,0.000,0.00,0.000,0.000,0.00,0.000,0.000,0.00,0.000,0.000,0.00,0.000,0.000,0.00,0.000,0.000,0.00,0.000,0.000,0.00,0.000,0.000,0.00,0.000,0.000,0.00,0.000,0.000,0.00,0.000,0.000,0.00,0.000,0.000,0.00,0.000,0.000,0.00,0.000,0.000,0.00,0.000,0.000,0.00,0.000,0.000,0.00,0.000,0.000,0.00,0.000,0.000,0.00,0.000,0.000,0.00,0.000,0.000,0.00,0.000,0.000,0.00,0.000,0.000,0.00,0.000,0.000,0.00,0.000,0.000,0.00,0.000,0.000,0.00,0.000,0.000,0.00
23.9890,0.000,0.000,0.00,99.55,0.00,0.000,0.000,0.00,0.000,0.000,0.00,0.000,0.000,0.00,0.000,0.000,0.00,0.000,0.000,0.00,0.000,0.000,0.00,0.000,0.000,0.00,0.000,0.000,0.00,0.000,0.000,0.00,0.000,0.000,0.00,0.000,0.000,0.00,0.000,0.000,0.00,0.000,0.000,0.00,0.000,0.000,0.00,0.000,0.000,0.00,0.000,0.000,0.00,0.000,0.000,0.00,0.000,0.000,0.00,0.000,0.000,0.00,0.000,0.000,0.00,0.000,0.000,0.00,0.000,0.000,0.00,0.000,0.000,0.00,0.000,0.000,0.00,0.000,0.000,0.00,0.000,0.000,0.00,0.000,0.000,0.00,0.000,0.000,0.00,0.000,0.000,0.00,0.000,0.000,0.00
24.0915,0.000,0.000,0.00,97.79,0.00,0.000,0.000,0.00,0.000,0.000,0.00,0.000,0.000,0.00,0.000,0.000,0.00,0.000,0.000,0.00,0.000,0.000,0.00,0.000,0.000,0.00,0.000,0.000,0.00,0.000,0.000,0.00,0.000,0.000,0.00,0.000,0.000,0.00,0.000,0.000,0.00,0.000,0.000,0.00,0.000,0.000,0.00,0.000,0.000,0.00,0.000,0.000,0.00,0.000,0.000,0.00,0.000,0.000,0.00,0.000,0.000,0.00,0.000,0.000,0.00,0.000,0.000,0.00,0.000,0.000,0.00,0.000,0.000,0.00,0.000,0.000,0.00,0.000,0.000,0.00,0.000,0.000,0.00,0.000,0.000,0.00,0.000,0.000,0.00,0.000,0.000,0.00,0.000,0.000,0.00
24.2127,0.000,0.000,0.00,99.23,0.00,0.000,0.000,0.00,0.000,0.000,0.00,0.000,0.000,0.00,0.000,0.000,0.00,0.000,0.000,0.00,0.000,0.000,0.00,0.000,0.000,0.00,0.000,0.000,0.00,0.000,0.000,0.00,0.000,0.000,0.00,0.000,0.000,0.00,0.000,0.000,0.00,0.000,0.000,0.00,0.000,0.000,0.00,0.000,0.000,0.00,0.000,0.000,0.00,0.000,0.000,0.00,0.000,0.000,0.00,0.000,0.000,0.00,0.000,0.000,0.00,0.000,0.000,0.00,0.000,0.000,0.00,0.000,0.000,0.00,0.000,0.000,0.00,0.000,0.000,0.00,0.000,0.000,0.00,0.000,0.000,0.00,0.000,0.000,0.00,0.000,0.000,0.00,0.000,0.000,0.00
24.3245,0.000,0.000,0.00,99.68,0.00,0.000,0.000,0.00,0.000,0.000,0.00,0.000,0.000,0.00,0.000,0.000,0.00,0.000,0.000,0.00,0.000,0.000,0.00,0.000,0.000,0.00,0.000,0.000,0.00,0.000,0.000,0.00,0.000,0.000,0.00,0.000,0.000,0.00,0.000,0.000,0.00,0.000,0.000,0.00,0.000,0.000,0.00,0.000,0.000,0.00,0.000,0.000,0.00,0.000,0.000,0.00,0.000,0.000,0.00,0.000,0.000,0.00,0.000,0.000,0.00,0.000,0.000,0.00,0.000,0.000,0.00,0.000,0.000,0.00,0.000,0.000,0.00,0.000,0.000,0.00,0.000,0.000,0.00,0.000,0.000,0.00,0.000,0.000,0.00,0.000,0.000,0.00,0.000,0.000,0.00
24.4510,0.000,0.000,0.00,100.00,0.00,0.000,0.000,0.00,0.000,0.000,0.00,0.000,0.000,0.00,0.000,0.000,0.00,0.000,0.000,0.00,0.000,0.000,0.00,0.000,0.000,0.00,0.000,0.000,0.00,0.000,0.000,0.00,0.000,0.000,0.00,0.000,0.000,0.00,0.000,0.000,0.00,0.000,0.000,0.00,0.000,0.000,0.00,0.000,0.000,0.00,0.000,0.000,0.00,0.000,0.000,0.00,0.000,0.000,0.00,0.000,0.000,0.00,0.000,0.000,0.00,0.000,0.000,0.00,0.000,0.000,0.00,0.000,0.000,0.00,0.000,0.000,0.00,0.000,0.000,0.00,0.000,0.000,0.00,0.000,0.000,0.00,0.000,0.000,0.00,0.000,0.000,0.00,0.000,0.000,0.00
24.5744,0.000,0.000,0.00,99.16,0.00,0.000,0.000,0.00,0.000,0.000,0.00,0.000,0.000,0.00,0.000,0.000,0.00,0.000,0.000,0.00,0.000,0.000,0.00,0.000,0.000,0.00,0.000,0.000,0.00,0.000,0.000,0.00,0.000,0.000,0.00,0.000,0.000,0.00,0.000,0.000,0.00,0.000,0.000,0.00,0.000,0.000,0.00,0.000,0.000,0.00,0.000,0.000,0.00,0.000,0.000,0.00,0.000,0.000,0.00,0.000,0.000,0.00,0.000,0.000,0.00,0.000,0.000,0.00,0.000,0.000,0.00,0.000,0.000,0.00,0.000,0.000,0.00,0.000,0.000,0.00,0.000,0.000,0.00,0.000,0.000,0.00,0.000,0.000,0.00,0.000,0.000,0.00,0.000,0.000,0.00
24.6876,0.000,1.433,0.15,98.46,0.00,0.000,0.000,0.00,0.000,0.000,0.00,0.000,0.000,0.00,0.000,0.000,0.00,0.000,0.000,0.00,0.000,0.000,0.00,0.000,0.000,0.00,0.000,0.000,0.00,0.000,0.000,0.00,0.000,0.000,0.00,0.000,0.000,0.00,0.000,0.000,0.00,0.000,0.000,0.00,0.000,0.000,0.00,0.000,0.000,0.00,0.000,0.000,0.00,0.000,0.000,0.00,0.000,0.000,0.00,0.000,0.000,0.00,0.000,0.000,0.00,0.000,0.000,0.00,0.000,0.000,0.00,0.000,1.433,4.41,0.000,0.000,0.00,0.000,0.000,0.00,0.000,0.000,0.00,0.000,0.000,0.00,0.000,0.000,0.00,0.000,0.000,0.00,0.000,0.000,0.00
24.7974,0.000,0.000,0.00,98.45,0.00,0.000,0.000,0.00,0.000,0.000,0.00,0.000,0.000,0.00,0.000,0.000,0.00,0.000,0.000,0.00,0.000,0.000,0.00,0.000,0.000,0.00,0.000,0.000,0.00,0.000,0.000,0.00,0.000,0.000,0.00,0.000,0.000,0.00,0.000,0.000,0.00,0.000,0.000,0.00,0.000,0.000,0.00,0.000,0.000,0.00,0.000,0.000,0.00,0.000,0.000,0.00,0.000,0.000,0.00,0.000,0.000,0.00,0.000,0.000,0.00,0.000,0.000,0.00,0.000,0.000,0.00,0.000,0.000,0.00,0.000,0.000,0.00,0.000,0.000,0.00,0.000,0.000,0.00,0.000,0.000,0.00,0.000,0.000,0.00,0.000,0.000,0.00,0.000,0.000,0.00
24.9034,0.000,0.000,0.00,92.23,0.00,0.000,0.000,0.00,0.000,0.000,0.00,0.000,0.000,0.00,0.000,0.000,0.00,0.000,0.000,0.00,0.000,0.000,0.00,0.000,0.000,0.00,0.000,0.000,0.00,0.000,0.000,0.00,0.000,0.000,0.00,0.000,0.000,0.00,0.000,0.000,0.00,0.000,0.000,0.00,0.000,0.000,0.00,0.000,0.000,0.00,0.000,0.000,0.00,0.000,0.000,0.00,0.000,0.000,0.00,0.000,0.000,0.00,0.000,0.000,0.00,0.000,0.000,0.00,0.000,0.000,0.00,0.000,0.000,0.00,0.000,0.000,0.00,0.000,0.000,0.00,0.000,0.000,0.00,0.000,0.000,0.00,0.000,0.000,0.00,0.000,0.000,0.00,0.000,0.000,0.00
25.0166,0.000,0.000,0.00,89.94,0.00,0.000,0.000,0.00,0.000,0.000,0.00,0.000,0.000,0.00,0.000,0.000,0.00,0.000,0.000,0.00,0.000,0.000,0.00,0.000,0.000,0.00,0.000,0.000,0.00,0.000,0.000,0.00,0.000,0.000,0.00,0.000,0.000,0.00,0.000,0.000,0.00,0.000,0.000,0.00,0.000,0.000,0.00,0.000,0.000,0.00,0.000,0.000,0.00,0.000,0.000,0.00,0.000,0.000,0.00,0.000,0.000,0.00,0.000,0.000,0.00,0.000,0.000,0.00,0.000,0.000,0.00,0.000,0.000,0.00,0.000,0.000,0.00,0.000,0.000,0.00,0.000,0.000,0.00,0.000,0.000,0.00,0.000,0.000,0.00,0.000,0.000,0.00,0.000,0.000,0.00
25.1238,0.000,0.162,0.06,79.34,0.00,0.000,0.000,0.00,0.000,0.000,0.00,0.000,0.000,0.00,0.000,0.000,0.00,0.000,0.000,0.00,0.000,0.000,0.00,0.000,0.000,0.00,0.000,0.000,0.00,0.000,0.000,0.00,0.000,0.000,0.00,0.000,0.000,0.00,0.000,0.000,0.00,0.000,0.000,0.00,0.000,0.000,0.00,0.000,0.000,0.00,0.000,0.000,0.00,0.000,0.000,0.00,0.000,0.000,0.00,0.000,0.000,0.00,0.000,0.000,0.00,0.000,0.000,0.00,0.000,0.000,0.00,0.000,0.000,0.00,0.000,0.162,1.87,0.000,0.000,0.00,0.000,0.000,0.00,0.000,0.000,0.00,0.000,0.000,0.00,0.000,0.000,0.00,0.000,0.000,0.00
25.2314,0.000,0.000,0.00,81.07,0.00,0.000,0.000,0.00,0.000,0.000,0.00,0.000,0.000,0.00,0.000,0.000,0.00,0.000,0.000,0.00,0.000,0.000,0.00,0.000,0.000,0.00,0.000,0.000,0.00,0.000,0.000,0.00,0.000,0.000,0.00,0.000,0.000,0.00,0.000,0.000,0.00,0.000,0.000,0.00,0.000,0.000,0.00,0.000,0.000,0.00,0.000,0.000,0.00,0.000,0.000,0.00,0.000,0.000,0.00,0.000,0.000,0.00,0.000,0.000,0.00,0.000,0.000,0.00,0.000,0.000,0.00,0.000,0.000,0.00,0.000,0.000,0.00,0.000,0.000,0.00,0.000,0.000,0.00,0.000,0.000,0.00,0.000,0.000,0.00,0.000,0.000,0.00,0.000,0.000,0.00
25.3450,0.000,0.000,0.00,77.09,0.00,0.000,0.000,0.00,0.000,0.000,0.00,0.000,0.000,0.00,0.000,0.000,0.00,0.000,0.000,0.00,0.000,0.000,0.00,0.000,0.000,0.00,0.000,0.000,0.00,0.000,0.000,0.00,0.000,0.000,0.00,0.000,0.000,0.00,0.000,0.000,0.00,0.000,0.000,0.00,0.000,0.000,0.00,0.000,0.000,0.00,0.000,0.000,0.00,0.000,0.000,0.00,0.000,0.000,0.00,0.000,0.000,0.00,0.000,0.000,0.00,0.000,0.000,0.00,0.000,0.000,0.00,0.000,0.000,0.00,0.000,0.000,0.00,0.000,0.000,0.00,0.000,0.000,0.00,0.000,0.000,0.00,0.000,0.000,0.00,0.000,0.000,0.00,0.000,0.000,0.00
25.4511,0.000,0.000,0.00,82.27,0.00,0.000,0.000,0.00,0.000,0.000,0.00,0.000,0.000,0.00,0.000,0.000,0.00,0.000,0.000,0.00,0.000,0.000,0.00,0.000,0.000,0.00,0.000,0.000,0.00,0.000,0.000,0.00,0.000,0.000,0.00,0.000,0.000,0.00,0.000,0.000,0.00,0.000,0.000,0.00,0.000,0.000,0.00,0.000,0.000,0.00,0.000,0.000,0.00,0.000,0.000,0.00,0.000,0.000,0.00,0.000,0.000,0.00,0.000,0.000,0.00,0.000,0.000,0.00,0.000,0.000,0.00,0.000,0.000,0.00,0.000,0.000,0.00,0.000,0.000,0.00,0.000,0.000,0.00,0.000,0.000,0.00,0.000,0.000,0.00,0.000,0.000,0.00,0.000,0.000,0.00
25.5571,0.000,0.000,0.00,81.55,0.00,0.000,0.000,0.00,0.000,0.000,0.00,0.000,0.000,0.00,0.000,0.000,0.00,0.000,0.000,0.00,0.000,0.000,0.00,0.000,0.000,0.00,0.000,0.000,0.00,0.000,0.000,0.00,0.000,0.000,0.00,0.000,0.000,0.00,0.000,0.000,0.00,0.000,0.000,0.00,0.000,0.000,0.00,0.000,0.000,0.00,0.000,0.000,0.00,0.000,0.000,0.00,0.000,0.000,0.00,0.000,0.000,0.00,0.000,0.000,0.00,0.000,0.000,0.00,0.000,0.000,0.00,0.000,0.000,0.00,0.000,0.000,0.00,0.000,0.000,0.00,0.000,0.000,0.00,0.000,0.000,0.00,0.000,0.000,0.00,0.000,0.000,0.00,0.000,0.000,0.00
25.6644,0.000,0.000,0.00,80.10,0.00,0.000,0.000,0.00,0.000,0.000,0.00,0.000,0.000,0.00,0.000,0.000,0.00,0.000,0.000,0.00,0.000,0.000,0.00,0.000,0.000,0.00,0.000,0.000,0.00,0.000,0.000,0.00,0.000,0.000,0.00,0.000,0.000,0.00,0.000,0.000,0.00,0.000,0.000,0.00,0.000,0.000,0.00,0.000,0.000,0.00,0.000,0.000,0.00,0.000,0.000,0.00,0.000,0.000,0.00,0.000,0.000,0.00,0.000,0.000,0.00,0.000,0.000,0.00,0.000,0.000,0.00,0.000,0.000,0.00,0.000,0.000,0.00,0.000,0.000,0.00,0.000,0.000,0.00,0.000,0.000,0.00,0.000,0.000,0.00,0.000,0.000,0.00,0.000,0.000,0.00
25.7744,0.000,0.000,0.00,73.84,0.00,0.000,0.000,0.00,0.000,0.000,0.00,0.000,0.000,0.00,0.000,0.000,0.00,0.000,0.000,0.00,0.000,0.000,0.00,0.000,0.000,0.00,0.000,0.000,0.00,0.000,0.000,0.00,0.000,0.000,0.00,0.000,0.000,0.00,0.000,0.000,0.00,0.000,0.000,0.00,0.000,0.000,0.00,0.000,0.000,0.00,0.000,0.000,0.00,0.000,0.000,0.00,0.000,0.000,0.00,0.000,0.000,0.00,0.000,0.000,0.00,0.000,0.000,0.00,0.000,0.000,0.00,0.000,0.000,0.00,0.000,0.000,0.00,0.000,0.000,0.00,0.000,0.000,0.00,0.000,0.000,0.00,0.000,0.000,0.00,0.000,0.000,0.00,0.000,0.000,0.00
25.8803,0.000,0.000,0.00,80.89,0.00,0.000,0.000,0.00,0.000,0.000,0.00,0.000,0.000,0.00,0.000,0.000,0.00,0.000,0.000,0.00,0.000,0.000,0.00,0.000,0.000,0.00,0.000,0.000,0.00,0.000,0.000,0.00,0.000,0.000,0.00,0.000,0.000,0.00,0.000,0.000,0.00,0.000,0.000,0.00,0.000,0.000,0.00,0.000,0.000,0.00,0.000,0.000,0.00,0.000,0.000,0.00,0.000,0.000,0.00,0.000,0.000,0.00,0.000,0.000,0.00,0.000,0.000,0.00,0.000,0.000,0.00,0.000,0.000,0.00,0.000,0.000,0.00,0.000,0.000,0.00,0.000,0.000,0.00,0.000,0.000,0.00,0.000,0.000,0.00,0.000,0.000,0.00,0.000,0.000,0.00
25.9864,0.000,0.000,0.00,79.90,0.00,0.000,0.000,0.00,0.000,0.000,0.00,0.000,0.000,0.00,0.000,0.000,0.00,0.000,0.000,0.00,0.000,0.000,0.00,0.000,0.000,0.00,0.000,0.000,0.00,0.000,0.000,0.00,0.000,0.000,0.00,0.000,0.000,0.00,0.000,0.000,0.00,0.000,0.000,0.00,0.000,0.000,0.00,0.000,0.000,0.00,0.000,0.000,0.00,0.000,0.000,0.00,0.000,0.000,0.00,0.000,0.000,0.00,0.000,0.000,0.00,0.000,0.000,0.00,0.000,0.000,0.00,0.000,0.000,0.00,0.000,0.000,0.00,0.000,0.000,0.00,0.000,0.000,0.00,0.000,0.000,0.00,0.000,0.000,0.00,0.000,0.000,0.00,0.000,0.000,0.00
26.0919,0.000,0.000,0.00,81.85,0.00,0.000,0.000,0.00,0.000,0.000,0.00,0.000,0.000,0.00,0.000,0.000,0.00,0.000,0.000,0.00,0.000,0.000,0.00,0.000,0.000,0.00,0.000,0.000,0.00,0.000,0.000,0.00,0.000,0.000,0.00,0.000,0.000,0.00,0.000,0.000,0.00,0.000,0.000,0.00,0.000,0.000,0.00,0.000,0.000,0.00,0.000,0.000,0.00,0.000,0.000,0.00,0.000,0.000,0.00,0.000,0.000,0.00,0.000,0.000,0.00,0.000,0.000,0.00,0.000,0.000,0.00,0.000,0.000,0.00,0.000,0.000,0.00,0.000,0.000,0.00,0.000,0.000,0.00,0.000,0.000,0.00,0.000,0.000,0.00,0.000,0.000,0.00,0.000,0.000,0.00
26.1972,0.000,0.000,0.00,76.13,0.00,0.000,0.000,0.00,0.000,0.000,0.00,0.000,0.000,0.00,0.000,0.000,0.00,0.000,0.000,0.00,0.000,0.000,0.00,0.000,0.000,0.00,0.000,0.000,0.00,0.000,0.000,0.00,0.000,0.000,0.00,0.000,0.000,0.00,0.000,0.000,0.00,0.000,0.000,0.00,0.000,0.000,0.00,0.000,0.000,0.00,0.000,0.000,0.00,0.000,0.000,0.00,0.000,0.000,0.00,0.000,0.000,0.00,0.000,0.000,0.00,0.000,0.000,0.00,0.000,0.000,0.00,0.000,0.000,0.00,0.000,0.000,0.00,0.000,0.000,0.00,0.000,0.000,0.00,0.000,0.000,0.00,0.000,0.000,0.00,0.000,0.000,0.00,0.000,0.000,0.00
26.3027,0.000,0.000,0.00,81.13,0.00,0.000,0.000,0.00,0.000,0.000,0.00,0.000,0.000,0.00,0.000,0.000,0.00,0.000,0.000,0.00,0.000,0.000,0.00,0.000,0.000,0.00,0.000,0.000,0.00,0.000,0.000,0.00,0.000,0.000,0.00,0.000,0.000,0.00,0.000,0.000,0.00,0.000,0.000,0.00,0.000,0.000,0.00,0.000,0.000,0.00,0.000,0.000,0.00,0.000,0.000,0.00,0.000,0.000,0.00,0.000,0.000,0.00,0.000,0.000,0.00,0.000,0.000,0.00,0.000,0.000,0.00,0.000,0.000,0.00,0.000,0.000,0.00,0.000,0.000,0.00,0.000,0.000,0.00,0.000,0.000,0.00,0.000,0.000,0.00,0.000,0.000,0.00,0.000,0.000,0.00
26.4074,0.000,0.000,0.00,72.99,0.00,0.000,0.000,0.00,0.000,0.000,0.00,0.000,0.000,0.00,0.000,0.000,0.00,0.000,0.000,0.00,0.000,0.000,0.00,0.000,0.000,0.00,0.000,0.000,0.00,0.000,0.000,0.00,0.000,0.000,0.00,0.000,0.000,0.00,0.000,0.000,0.00,0.000,0.000,0.00,0.000,0.000,0.00,0.000,0.000,0.00,0.000,0.000,0.00,0.000,0.000,0.00,0.000,0.000,0.00,0.000,0.000,0.00,0.000,0.000,0.00,0.000,0.000,0.00,0.000,0.000,0.00,0.000,0.000,0.00,0.000,0.000,0.00,0.000,0.000,0.00,0.000,0.000,0.00,0.000,0.000,0.00,0.000,0.000,0.00,0.000,0.000,0.00,0.000,0.000,0.00
26.5120,0.000,0.000,0.00,76.51,0.00,0.000,0.000,0.00,0.000,0.000,0.00,0.000,0.000,0.00,0.000,0.000,0.00,0.000,0.000,0.00,0.000,0.000,0.00,0.000,0.000,0.00,0.000,0.000,0.00,0.000,0.000,0.00,0.000,0.000,0.00,0.000,0.000,0.00,0.000,0.000,0.00,0.000,0.000,0.00,0.000,0.000,0.00,0.000,0.000,0.00,0.000,0.000,0.00,0.000,0.000,0.00,0.000,0.000,0.00,0.000,0.000,0.00,0.000,0.000,0.00,0.000,0.000,0.00,0.000,0.000,0.00,0.000,0.000,0.00,0.000,0.000,0.00,0.000,0.000,0.00,0.000,0.000,0.00,0.000,0.000,0.00,0.000,0.000,0.00,0.000,0.000,0.00,0.000,0.000,0.00
26.6174,0.000,0.000,0.00,77.61,0.00,0.000,0.000,0.00,0.000,0.000,0.00,0.000,0.000,0.00,0.000,0.000,0.00,0.000,0.000,0.00,0.000,0.000,0.00,0.000,0.000,0.00,0.000,0.000,0.00,0.000,0.000,0.00,0.000,0.000,0.00,0.000,0.000,0.00,0.000,0.000,0.00,0.000,0.000,0.00,0.000,0.000,0.00,0.000,0.000,0.00,0.000,0.000,0.00,0.000,0.000,0.00,0.000,0.000,0.00,0.000,0.000,0.00,0.000,0.000,0.00,0.000,0.000,0.00,0.000,0.000,0.00,0.000,0.000,0.00,0.000,0.000,0.00,0.000,0.000,0.00,0.000,0.000,0.00,0.000,0.000,0.00,0.000,0.000,0.00,0.000,0.000,0.00,0.000,0.000,0.00
26.7224,0.000,0.371,0.16,83.26,0.00,0.000,0.000,0.00,0.000,0.000,0.00,0.000,0.000,0.00,0.000,0.000,0.00,0.000,0.000,0.00,0.000,0.000,0.00,0.000,0.000,0.00,0.000,0.000,0.00,0.000,0.000,0.00,0.000,0.000,0.00,0.000,0.000,0.00,0.000,0.000,0.00,0.000,0.000,0.00,0.000,0.000,0.00,0.000,0.000,0.00,0.000,0.000,0.00,0.000,0.371,4.76,0.000,0.000,0.00,0.000,0.000,0.00,0.000,0.000,0.00,0.000,0.000,0.00,0.000,0.000,0.00,0.000,0.000,0.00,0.000,0.000,0.00,0.000,0.000,0.00,0.000,0.000,0.00,0.000,0.000,0.00,0.000,0.000,0.00,0.000,0.000,0.00,0.000,0.000,0.00
26.8271,0.000,0.000,0.00,77.95,0.00,0.000,0.000,0.00,0.000,0.000,0.00,0.000,0.000,0.00,0.000,0.000,0.00,0.000,0.000,0.00,0.000,0.000,0.00,0.000,0.000,0.00,0.000,0.000,0.00,0.000,0.000,0.00,0.000,0.000,0.00,0.000,0.000,0.00,0.000,0.000,0.00,0.000,0.000,0.00,0.000,0.000,0.00,0.000,0.000,0.00,0.000,0.000,0.00,0.000,0.000,0.00,0.000,0.000,0.00,0.000,0.000,0.00,0.000,0.000,0.00,0.000,0.000,0.00,0.000,0.000,0.00,0.000,0.000,0.00,0.000,0.000,0.00,0.000,0.000,0.00,0.000,0.000,0.00,0.000,0.000,0.00,0.000,0.000,0.00,0.000,0.000,0.00,0.000,0.000,0.00
26.9312,0.000,0.000,0.00,72.73,0.00,0.000,0.000,0.00,0.000,0.000,0.00,0.000,0.000,0.00,0.000,0.000,0.00,0.000,0.000,0.00,0.000,0.000,0.00,0.000,0.000,0.00,0.000,0.000,0.00,0.000,0.000,0.00,0.000,0.000,0.00,0.000,0.000,0.00,0.000,0.000,0.00,0.000,0.000,0.00,0.000,0.000,0.00,0.000,0.000,0.00,0.000,0.000,0.00,0.000,0.000,0.00,0.000,0.000,0.00,0.000,0.000,0.00,0.000,0.000,0.00,0.000,0.000,0.00,0.000,0.000,0.00,0.000,0.000,0.00,0.000,0.000,0.00,0.000,0.000,0.00,0.000,0.000,0.00,0.000,0.000,0.00,0.000,0.000,0.00,0.000,0.000,0.00,0.000,0.000,0.00
27.0356,0.000,0.000,0.00,73.23,0.00,0.000,0.000,0.00,0.000,0.000,0.00,0.000,0.000,0.00,0.000,0.000,0.00,0.000,0.000,0.00,0.000,0.000,0.00,0.000,0.000,0.00,0.000,0.000,0.00,0.000,0.000,0.00,0.000,0.000,0.00,0.000,0.000,0.00,0.000,0.000,0.00,0.000,0.000,0.00,0.000,0.000,0.00,0.000,0.000,0.00,0.000,0.000,0.00,0.000,0.000,0.00,0.000,0.000,0.00,0.000,0.000,0.00,0.000,0.000,0.00,0.000,0.000,0.00,0.000,0.000,0.00,0.000,0.000,0.00,0.000,0.000,0.00,0.000,0.000,0.00,0.000,0.000,0.00,0.000,0.000,0.00,0.000,0.000,0.00,0.000,0.000,0.00,0.000,0.000,0.00
27.1402,0.000,0.000,0.00,76.92,0.00,0.000,0.000,0.00,0.000,0.000,0.00,0.000,0.000,0.00,0.000,0.000,0.00,0.000,0.000,0.00,0.000,0.000,0.00,0.000,0.000,0.00,0.000,0.000,0.00,0.000,0.000,0.00,0.000,0.000,0.00,0.000,0.000,0.00,0.000,0.000,0.00,0.000,0.000,0.00,0.000,0.000,0.00,0.000,0.000,0.00,0.000,0.000,0.00,0.000,0.000,0.00,0.000,0.000,0.00,0.000,0.000,0.00,0.000,0.000,0.00,0.000,0.000,0.00,0.000,0.000,0.00,0.000,0.000,0.00,0.000,0.000,0.00,0.000,0.000,0.00,0.000,0.000,0.00,0.000,0.000,0.00,0.000,0.000,0.00,0.000,0.000,0.00,0.000,0.000,0.00
27.2454,0.117,11.564,0.06,72.66,0.00,0.000,0.000,0.00,0.000,0.000,0.00,0.000,0.000,0.00,0.000,0.000,0.00,0.000,0.000,0.00,0.000,0.000,0.00,0.000,0.000,0.00,0.000,0.000,0.00,0.000,0.000,0.00,0.000,0.000,0.00,0.000,0.000,0.00,0.000,0.000,0.00,0.000,0.000,0.00,0.000,0.000,0.00,0.000,0.000,0.00,0.000,0.000,0.00,0.000,0.000,0.00,0.000,0.000,0.00,0.000,0.000,0.00,0.000,0.000,0.00,0.000,0.000,0.00,0.000,0.000,0.00,0.117,11.564,1.90,0.000,0.000,0.00,0.000,0.000,0.00,0.000,0.000,0.00,0.000,0.000,0.00,0.000,0.000,0.00,0.000,0.000,0.00,0.000,0.000,0.00
27.3497,0.000,0.000,0.00,94.08,0.00,0.000,0.000,0.00,0.000,0.000,0.00,0.000,0.000,0.00,0.000,0.000,0.00,0.000,0.000,0.00,0.000,0.000,0.00,0.000,0.000,0.00,0.000,0.000,0.00,0.000,0.000,0.00,0.000,0.000,0.00,0.000,0.000,0.00,0.000,0.000,0.00,0.000,0.000,0.00,0.000,0.000,0.00,0.000,0.000,0.00,0.000,0.000,0.00,0.000,0.000,0.00,0.000,0.000,0.00,0.000,0.000,0.00,0.000,0.000,0.00,0.000,0.000,0.00,0.000,0.000,0.00,0.000,0.000,0.00,0.000,0.000,0.00,0.000,0.000,0.00,0.000,0.000,0.00,0.000,0.000,0.00,0.000,0.000,0.00,0.000,0.000,0.00,0.000,0.000,0.00
27.4775,0.000,0.000,0.00,99.25,0.00,0.000,0.000,0.00,0.000,0.000,0.00,0.000,0.000,0.00,0.000,0.000,0.00,0.000,0.000,0.00,0.000,0.000,0.00,0.000,0.000,0.00,0.000,0.000,0.00,0.000,0.000,0.00,0.000,0.000,0.00,0.000,0.000,0.00,0.000,0.000,0.00,0.000,0.000,0.00,0.000,0.000,0.00,0.000,0.000,0.00,0.000,0.000,0.00,0.000,0.000,0.00,0.000,0.000,0.00,0.000,0.000,0.00,0.000,0.000,0.00,0.000,0.000,0.00,0.000,0.000,0.00,0.000,0.000,0.00,0.000,0.000,0.00,0.000,0.000,0.00,0.000,0.000,0.00,0.000,0.000,0.00,0.000,0.000,0.00,0.000,0.000,0.00,0.000,0.000,0.00
27.6065,0.000,0.000,0.00,99.20,0.00,0.000,0.000,0.00,0.000,0.000,0.00,0.000,0.000,0.00,0.000,0.000,0.00,0.000,0.000,0.00,0.000,0.000,0.00,0.000,0.000,0.00,0.000,0.000,0.00,0.000,0.000,0.00,0.000,0.000,0.00,0.000,0.000,0.00,0.000,0.000,0.00,0.000,0.000,0.00,0.000,0.000,0.00,0.000,0.000,0.00,0.000,0.000,0.00,0.000,0.000,0.00,0.000,0.000,0.00,0.000,0.000,0.00,0.000,0.000,0.00,0.000,0.000,0.00,0.000,0.000,0.00,0.000,0.000,0.00,0.000,0.000,0.00,0.000,0.000,0.00,0.000,0.000,0.00,0.000,0.000,0.00,0.000,0.000,0.00,0.000,0.000,0.00,0.000,0.000,0.00
27.7295,0.000,0.000,0.00,99.24,0.00,0.000,0.000,0.00,0.000,0.000,0.00,0.000,0.000,0.00,0.000,0.000,0.00,0.000,0.000,0.00,0.000,0.000,0.00,0.000,0.000,0.00,0.000,0.000,0.00,0.000,0.000,0.00,0.000,0.000,0.00,0.000,0.000,0.00,0.000,0.000,0.00,0.000,0.000,0.00,0.000,0.000,0.00,0.000,0.000,0.00,0.000,0.000,0.00,0.000,0.000,0.00,0.000,0.000,0.00,0.000,0.000,0.00,0.000,0.000,0.00,0.000,0.000,0.00,0.000,0.000,0.00,0.000,0.000,0.00,0.000,0.000,0.00,0.000,0.000,0.00,0.000,0.000,0.00,0.000,0.000,0.00,0.000,0.000,0.00,0.000,0.000,0.00,0.000,0.000,0.00
27.8513,0.000,0.000,0.00,69.54,0.00,0.000,0.000,0.00,0.000,0.000,0.00,0.000,0.000,0.00,0.000,0.000,0.00,0.000,0.000,0.00,0.000,0.000,0.00,0.000,0.000,0.00,0.000,0.000,0.00,0.000,0.000,0.00,0.000,0.000,0.00,0.000,0.000,0.00,0.000,0.000,0.00,0.000,0.000,0.00,0.000,0.000,0.00,0.000,0.000,0.00,0.000,0.000,0.00,0.000,0.000,0.00,0.000,0.000,0.00,0.000,0.000,0.00,0.000,0.000,0.00,0.000,0.000,0.00,0.000,0.000,0.00,0.000,0.000,0.00,0.000,0.000,0.00,0.000,0.000,0.00,0.000,0.000,0.00,0.000,0.000,0.00,0.000,0.000,0.00,0.000,0.000,0.00,0.000,0.000,0.00
27.9530,0.000,0.000,0.00,1.00,0.00,0.000,0.000,0.00,0.000,0.000,0.00,0.000,0.000,0.00,0.000,0.000,0.00,0.000,0.000,0.00,0.000,0.000,0.00,0.000,0.000,0.00,0.000,0.000,0.00,0.000,0.000,0.00,0.000,0.000,0.00,0.000,0.000,0.00,0.000,0.000,0.00,0.000,0.000,0.00,0.000,0.000,0.00,0.000,0.000,0.00,0.000,0.000,0.00,0.000,0.000,0.00,0.000,0.000,0.00,0.000,0.000,0.00,0.000,0.000,0.00,0.000,0.000,0.00,0.000,0.000,0.00,0.000,0.000,0.00,0.000,0.000,0.00,0.000,0.000,0.00,0.000,0.000,0.00,0.000,0.000,0.00,0.000,0.000,0.00,0.000,0.000,0.00,0.000,0.000,0.00
28.0542,0.000,0.000,0.00,1.00,0.00,0.000,0.000,0.00,0.000,0.000,0.00,0.000,0.000,0.00,0.000,0.000,0.00,0.000,0.000,0.00,0.000,0.000,0.00,0.000,0.000,0.00,0.000,0.000,0.00,0.000,0.000,0.00,0.000,0.000,0.00,0.000,0.000,0.00,0.000,0.000,0.00,0.000,0.000,0.00,0.000,0.000,0.00,0.000,0.000,0.00,0.000,0.000,0.00,0.000,0.000,0.00,0.000,0.000,0.00,0.000,0.000,0.00,0.000,0.000,0.00,0.000,0.000,0.00,0.000,0.000,0.00,0.000,0.000,0.00,0.000,0.000,0.00,0.000,0.000,0.00,0.000,0.000,0.00,0.000,0.000,0.00,0.000,0.000,0.00,0.000,0.000,0.00,0.000,0.000,0.00
28.1558,0.000,0.000,0.00,0.85,0.00,0.000,0.000,0.00,0.000,0.000,0.00,0.000,0.000,0.00,0.000,0.000,0.00,0.000,0.000,0.00,0.000,0.000,0.00,0.000,0.000,0.00,0.000,0.000,0.00,0.000,0.000,0.00,0.000,0.000,0.00,0.000,0.000,0.00,0.000,0.000,0.00,0.000,0.000,0.00,0.000,0.000,0.00,0.000,0.000,0.00,0.000,0.000,0.00,0.000,0.000,0.00,0.000,0.000,0.00,0.000,0.000,0.00,0.000,0.000,0.00,0.000,0.000,0.00,0.000,0.000,0.00,0.000,0.000,0.00,0.000,0.000,0.00,0.000,0.000,0.00,0.000,0.000,0.00,0.000,0.000,0.00,0.000,0.000,0.00,0.000,0.000,0.00,0.000,0.000,0.00
28.2570,0.000,3.845,1.48,0.93,0.00,0.000,0.000,0.00,0.000,0.000,0.00,0.000,0.000,0.00,0.000,0.000,0.00,0.000,0.385,4.94,0.000,0.385,4.94,0.000,0.000,0.00,0.000,0.000,0.00,0.000,0.000,0.00,0.000,0.385,4.94,0.000,0.000,0.00,0.000,0.385,4.94,0.000,0.000,0.00,0.000,0.385,4.94,0.000,0.000,0.00,0.000,0.385,4.94,0.000,0.000,0.00,0.000,0.000,0.00,0.000,0.000,0.00,0.000,0.385,1.98,0.000,0.385,4.94,0.000,0.000,0.00,0.000,0.000,0.00,0.000,0.000,0.00,0.000,0.000,0.00,0.000,0.000,0.00,0.000,0.000,0.00,0.000,0.000,0.00,0.000,0.385,2.96,0.000,0.385,4.94
28.3580,0.000,0.000,0.00,0.77,0.00,0.000,0.000,0.00,0.000,0.000,0.00,0.000,0.000,0.00,0.000,0.000,0.00,0.000,0.000,0.00,0.000,0.000,0.00,0.000,0.000,0.00,0.000,0.000,0.00,0.000,0.000,0.00,0.000,0.000,0.00,0.000,0.000,0.00,0.000,0.000,0.00,0.000,0.000,0.00,0.000,0.000,0.00,0.000,0.000,0.00,0.000,0.000,0.00,0.000,0.000,0.00,0.000,0.000,0.00,0.000,0.000,0.00,0.000,0.000,0.00,0.000,0.000,0.00,0.000,0.000,0.00,0.000,0.000,0.00,0.000,0.000,0.00,0.000,0.000,0.00,0.000,0.000,0.00,0.000,0.000,0.00,0.000,0.000,0.00,0.000,0.000,0.00,0.000,0.000,0.00
28.4590,0.000,0.000,0.00,0.77,0.00,0.000,0.000,0.00,0.000,0.000,0.00,0.000,0.000,0.00,0.000,0.000,0.00,0.000,0.000,0.00,0.000,0.000,0.00,0.000,0.000,0.00,0.000,0.000,0.00,0.000,0.000,0.00,0.000,0.000,0.00,0.000,0.000,0.00,0.000,0.000,0.00,0.000,0.000,0.00,0.000,0.000,0.00,0.000,0.000,0.00,0.000,0.000,0.00,0.000,0.000,0.00,0.000,0.000,0.00,0.000,0.000,0.00,0.000,0.000,0.00,0.000,0.000,0.00,0.000,0.000,0.00,0.000,0.000,0.00,0.000,0.000,0.00,0.000,0.000,0.00,0.000,0.000,0.00,0.000,0.000,0.00,0.000,0.000,0.00,0.000,0.000,0.00,0.000,0.000,0.00
28.5602,0.000,0.000,0.00,0.85,0.00,0.000,0.000,0.00,0.000,0.000,0.00,0.000,0.000,0.00,0.000,0.000,0.00,0.000,0.000,0.00,0.000,0.000,0.00,0.000,0.000,0.00,0.000,0.000,0.00,0.000,0.000,0.00,0.000,0.000,0.00,0.000,0.000,0.00,0.000,0.000,0.00,0.000,0.000,0.00,0.000,0.000,0.00,0.000,0.000,0.00,0.000,0.000,0.00,0.000,0.000,0.00,0.000,0.000,0.00,0.000,0.000,0.00,0.000,0.000,0.00,0.000,0.000,0.00,0.000,0.000,0.00,0.000,0.000,0.00,0.000,0.000,0.00,0.000,0.000,0.00,0.000,0.000,0.00,0.000,0.000,0.00,0.000,0.000,0.00,0.000,0.000,0.00,0.000,0.000,0.00
28.6613,0.000,0.000,0.00,0.70,0.00,0.000,0.000,0.00,0.000,0.000,0.00,0.000,0.000,0.00,0.000,0.000,0.00,0.000,0.000,0.00,0.000,0.000,0.00,0.000,0.000,0.00,0.000,0.000,0.00,0.000,0.000,0.00,0.000,0.000,0.00,0.000,0.000,0.00,0.000,0.000,0.00,0.000,0.000,0.00,0.000,0.000,0.00,0.000,0.000,0.00,0.000,0.000,0.00,0.000,0.000,0.00,0.000,0.000,0.00,0.000,0.000,0.00,0.000,0.000,0.00,0.000,0.000,0.00,0.000,0.000,0.00,0.000,0.000,0.00,0.000,0.000,0.00,0.000,0.000,0.00,0.000,0.000,0.00,0.000,0.000,0.00,0.000,0.000,0.00,0.000,0.000,0.00,0.000,0.000,0.00
28.7624,0.000,0.385,0.16,0.77,0.00,0.000,0.000,0.00,0.000,0.385,4.94,0.000,0.000,0.00,0.000,0.000,0.00,0.000,0.000,0.00,0.000,0.000,0.00,0.000,0.000,0.00,0.000,0.000,0.00,0.000,0.000,0.00,0.000,0.000,0.00,0.000,0.000,0.00,0.000,0.000,0.00,0.000,0.000,0.00,0.000,0.000,0.00,0.000,0.000,0.00,0.000,0.000,0.00,0.000,0.000,0.00,0.000,0.000,0.00,0.000,0.000,0.00,0.000,0.000,0.00,0.000,0.000,0.00,0.000,0.000,0.00,0.000,0.000,0.00,0.000,0.000,0.00,0.000,0.000,0.00,0.000,0.000,0.00,0.000,0.000,0.00,0.000,0.000,0.00,0.000,0.000,0.00,0.000,0.000,0.00
28.8639,0.000,0.000,0.00,0.84,0.00,0.000,0.000,0.00,0.000,0.000,0.00,0.000,0.000,0.00,0.000,0.000,0.00,0.000,0.000,0.00,0.000,0.000,0.00,0.000,0.000,0.00,0.000,0.000,0.00,0.000,0.000,0.00,0.000,0.000,0.00,0.000,0.000,0.00,0.000,0.000,0.00,0.000,0.000,0.00,0.000,0.000,0.00,0.000,0.000,0.00,0.000,0.000,0.00,0.000,0.000,0.00,0.000,0.000,0.00,0.000,0.000,0.00,0.000,0.000,0.00,0.000,0.000,0.00,0.000,0.000,0.00,0.000,0.000,0.00,0.000,0.000,0.00,0.000,0.000,0.00,0.000,0.000,0.00,0.000,0.000,0.00,0.000,0.000,0.00,0.000,0.000,0.00,0.000,0.000,0.00
28.9660,0.000,0.000,0.00,0.84,0.00,0.000,0.000,0.00,0.000,0.000,0.00,0.000,0.000,0.00,0.000,0.000,0.00,0.000,0.000,0.00,0.000,0.000,0.00,0.000,0.000,0.00,0.000,0.000,0.00,0.000,0.000,0.00,0.000,0.000,0.00,0.000,0.000,0.00,0.000,0.000,0.00,0.000,0.000,0.00,0.000,0.000,0.00,0.000,0.000,0.00,0.000,0.000,0.00,0.000,0.000,0.00,0.000,0.000,0.00,0.000,0.000,0.00,0.000,0.000,0.00,0.000,0.000,0.00,0.000,0.000,0.00,0.000,0.000,0.00,0.000,0.000,0.00,0.000,0.000,0.00,0.000,0.000,0.00,0.000,0.000,0.00,0.000,0.000,0.00,0.000,0.000,0.00,0.000,0.000,0.00
29.0677,0.000,0.000,0.00,0.77,0.00,0.000,0.000,0.00,0.000,0.000,0.00,0.000,0.000,0.00,0.000,0.000,0.00,0.000,0.000,0.00,0.000,0.000,0.00,0.000,0.000,0.00,0.000,0.000,0.00,0.000,0.000,0.00,0.000,0.000,0.00,0.000,0.000,0.00,0.000,0.000,0.00,0.000,0.000,0.00,0.000,0.000,0.00,0.000,0.000,0.00,0.000,0.000,0.00,0.000,0.000,0.00,0.000,0.000,0.00,0.000,0.000,0.00,0.000,0.000,0.00,0.000,0.000,0.00,0.000,0.000,0.00,0.000,0.000,0.00,0.000,0.000,0.00,0.000,0.000,0.00,0.000,0.000,0.00,0.000,0.000,0.00,0.000,0.000,0.00,0.000,0.000,0.00,0.000,0.000,0.00
29.1695,0.000,0.000,0.00,0.77,0.00,0.000,0.000,0.00,0.000,0.000,0.00,0.000,0.000,0.00,0.000,0.000,0.00,0.000,0.000,0.00,0.000,0.000,0.00,0.000,0.000,0.00,0.000,0.000,0.00,0.000,0.000,0.00,0.000,0.000,0.00,0.000,0.000,0.00,0.000,0.000,0.00,0.000,0.000,0.00,0.000,0.000,0.00,0.000,0.000,0.00,0.000,0.000,0.00,0.000,0.000,0.00,0.000,0.000,0.00,0.000,0.000,0.00,0.000,0.000,0.00,0.000,0.000,0.00,0.000,0.000,0.00,0.000,0.000,0.00,0.000,0.000,0.00,0.000,0.000,0.00,0.000,0.000,0.00,0.000,0.000,0.00,0.000,0.000,0.00,0.000,0.000,0.00,0.000,0.000,0.00
29.2713,0.000,0.000,0.00,1.07,0.00,0.000,0.000,0.00,0.000,0.000,0.00,0.000,0.000,0.00,0.000,0.000,0.00,0.000,0.000,0.00,0.000,0.000,0.00,0.000,0.000,0.00,0.000,0.000,0.00,0.000,0.000,0.00,0.000,0.000,0.00,0.000,0.000,0.00,0.000,0.000,0.00,0.000,0.000,0.00,0.000,0.000,0.00,0.000,0.000,0.00,0.000,0.000,0.00,0.000,0.000,0.00,0.000,0.000,0.00,0.000,0.000,0.00,0.000,0.000,0.00,0.000,0.000,0.00,0.000,0.000,0.00,0.000,0.000,0.00,0.000,0.000,0.00,0.000,0.000,0.00,0.000,0.000,0.00,0.000,0.000,0.00,0.000,0.000,0.00,0.000,0.000,0.00,0.000,0.000,0.00
29.3731,0.000,0.000,0.00,0.77,0.00,0.000,0.000,0.00,0.000,0.000,0.00,0.000,0.000,0.00,0.000,0.000,0.00,0.000,0.000,0.00,0.000,0.000,0.00,0.000,0.000,0.00,0.000,0.000,0.00,0.000,0.000,0.00,0.000,0.000,0.00,0.000,0.000,0.00,0.000,0.000,0.00,0.000,0.000,0.00,0.000,0.000,0.00,0.000,0.000,0.00,0.000,0.000,0.00,0.000,0.000,0.00,0.000,0.000,0.00,0.000,0.000,0.00,0.000,0.000,0.00,0.000,0.000,0.00,0.000,0.000,0.00,0.000,0.000,0.00,0.000,0.000,0.00,0.000,0.000,0.00,0.000,0.000,0.00,0.000,0.000,0.00,0.000,0.000,0.00,0.000,0.000,0.00,0.000,0.000,0.00
29.4749,0.000,0.000,0.00,0.84,0.00,0.000,0.000,0.00,0.000,0.000,0.00,0.000,0.000,0.00,0.000,0.000,0.00,0.000,0.000,0.00,0.000,0.000,0.00,0.000,0.000,0.00,0.000,0.000,0.00,0.000,0.000,0.00,0.000,0.000,0.00,0.000,0.000,0.00,0.000,0.000,0.00,0.000,0.000,0.00,0.000,0.000,0.00,0.000,0.000,0.00,0.000,0.000,0.00,0.000,0.000,0.00,0.000,0.000,0.00,0.000,0.000,0.00,0.000,0.000,0.00,0.000,0.000,0.00,0.000,0.000,0.00,0.000,0.000,0.00,0.000,0.000,0.00,0.000,0.000,0.00,0.000,0.000,0.00,0.000,0.000,0.00,0.000,0.000,0.00,0.000,0.000,0.00,0.000,0.000,0.00
29.5768,0.000,0.000,0.00,0.84,0.00,0.000,0.000,0.00,0.000,0.000,0.00,0.000,0.000,0.00,0.000,0.000,0.00,0.000,0.000,0.00,0.000,0.000,0.00,0.000,0.000,0.00,0.000,0.000,0.00,0.000,0.000,0.00,0.000,0.000,0.00,0.000,0.000,0.00,0.000,0.000,0.00,0.000,0.000,0.00,0.000,0.000,0.00,0.000,0.000,0.00,0.000,0.000,0.00,0.000,0.000,0.00,0.000,0.000,0.00,0.000,0.000,0.00,0.000,0.000,0.00,0.000,0.000,0.00,0.000,0.000,0.00,0.000,0.000,0.00,0.000,0.000,0.00,0.000,0.000,0.00,0.000,0.000,0.00,0.000,0.000,0.00,0.000,0.000,0.00,0.000,0.000,0.00,0.000,0.000,0.00
29.6787,0.000,0.000,0.00,0.84,0.00,0.000,0.000,0.00,0.000,0.000,0.00,0.000,0.000,0.00,0.000,0.000,0.00,0.000,0.000,0.00,0.000,0.000,0.00,0.000,0.000,0.00,0.000,0.000,0.00,0.000,0.000,0.00,0.000,0.000,0.00,0.000,0.000,0.00,0.000,0.000,0.00,0.000,0.000,0.00,0.000,0.000,0.00,0.000,0.000,0.00,0.000,0.000,0.00,0.000,0.000,0.00,0.000,0.000,0.00,0.000,0.000,0.00,0.000,0.000,0.00,0.000,0.000,0.00,0.000,0.000,0.00,0.000,0.000,0.00,0.000,0.000,0.00,0.000,0.000,0.00,0.000,0.000,0.00,0.000,0.000,0.00,0.000,0.000,0.00,0.000,0.000,0.00,0.000,0.000,0.00
29.7805,0.000,0.382,0.16,0.84,0.00,0.000,0.000,0.00,0.000,0.000,0.00,0.000,0.000,0.00,0.000,0.000,0.00,0.000,0.000,0.00,0.000,0.000,0.00,0.000,0.000,0.00,0.000,0.382,4.91,0.000,0.000,0.00,0.000,0.000,0.00,0.000,0.000,0.00,0.000,0.000,0.00,0.000,0.000,0.00,0.000,0.000,0.00,0.000,0.000,0.00,0.000,0.000,0.00,0.000,0.000,0.00,0.000,0.000,0.00,0.000,0.000,0.00,0.000,0.000,0.00,0.000,0.000,0.00,0.000,0.000,0.00,0.000,0.000,0.00,0.000,0.000,0.00,0.000,0.000,0.00,0.000,0.000,0.00,0.000,0.000,0.00,0.000,0.000,0.00,0.000,0.000,0.00,0.000,0.000,0.00
29.8822,0.000,0.000,0.00,0.84,0.00,0.000,0.000,0.00,0.000,0.000,0.00,0.000,0.000,0.00,0.000,0.000,0.00,0.000,0.000,0.00,0.000,0.000,0.00,0.000,0.000,0.00,0.000,0.000,0.00,0.000,0.000,0.00,0.000,0.000,0.00,0.000,0.000,0.00,0.000,0.000,0.00,0.000,0.000,0.00,0.000,0.000,0.00,0.000,0.000,0.00,0.000,0.000,0.00,0.000,0.000,0.00,0.000,0.000,0.00,0.000,0.000,0.00,0.000,0.000,0.00,0.000,0.000,0.00,0.000,0.000,0.00,0.000,0.000,0.00,0.000,0.000,0.00,0.000,0.000,0.00,0.000,0.000,0.00,0.000,0.000,0.00,0.000,0.000,0.00,0.000,0.000,0.00,0.000,0.000,0.00
29.9841,0.000,0.000,0.00,0.77,0.00,0.000,0.000,0.00,0.000,0.000,0.00,0.000,0.000,0.00,0.000,0.000,0.00,0.000,0.000,0.00,0.000,0.000,0.00,0.000,0.000,0.00,0.000,0.000,0.00,0.000,0.000,0.00,0.000,0.000,0.00,0.000,0.000,0.00,0.000,0.000,0.00,0.000,0.000,0.00,0.000,0.000,0.00,0.000,0.000,0.00,0.000,0.000,0.00,0.000,0.000,0.00,0.000,0.000,0.00,0.000,0.000,0.00,0.000,0.000,0.00,0.000,0.000,0.00,0.000,0.000,0.00,0.000,0.000,0.00,0.000,0.000,0.00,0.000,0.000,0.00,0.000,0.000,0.00,0.000,0.000,0.00,0.000,0.000,0.00,0.000,0.000,0.00,0.000,0.000,0.00
30.0858,0.000,0.000,0.00,0.77,0.00,0.000,0.000,0.00,0.000,0.000,0.00,0.000,0.000,0.00,0.000,0.000,0.00,0.000,0.000,0.00,0.000,0.000,0.00,0.000,0.000,0.00,0.000,0.000,0.00,0.000,0.000,0.00,0.000,0.000,0.00,0.000,0.000,0.00,0.000,0.000,0.00,0.000,0.000,0.00,0.000,0.000,0.00,0.000,0.000,0.00,0.000,0.000,0.00,0.000,0.000,0.00,0.000,0.000,0.00,0.000,0.000,0.00,0.000,0.000,0.00,0.000,0.000,0.00,0.000,0.000,0.00,0.000,0.000,0.00,0.000,0.000,0.00,0.000,0.000,0.00,0.000,0.000,0.00,0.000,0.000,0.00,0.000,0.000,0.00,0.000,0.000,0.00,0.000,0.000,0.00
30.1876,0.000,0.000,0.00,0.77,0.00,0.000,0.000,0.00,0.000,0.000,0.00,0.000,0.000,0.00,0.000,0.000,0.00,0.000,0.000,0.00,0.000,0.000,0.00,0.000,0.000,0.00,0.000,0.000,0.00,0.000,0.000,0.00,0.000,0.000,0.00,0.000,0.000,0.00,0.000,0.000,0.00,0.000,0.000,0.00,0.000,0.000,0.00,0.000,0.000,0.00,0.000,0.000,0.00,0.000,0.000,0.00,0.000,0.000,0.00,0.000,0.000,0.00,0.000,0.000,0.00,0.000,0.000,0.00,0.000,0.000,0.00,0.000,0.000,0.00,0.000,0.000,0.00,0.000,0.000,0.00,0.000,0.000,0.00,0.000,0.000,0.00,0.000,0.000,0.00,0.000,0.000,0.00,0.000,0.000,0.00
30.2894,0.000,0.000,0.00,0.92,0.00,0.000,0.000,0.00,0.000,0.000,0.00,0.000,0.000,0.00,0.000,0.000,0.00,0.000,0.000,0.00,0.000,0.000,0.00,0.000,0.000,0.00,0.000,0.000,0.00,0.000,0.000,0.00,0.000,0.000,0.00,0.000,0.000,0.00,0.000,0.000,0.00,0.000,0.000,0.00,0.000,0.000,0.00,0.000,0.000,0.00,0.000,0.000,0.00,0.000,0.000,0.00,0.000,0.000,0.00,0.000,0.000,0.00,0.000,0.000,0.00,0.000,0.000,0.00,0.000,0.000,0.00,0.000,0.000,0.00,0.000,0.000,0.00,0.000,0.000,0.00,0.000,0.000,0.00,0.000,0.000,0.00,0.000,0.000,0.00,0.000,0.000,0.00,0.000,0.000,0.00
30.3913,0.000,0.000,0.00,0.77,0.00,0.000,0.000,0.00,0.000,0.000,0.00,0.000,0.000,0.00,0.000,0.000,0.00,0.000,0.000,0.00,0.000,0.000,0.00,0.000,0.000,0.00,0.000,0.000,0.00,0.000,0.000,0.00,0.000,0.000,0.00,0.000,0.000,0.00,0.000,0.000,0.00,0.000,0.000,0.00,0.000,0.000,0.00,0.000,0.000,0.00,0.000,0.000,0.00,0.000,0.000,0.00,0.000,0.000,0.00,0.000,0.000,0.00,0.000,0.000,0.00,0.000,0.000,0.00,0.000,0.000,0.00,0.000,0.000,0.00,0.000,0.000,0.00,0.000,0.000,0.00,0.000,0.000,0.00,0.000,0.000,0.00,0.000,0.000,0.00,0.000,0.000,0.00,0.000,0.000,0.00
30.4931,0.000,0.000,0.00,0.77,0.00,0.000,0.000,0.00,0.000,0.000,0.00,0.000,0.000,0.00,0.000,0.000,0.00,0.000,0.000,0.00,0.000,0.000,0.00,0.000,0.000,0.00,0.000,0.000,0.00,0.000,0.000,0.00,0.000,0.000,0.00,0.000,0.000,0.00,0.000,0.000,0.00,0.000,0.000,0.00,0.000,0.000,0.00,0.000,0.000,0.00,0.000,0.000,0.00,0.000,0.000,0.00,0.000,0.000,0.00,0.000,0.000,0.00,0.000,0.000,0.00,0.000,0.000,0.00,0.000,0.000,0.00,0.000,0.000,0.00,0.000,0.000,0.00,0.000,0.000,0.00,0.000,0.000,0.00,0.000,0.000,0.00,0.000,0.000,0.00,0.000,0.000,0.00,0.000,0.000,0.00
30.5950,0.000,0.000,0.00,0.76,0.00,0.000,0.000,0.00,0.000,0.000,0.00,0.000,0.000,0.00,0.000,0.000,0.00,0.000,0.000,0.00,0.000,0.000,0.00,0.000,0.000,0.00,0.000,0.000,0.00,0.000,0.000,0.00,0.000,0.000,0.00,0.000,0.000,0.00,0.000,0.000,0.00,0.000,0.000,0.00,0.000,0.000,0.00,0.000,0.000,0.00,0.000,0.000,0.00,0.000,0.000,0.00,0.000,0.000,0.00,0.000,0.000,0.00,0.000,0.000,0.00,0.000,0.000,0.00,0.000,0.000,0.00,0.000,0.000,0.00,0.000,0.000,0.00,0.000,0.000,0.00,0.000,0.000,0.00,0.000,0.000,0.00,0.000,0.000,0.00,0.000,0.000,0.00,0.000,0.000,0.00
30.6973,0.000,0.000,0.00,0.84,0.00,0.000,0.000,0.00,0.000,0.000,0.00,0.000,0.000,0.00,0.000,0.000,0.00,0.000,0.000,0.00,0.000,0.000,0.00,0.000,0.000,0.00,0.000,0.000,0.00,0.000,0.000,0.00,0.000,0.000,0.00,0.000,0.000,0.00,0.000,0.000,0.00,0.000,0.000,0.00,0.000,0.000,0.00,0.000,0.000,0.00,0.000,0.000,0.00,0.000,0.000,0.00,0.000,0.000,0.00,0.000,0.000,0.00,0.000,0.000,0.00,0.000,0.000,0.00,0.000,0.000,0.00,0.000,0.000,0.00,0.000,0.000,0.00,0.000,0.000,0.00,0.000,0.000,0.00,0.000,0.000,0.00,0.000,0.000,0.00,0.000,0.000,0.00,0.000,0.000,0.00
30.7992,0.000,0.000,0.00,1.07,0.00,0.000,0.000,0.00,0.000,0.000,0.00,0.000,0.000,0.00,0.000,0.000,0.00,0.000,0.000,0.00,0.000,0.000,0.00,0.000,0.000,0.00,0.000,0.000,0.00,0.000,0.000,0.00,0.000,0.000,0.00,0.000,0.000,0.00,0.000,0.000,0.00,0.000,0.000,0.00,0.000,0.000,0.00,0.000,0.000,0.00,0.000,0.000,0.00,0.000,0.000,0.00,0.000,0.000,0.00,0.000,0.000,0.00,0.000,0.000,0.00,0.000,0.000,0.00,0.000,0.000,0.00,0.000,0.000,0.00,0.000,0.000,0.00,0.000,0.000,0.00,0.000,0.000,0.00,0.000,0.000,0.00,0.000,0.000,0.00,0.000,0.000,0.00,0.000,0.000,0.00
30.9016,0.000,0.000,0.00,87.21,0.00,0.000,0.000,0.00,0.000,0.000,0.00,0.000,0.000,0.00,0.000,0.000,0.00,0.000,0.000,0.00,0.000,0.000,0.00,0.000,0.000,0.00,0.000,0.000,0.00,0.000,0.000,0.00,0.000,0.000,0.00,0.000,0.000,0.00,0.000,0.000,0.00,0.000,0.000,0.00,0.000,0.000,0.00,0.000,0.000,0.00,0.000,0.000,0.00,0.000,0.000,0.00,0.000,0.000,0.00,0.000,0.000,0.00,0.000,0.000,0.00,0.000,0.000,0.00,0.000,0.000,0.00,0.000,0.000,0.00,0.000,0.000,0.00,0.000,0.000,0.00,0.000,0.000,0.00,0.000,0.000,0.00,0.000,0.000,0.00,0.000,0.000,0.00,0.000,0.000,0.00
31.0291,0.000,0.000,0.00,9.03,0.00,0.000,0.000,0.00,0.000,0.000,0.00,0.000,0.000,0.00,0.000,0.000,0.00,0.000,0.000,0.00,0.000,0.000,0.00,0.000,0.000,0.00,0.000,0.000,0.00,0.000,0.000,0.00,0.000,0.000,0.00,0.000,0.000,0.00,0.000,0.000,0.00,0.000,0.000,0.00,0.000,0.000,0.00,0.000,0.000,0.00,0.000,0.000,0.00,0.000,0.000,0.00,0.000,0.000,0.00,0.000,0.000,0.00,0.000,0.000,0.00,0.000,0.000,0.00,0.000,0.000,0.00,0.000,0.000,0.00,0.000,0.000,0.00,0.000,0.000,0.00,0.000,0.000,0.00,0.000,0.000,0.00,0.000,0.000,0.00,0.000,0.000,0.00,0.000,0.000,0.00
31.1309,0.000,0.000,0.00,0.92,0.00,0.000,0.000,0.00,0.000,0.000,0.00,0.000,0.000,0.00,0.000,0.000,0.00,0.000,0.000,0.00,0.000,0.000,0.00,0.000,0.000,0.00,0.000,0.000,0.00,0.000,0.000,0.00,0.000,0.000,0.00,0.000,0.000,0.00,0.000,0.000,0.00,0.000,0.000,0.00,0.000,0.000,0.00,0.000,0.000,0.00,0.000,0.000,0.00,0.000,0.000,0.00,0.000,0.000,0.00,0.000,0.000,0.00,0.000,0.000,0.00,0.000,0.000,0.00,0.000,0.000,0.00,0.000,0.000,0.00,0.000,0.000,0.00,0.000,0.000,0.00,0.000,0.000,0.00,0.000,0.000,0.00,0.000,0.000,0.00,0.000,0.000,0.00,0.000,0.000,0.00
31.2330,0.000,0.000,0.00,0.77,0.00,0.000,0.000,0.00,0.000,0.000,0.00,0.000,0.000,0.00,0.000,0.000,0.00,0.000,0.000,0.00,0.000,0.000,0.00,0.000,0.000,0.00,0.000,0.000,0.00,0.000,0.000,0.00,0.000,0.000,0.00,0.000,0.000,0.00,0.000,0.000,0.00,0.000,0.000,0.00,0.000,0.000,0.00,0.000,0.000,0.00,0.000,0.000,0.00,0.000,0.000,0.00,0.000,0.000,0.00,0.000,0.000,0.00,0.000,0.000,0.00,0.000,0.000,0.00,0.000,0.000,0.00,0.000,0.000,0.00,0.000,0.000,0.00,0.000,0.000,0.00,0.000,0.000,0.00,0.000,0.000,0.00,0.000,0.000,0.00,0.000,0.000,0.00,0.000,0.000,0.00
31.3350,0.000,2.971,0.13,0.84,0.00,0.000,0.000,0.00,0.000,0.000,0.00,0.000,0.371,0.00,0.000,0.371,0.98,0.000,0.000,0.00,0.000,0.000,0.00,0.000,0.371,0.98,0.000,0.000,0.00,0.000,0.371,0.00,0.000,0.000,0.00,0.000,0.000,0.00,0.000,0.000,0.00,0.000,0.371,0.00,0.000,0.000,0.00,0.000,0.371,0.00,0.000,0.000,0.00,0.000,0.000,0.00,0.000,0.371,0.98,0.000,0.371,0.98,0.000,0.000,0.00,0.000,0.000,0.00,0.000,0.000,0.00,0.000,0.000,0.00,0.000,0.000,0.00,0.000,0.000,0.00,0.000,0.000,0.00,0.000,0.000,0.00,0.000,0.000,0.00,0.000,0.000,0.00,0.000,0.000,0.00
31.4369,0.000,0.000,0.00,0.84,0.00,0.000,0.000,0.00,0.000,0.000,0.00,0.000,0.000,0.00,0.000,0.000,0.00,0.000,0.000,0.00,0.000,0.000,0.00,0.000,0.000,0.00,0.000,0.000,0.00,0.000,0.000,0.00,0.000,0.000,0.00,0.000,0.000,0.00,0.000,0.000,0.00,0.000,0.000,0.00,0.000,0.000,0.00,0.000,0.000,0.00,0.000,0.000,0.00,0.000,0.000,0.00,0.000,0.000,0.00,0.000,0.000,0.00,0.000,0.000,0.00,0.000,0.000,0.00,0.000,0.000,0.00,0.000,0.000,0.00,0.000,0.000,0.00,0.000,0.000,0.00,0.000,0.000,0.00,0.000,0.000,0.00,0.000,0.000,0.00,0.000,0.000,0.00,0.000,0.000,0.00
31.5389,0.000,0.000,0.00,0.77,0.00,0.000,0.000,0.00,0.000,0.000,0.00,0.000,0.000,0.00,0.000,0.000,0.00,0.000,0.000,0.00,0.000,0.000,0.00,0.000,0.000,0.00,0.000,0.000,0.00,0.000,0.000,0.00,0.000,0.000,0.00,0.000,0.000,0.00,0.000,0.000,0.00,0.000,0.000,0.00,0.000,0.000,0.00,0.000,0.000,0.00,0.000,0.000,0.00,0.000,0.000,0.00,0.000,0.000,0.00,0.000,0.000,0.00,0.000,0.000,0.00,0.000,0.000,0.00,0.000,0.000,0.00,0.000,0.000,0.00,0.000,0.000,0.00,0.000,0.000,0.00,0.000,0.000,0.00,0.000,0.000,0.00,0.000,0.000,0.00,0.000,0.000,0.00,0.000,0.000,0.00
31.6408,0.000,0.000,0.00,0.76,0.00,0.000,0.000,0.00,0.000,0.000,0.00,0.000,0.000,0.00,0.000,0.000,0.00,0.000,0.000,0.00,0.000,0.000,0.00,0.000,0.000,0.00,0.000,0.000,0.00,0.000,0.000,0.00,0.000,0.000,0.00,0.000,0.000,0.00,0.000,0.000,0.00,0.000,0.000,0.00,0.000,0.000,0.00,0.000,0.000,0.00,0.000,0.000,0.00,0.000,0.000,0.00,0.000,0.000,0.00,0.000,0.000,0.00,0.000,0.000,0.00,0.000,0.000,0.00,0.000,0.000,0.00,0.000,0.000,0.00,0.000,0.000,0.00,0.000,0.000,0.00,0.000,0.000,0.00,0.000,0.000,0.00,0.000,0.000,0.00,0.000,0.000,0.00,0.000,0.000,0.00
31.7435,0.000,0.000,0.00,0.84,0.00,0.000,0.000,0.00,0.000,0.000,0.00,0.000,0.000,0.00,0.000,0.000,0.00,0.000,0.000,0.00,0.000,0.000,0.00,0.000,0.000,0.00,0.000,0.000,0.00,0.000,0.000,0.00,0.000,0.000,0.00,0.000,0.000,0.00,0.000,0.000,0.00,0.000,0.000,0.00,0.000,0.000,0.00,0.000,0.000,0.00,0.000,0.000,0.00,0.000,0.000,0.00,0.000,0.000,0.00,0.000,0.000,0.00,0.000,0.000,0.00,0.000,0.000,0.00,0.000,0.000,0.00,0.000,0.000,0.00,0.000,0.000,0.00,0.000,0.000,0.00,0.000,0.000,0.00,0.000,0.000,0.00,0.000,0.000,0.00,0.000,0.000,0.00,0.000,0.000,0.00
31.8455,0.000,0.000,0.00,0.92,0.00,0.000,0.000,0.00,0.000,0.000,0.00,0.000,0.000,0.00,0.000,0.000,0.00,0.000,0.000,0.00,0.000,0.000,0.00,0.000,0.000,0.00,0.000,0.000,0.00,0.000,0.000,0.00,0.000,0.000,0.00,0.000,0.000,0.00,0.000,0.000,0.00,0.000,0.000,0.00,0.000,0.000,0.00,0.000,0.000,0.00,0.000,0.000,0.00,0.000,0.000,0.00,0.000,0.000,0.00,0.000,0.000,0.00,0.000,0.000,0.00,0.000,0.000,0.00,0.000,0.000,0.00,0.000,0.000,0.00,0.000,0.000,0.00,0.000,0.000,0.00,0.000,0.000,0.00,0.000,0.000,0.00,0.000,0.000,0.00,0.000,0.000,0.00,0.000,0.000,0.00
31.9475,0.000,0.000,0.00,0.84,0.00,0.000,0.000,0.00,0.000,0.000,0.00,0.000,0.000,0.00,0.000,0.000,0.00,0.000,0.000,0.00,0.000,0.000,0.00,0.000,0.000,0.00,0.000,0.000,0.00,0.000,0.000,0.00,0.000,0.000,0.00,0.000,0.000,0.00,0.000,0.000,0.00,0.000,0.000,0.00,0.000,0.000,0.00,0.000,0.000,0.00,0.000,0.000,0.00,0.000,0.000,0.00,0.000,0.000,0.00,0.000,0.000,0.00,0.000,0.000,0.00,0.000,0.000,0.00,0.000,0.000,0.00,0.000,0.000,0.00,0.000,0.000,0.00,0.000,0.000,0.00,0.000,0.000,0.00,0.000,0.000,0.00,0.000,0.000,0.00,0.000,0.000,0.00,0.000,0.000,0.00
32.0496,0.000,0.000,0.00,0.77,0.00,0.000,0.000,0.00,0.000,0.000,0.00,0.000,0.000,0.00,0.000,0.000,0.00,0.000,0.000,0.00,0.000,0.000,0.00,0.000,0.000,0.00,0.000,0.000,0.00,0.000,0.000,0.00,0.000,0.000,0.00,0.000,0.000,0.00,0.000,0.000,0.00,0.000,0.000,0.00,0.000,0.000,0.00,0.000,0.000,0.00,0.000,0.000,0.00,0.000,0.000,0.00,0.000,0.000,0.00,0.000,0.000,0.00,0.000,0.000,0.00,0.000,0.000,0.00,0.000,0.000,0.00,0.000,0.000,0.00,0.000,0.000,0.00,0.000,0.000,0.00,0.000,0.000,0.00,0.000,0.000,0.00,0.000,0.000,0.00,0.000,0.000,0.00,0.000,0.000,0.00
32.1517,0.000,0.000,0.00,0.77,0.00,0.000,0.000,0.00,0.000,0.000,0.00,0.000,0.000,0.00,0.000,0.000,0.00,0.000,0.000,0.00,0.000,0.000,0.00,0.000,0.000,0.00,0.000,0.000,0.00,0.000,0.000,0.00,0.000,0.000,0.00,0.000,0.000,0.00,0.000,0.000,0.00,0.000,0.000,0.00,0.000,0.000,0.00,0.000,0.000,0.00,0.000,0.000,0.00,0.000,0.000,0.00,0.000,0.000,0.00,0.000,0.000,0.00,0.000,0.000,0.00,0.000,0.000,0.00,0.000,0.000,0.00,0.000,0.000,0.00,0.000,0.000,0.00,0.000,0.000,0.00,0.000,0.000,0.00,0.000,0.000,0.00,0.000,0.000,0.00,0.000,0.000,0.00,0.000,0.000,0.00
32.2538,0.000,0.000,0.00,0.92,0.00,0.000,0.000,0.00,0.000,0.000,0.00,0.000,0.000,0.00,0.000,0.000,0.00,0.000,0.000,0.00,0.000,0.000,0.00,0.000,0.000,0.00,0.000,0.000,0.00,0.000,0.000,0.00,0.000,0.000,0.00,0.000,0.000,0.00,0.000,0.000,0.00,0.000,0.000,0.00,0.000,0.000,0.00,0.000,0.000,0.00,0.000,0.000,0.00,0.000,0.000,0.00,0.000,0.000,0.00,0.000,0.000,0.00,0.000,0.000,0.00,0.000,0.000,0.00,0.000,0.000,0.00,0.000,0.000,0.00,0.000,0.000,0.00,0.000,0.000,0.00,0.000,0.000,0.00,0.000,0.000,0.00,0.000,0.000,0.00,0.000,0.000,0.00,0.000,0.000,0.00
32.3558,0.000,0.000,0.00,0.92,0.00,0.000,0.000,0.00,0.000,0.000,0.00,0.000,0.000,0.00,0.000,0.000,0.00,0.000,0.000,0.00,0.000,0.000,0.00,0.000,0.000,0.00,0.000,0.000,0.00,0.000,0.000,0.00,0.000,0.000,0.00,0.000,0.000,0.00,0.000,0.000,0.00,0.000,0.000,0.00,0.000,0.000,0.00,0.000,0.000,0.00,0.000,0.000,0.00,0.000,0.000,0.00,0.000,0.000,0.00,0.000,0.000,0.00,0.000,0.000,0.00,0.000,0.000,0.00,0.000,0.000,0.00,0.000,0.000,0.00,0.000,0.000,0.00,0.000,0.000,0.00,0.000,0.000,0.00,0.000,0.000,0.00,0.000,0.000,0.00,0.000,0.000,0.00,0.000,0.000,0.00
32.4578,0.000,0.000,0.00,0.77,0.00,0.000,0.000,0.00,0.000,0.000,0.00,0.000,0.000,0.00,0.000,0.000,0.00,0.000,0.000,0.00,0.000,0.000,0.00,0.000,0.000,0.00,0.000,0.000,0.00,0.000,0.000,0.00,0.000,0.000,0.00,0.000,0.000,0.00,0.000,0.000,0.00,0.000,0.000,0.00,0.000,0.000,0.00,0.000,0.000,0.00,0.000,0.000,0.00,0.000,0.000,0.00,0.000,0.000,0.00,0.000,0.000,0.00,0.000,0.000,0.00,0.000,0.000,0.00,0.000,0.000,0.00,0.000,0.000,0.00,0.000,0.000,0.00,0.000,0.000,0.00,0.000,0.000,0.00,0.000,0.000,0.00,0.000,0.000,0.00,0.000,0.000,0.00,0.000,0.000,0.00
32.5604,0.000,0.000,0.00,33.31,0.00,0.000,0.000,0.00,0.000,0.000,0.00,0.000,0.000,0.00,0.000,0.000,0.00,0.000,0.000,0.00,0.000,0.000,0.00,0.000,0.000,0.00,0.000,0.000,0.00,0.000,0.000,0.00,0.000,0.000,0.00,0.000,0.000,0.00,0.000,0.000,0.00,0.000,0.000,0.00,0.000,0.000,0.00,0.000,0.000,0.00,0.000,0.000,0.00,0.000,0.000,0.00,0.000,0.000,0.00,0.000,0.000,0.00,0.000,0.000,0.00,0.000,0.000,0.00,0.000,0.000,0.00,0.000,0.000,0.00,0.000,0.000,0.00,0.000,0.000,0.00,0.000,0.000,0.00,0.000,0.000,0.00,0.000,0.000,0.00,0.000,0.000,0.00,0.000,0.000,0.00
32.6704,0.000,0.000,0.00,90.07,0.00,0.000,0.000,0.00,0.000,0.000,0.00,0.000,0.000,0.00,0.000,0.000,0.00,0.000,0.000,0.00,0.000,0.000,0.00,0.000,0.000,0.00,0.000,0.000,0.00,0.000,0.000,0.00,0.000,0.000,0.00,0.000,0.000,0.00,0.000,0.000,0.00,0.000,0.000,0.00,0.000,0.000,0.00,0.000,0.000,0.00,0.000,0.000,0.00,0.000,0.000,0.00,0.000,0.000,0.00,0.000,0.000,0.00,0.000,0.000,0.00,0.000,0.000,0.00,0.000,0.000,0.00,0.000,0.000,0.00,0.000,0.000,0.00,0.000,0.000,0.00,0.000,0.000,0.00,0.000,0.000,0.00,0.000,0.000,0.00,0.000,0.000,0.00,0.000,0.000,0.00
32.7847,0.000,0.331,0.03,95.13,0.00,0.000,0.331,0.87,0.000,0.000,0.00,0.000,0.000,0.00,0.000,0.000,0.00,0.000,0.000,0.00,0.000,0.000,0.00,0.000,0.000,0.00,0.000,0.000,0.00,0.000,0.000,0.00,0.000,0.000,0.00,0.000,0.000,0.00,0.000,0.000,0.00,0.000,0.000,0.00,0.000,0.000,0.00,0.000,0.000,0.00,0.000,0.000,0.00,0.000,0.000,0.00,0.000,0.000,0.00,0.000,0.000,0.00,0.000,0.000,0.00,0.000,0.000,0.00,0.000,0.000,0.00,0.000,0.000,0.00,0.000,0.000,0.00,0.000,0.000,0.00,0.000,0.000,0.00,0.000,0.000,0.00,0.000,0.000,0.00,0.000,0.000,0.00,0.000,0.000,0.00
32.8954,0.000,0.000,0.00,97.67,0.00,0.000,0.000,0.00,0.000,0.000,0.00,0.000,0.000,0.00,0.000,0.000,0.00,0.000,0.000,0.00,0.000,0.000,0.00,0.000,0.000,0.00,0.000,0.000,0.00,0.000,0.000,0.00,0.000,0.000,0.00,0.000,0.000,0.00,0.000,0.000,0.00,0.000,0.000,0.00,0.000,0.000,0.00,0.000,0.000,0.00,0.000,0.000,0.00,0.000,0.000,0.00,0.000,0.000,0.00,0.000,0.000,0.00,0.000,0.000,0.00,0.000,0.000,0.00,0.000,0.000,0.00,0.000,0.000,0.00,0.000,0.000,0.00,0.000,0.000,0.00,0.000,0.000,0.00,0.000,0.000,0.00,0.000,0.000,0.00,0.000,0.000,0.00,0.000,0.000,0.00
33.0079,0.000,0.000,0.00,97.61,0.00,0.000,0.000,0.00,0.000,0.000,0.00,0.000,0.000,0.00,0.000,0.000,0.00,0.000,0.000,0.00,0.000,0.000,0.00,0.000,0.000,0.00,0.000,0.000,0.00,0.000,0.000,0.00,0.000,0.000,0.00,0.000,0.000,0.00,0.000,0.000,0.00,0.000,0.000,0.00,0.000,0.000,0.00,0.000,0.000,0.00,0.000,0.000,0.00,0.000,0.000,0.00,0.000,0.000,0.00,0.000,0.000,0.00,0.000,0.000,0.00,0.000,0.000,0.00,0.000,0.000,0.00,0.000,0.000,0.00,0.000,0.000,0.00,0.000,0.000,0.00,0.000,0.000,0.00,0.000,0.000,0.00,0.000,0.000,0.00,0.000,0.000,0.00,0.000,0.000,0.00
33.1140,0.000,0.000,0.00,94.58,0.00,0.000,0.000,0.00,0.000,0.000,0.00,0.000,0.000,0.00,0.000,0.000,0.00,0.000,0.000,0.00,0.000,0.000,0.00,0.000,0.000,0.00,0.000,0.000,0.00,0.000,0.000,0.00,0.000,0.000,0.00,0.000,0.000,0.00,0.000,0.000,0.00,0.000,0.000,0.00,0.000,0.000,0.00,0.000,0.000,0.00,0.000,0.000,0.00,0.000,0.000,0.00,0.000,0.000,0.00,0.000,0.000,0.00,0.000,0.000,0.00,0.000,0.000,0.00,0.000,0.000,0.00,0.000,0.000,0.00,0.000,0.000,0.00,0.000,0.000,0.00,0.000,0.000,0.00,0.000,0.000,0.00,0.000,0.000,0.00,0.000,0.000,0.00,0.000,0.000,0.00
33.2204,0.000,0.000,0.00,86.25,0.00,0.000,0.000,0.00,0.000,0.000,0.00,0.000,0.000,0.00,0.000,0.000,0.00,0.000,0.000,0.00,0.000,0.000,0.00,0.000,0.000,0.00,0.000,0.000,0.00,0.000,0.000,0.00,0.000,0.000,0.00,0.000,0.000,0.00,0.000,0.000,0.00,0.000,0.000,0.00,0.000,0.000,0.00,0.000,0.000,0.00,0.000,0.000,0.00,0.000,0.000,0.00,0.000,0.000,0.00,0.000,0.000,0.00,0.000,0.000,0.00,0.000,0.000,0.00,0.000,0.000,0.00,0.000,0.000,0.00,0.000,0.000,0.00,0.000,0.000,0.00,0.000,0.000,0.00,0.000,0.000,0.00,0.000,0.000,0.00,0.000,0.000,0.00,0.000,0.000,0.00
33.3266,0.000,0.000,0.00,69.36,0.00,0.000,0.000,0.00,0.000,0.000,0.00,0.000,0.000,0.00,0.000,0.000,0.00,0.000,0.000,0.00,0.000,0.000,0.00,0.000,0.000,0.00,0.000,0.000,0.00,0.000,0.000,0.00,0.000,0.000,0.00,0.000,0.000,0.00,0.000,0.000,0.00,0.000,0.000,0.00,0.000,0.000,0.00,0.000,0.000,0.00,0.000,0.000,0.00,0.000,0.000,0.00,0.000,0.000,0.00,0.000,0.000,0.00,0.000,0.000,0.00,0.000,0.000,0.00,0.000,0.000,0.00,0.000,0.000,0.00,0.000,0.000,0.00,0.000,0.000,0.00,0.000,0.000,0.00,0.000,0.000,0.00,0.000,0.000,0.00,0.000,0.000,0.00,0.000,0.000,0.00
33.4331,0.000,0.000,0.00,72.15,0.00,0.000,0.000,0.00,0.000,0.000,0.00,0.000,0.000,0.00,0.000,0.000,0.00,0.000,0.000,0.00,0.000,0.000,0.00,0.000,0.000,0.00,0.000,0.000,0.00,0.000,0.000,0.00,0.000,0.000,0.00,0.000,0.000,0.00,0.000,0.000,0.00,0.000,0.000,0.00,0.000,0.000,0.00,0.000,0.000,0.00,0.000,0.000,0.00,0.000,0.000,0.00,0.000,0.000,0.00,0.000,0.000,0.00,0.000,0.000,0.00,0.000,0.000,0.00,0.000,0.000,0.00,0.000,0.000,0.00,0.000,0.000,0.00,0.000,0.000,0.00,0.000,0.000,0.00,0.000,0.000,0.00,0.000,0.000,0.00,0.000,0.000,0.00,0.000,0.000,0.00
33.5504,0.000,0.000,0.00,74.11,0.00,0.000,0.000,0.00,0.000,0.000,0.00,0.000,0.000,0.00,0.000,0.000,0.00,0.000,0.000,0.00,0.000,0.000,0.00,0.000,0.000,0.00,0.000,0.000,0.00,0.000,0.000,0.00,0.000,0.000,0.00,0.000,0.000,0.00,0.000,0.000,0.00,0.000,0.000,0.00,0.000,0.000,0.00,0.000,0.000,0.00,0.000,0.000,0.00,0.000,0.000,0.00,0.000,0.000,0.00,0.000,0.000,0.00,0.000,0.000,0.00,0.000,0.000,0.00,0.000,0.000,0.00,0.000,0.000,0.00,0.000,0.000,0.00,0.000,0.000,0.00,0.000,0.000,0.00,0.000,0.000,0.00,0.000,0.000,0.00,0.000,0.000,0.00,0.000,0.000,0.00
33.6578,0.000,0.000,0.00,67.57,0.00,0.000,0.000,0.00,0.000,0.000,0.00,0.000,0.000,0.00,0.000,0.000,0.00,0.000,0.000,0.00,0.000,0.000,0.00,0.000,0.000,0.00,0.000,0.000,0.00,0.000,0.000,0.00,0.000,0.000,0.00,0.000,0.000,0.00,0.000,0.000,0.00,0.000,0.000,0.00,0.000,0.000,0.00,0.000,0.000,0.00,0.000,0.000,0.00,0.000,0.000,0.00,0.000,0.000,0.00,0.000,0.000,0.00,0.000,0.000,0.00,0.000,0.000,0.00,0.000,0.000,0.00,0.000,0.000,0.00,0.000,0.000,0.00,0.000,0.000,0.00,0.000,0.000,0.00,0.000,0.000,0.00,0.000,0.000,0.00,0.000,0.000,0.00,0.000,0.000,0.00
33.7639,0.000,0.000,0.00,71.31,0.00,0.000,0.000,0.00,0.000,0.000,0.00,0.000,0.000,0.00,0.000,0.000,0.00,0.000,0.000,0.00,0.000,0.000,0.00,0.000,0.000,0.00,0.000,0.000,0.00,0.000,0.000,0.00,0.000,0.000,0.00,0.000,0.000,0.00,0.000,0.000,0.00,0.000,0.000,0.00,0.000,0.000,0.00,0.000,0.000,0.00,0.000,0.000,0.00,0.000,0.000,0.00,0.000,0.000,0.00,0.000,0.000,0.00,0.000,0.000,0.00,0.000,0.000,0.00,0.000,0.000,0.00,0.000,0.000,0.00,0.000,0.000,0.00,0.000,0.000,0.00,0.000,0.000,0.00,0.000,0.000,0.00,0.000,0.000,0.00,0.000,0.000,0.00,0.000,0.000,0.00
33.8690,0.000,0.000,0.00,63.64,0.00,0.000,0.000,0.00,0.000,0.000,0.00,0.000,0.000,0.00,0.000,0.000,0.00,0.000,0.000,0.00,0.000,0.000,0.00,0.000,0.000,0.00,0.000,0.000,0.00,0.000,0.000,0.00,0.000,0.000,0.00,0.000,0.000,0.00,0.000,0.000,0.00,0.000,0.000,0.00,0.000,0.000,0.00,0.000,0.000,0.00,0.000,0.000,0.00,0.000,0.000,0.00,0.000,0.000,0.00,0.000,0.000,0.00,0.000,0.000,0.00,0.000,0.000,0.00,0.000,0.000,0.00,0.000,0.000,0.00,0.000,0.000,0.00,0.000,0.000,0.00,0.000,0.000,0.00,0.000,0.000,0.00,0.000,0.000,0.00,0.000,0.000,0.00,0.000,0.000,0.00
33.9764,0.000,0.000,0.00,73.95,0.00,0.000,0.000,0.00,0.000,0.000,0.00,0.000,0.000,0.00,0.000,0.000,0.00,0.000,0.000,0.00,0.000,0.000,0.00,0.000,0.000,0.00,0.000,0.000,0.00,0.000,0.000,0.00,0.000,0.000,0.00,0.000,0.000,0.00,0.000,0.000,0.00,0.000,0.000,0.00,0.000,0.000,0.00,0.000,0.000,0.00,0.000,0.000,0.00,0.000,0.000,0.00,0.000,0.000,0.00,0.000,0.000,0.00,0.000,0.000,0.00,0.000,0.000,0.00,0.000,0.000,0.00,0.000,0.000,0.00,0.000,0.000,0.00,0.000,0.000,0.00,0.000,0.000,0.00,0.000,0.000,0.00,0.000,0.000,0.00,0.000,0.000,0.00,0.000,0.000,0.00
34.0834,0.000,0.000,0.00,72.53,0.00,0.000,0.000,0.00,0.000,0.000,0.00,0.000,0.000,0.00,0.000,0.000,0.00,0.000,0.000,0.00,0.000,0.000,0.00,0.000,0.000,0.00,0.000,0.000,0.00,0.000,0.000,0.00,0.000,0.000,0.00,0.000,0.000,0.00,0.000,0.000,0.00,0.000,0.000,0.00,0.000,0.000,0.00,0.000,0.000,0.00,0.000,0.000,0.00,0.000,0.000,0.00,0.000,0.000,0.00,0.000,0.000,0.00,0.000,0.000,0.00,0.000,0.000,0.00,0.000,0.000,0.00,0.000,0.000,0.00,0.000,0.000,0.00,0.000,0.000,0.00,0.000,0.000,0.00,0.000,0.000,0.00,0.000,0.000,0.00,0.000,0.000,0.00,0.000,0.000,0.00
34.1874,0.000,0.000,0.00,63.22,0.00,0.000,0.000,0.00,0.000,0.000,0.00,0.000,0.000,0.00,0.000,0.000,0.00,0.000,0.000,0.00,0.000,0.000,0.00,0.000,0.000,0.00,0.000,0.000,0.00,0.000,0.000,0.00,0.000,0.000,0.00,0.000,0.000,0.00,0.000,0.000,0.00,0.000,0.000,0.00,0.000,0.000,0.00,0.000,0.000,0.00,0.000,0.000,0.00,0.000,0.000,0.00,0.000,0.000,0.00,0.000,0.000,0.00,0.000,0.000,0.00,0.000,0.000,0.00,0.000,0.000,0.00,0.000,0.000,0.00,0.000,0.000,0.00,0.000,0.000,0.00,0.000,0.000,0.00,0.000,0.000,0.00,0.000,0.000,0.00,0.000,0.000,0.00,0.000,0.000,0.00
34.3018,0.000,0.000,0.00,72.57,0.00,0.000,0.000,0.00,0.000,0.000,0.00,0.000,0.000,0.00,0.000,0.000,0.00,0.000,0.000,0.00,0.000,0.000,0.00,0.000,0.000,0.00,0.000,0.000,0.00,0.000,0.000,0.00,0.000,0.000,0.00,0.000,0.000,0.00,0.000,0.000,0.00,0.000,0.000,0.00,0.000,0.000,0.00,0.000,0.000,0.00,0.000,0.000,0.00,0.000,0.000,0.00,0.000,0.000,0.00,0.000,0.000,0.00,0.000,0.000,0.00,0.000,0.000,0.00,0.000,0.000,0.00,0.000,0.000,0.00,0.000,0.000,0.00,0.000,0.000,0.00,0.000,0.000,0.00,0.000,0.000,0.00,0.000,0.000,0.00,0.000,0.000,0.00,0.000,0.000,0.00
34.4209,0.000,0.000,0.00,63.55,0.00,0.000,0.000,0.00,0.000,0.000,0.00,0.000,0.000,0.00,0.000,0.000,0.00,0.000,0.000,0.00,0.000,0.000,0.00,0.000,0.000,0.00,0.000,0.000,0.00,0.000,0.000,0.00,0.000,0.000,0.00,0.000,0.000,0.00,0.000,0.000,0.00,0.000,0.000,0.00,0.000,0.000,0.00,0.000,0.000,0.00,0.000,0.000,0.00,0.000,0.000,0.00,0.000,0.000,0.00,0.000,0.000,0.00,0.000,0.000,0.00,0.000,0.000,0.00,0.000,0.000,0.00,0.000,0.000,0.00,0.000,0.000,0.00,0.000,0.000,0.00,0.000,0.000,0.00,0.000,0.000,0.00,0.000,0.000,0.00,0.000,0.000,0.00,0.000,0.000,0.00
34.5304,0.000,0.000,0.00,68.98,0.00,0.000,0.000,0.00,0.000,0.000,0.00,0.000,0.000,0.00,0.000,0.000,0.00,0.000,0.000,0.00,0.000,0.000,0.00,0.000,0.000,0.00,0.000,0.000,0.00,0.000,0.000,0.00,0.000,0.000,0.00,0.000,0.000,0.00,0.000,0.000,0.00,0.000,0.000,0.00,0.000,0.000,0.00,0.000,0.000,0.00,0.000,0.000,0.00,0.000,0.000,0.00,0.000,0.000,0.00,0.000,0.000,0.00,0.000,0.000,0.00,0.000,0.000,0.00,0.000,0.000,0.00,0.000,0.000,0.00,0.000,0.000,0.00,0.000,0.000,0.00,0.000,0.000,0.00,0.000,0.000,0.00,0.000,0.000,0.00,0.000,0.000,0.00,0.000,0.000,0.00
34.6331,0.000,0.000,0.00,74.27,0.00,0.000,0.000,0.00,0.000,0.000,0.00,0.000,0.000,0.00,0.000,0.000,0.00,0.000,0.000,0.00,0.000,0.000,0.00,0.000,0.000,0.00,0.000,0.000,0.00,0.000,0.000,0.00,0.000,0.000,0.00,0.000,0.000,0.00,0.000,0.000,0.00,0.000,0.000,0.00,0.000,0.000,0.00,0.000,0.000,0.00,0.000,0.000,0.00,0.000,0.000,0.00,0.000,0.000,0.00,0.000,0.000,0.00,0.000,0.000,0.00,0.000,0.000,0.00,0.000,0.000,0.00,0.000,0.000,0.00,0.000,0.000,0.00,0.000,0.000,0.00,0.000,0.000,0.00,0.000,0.000,0.00,0.000,0.000,0.00,0.000,0.000,0.00,0.000,0.000,0.00
34.7426,0.000,0.000,0.00,68.41,0.00,0.000,0.000,0.00,0.000,0.000,0.00,0.000,0.000,0.00,0.000,0.000,0.00,0.000,0.000,0.00,0.000,0.000,0.00,0.000,0.000,0.00,0.000,0.000,0.00,0.000,0.000,0.00,0.000,0.000,0.00,0.000,0.000,0.00,0.000,0.000,0.00,0.000,0.000,0.00,0.000,0.000,0.00,0.000,0.000,0.00,0.000,0.000,0.00,0.000,0.000,0.00,0.000,0.000,0.00,0.000,0.000,0.00,0.000,0.000,0.00,0.000,0.000,0.00,0.000,0.000,0.00,0.000,0.000,0.00,0.000,0.000,0.00,0.000,0.000,0.00,0.000,0.000,0.00,0.000,0.000,0.00,0.000,0.000,0.00,0.000,0.000,0.00,0.000,0.000,0.00
34.8496,0.000,0.354,0.03,73.49,0.00,0.000,0.000,0.00,0.000,0.000,0.00,0.000,0.000,0.00,0.000,0.000,0.00,0.000,0.000,0.00,0.000,0.000,0.00,0.000,0.000,0.00,0.000,0.000,0.00,0.000,0.000,0.00,0.000,0.000,0.00,0.000,0.354,0.94,0.000,0.000,0.00,0.000,0.000,0.00,0.000,0.000,0.00,0.000,0.000,0.00,0.000,0.000,0.00,0.000,0.000,0.00,0.000,0.000,0.00,0.000,0.000,0.00,0.000,0.000,0.00,0.000,0.000,0.00,0.000,0.000,0.00,0.000,0.000,0.00,0.000,0.000,0.00,0.000,0.000,0.00,0.000,0.000,0.00,0.000,0.000,0.00,0.000,0.000,0.00,0.000,0.000,0.00,0.000,0.000,0.00
34.9554,0.000,0.000,0.00,75.02,0.00,0.000,0.000,0.00,0.000,0.000,0.00,0.000,0.000,0.00,0.000,0.000,0.00,0.000,0.000,0.00,0.000,0.000,0.00,0.000,0.000,0.00,0.000,0.000,0.00,0.000,0.000,0.00,0.000,0.000,0.00,0.000,0.000,0.00,0.000,0.000,0.00,0.000,0.000,0.00,0.000,0.000,0.00,0.000,0.000,0.00,0.000,0.000,0.00,0.000,0.000,0.00,0.000,0.000,0.00,0.000,0.000,0.00,0.000,0.000,0.00,0.000,0.000,0.00,0.000,0.000,0.00,0.000,0.000,0.00,0.000,0.000,0.00,0.000,0.000,0.00,0.000,0.000,0.00,0.000,0.000,0.00,0.000,0.000,0.00,0.000,0.000,0.00,0.000,0.000,0.00
35.0688,0.000,0.000,0.00,69.19,0.00,0.000,0.000,0.00,0.000,0.000,0.00,0.000,0.000,0.00,0.000,0.000,0.00,0.000,0.000,0.00,0.000,0.000,0.00,0.000,0.000,0.00,0.000,0.000,0.00,0.000,0.000,0.00,0.000,0.000,0.00,0.000,0.000,0.00,0.000,0.000,0.00,0.000,0.000,0.00,0.000,0.000,0.00,0.000,0.000,0.00,0.000,0.000,0.00,0.000,0.000,0.00,0.000,0.000,0.00,0.000,0.000,0.00,0.000,0.000,0.00,0.000,0.000,0.00,0.000,0.000,0.00,0.000,0.000,0.00,0.000,0.000,0.00,0.000,0.000,0.00,0.000,0.000,0.00,0.000,0.000,0.00,0.000,0.000,0.00,0.000,0.000,0.00,0.000,0.000,0.00
35.1735,0.000,0.117,0.13,71.98,0.00,0.000,0.000,0.00,0.000,0.000,0.00,0.000,0.000,0.00,0.000,0.000,0.00,0.000,0.000,0.00,0.000,0.000,0.00,0.000,0.000,0.00,0.000,0.000,0.00,0.000,0.000,0.00,0.000,0.000,0.00,0.000,0.000,0.00,0.000,0.000,0.00,0.000,0.000,0.00,0.000,0.000,0.00,0.000,0.000,0.00,0.000,0.000,0.00,0.000,0.000,0.00,0.000,0.000,0.00,0.000,0.000,0.00,0.000,0.000,0.00,0.000,0.000,0.00,0.000,0.000,0.00,0.000,0.117,3.82,0.000,0.000,0.00,0.000,0.000,0.00,0.000,0.000,0.00,0.000,0.000,0.00,0.000,0.000,0.00,0.000,0.000,0.00,0.000,0.000,0.00
35.2831,0.000,0.000,0.00,67.71,0.00,0.000,0.000,0.00,0.000,0.000,0.00,0.000,0.000,0.00,0.000,0.000,0.00,0.000,0.000,0.00,0.000,0.000,0.00,0.000,0.000,0.00,0.000,0.000,0.00,0.000,0.000,0.00,0.000,0.000,0.00,0.000,0.000,0.00,0.000,0.000,0.00,0.000,0.000,0.00,0.000,0.000,0.00,0.000,0.000,0.00,0.000,0.000,0.00,0.000,0.000,0.00,0.000,0.000,0.00,0.000,0.000,0.00,0.000,0.000,0.00,0.000,0.000,0.00,0.000,0.000,0.00,0.000,0.000,0.00,0.000,0.000,0.00,0.000,0.000,0.00,0.000,0.000,0.00,0.000,0.000,0.00,0.000,0.000,0.00,0.000,0.000,0.00,0.000,0.000,0.00
35.3904,0.000,0.000,0.00,66.88,0.00,0.000,0.000,0.00,0.000,0.000,0.00,0.000,0.000,0.00,0.000,0.000,0.00,0.000,0.000,0.00,0.000,0.000,0.00,0.000,0.000,0.00,0.000,0.000,0.00,0.000,0.000,0.00,0.000,0.000,0.00,0.000,0.000,0.00,0.000,0.000,0.00,0.000,0.000,0.00,0.000,0.000,0.00,0.000,0.000,0.00,0.000,0.000,0.00,0.000,0.000,0.00,0.000,0.000,0.00,0.000,0.000,0.00,0.000,0.000,0.00,0.000,0.000,0.00,0.000,0.000,0.00,0.000,0.000,0.00,0.000,0.000,0.00,0.000,0.000,0.00,0.000,0.000,0.00,0.000,0.000,0.00,0.000,0.000,0.00,0.000,0.000,0.00,0.000,0.000,0.00
35.4957,0.000,0.000,0.00,68.57,0.00,0.000,0.000,0.00,0.000,0.000,0.00,0.000,0.000,0.00,0.000,0.000,0.00,0.000,0.000,0.00,0.000,0.000,0.00,0.000,0.000,0.00,0.000,0.000,0.00,0.000,0.000,0.00,0.000,0.000,0.00,0.000,0.000,0.00,0.000,0.000,0.00,0.000,0.000,0.00,0.000,0.000,0.00,0.000,0.000,0.00,0.000,0.000,0.00,0.000,0.000,0.00,0.000,0.000,0.00,0.000,0.000,0.00,0.000,0.000,0.00,0.000,0.000,0.00,0.000,0.000,0.00,0.000,0.000,0.00,0.000,0.000,0.00,0.000,0.000,0.00,0.000,0.000,0.00,0.000,0.000,0.00,0.000,0.000,0.00,0.000,0.000,0.00,0.000,0.000,0.00
35.6029,0.000,0.000,0.00,75.20,0.00,0.000,0.000,0.00,0.000,0.000,0.00,0.000,0.000,0.00,0.000,0.000,0.00,0.000,0.000,0.00,0.000,0.000,0.00,0.000,0.000,0.00,0.000,0.000,0.00,0.000,0.000,0.00,0.000,0.000,0.00,0.000,0.000,0.00,0.000,0.000,0.00,0.000,0.000,0.00,0.000,0.000,0.00,0.000,0.000,0.00,0.000,0.000,0.00,0.000,0.000,0.00,0.000,0.000,0.00,0.000,0.000,0.00,0.000,0.000,0.00,0.000,0.000,0.00,0.000,0.000,0.00,0.000,0.000,0.00,0.000,0.000,0.00,0.000,0.000,0.00,0.000,0.000,0.00,0.000,0.000,0.00,0.000,0.000,0.00,0.000,0.000,0.00,0.000,0.000,0.00
35.7054,0.000,0.000,0.00,70.73,0.00,0.000,0.000,0.00,0.000,0.000,0.00,0.000,0.000,0.00,0.000,0.000,0.00,0.000,0.000,0.00,0.000,0.000,0.00,0.000,0.000,0.00,0.000,0.000,0.00,0.000,0.000,0.00,0.000,0.000,0.00,0.000,0.000,0.00,0.000,0.000,0.00,0.000,0.000,0.00,0.000,0.000,0.00,0.000,0.000,0.00,0.000,0.000,0.00,0.000,0.000,0.00,0.000,0.000,0.00,0.000,0.000,0.00,0.000,0.000,0.00,0.000,0.000,0.00,0.000,0.000,0.00,0.000,0.000,0.00,0.000,0.000,0.00,0.000,0.000,0.00,0.000,0.000,0.00,0.000,0.000,0.00,0.000,0.000,0.00,0.000,0.000,0.00,0.000,0.000,0.00
35.8115,0.000,0.000,0.00,91.12,0.00,0.000,0.000,0.00,0.000,0.000,0.00,0.000,0.000,0.00,0.000,0.000,0.00,0.000,0.000,0.00,0.000,0.000,0.00,0.000,0.000,0.00,0.000,0.000,0.00,0.000,0.000,0.00,0.000,0.000,0.00,0.000,0.000,0.00,0.000,0.000,0.00,0.000,0.000,0.00,0.000,0.000,0.00,0.000,0.000,0.00,0.000,0.000,0.00,0.000,0.000,0.00,0.000,0.000,0.00,0.000,0.000,0.00,0.000,0.000,0.00,0.000,0.000,0.00,0.000,0.000,0.00,0.000,0.000,0.00,0.000,0.000,0.00,0.000,0.000,0.00,0.000,0.000,0.00,0.000,0.000,0.00,0.000,0.000,0.00,0.000,0.000,0.00,0.000,0.000,0.00
35.9365,0.000,0.000,0.00,99.21,0.00,0.000,0.000,0.00,0.000,0.000,0.00,0.000,0.000,0.00,0.000,0.000,0.00,0.000,0.000,0.00,0.000,0.000,0.00,0.000,0.000,0.00,0.000,0.000,0.00,0.000,0.000,0.00,0.000,0.000,0.00,0.000,0.000,0.00,0.000,0.000,0.00,0.000,0.000,0.00,0.000,0.000,0.00,0.000,0.000,0.00,0.000,0.000,0.00,0.000,0.000,0.00,0.000,0.000,0.00,0.000,0.000,0.00,0.000,0.000,0.00,0.000,0.000,0.00,0.000,0.000,0.00,0.000,0.000,0.00,0.000,0.000,0.00,0.000,0.000,0.00,0.000,0.000,0.00,0.000,0.000,0.00,0.000,0.000,0.00,0.000,0.000,0.00,0.000,0.000,0.00
36.0645,0.000,0.000,0.00,99.61,0.00,0.000,0.000,0.00,0.000,0.000,0.00,0.000,0.000,0.00,0.000,0.000,0.00,0.000,0.000,0.00,0.000,0.000,0.00,0.000,0.000,0.00,0.000,0.000,0.00,0.000,0.000,0.00,0.000,0.000,0.00,0.000,0.000,0.00,0.000,0.000,0.00,0.000,0.000,0.00,0.000,0.000,0.00,0.000,0.000,0.00,0.000,0.000,0.00,0.000,0.000,0.00,0.000,0.000,0.00,0.000,0.000,0.00,0.000,0.000,0.00,0.000,0.000,0.00,0.000,0.000,0.00,0.000,0.000,0.00,0.000,0.000,0.00,0.000,0.000,0.00,0.000,0.000,0.00,0.000,0.000,0.00,0.000,0.000,0.00,0.000,0.000,0.00,0.000,0.000,0.00
36.1836,0.000,0.000,0.00,99.00,0.00,0.000,0.000,0.00,0.000,0.000,0.00,0.000,0.000,0.00,0.000,0.000,0.00,0.000,0.000,0.00,0.000,0.000,0.00,0.000,0.000,0.00,0.000,0.000,0.00,0.000,0.000,0.00,0.000,0.000,0.00,0.000,0.000,0.00,0.000,0.000,0.00,0.000,0.000,0.00,0.000,0.000,0.00,0.000,0.000,0.00,0.000,0.000,0.00,0.000,0.000,0.00,0.000,0.000,0.00,0.000,0.000,0.00,0.000,0.000,0.00,0.000,0.000,0.00,0.000,0.000,0.00,0.000,0.000,0.00,0.000,0.000,0.00,0.000,0.000,0.00,0.000,0.000,0.00,0.000,0.000,0.00,0.000,0.000,0.00,0.000,0.000,0.00,0.000,0.000,0.00
36.3004,0.000,0.000,0.00,96.35,0.00,0.000,0.000,0.00,0.000,0.000,0.00,0.000,0.000,0.00,0.000,0.000,0.00,0.000,0.000,0.00,0.000,0.000,0.00,0.000,0.000,0.00,0.000,0.000,0.00,0.000,0.000,0.00,0.000,0.000,0.00,0.000,0.000,0.00,0.000,0.000,0.00,0.000,0.000,0.00,0.000,0.000,0.00,0.000,0.000,0.00,0.000,0.000,0.00,0.000,0.000,0.00,0.000,0.000,0.00,0.000,0.000,0.00,0.000,0.000,0.00,0.000,0.000,0.00,0.000,0.000,0.00,0.000,0.000,0.00,0.000,0.000,0.00,0.000,0.000,0.00,0.000,0.000,0.00,0.000,0.000,0.00,0.000,0.000,0.00,0.000,0.000,0.00,0.000,0.000,0.00
36.4141,0.000,0.000,0.00,97.19,0.00,0.000,0.000,0.00,0.000,0.000,0.00,0.000,0.000,0.00,0.000,0.000,0.00,0.000,0.000,0.00,0.000,0.000,0.00,0.000,0.000,0.00,0.000,0.000,0.00,0.000,0.000,0.00,0.000,0.000,0.00,0.000,0.000,0.00,0.000,0.000,0.00,0.000,0.000,0.00,0.000,0.000,0.00,0.000,0.000,0.00,0.000,0.000,0.00,0.000,0.000,0.00,0.000,0.000,0.00,0.000,0.000,0.00,0.000,0.000,0.00,0.000,0.000,0.00,0.000,0.000,0.00,0.000,0.000,0.00,0.000,0.000,0.00,0.000,0.000,0.00,0.000,0.000,0.00,0.000,0.000,0.00,0.000,0.000,0.00,0.000,0.000,0.00,0.000,0.000,0.00
36.5224,0.000,0.000,0.00,98.13,0.00,0.000,0.000,0.00,0.000,0.000,0.00,0.000,0.000,0.00,0.000,0.000,0.00,0.000,0.000,0.00,0.000,0.000,0.00,0.000,0.000,0.00,0.000,0.000,0.00,0.000,0.000,0.00,0.000,0.000,0.00,0.000,0.000,0.00,0.000,0.000,0.00,0.000,0.000,0.00,0.000,0.000,0.00,0.000,0.000,0.00,0.000,0.000,0.00,0.000,0.000,0.00,0.000,0.000,0.00,0.000,0.000,0.00,0.000,0.000,0.00,0.000,0.000,0.00,0.000,0.000,0.00,0.000,0.000,0.00,0.000,0.000,0.00,0.000,0.000,0.00,0.000,0.000,0.00,0.000,0.000,0.00,0.000,0.000,0.00,0.000,0.000,0.00,0.000,0.000,0.00
36.6424,0.000,0.000,0.00,98.22,0.00,0.000,0.000,0.00,0.000,0.000,0.00,0.000,0.000,0.00,0.000,0.000,0.00,0.000,0.000,0.00,0.000,0.000,0.00,0.000,0.000,0.00,0.000,0.000,0.00,0.000,0.000,0.00,0.000,0.000,0.00,0.000,0.000,0.00,0.000,0.000,0.00,0.000,0.000,0.00,0.000,0.000,0.00,0.000,0.000,0.00,0.000,0.000,0.00,0.000,0.000,0.00,0.000,0.000,0.00,0.000,0.000,0.00,0.000,0.000,0.00,0.000,0.000,0.00,0.000,0.000,0.00,0.000,0.000,0.00,0.000,0.000,0.00,0.000,0.000,0.00,0.000,0.000,0.00,0.000,0.000,0.00,0.000,0.000,0.00,0.000,0.000,0.00,0.000,0.000,0.00
36.7556,0.000,0.000,0.00,98.87,0.00,0.000,0.000,0.00,0.000,0.000,0.00,0.000,0.000,0.00,0.000,0.000,0.00,0.000,0.000,0.00,0.000,0.000,0.00,0.000,0.000,0.00,0.000,0.000,0.00,0.000,0.000,0.00,0.000,0.000,0.00,0.000,0.000,0.00,0.000,0.000,0.00,0.000,0.000,0.00,0.000,0.000,0.00,0.000,0.000,0.00,0.000,0.000,0.00,0.000,0.000,0.00,0.000,0.000,0.00,0.000,0.000,0.00,0.000,0.000,0.00,0.000,0.000,0.00,0.000,0.000,0.00,0.000,0.000,0.00,0.000,0.000,0.00,0.000,0.000,0.00,0.000,0.000,0.00,0.000,0.000,0.00,0.000,0.000,0.00,0.000,0.000,0.00,0.000,0.000,0.00
36.8674,0.000,0.000,0.00,99.25,0.00,0.000,0.000,0.00,0.000,0.000,0.00,0.000,0.000,0.00,0.000,0.000,0.00,0.000,0.000,0.00,0.000,0.000,0.00,0.000,0.000,0.00,0.000,0.000,0.00,0.000,0.000,0.00,0.000,0.000,0.00,0.000,0.000,0.00,0.000,0.000,0.00,0.000,0.000,0.00,0.000,0.000,0.00,0.000,0.000,0.00,0.000,0.000,0.00,0.000,0.000,0.00,0.000,0.000,0.00,0.000,0.000,0.00,0.000,0.000,0.00,0.000,0.000,0.00,0.000,0.000,0.00,0.000,0.000,0.00,0.000,0.000,0.00,0.000,0.000,0.00,0.000,0.000,0.00,0.000,0.000,0.00,0.000,0.000,0.00,0.000,0.000,0.00,0.000,0.000,0.00
36.9816,0.000,0.000,0.00,100.00,0.00,0.000,0.000,0.00,0.000,0.000,0.00,0.000,0.000,0.00,0.000,0.000,0.00,0.000,0.000,0.00,0.000,0.000,0.00,0.000,0.000,0.00,0.000,0.000,0.00,0.000,0.000,0.00,0.000,0.000,0.00,0.000,0.000,0.00,0.000,0.000,0.00,0.000,0.000,0.00,0.000,0.000,0.00,0.000,0.000,0.00,0.000,0.000,0.00,0.000,0.000,0.00,0.000,0.000,0.00,0.000,0.000,0.00,0.000,0.000,0.00,0.000,0.000,0.00,0.000,0.000,0.00,0.000,0.000,0.00,0.000,0.000,0.00,0.000,0.000,0.00,0.000,0.000,0.00,0.000,0.000,0.00,0.000,0.000,0.00,0.000,0.000,0.00,0.000,0.000,0.00
37.0914,0.000,0.000,0.00,100.00,0.00,0.000,0.000,0.00,0.000,0.000,0.00,0.000,0.000,0.00,0.000,0.000,0.00,0.000,0.000,0.00,0.000,0.000,0.00,0.000,0.000,0.00,0.000,0.000,0.00,0.000,0.000,0.00,0.000,0.000,0.00,0.000,0.000,0.00,0.000,0.000,0.00,0.000,0.000,0.00,0.000,0.000,0.00,0.000,0.000,0.00,0.000,0.000,0.00,0.000,0.000,0.00,0.000,0.000,0.00,0.000,0.000,0.00,0.000,0.000,0.00,0.000,0.000,0.00,0.000,0.000,0.00,0.000,0.000,0.00,0.000,0.000,0.00,0.000,0.000,0.00,0.000,0.000,0.00,0.000,0.000,0.00,0.000,0.000,0.00,0.000,0.000,0.00,0.000,0.000,0.00
37.2056,0.000,0.000,0.00,100.00,0.00,0.000,0.000,0.00,0.000,0.000,0.00,0.000,0.000,0.00,0.000,0.000,0.00,0.000,0.000,0.00,0.000,0.000,0.00,0.000,0.000,0.00,0.000,0.000,0.00,0.000,0.000,0.00,0.000,0.000,0.00,0.000,0.000,0.00,0.000,0.000,0.00,0.000,0.000,0.00,0.000,0.000,0.00,0.000,0.000,0.00,0.000,0.000,0.00,0.000,0.000,0.00,0.000,0.000,0.00,0.000,0.000,0.00,0.000,0.000,0.00,0.000,0.000,0.00,0.000,0.000,0.00,0.000,0.000,0.00,0.000,0.000,0.00,0.000,0.000,0.00,0.000,0.000,0.00,0.000,0.000,0.00,0.000,0.000,0.00,0.000,0.000,0.00,0.000,0.000,0.00
37.3215,0.000,0.000,0.00,100.00,0.00,0.000,0.000,0.00,0.000,0.000,0.00,0.000,0.000,0.00,0.000,0.000,0.00,0.000,0.000,0.00,0.000,0.000,0.00,0.000,0.000,0.00,0.000,0.000,0.00,0.000,0.000,0.00,0.000,0.000,0.00,0.000,0.000,0.00,0.000,0.000,0.00,0.000,0.000,0.00,0.000,0.000,0.00,0.000,0.000,0.00,0.000,0.000,0.00,0.000,0.000,0.00,0.000,0.000,0.00,0.000,0.000,0.00,0.000,0.000,0.00,0.000,0.000,0.00,0.000,0.000,0.00,0.000,0.000,0.00,0.000,0.000,0.00,0.000,0.000,0.00,0.000,0.000,0.00,0.000,0.000,0.00,0.000,0.000,0.00,0.000,0.000,0.00,0.000,0.000,0.00
37.4456,0.000,0.000,0.00,100.00,0.00,0.000,0.000,0.00,0.000,0.000,0.00,0.000,0.000,0.00,0.000,0.000,0.00,0.000,0.000,0.00,0.000,0.000,0.00,0.000,0.000,0.00,0.000,0.000,0.00,0.000,0.000,0.00,0.000,0.000,0.00,0.000,0.000,0.00,0.000,0.000,0.00,0.000,0.000,0.00,0.000,0.000,0.00,0.000,0.000,0.00,0.000,0.000,0.00,0.000,0.000,0.00,0.000,0.000,0.00,0.000,0.000,0.00,0.000,0.000,0.00,0.000,0.000,0.00,0.000,0.000,0.00,0.000,0.000,0.00,0.000,0.000,0.00,0.000,0.000,0.00,0.000,0.000,0.00,0.000,0.000,0.00,0.000,0.000,0.00,0.000,0.000,0.00,0.000,0.000,0.00
37.5527,0.000,0.000,0.00,100.00,0.00,0.000,0.000,0.00,0.000,0.000,0.00,0.000,0.000,0.00,0.000,0.000,0.00,0.000,0.000,0.00,0.000,0.000,0.00,0.000,0.000,0.00,0.000,0.000,0.00,0.000,0.000,0.00,0.000,0.000,0.00,0.000,0.000,0.00,0.000,0.000,0.00,0.000,0.000,0.00,0.000,0.000,0.00,0.000,0.000,0.00,0.000,0.000,0.00,0.000,0.000,0.00,0.000,0.000,0.00,0.000,0.000,0.00,0.000,0.000,0.00,0.000,0.000,0.00,0.000,0.000,0.00,0.000,0.000,0.00,0.000,0.000,0.00,0.000,0.000,0.00,0.000,0.000,0.00,0.000,0.000,0.00,0.000,0.000,0.00,0.000,0.000,0.00,0.000,0.000,0.00
37.6615,0.000,0.000,0.00,100.00,0.00,0.000,0.000,0.00,0.000,0.000,0.00,0.000,0.000,0.00,0.000,0.000,0.00,0.000,0.000,0.00,0.000,0.000,0.00,0.000,0.000,0.00,0.000,0.000,0.00,0.000,0.000,0.00,0.000,0.000,0.00,0.000,0.000,0.00,0.000,0.000,0.00,0.000,0.000,0.00,0.000,0.000,0.00,0.000,0.000,0.00,0.000,0.000,0.00,0.000,0.000,0.00,0.000,0.000,0.00,0.000,0.000,0.00,0.000,0.000,0.00,0.000,0.000,0.00,0.000,0.000,0.00,0.000,0.000,0.00,0.000,0.000,0.00,0.000,0.000,0.00,0.000,0.000,0.00,0.000,0.000,0.00,0.000,0.000,0.00,0.000,0.000,0.00,0.000,0.000,0.00
37.7784,0.000,0.000,0.00,100.00,0.00,0.000,0.000,0.00,0.000,0.000,0.00,0.000,0.000,0.00,0.000,0.000,0.00,0.000,0.000,0.00,0.000,0.000,0.00,0.000,0.000,0.00,0.000,0.000,0.00,0.000,0.000,0.00,0.000,0.000,0.00,0.000,0.000,0.00,0.000,0.000,0.00,0.000,0.000,0.00,0.000,0.000,0.00,0.000,0.000,0.00,0.000,0.000,0.00,0.000,0.000,0.00,0.000,0.000,0.00,0.000,0.000,0.00,0.000,0.000,0.00,0.000,0.000,0.00,0.000,0.000,0.00,0.000,0.000,0.00,0.000,0.000,0.00,0.000,0.000,0.00,0.000,0.000,0.00,0.000,0.000,0.00,0.000,0.000,0.00,0.000,0.000,0.00,0.000,0.000,0.00
37.8905,0.000,0.000,0.00,100.00,0.00,0.000,0.000,0.00,0.000,0.000,0.00,0.000,0.000,0.00,0.000,0.000,0.00,0.000,0.000,0.00,0.000,0.000,0.00,0.000,0.000,0.00,0.000,0.000,0.00,0.000,0.000,0.00,0.000,0.000,0.00,0.000,0.000,0.00,0.000,0.000,0.00,0.000,0.000,0.00,0.000,0.000,0.00,0.000,0.000,0.00,0.000,0.000,0.00,0.000,0.000,0.00,0.000,0.000,0.00,0.000,0.000,0.00,0.000,0.000,0.00,0.000,0.000,0.00,0.000,0.000,0.00,0.000,0.000,0.00,0.000,0.000,0.00,0.000,0.000,0.00,0.000,0.000,0.00,0.000,0.000,0.00,0.000,0.000,0.00,0.000,0.000,0.00,0.000,0.000,0.00
38.0104,0.000,0.316,0.00,100.00,0.00,0.000,0.000,0.00,0.000,0.000,0.00,0.000,0.000,0.00,0.000,0.000,0.00,0.000,0.000,0.00,0.000,0.000,0.00,0.000,0.000,0.00,0.000,0.000,0.00,0.000,0.000,0.00,0.000,0.000,0.00,0.000,0.000,0.00,0.000,0.000,0.00,0.000,0.000,0.00,0.000,0.000,0.00,0.000,0.000,0.00,0.000,0.000,0.00,0.000,0.000,0.00,0.000,0.000,0.00,0.000,0.000,0.00,0.000,0.000,0.00,0.000,0.000,0.00,0.000,0.316,0.00,0.000,0.000,0.00,0.000,0.000,0.00,0.000,0.000,0.00,0.000,0.000,0.00,0.000,0.000,0.00,0.000,0.000,0.00,0.000,0.000,0.00,0.000,0.000,0.00
38.1389,0.000,0.000,0.00,100.00,0.00,0.000,0.000,0.00,0.000,0.000,0.00,0.000,0.000,0.00,0.000,0.000,0.00,0.000,0.000,0.00,0.000,0.000,0.00,0.000,0.000,0.00,0.000,0.000,0.00,0.000,0.000,0.00,0.000,0.000,0.00,0.000,0.000,0.00,0.000,0.000,0.00,0.000,0.000,0.00,0.000,0.000,0.00,0.000,0.000,0.00,0.000,0.000,0.00,0.000,0.000,0.00,0.000,0.000,0.00,0.000,0.000,0.00,0.000,0.000,0.00,0.000,0.000,0.00,0.000,0.000,0.00,0.000,0.000,0.00,0.000,0.000,0.00,0.000,0.000,0.00,0.000,0.000,0.00,0.000,0.000,0.00,0.000,0.000,0.00,0.000,0.000,0.00,0.000,0.000,0.00
38.2484,0.000,0.000,0.00,100.00,0.00,0.000,0.000,0.00,0.000,0.000,0.00,0.000,0.000,0.00,0.000,0.000,0.00,0.000,0.000,0.00,0.000,0.000,0.00,0.000,0.000,0.00,0.000,0.000,0.00,0.000,0.000,0.00,0.000,0.000,0.00,0.000,0.000,0.00,0.000,0.000,0.00,0.000,0.000,0.00,0.000,0.000,0.00,0.000,0.000,0.00,0.000,0.000,0.00,0.000,0.000,0.00,0.000,0.000,0.00,0.000,0.000,0.00,0.000,0.000,0.00,0.000,0.000,0.00,0.000,0.000,0.00,0.000,0.000,0.00,0.000,0.000,0.00,0.000,0.000,0.00,0.000,0.000,0.00,0.000,0.000,0.00,0.000,0.000,0.00,0.000,0.000,0.00,0.000,0.000,0.00
38.3644,0.000,0.000,0.00,100.00,0.00,0.000,0.000,0.00,0.000,0.000,0.00,0.000,0.000,0.00,0.000,0.000,0.00,0.000,0.000,0.00,0.000,0.000,0.00,0.000,0.000,0.00,0.000,0.000,0.00,0.000,0.000,0.00,0.000,0.000,0.00,0.000,0.000,0.00,0.000,0.000,0.00,0.000,0.000,0.00,0.000,0.000,0.00,0.000,0.000,0.00,0.000,0.000,0.00,0.000,0.000,0.00,0.000,0.000,0.00,0.000,0.000,0.00,0.000,0.000,0.00,0.000,0.000,0.00,0.000,0.000,0.00,0.000,0.000,0.00,0.000,0.000,0.00,0.000,0.000,0.00,0.000,0.000,0.00,0.000,0.000,0.00,0.000,0.000,0.00,0.000,0.000,0.00,0.000,0.000,0.00
38.4844,0.000,0.000,0.00,100.00,0.00,0.000,0.000,0.00,0.000,0.000,0.00,0.000,0.000,0.00,0.000,0.000,0.00,0.000,0.000,0.00,0.000,0.000,0.00,0.000,0.000,0.00,0.000,0.000,0.00,0.000,0.000,0.00,0.000,0.000,0.00,0.000,0.000,0.00,0.000,0.000,0.00,0.000,0.000,0.00,0.000,0.000,0.00,0.000,0.000,0.00,0.000,0.000,0.00,0.000,0.000,0.00,0.000,0.000,0.00,0.000,0.000,0.00,0.000,0.000,0.00,0.000,0.000,0.00,0.000,0.000,0.00,0.000,0.000,0.00,0.000,0.000,0.00,0.000,0.000,0.00,0.000,0.000,0.00,0.000,0.000,0.00,0.000,0.000,0.00,0.000,0.000,0.00,0.000,0.000,0.00
38.5936,0.000,0.000,0.00,96.90,0.00,0.000,0.000,0.00,0.000,0.000,0.00,0.000,0.000,0.00,0.000,0.000,0.00,0.000,0.000,0.00,0.000,0.000,0.00,0.000,0.000,0.00,0.000,0.000,0.00,0.000,0.000,0.00,0.000,0.000,0.00,0.000,0.000,0.00,0.000,0.000,0.00,0.000,0.000,0.00,0.000,0.000,0.00,0.000,0.000,0.00,0.000,0.000,0.00,0.000,0.000,0.00,0.000,0.000,0.00,0.000,0.000,0.00,0.000,0.000,0.00,0.000,0.000,0.00,0.000,0.000,0.00,0.000,0.000,0.00,0.000,0.000,0.00,0.000,0.000,0.00,0.000,0.000,0.00,0.000,0.000,0.00,0.000,0.000,0.00,0.000,0.000,0.00,0.000,0.000,0.00
38.7414,0.000,0.000,0.00,96.25,0.00,0.000,0.000,0.00,0.000,0.000,0.00,0.000,0.000,0.00,0.000,0.000,0.00,0.000,0.000,0.00,0.000,0.000,0.00,0.000,0.000,0.00,0.000,0.000,0.00,0.000,0.000,0.00,0.000,0.000,0.00,0.000,0.000,0.00,0.000,0.000,0.00,0.000,0.000,0.00,0.000,0.000,0.00,0.000,0.000,0.00,0.000,0.000,0.00,0.000,0.000,0.00,0.000,0.000,0.00,0.000,0.000,0.00,0.000,0.000,0.00,0.000,0.000,0.00,0.000,0.000,0.00,0.000,0.000,0.00,0.000,0.000,0.00,0.000,0.000,0.00,0.000,0.000,0.00,0.000,0.000,0.00,0.000,0.000,0.00,0.000,0.000,0.00,0.000,0.000,0.00
38.8468,0.000,37219.522,71.85,85.60,0.00,0.000,1233.522,77.79,0.000,1390.199,83.48,0.000,1221.087,75.90,0.000,1541.902,85.38,0.000,1161.400,69.25,0.000,1193.731,66.41,0.000,1512.059,79.69,0.000,1432.477,70.20,0.000,1482.215,81.59,0.000,1352.895,58.82,0.000,1218.600,72.10,0.000,636.656,48.38,0.000,915.193,62.61,0.000,1432.477,74.00,0.000,1153.939,68.31,0.000,1193.731,69.25,0.000,1392.686,71.15,0.000,1193.731,67.36,0.000,1233.522,65.46,0.000,1273.313,69.25,0.000,1395.173,74.95,0.000,1519.519,88.23,0.000,1039.540,62.61,0.000,912.706,59.77,0.000,1004.723,71.15,0.000,1233.522,79.69,0.000,1059.436,74.00,0.000,1233.522,81.59,0.000,1198.704,69.25,0.000,1457.346,77.79
38.9557,0.000,33887.979,56.56,96.46,0.00,0.000,1252.345,78.09,0.000,768.266,38.59,0.000,1305.329,58.80,0.000,1011.510,47.77,0.000,1341.454,55.12,0.000,1156.011,51.45,0.000,1425.747,63.39,0.000,1095.802,63.39,0.000,1146.378,49.61,0.000,1283.654,54.20,0.000,939.259,63.39,0.000,1078.944,64.31,0.000,963.342,41.34,0.000,1233.078,57.88,0.000,985.018,42.26,0.000,1196.953,64.31,0.000,1454.647,79.93,0.000,1078.944,46.85,0.000,1156.011,50.53,0.000,1295.696,46.85,0.000,999.468,43.18,0.000,1341.454,78.09,0.000,1004.284,44.10,0.000,1300.512,79.93,0.000,1141.561,65.23,0.000,1156.011,68.90,0.000,900.725,54.20,0.000,748.999,46.85,0.000,997.059,41.34,0.000,1129.519,56.96
39.0739,0.000,34846.510,60.82,96.70,0.00,0.000,1579.495,83.78,0.000,1275.576,60.93,0.000,1470.794,71.08,0.000,1029.334,55.01,0.000,1047.081,36.39,0.000,1171.311,55.85,0.000,816.368,46.54,0.000,978.311,48.24,0.000,1029.334,51.62,0.000,1160.219,42.31,0.000,816.368,55.01,0.000,1277.794,60.08,0.000,1029.334,49.08,0.000,1064.828,45.70,0.000,973.874,44.00,0.000,1382.059,71.08,0.000,1215.679,59.24,0.000,1206.806,53.31,0.000,1029.334,55.85,0.000,936.162,51.62,0.000,1342.127,66.01,0.000,1053.736,67.70,0.000,1271.139,60.93,0.000,1166.874,70.24,0.000,1246.737,82.93,0.000,1291.104,87.16,0.000,1273.357,88.86,0.000,1366.530,92.24,0.000,1277.794,59.24,0.000,1067.047,52.47
39.1915,0.000,38114.232,69.49,96.03,0.00,0.000,1336.794,88.39,0.000,1396.950,71.39,0.000,1318.970,67.14,0.000,1461.562,71.39,0.000,1550.681,58.64,0.000,1526.173,77.34,0.000,1247.675,62.04,0.000,1105.083,53.54,0.000,937.984,50.14,0.000,1283.322,48.44,0.000,1276.639,79.89,0.000,1176.379,60.34,0.000,1466.018,83.29,0.000,1069.435,60.34,0.000,1283.322,71.39,0.000,891.196,49.29,0.000,962.492,50.14,0.000,1497.210,78.19,0.000,1247.675,73.94,0.000,1176.379,67.99,0.000,1682.133,90.09,0.000,1154.099,73.94,0.000,1318.970,72.24,0.000,1249.903,82.44,0.000,1216.483,79.04,0.000,1575.189,91.79,0.000,1238.763,75.64,0.000,1229.851,80.74,0.000,1345.706,65.44,0.000,891.196,50.14
39.3086,0.000,36813.587,65.44,95.73,0.00,0.000,1227.194,68.34,0.000,1583.260,89.70,0.000,1269.743,73.47,0.000,1173.448,67.49,0.000,1254.067,52.96,0.000,1677.315,86.28,0.000,859.932,51.26,0.000,1110.745,64.07,0.000,1424.262,74.32,0.000,1330.207,54.67,0.000,1189.124,62.36,0.000,1504.881,72.61,0.000,1495.923,75.18,0.000,772.595,43.57,0.000,1361.559,71.76,0.000,987.578,54.67,0.000,1254.067,66.63,0.000,994.296,53.82,0.000,1735.539,89.70,0.000,967.423,56.38,0.000,1325.728,75.18,0.000,1251.828,64.07,0.000,1422.023,72.61,0.000,909.199,46.98,0.000,1245.109,65.78,0.000,1090.590,66.63,0.000,938.311,55.53,0.000,1083.872,60.65,0.000,1119.703,58.94,0.000,1254.067,67.49
39.4375,0.000,35544.350,62.00,95.71,0.00,0.000,1102.119,72.14,0.000,1327.830,64.38,0.000,961.812,50.42,0.000,1472.203,73.69,0.000,1268.860,45.77,0.000,923.177,52.75,0.000,976.046,54.30,0.000,1258.693,59.73,0.000,1132.620,53.52,0.000,1329.863,49.64,0.000,1399.000,83.00,0.000,1106.186,52.75,0.000,1142.787,64.38,0.000,1175.322,66.71,0.000,1138.721,62.06,0.000,1445.768,62.83,0.000,1193.623,57.40,0.000,1244.459,69.04,0.000,1352.231,69.04,0.000,1203.790,54.30,0.000,1008.581,52.75,0.000,1171.255,76.79,0.000,1346.130,67.49,0.000,1150.921,75.24,0.000,892.676,50.42,0.000,1008.581,55.07,0.000,917.077,54.30,0.000,1246.492,69.04,0.000,1319.696,67.49,0.000,1327.830,73.69
39.5566,0.000,38911.100,61.80,96.00,0.00,0.000,1084.655,51.20,0.000,1372.869,67.98,0.000,1232.062,54.55,0.000,1522.477,66.30,0.000,1372.869,52.04,0.000,1056.053,56.23,0.000,1709.487,80.57,0.000,1137.458,53.71,0.000,1276.065,55.39,0.000,1267.264,46.16,0.000,1262.864,57.91,0.000,1398.136,60.43,0.000,1232.062,55.39,0.000,1309.066,66.30,0.000,1260.664,60.43,0.000,1302.466,57.07,0.000,1040.653,48.68,0.000,1144.058,59.59,0.000,1328.867,64.62,0.000,1333.267,62.11,0.000,1421.272,74.70,0.000,985.650,50.36,0.000,1617.082,75.53,0.000,1645.683,76.37,0.000,1221.062,62.11,0.000,1171.525,66.30,0.000,1276.065,64.62,0.000,1091.255,67.14,0.000,1454.274,69.66,0.000,1383.870,70.50
39.6985,0.000,32863.077,55.33,95.29,0.00,0.000,1149.263,70.48,0.000,918.302,51.45,0.000,1145.568,56.39,0.000,1365.443,69.07,0.000,916.454,31.01,0.000,1010.687,47.93,0.000,1136.330,57.09,0.000,1051.336,52.86,0.000,1346.966,57.09,0.000,916.454,31.72,0.000,1014.382,64.14,0.000,1107.719,55.68,0.000,940.474,45.81,0.000,1156.654,54.27,0.000,1003.296,46.52,0.000,1141.873,59.21,0.000,1319.251,68.37,0.000,1346.966,61.32,0.000,1130.786,53.57,0.000,1263.820,52.16,0.000,663.321,33.83,0.000,975.580,62.73,0.000,931.236,50.04,0.000,1454.132,79.65,0.000,1243.496,69.07,0.000,943.275,55.68,0.000,1036.554,57.80,0.000,727.990,43.00,0.000,1435.655,68.37,0.000,1069.813,53.57
39.8186,0.000,36288.568,66.44,97.22,0.00,0.000,1238.116,85.80,0.000,1131.119,69.14,0.000,1342.931,77.47,0.000,1172.608,69.97,0.000,768.637,27.49,0.000,1251.218,73.30,0.000,1238.116,69.14,0.000,1342.931,69.14,0.000,1537.273,76.63,0.000,873.451,35.82,0.000,1483.740,98.29,0.000,1495.784,74.97,0.000,1054.692,40.82,0.000,1432.459,62.47,0.000,1118.017,49.15,0.000,1480.499,70.80,0.000,1366.950,71.64,0.000,1371.318,59.14,0.000,803.575,35.82,0.000,1061.243,39.98,0.000,1124.568,47.48,0.000,1139.853,85.80,0.000,995.734,36.65,0.000,932.409,74.97,0.000,1041.590,80.80,0.000,1089.630,79.97,0.000,1550.375,92.46,0.000,1334.196,90.80,0.000,1207.546,69.97,0.000,1307.992,77.47
39.9337,0.000,37687.617,64.64,96.47,0.00,0.000,1220.139,53.84,0.000,1311.194,56.44,0.000,1231.521,59.92,0.000,1529.726,66.86,0.000,1800.615,66.86,0.000,1347.616,67.73,0.000,967.461,50.37,0.000,1399.973,63.39,0.000,1067.622,45.16,0.000,1033.476,46.89,0.000,1052.861,66.00,0.000,1056.240,52.10,0.000,1274.772,65.13,0.000,876.406,48.63,0.000,1249.839,66.00,0.000,1192.822,54.71,0.000,1092.662,50.37,0.000,1445.500,73.81,0.000,1165.506,65.13,0.000,1092.662,65.13,0.000,1566.148,79.89,0.000,1154.124,66.00,0.000,1217.863,68.60,0.000,1238.350,66.00,0.000,1140.466,79.89,0.000,1390.867,92.92,0.000,1478.259,85.10,0.000,1425.013,88.57,0.000,1529.726,70.34,0.000,1138.189,57.31
40.0562,0.000,35047.626,57.40,95.71,0.00,0.000,622.846,37.56,0.000,1115.130,62.05,0.000,1232.850,59.60,0.000,1027.375,53.07,0.000,1025.234,34.29,0.000,1125.832,55.52,0.000,1269.236,61.24,0.000,1035.936,51.44,0.000,1267.096,53.07,0.000,1168.639,40.82,0.000,1042.357,57.97,0.000,1172.920,51.44,0.000,1215.727,58.79,0.000,1322.745,64.50,0.000,1288.399,66.14,0.000,1282.078,61.24,0.000,1005.971,50.62,0.000,1256.394,59.60,0.000,1262.815,60.42,0.000,1438.325,58.79,0.000,978.146,46.54,0.000,913.935,50.62,0.000,1114.193,45.72,0.000,1487.553,69.40,0.000,1459.728,80.02,0.000,1107.605,69.40,0.000,1349.734,77.57,0.000,1363.412,77.57,0.000,1095.866,56.34,0.000,999.550,50.62
40.1725,0.000,35840.433,60.08,96.78,0.00,0.000,1331.720,73.92,0.000,1223.560,50.72,0.000,937.387,49.00,0.000,973.440,41.26,0.000,851.760,30.09,0.000,1482.694,67.05,0.000,1385.800,53.29,0.000,1155.960,59.31,0.000,928.373,38.68,0.000,1352.000,46.42,0.000,1014.000,59.31,0.000,1144.693,55.87,0.000,1376.787,62.75,0.000,1203.280,67.05,0.000,1318.200,68.77,0.000,1399.320,69.63,0.000,1158.213,61.03,0.000,1318.200,67.05,0.000,1207.787,62.75,0.000,1288.907,62.75,0.000,1252.853,62.75,0.000,1081.600,63.61,0.000,1448.894,66.19,0.000,1210.040,67.91,0.000,1029.773,69.63,0.000,1118.815,73.92,0.000,1358.760,80.80,0.000,1176.240,77.36,0.000,1207.787,49.86,0.000,903.587,43.84
40.2935,0.000,35356.922,65.99,95.35,0.00,0.000,932.094,66.15,0.000,1064.322,53.75,0.000,1255.076,57.88,0.000,806.370,45.48,0.000,1526.033,57.88,0.000,1270.249,68.63,0.000,1040.477,62.02,0.000,1456.668,76.90,0.000,1489.183,62.84,0.000,901.747,38.04,0.000,1391.638,86.82,0.000,1213.890,67.81,0.000,1374.297,64.50,0.000,1250.740,66.98,0.000,1201.833,66.98,0.000,1029.639,60.36,0.000,864.897,57.06,0.000,1046.980,53.75,0.000,1096.836,60.36,0.000,1036.142,52.92,0.000,1133.687,65.32,0.000,1051.316,72.77,0.000,1142.357,54.58,0.000,1304.932,81.86,0.000,1174.127,82.69,0.000,1359.123,85.17,0.000,914.753,72.77,0.000,1456.668,95.92,0.000,1192.214,67.81,0.000,1378.632,73.59
40.4106,0.000,37253.228,74.23,95.66,0.00,0.000,1013.984,76.85,0.000,1546.717,83.68,0.000,1282.588,75.14,0.000,1289.304,75.14,0.000,1146.048,45.26,0.000,1233.344,75.14,0.000,1504.187,86.24,0.000,975.931,61.48,0.000,1130.379,67.46,0.000,1146.048,40.99,0.000,921.301,68.31,0.000,1504.187,79.41,0.000,1063.228,68.31,0.000,1137.094,74.29,0.000,1409.196,90.51,0.000,1336.309,73.43,0.000,1381.077,74.29,0.000,1425.844,84.53,0.000,895.350,53.79,0.000,1266.920,72.58,0.000,1647.443,76.85,0.000,1522.094,97.34,0.000,1237.821,72.58,0.000,1116.949,76.85,0.000,1189.346,82.83,0.000,1270.242,87.09,0.000,928.925,70.87,0.000,1065.466,78.56,0.000,1414.653,81.97,0.000,1251.251,75.14
40.5318,0.000,34167.061,60.38,92.32,0.00,0.000,1433.588,94.03,0.000,942.752,46.19,0.000,1176.278,50.32,0.000,752.472,35.47,0.000,1005.458,30.52,0.000,890.857,48.67,0.000,1569.812,60.21,0.000,1133.032,54.44,0.000,856.261,40.42,0.000,834.638,29.69,0.000,1425.818,99.81,0.000,968.699,48.67,0.000,1003.296,47.02,0.000,1233.544,62.69,0.000,1167.629,56.91,0.000,1107.085,56.09,0.000,1104.923,53.61,0.000,1230.335,60.21,0.000,884.371,44.54,0.000,1111.409,50.32,0.000,1297.365,56.09,0.000,1422.777,99.81,0.000,1120.059,51.14,0.000,1286.554,92.38,0.000,1161.142,81.66,0.000,1151.445,78.36,0.000,1221.686,86.61,0.000,1223.920,82.48,0.000,1308.177,55.26,0.000,1141.681,57.74
40.6444,0.000,38695.906,57.04,35.11,1.31,0.000,744.890,48.84,0.000,1710.919,85.25,0.000,1191.824,56.83,0.000,1266.313,61.27,0.000,1226.741,27.53,0.000,1534.008,71.04,0.000,1047.502,38.18,0.000,1350.113,70.15,0.000,1713.247,63.93,0.000,1075.435,38.18,0.000,1520.041,80.81,0.000,1191.824,50.61,0.000,1564.269,50.61,0.000,1172.074,55.94,0.000,1042.846,57.72,0.000,1378.046,63.93,0.000,1082.418,53.28,0.000,1087.074,55.05,0.000,1319.852,59.49,0.000,1261.657,41.73,0.000,1061.468,37.30,0.000,2004.220,99.45,0.000,1191.824,45.29,0.000,1452.535,58.61,0.000,1080.090,48.84,0.000,1270.968,63.93,0.000,1378.046,48.84,0.000,1359.424,68.37,0.000,998.618,41.73,0.000,1417.619,68.37
40.7465,0.000,174.681,0.23,1.99,0.00,0.000,0.000,0.00,0.000,0.000,0.00,0.000,0.000,0.00,0.000,0.000,0.00,0.000,0.000,0.00,0.000,0.000,0.00,0.000,0.000,0.00,0.000,0.000,0.00,0.000,0.000,0.00,0.000,0.000,0.00,0.000,0.000,0.00,0.000,0.000,0.00,0.000,0.000,0.00,0.000,0.000,0.00,0.000,0.000,0.00,0.000,0.000,0.00,0.000,0.000,0.00,0.000,0.000,0.00,0.000,0.000,0.00,0.000,0.000,0.00,0.000,0.000,0.00,0.000,174.681,6.86,0.000,0.000,0.00,0.000,0.000,0.00,0.000,0.000,0.00,0.000,0.000,0.00,0.000,0.000,0.00,0.000,0.000,0.00,0.000,0.000,0.00,0.000,0.000,0.00
40.8484,0.000,0.000,0.00,0.77,0.00,0.000,0.000,0.00,0.000,0.000,0.00,0.000,0.000,0.00,0.000,0.000,0.00,0.000,0.000,0.00,0.000,0.000,0.00,0.000,0.000,0.00,0.000,0.000,0.00,0.000,0.000,0.00,0.000,0.000,0.00,0.000,0.000,0.00,0.000,0.000,0.00,0.000,0.000,0.00,0.000,0.000,0.00,0.000,0.000,0.00,0.000,0.000,0.00,0.000,0.000,0.00,0.000,0.000,0.00,0.000,0.000,0.00,0.000,0.000,0.00,0.000,0.000,0.00,0.000,0.000,0.00,0.000,0.000,0.00,0.000,0.000,0.00,0.000,0.000,0.00,0.000,0.000,0.00,0.000,0.000,0.00,0.000,0.000,0.00,0.000,0.000,0.00,0.000,0.000,0.00
40.9495,0.000,0.000,0.00,0.77,0.00,0.000,0.000,0.00,0.000,0.000,0.00,0.000,0.000,0.00,0.000,0.000,0.00,0.000,0.000,0.00,0.000,0.000,0.00,0.000,0.000,0.00,0.000,0.000,0.00,0.000,0.000,0.00,0.000,0.000,0.00,0.000,0.000,0.00,0.000,0.000,0.00,0.000,0.000,0.00,0.000,0.000,0.00,0.000,0.000,0.00,0.000,0.000,0.00,0.000,0.000,0.00,0.000,0.000,0.00,0.000,0.000,0.00,0.000,0.000,0.00,0.000,0.000,0.00,0.000,0.000,0.00,0.000,0.000,0.00,0.000,0.000,0.00,0.000,0.000,0.00,0.000,0.000,0.00,0.000,0.000,0.00,0.000,0.000,0.00,0.000,0.000,0.00,0.000,0.000,0.00
41.0506,0.000,0.000,0.00,0.85,0.00,0.000,0.000,0.00,0.000,0.000,0.00,0.000,0.000,0.00,0.000,0.000,0.00,0.000,0.000,0.00,0.000,0.000,0.00,0.000,0.000,0.00,0.000,0.000,0.00,0.000,0.000,0.00,0.000,0.000,0.00,0.000,0.000,0.00,0.000,0.000,0.00,0.000,0.000,0.00,0.000,0.000,0.00,0.000,0.000,0.00,0.000,0.000,0.00,0.000,0.000,0.00,0.000,0.000,0.00,0.000,0.000,0.00,0.000,0.000,0.00,0.000,0.000,0.00,0.000,0.000,0.00,0.000,0.000,0.00,0.000,0.000,0.00,0.000,0.000,0.00,0.000,0.000,0.00,0.000,0.000,0.00,0.000,0.000,0.00,0.000,0.000,0.00,0.000,0.000,0.00
41.1518,0.000,0.000,0.00,0.85,0.00,0.000,0.000,0.00,0.000,0.000,0.00,0.000,0.000,0.00,0.000,0.000,0.00,0.000,0.000,0.00,0.000,0.000,0.00,0.000,0.000,0.00,0.000,0.000,0.00,0.000,0.000,0.00,0.000,0.000,0.00,0.000,0.000,0.00,0.000,0.000,0.00,0.000,0.000,0.00,0.000,0.000,0.00,0.000,0.000,0.00,0.000,0.000,0.00,0.000,0.000,0.00,0.000,0.000,0.00,0.000,0.000,0.00,0.000,0.000,0.00,0.000,0.000,0.00,0.000,0.000,0.00,0.000,0.000,0.00,0.000,0.000,0.00,0.000,0.000,0.00,0.000,0.000,0.00,0.000,0.000,0.00,0.000,0.000,0.00,0.000,0.000,0.00,0.000,0.000,0.00
41.2530,0.000,0.000,0.00,0.77,0.00,0.000,0.000,0.00,0.000,0.000,0.00,0.000,0.000,0.00,0.000,0.000,0.00,0.000,0.000,0.00,0.000,0.000,0.00,0.000,0.000,0.00,0.000,0.000,0.00,0.000,0.000,0.00,0.000,0.000,0.00,0.000,0.000,0.00,0.000,0.000,0.00,0.000,0.000,0.00,0.000,0.000,0.00,0.000,0.000,0.00,0.000,0.000,0.00,0.000,0.000,0.00,0.000,0.000,0.00,0.000,0.000,0.00,0.000,0.000,0.00,0.000,0.000,0.00,0.000,0.000,0.00,0.000,0.000,0.00,0.000,0.000,0.00,0.000,0.000,0.00,0.000,0.000,0.00,0.000,0.000,0.00,0.000,0.000,0.00,0.000,0.000,0.00,0.000,0.000,0.00
41.3544,0.000,0.000,0.00,0.77,0.00,0.000,0.000,0.00,0.000,0.000,0.00,0.000,0.000,0.00,0.000,0.000,0.00,0.000,0.000,0.00,0.000,0.000,0.00,0.000,0.000,0.00,0.000,0.000,0.00,0.000,0.000,0.00,0.000,0.000,0.00,0.000,0.000,0.00,0.000,0.000,0.00,0.000,0.000,0.00,0.000,0.000,0.00,0.000,0.000,0.00,0.000,0.000,0.00,0.000,0.000,0.00,0.000,0.000,0.00,0.000,0.000,0.00,0.000,0.000,0.00,0.000,0.000,0.00,0.000,0.000,0.00,0.000,0.000,0.00,0.000,0.000,0.00,0.000,0.000,0.00,0.000,0.000,0.00,0.000,0.000,0.00,0.000,0.000,0.00,0.000,0.000,0.00,0.000,0.000,0.00
41.4566,0.000,0.000,0.00,0.77,0.00,0.000,0.000,0.00,0.000,0.000,0.00,0.000,0.000,0.00,0.000,0.000,0.00,0.000,0.000,0.00,0.000,0.000,0.00,0.000,0.000,0.00,0.000,0.000,0.00,0.000,0.000,0.00,0.000,0.000,0.00,0.000,0.000,0.00,0.000,0.000,0.00,0.000,0.000,0.00,0.000,0.000,0.00,0.000,0.000,0.00,0.000,0.000,0.00,0.000,0.000,0.00,0.000,0.000,0.00,0.000,0.000,0.00,0.000,0.000,0.00,0.000,0.000,0.00,0.000,0.000,0.00,0.000,0.000,0.00,0.000,0.000,0.00,0.000,0.000,0.00,0.000,0.000,0.00,0.000,0.000,0.00,0.000,0.000,0.00,0.000,0.000,0.00,0.000,0.000,0.00
41.5585,0.000,0.000,0.00,0.77,0.00,0.000,0.000,0.00,0.000,0.000,0.00,0.000,0.000,0.00,0.000,0.000,0.00,0.000,0.000,0.00,0.000,0.000,0.00,0.000,0.000,0.00,0.000,0.000,0.00,0.000,0.000,0.00,0.000,0.000,0.00,0.000,0.000,0.00,0.000,0.000,0.00,0.000,0.000,0.00,0.000,0.000,0.00,0.000,0.000,0.00,0.000,0.000,0.00,0.000,0.000,0.00,0.000,0.000,0.00,0.000,0.000,0.00,0.000,0.000,0.00,0.000,0.000,0.00,0.000,0.000,0.00,0.000,0.000,0.00,0.000,0.000,0.00,0.000,0.000,0.00,0.000,0.000,0.00,0.000,0.000,0.00,0.000,0.000,0.00,0.000,0.000,0.00,0.000,0.000,0.00
41.6603,0.000,0.000,0.00,1.07,0.00,0.000,0.000,0.00,0.000,0.000,0.00,0.000,0.000,0.00,0.000,0.000,0.00,0.000,0.000,0.00,0.000,0.000,0.00,0.000,0.000,0.00,0.000,0.000,0.00,0.000,0.000,0.00,0.000,0.000,0.00,0.000,0.000,0.00,0.000,0.000,0.00,0.000,0.000,0.00,0.000,0.000,0.00,0.000,0.000,0.00,0.000,0.000,0.00,0.000,0.000,0.00,0.000,0.000,0.00,0.000,0.000,0.00,0.000,0.000,0.00,0.000,0.000,0.00,0.000,0.000,0.00,0.000,0.000,0.00,0.000,0.000,0.00,0.000,0.000,0.00,0.000,0.000,0.00,0.000,0.000,0.00,0.000,0.000,0.00,0.000,0.000,0.00,0.000,0.000,0.00
41.7621,0.000,0.000,0.00,0.84,0.00,0.000,0.000,0.00,0.000,0.000,0.00,0.000,0.000,0.00,0.000,0.000,0.00,0.000,0.000,0.00,0.000,0.000,0.00,0.000,0.000,0.00,0.000,0.000,0.00,0.000,0.000,0.00,0.000,0.000,0.00,0.000,0.000,0.00,0.000,0.000,0.00,0.000,0.000,0.00,0.000,0.000,0.00,0.000,0.000,0.00,0.000,0.000,0.00,0.000,0.000,0.00,0.000,0.000,0.00,0.000,0.000,0.00,0.000,0.000,0.00,0.000,0.000,0.00,0.000,0.000,0.00,0.000,0.000,0.00,0.000,0.000,0.00,0.000,0.000,0.00,0.000,0.000,0.00,0.000,0.000,0.00,0.000,0.000,0.00,0.000,0.000,0.00,0.000,0.000,0.00
41.8639,0.000,0.000,0.00,0.77,0.00,0.000,0.000,0.00,0.000,0.000,0.00,0.000,0.000,0.00,0.000,0.000,0.00,0.000,0.000,0.00,0.000,0.000,0.00,0.000,0.000,0.00,0.000,0.000,0.00,0.000,0.000,0.00,0.000,0.000,0.00,0.000,0.000,0.00,0.000,0.000,0.00,0.000,0.000,0.00,0.000,0.000,0.00,0.000,0.000,0.00,0.000,0.000,0.00,0.000,0.000,0.00,0.000,0.000,0.00,0.000,0.000,0.00,0.000,0.000,0.00,0.000,0.000,0.00,0.000,0.000,0.00,0.000,0.000,0.00,0.000,0.000,0.00,0.000,0.000,0.00,0.000,0.000,0.00,0.000,0.000,0.00,0.000,0.000,0.00,0.000,0.000,0.00,0.000,0.000,0.00
41.9656,0.000,0.000,0.00,0.92,0.00,0.000,0.000,0.00,0.000,0.000,0.00,0.000,0.000,0.00,0.000,0.000,0.00,0.000,0.000,0.00,0.000,0.000,0.00,0.000,0.000,0.00,0.000,0.000,0.00,0.000,0.000,0.00,0.000,0.000,0.00,0.000,0.000,0.00,0.000,0.000,0.00,0.000,0.000,0.00,0.000,0.000,0.00,0.000,0.000,0.00,0.000,0.000,0.00,0.000,0.000,0.00,0.000,0.000,0.00,0.000,0.000,0.00,0.000,0.000,0.00,0.000,0.000,0.00,0.000,0.000,0.00,0.000,0.000,0.00,0.000,0.000,0.00,0.000,0.000,0.00,0.000,0.000,0.00,0.000,0.000,0.00,0.000,0.000,0.00,0.000,0.000,0.00,0.000,0.000,0.00
42.0675,0.000,0.000,0.00,0.84,0.00,0.000,0.000,0.00,0.000,0.000,0.00,0.000,0.000,0.00,0.000,0.000,0.00,0.000,0.000,0.00,0.000,0.000,0.00,0.000,0.000,0.00,0.000,0.000,0.00,0.000,0.000,0.00,0.000,0.000,0.00,0.000,0.000,0.00,0.000,0.000,0.00,0.000,0.000,0.00,0.000,0.000,0.00,0.000,0.000,0.00,0.000,0.000,0.00,0.000,0.000,0.00,0.000,0.000,0.00,0.000,0.000,0.00,0.000,0.000,0.00,0.000,0.000,0.00,0.000,0.000,0.00,0.000,0.000,0.00,0.000,0.000,0.00,0.000,0.000,0.00,0.000,0.000,0.00,0.000,0.000,0.00,0.000,0.000,0.00,0.000,0.000,0.00,0.000,0.000,0.00
42.1692,0.000,0.000,0.00,0.77,0.00,0.000,0.000,0.00,0.000,0.000,0.00,0.000,0.000,0.00,0.000,0.000,0.00,0.000,0.000,0.00,0.000,0.000,0.00,0.000,0.000,0.00,0.000,0.000,0.00,0.000,0.000,0.00,0.000,0.000,0.00,0.000,0.000,0.00,0.000,0.000,0.00,0.000,0.000,0.00,0.000,0.000,0.00,0.000,0.000,0.00,0.000,0.000,0.00,0.000,0.000,0.00,0.000,0.000,0.00,0.000,0.000,0.00,0.000,0.000,0.00,0.000,0.000,0.00,0.000,0.000,0.00,0.000,0.000,0.00,0.000,0.000,0.00,0.000,0.000,0.00,0.000,0.000,0.00,0.000,0.000,0.00,0.000,0.000,0.00,0.000,0.000,0.00,0.000,0.000,0.00
42.2709,0.000,0.000,0.00,0.92,0.00,0.000,0.000,0.00,0.000,0.000,0.00,0.000,0.000,0.00,0.000,0.000,0.00,0.000,0.000,0.00,0.000,0.000,0.00,0.000,0.000,0.00,0.000,0.000,0.00,0.000,0.000,0.00,0.000,0.000,0.00,0.000,0.000,0.00,0.000,0.000,0.00,0.000,0.000,0.00,0.000,0.000,0.00,0.000,0.000,0.00,0.000,0.000,0.00,0.000,0.000,0.00,0.000,0.000,0.00,0.000,0.000,0.00,0.000,0.000,0.00,0.000,0.000,0.00,0.000,0.000,0.00,0.000,0.000,0.00,0.000,0.000,0.00,0.000,0.000,0.00,0.000,0.000,0.00,0.000,0.000,0.00,0.000,0.000,0.00,0.000,0.000,0.00,0.000,0.000,0.00
42.3728,0.000,0.000,0.00,0.77,0.00,0.000,0.000,0.00,0.000,0.000,0.00,0.000,0.000,0.00,0.000,0.000,0.00,0.000,0.000,0.00,0.000,0.000,0.00,0.000,0.000,0.00,0.000,0.000,0.00,0.000,0.000,0.00,0.000,0.000,0.00,0.000,0.000,0.00,0.000,0.000,0.00,0.000,0.000,0.00,0.000,0.000,0.00,0.000,0.000,0.00,0.000,0.000,0.00,0.000,0.000,0.00,0.000,0.000,0.00,0.000,0.000,0.00,0.000,0.000,0.00,0.000,0.000,0.00,0.000,0.000,0.00,0.000,0.000,0.00,0.000,0.000,0.00,0.000,0.000,0.00,0.000,0.000,0.00,0.000,0.000,0.00,0.000,0.000,0.00,0.000,0.000,0.00,0.000,0.000,0.00
42.4745,0.000,0.000,0.00,0.77,0.00,0.000,0.000,0.00,0.000,0.000,0.00,0.000,0.000,0.00,0.000,0.000,0.00,0.000,0.000,0.00,0.000,0.000,0.00,0.000,0.000,0.00,0.000,0.000,0.00,0.000,0.000,0.00,0.000,0.000,0.00,0.000,0.000,0.00,0.000,0.000,0.00,0.000,0.000,0.00,0.000,0.000,0.00,0.000,0.000,0.00,0.000,0.000,0.00,0.000,0.000,0.00,0.000,0.000,0.00,0.000,0.000,0.00,0.000,0.000,0.00,0.000,0.000,0.00,0.000,0.000,0.00,0.000,0.000,0.00,0.000,0.000,0.00,0.000,0.000,0.00,0.000,0.000,0.00,0.000,0.000,0.00,0.000,0.000,0.00,0.000,0.000,0.00,0.000,0.000,0.00
42.5764,0.000,0.000,0.00,0.84,0.00,0.000,0.000,0.00,0.000,0.000,0.00,0.000,0.000,0.00,0.000,0.000,0.00,0.000,0.000,0.00,0.000,0.000,0.00,0.000,0.000,0.00,0.000,0.000,0.00,0.000,0.000,0.00,0.000,0.000,0.00,0.000,0.000,0.00,0.000,0.000,0.00,0.000,0.000,0.00,0.000,0.000,0.00,0.000,0.000,0.00,0.000,0.000,0.00,0.000,0.000,0.00,0.000,0.000,0.00,0.000,0.000,0.00,0.000,0.000,0.00,0.000,0.000,0.00,0.000,0.000,0.00,0.000,0.000,0.00,0.000,0.000,0.00,0.000,0.000,0.00,0.000,0.000,0.00,0.000,0.000,0.00,0.000,0.000,0.00,0.000,0.000,0.00,0.000,0.000,0.00
42.6782,0.000,0.000,0.00,0.77,0.00,0.000,0.000,0.00,0.000,0.000,0.00,0.000,0.000,0.00,0.000,0.000,0.00,0.000,0.000,0.00,0.000,0.000,0.00,0.000,0.000,0.00,0.000,0.000,0.00,0.000,0.000,0.00,0.000,0.000,0.00,0.000,0.000,0.00,0.000,0.000,0.00,0.000,0.000,0.00,0.000,0.000,0.00,0.000,0.000,0.00,0.000,0.000,0.00,0.000,0.000,0.00,0.000,0.000,0.00,0.000,0.000,0.00,0.000,0.000,0.00,0.000,0.000,0.00,0.000,0.000,0.00,0.000,0.000,0.00,0.000,0.000,0.00,0.000,0.000,0.00,0.000,0.000,0.00,0.000,0.000,0.00,0.000,0.000,0.00,0.000,0.000,0.00,0.000,0.000,0.00
42.7800,0.000,0.000,0.00,0.84,0.00,0.000,0.000,0.00,0.000,0.000,0.00,0.000,0.000,0.00,0.000,0.000,0.00,0.000,0.000,0.00,0.000,0.000,0.00,0.000,0.000,0.00,0.000,0.000,0.00,0.000,0.000,0.00,0.000,0.000,0.00,0.000,0.000,0.00,0.000,0.000,0.00,0.000,0.000,0.00,0.000,0.000,0.00,0.000,0.000,0.00,0.000,0.000,0.00,0.000,0.000,0.00,0.000,0.000,0.00,0.000,0.000,0.00,0.000,0.000,0.00,0.000,0.000,0.00,0.000,0.000,0.00,0.000,0.000,0.00,0.000,0.000,0.00,0.000,0.000,0.00,0.000,0.000,0.00,0.000,0.000,0.00,0.000,0.000,0.00,0.000,0.000,0.00,0.000,0.000,0.00
42.8818,0.000,0.000,0.00,0.77,0.00,0.000,0.000,0.00,0.000,0.000,0.00,0.000,0.000,0.00,0.000,0.000,0.00,0.000,0.000,0.00,0.000,0.000,0.00,0.000,0.000,0.00,0.000,0.000,0.00,0.000,0.000,0.00,0.000,0.000,0.00,0.000,0.000,0.00,0.000,0.000,0.00,0.000,0.000,0.00,0.000,0.000,0.00,0.000,0.000,0.00,0.000,0.000,0.00,0.000,0.000,0.00,0.000,0.000,0.00,0.000,0.000,0.00,0.000,0.000,0.00,0.000,0.000,0.00,0.000,0.000,0.00,0.000,0.000,0.00,0.000,0.000,0.00,0.000,0.000,0.00,0.000,0.000,0.00,0.000,0.000,0.00,0.000,0.000,0.00,0.000,0.000,0.00,0.000,0.000,0.00
42.9836,0.000,0.000,0.00,0.92,0.00,0.000,0.000,0.00,0.000,0.000,0.00,0.000,0.000,0.00,0.000,0.000,0.00,0.000,0.000,0.00,0.000,0.000,0.00,0.000,0.000,0.00,0.000,0.000,0.00,0.000,0.000,0.00,0.000,0.000,0.00,0.000,0.000,0.00,0.000,0.000,0.00,0.000,0.000,0.00,0.000,0.000,0.00,0.000,0.000,0.00,0.000,0.000,0.00,0.000,0.000,0.00,0.000,0.000,0.00,0.000,0.000,0.00,0.000,0.000,0.00,0.000,0.000,0.00,0.000,0.000,0.00,0.000,0.000,0.00,0.000,0.000,0.00,0.000,0.000,0.00,0.000,0.000,0.00,0.000,0.000,0.00,0.000,0.000,0.00,0.000,0.000,0.00,0.000,0.000,0.00
43.0854,0.000,0.000,0.00,0.77,0.00,0.000,0.000,0.00,0.000,0.000,0.00,0.000,0.000,0.00,0.000,0.000,0.00,0.000,0.000,0.00,0.000,0.000,0.00,0.000,0.000,0.00,0.000,0.000,0.00,0.000,0.000,0.00,0.000,0.000,0.00,0.000,0.000,0.00,0.000,0.000,0.00,0.000,0.000,0.00,0.000,0.000,0.00,0.000,0.000,0.00,0.000,0.000,0.00,0.000,0.000,0.00,0.000,0.000,0.00,0.000,0.000,0.00,0.000,0.000,0.00,0.000,0.000,0.00,0.000,0.000,0.00,0.000,0.000,0.00,0.000,0.000,0.00,0.000,0.000,0.00,0.000,0.000,0.00,0.000,0.000,0.00,0.000,0.000,0.00,0.000,0.000,0.00,0.000,0.000,0.00
43.1871,0.000,0.000,0.00,0.84,0.00,0.000,0.000,0.00,0.000,0.000,0.00,0.000,0.000,0.00,0.000,0.000,0.00,0.000,0.000,0.00,0.000,0.000,0.00,0.000,0.000,0.00,0.000,0.000,0.00,0.000,0.000,0.00,0.000,0.000,0.00,0.000,0.000,0.00,0.000,0.000,0.00,0.000,0.000,0.00,0.000,0.000,0.00,0.000,0.000,0.00,0.000,0.000,0.00,0.000,0.000,0.00,0.000,0.000,0.00,0.000,0.000,0.00,0.000,0.000,0.00,0.000,0.000,0.00,0.000,0.000,0.00,0.000,0.000,0.00,0.000,0.000,0.00,0.000,0.000,0.00,0.000,0.000,0.00,0.000,0.000,0.00,0.000,0.000,0.00,0.000,0.000,0.00,0.000,0.000,0.00
43.2890,0.000,0.000,0.00,0.92,0.00,0.000,0.000,0.00,0.000,0.000,0.00,0.000,0.000,0.00,0.000,0.000,0.00,0.000,0.000,0.00,0.000,0.000,0.00,0.000,0.000,0.00,0.000,0.000,0.00,0.000,0.000,0.00,0.000,0.000,0.00,0.000,0.000,0.00,0.000,0.000,0.00,0.000,0.000,0.00,0.000,0.000,0.00,0.000,0.000,0.00,0.000,0.000,0.00,0.000,0.000,0.00,0.000,0.000,0.00,0.000,0.000,0.00,0.000,0.000,0.00,0.000,0.000,0.00,0.000,0.000,0.00,0.000,0.000,0.00,0.000,0.000,0.00,0.000,0.000,0.00,0.000,0.000,0.00,0.000,0.000,0.00,0.000,0.000,0.00,0.000,0.000,0.00,0.000,0.000,0.00
43.3909,0.000,0.000,0.00,0.77,0.00,0.000,0.000,0.00,0.000,0.000,0.00,0.000,0.000,0.00,0.000,0.000,0.00,0.000,0.000,0.00,0.000,0.000,0.00,0.000,0.000,0.00,0.000,0.000,0.00,0.000,0.000,0.00,0.000,0.000,0.00,0.000,0.000,0.00,0.000,0.000,0.00,0.000,0.000,0.00,0.000,0.000,0.00,0.000,0.000,0.00,0.000,0.000,0.00,0.000,0.000,0.00,0.000,0.000,0.00,0.000,0.000,0.00,0.000,0.000,0.00,0.000,0.000,0.00,0.000,0.000,0.00,0.000,0.000,0.00,0.000,0.000,0.00,0.000,0.000,0.00,0.000,0.000,0.00,0.000,0.000,0.00,0.000,0.000,0.00,0.000,0.000,0.00,0.000,0.000,0.00
43.4927,0.000,0.000,0.00,0.92,0.00,0.000,0.000,0.00,0.000,0.000,0.00,0.000,0.000,0.00,0.000,0.000,0.00,0.000,0.000,0.00,0.000,0.000,0.00,0.000,0.000,0.00,0.000,0.000,0.00,0.000,0.000,0.00,0.000,0.000,0.00,0.000,0.000,0.00,0.000,0.000,0.00,0.000,0.000,0.00,0.000,0.000,0.00,0.000,0.000,0.00,0.000,0.000,0.00,0.000,0.000,0.00,0.000,0.000,0.00,0.000,0.000,0.00,0.000,0.000,0.00,0.000,0.000,0.00,0.000,0.000,0.00,0.000,0.000,0.00,0.000,0.000,0.00,0.000,0.000,0.00,0.000,0.000,0.00,0.000,0.000,0.00,0.000,0.000,0.00,0.000,0.000,0.00,0.000,0.000,0.00
43.5946,0.000,0.040,0.10,0.77,0.00,0.000,0.000,0.00,0.000,0.000,0.00,0.000,0.000,0.00,0.000,0.000,0.00,0.000,0.000,0.00,0.000,0.000,0.00,0.000,0.000,0.00,0.000,0.000,0.00,0.000,0.000,0.00,0.000,0.000,0.00,0.000,0.000,0.00,0.000,0.000,0.00,0.000,0.000,0.00,0.000,0.000,0.00,0.000,0.000,0.00,0.000,0.000,0.00,0.000,0.000,0.00,0.000,0.000,0.00,0.000,0.000,0.00,0.000,0.000,0.00,0.000,0.000,0.00,0.000,0.000,0.00,0.000,0.000,0.00,0.000,0.000,0.00,0.000,0.000,0.00,0.000,0.040,2.94,0.000,0.000,0.00,0.000,0.000,0.00,0.000,0.000,0.00,0.000,0.000,0.00
43.6964,0.000,0.000,0.00,0.77,0.00,0.000,0.000,0.00,0.000,0.000,0.00,0.000,0.000,0.00,0.000,0.000,0.00,0.000,0.000,0.00,0.000,0.000,0.00,0.000,0.000,0.00,0.000,0.000,0.00,0.000,0.000,0.00,0.000,0.000,0.00,0.000,0.000,0.00,0.000,0.000,0.00,0.000,0.000,0.00,0.000,0.000,0.00,0.000,0.000,0.00,0.000,0.000,0.00,0.000,0.000,0.00,0.000,0.000,0.00,0.000,0.000,0.00,0.000,0.000,0.00,0.000,0.000,0.00,0.000,0.000,0.00,0.000,0.000,0.00,0.000,0.000,0.00,0.000,0.000,0.00,0.000,0.000,0.00,0.000,0.000,0.00,0.000,0.000,0.00,0.000,0.000,0.00,0.000,0.000,0.00
43.7982,0.000,0.080,0.29,0.84,0.00,0.000,0.000,0.00,0.000,0.000,0.00,0.000,0.000,0.00,0.000,0.000,0.00,0.000,0.000,0.00,0.000,0.000,0.00,0.000,0.000,0.00,0.000,0.000,0.00,0.000,0.000,0.00,0.000,0.000,0.00,0.000,0.000,0.00,0.000,0.000,0.00,0.000,0.000,0.00,0.000,0.040,2.95,0.000,0.000,2.95,0.000,0.000,0.00,0.000,0.000,0.00,0.000,0.040,2.95,0.000,0.000,0.00,0.000,0.000,0.00,0.000,0.000,0.00,0.000,0.000,0.00,0.000,0.000,0.00,0.000,0.000,0.00,0.000,0.000,0.00,0.000,0.000,0.00,0.000,0.000,0.00,0.000,0.000,0.00,0.000,0.000,0.00,0.000,0.000,0.00
43.8999,0.000,158.510,2.49,0.15,0.08,0.000,0.040,1.97,0.000,0.040,2.95,0.000,0.040,3.93,0.000,0.040,2.95,0.000,0.040,1.97,0.000,0.040,3.93,0.000,0.040,1.97,0.000,0.040,3.93,0.000,0.040,1.97,0.000,0.040,3.93,0.000,0.040,2.95,0.000,0.040,1.97,0.000,0.040,1.97,0.000,0.000,0.00,0.000,0.040,0.00,0.000,0.040,2.95,0.000,0.040,2.95,0.000,0.000,0.00,0.000,0.040,3.93,0.000,0.040,1.97,0.000,0.040,2.95,0.000,0.040,3.93,0.000,157.473,5.90,0.000,0.040,1.97,0.000,0.040,1.97,0.000,0.000,0.00,0.000,0.040,1.97,0.000,0.030,2.95,0.000,0.040,1.97,0.000,0.040,2.95
44.0010,0.000,0.000,0.00,0.00,0.00,0.000,0.000,0.00,0.000,0.000,0.00,0.000,0.000,0.00,0.000,0.000,0.00,0.000,0.000,0.00,0.000,0.000,0.00,0.000,0.000,0.00,0.000,0.000,0.00,0.000,0.000,0.00,0.000,0.000,0.00,0.000,0.000,0.00,0.000,0.000,0.00,0.000,0.000,0.00,0.000,0.000,0.00,0.000,0.000,0.00,0.000,0.000,0.00,0.000,0.000,0.00,0.000,0.000,0.00,0.000,0.000,0.00,0.000,0.000,0.00,0.000,0.000,0.00,0.000,0.000,0.00,0.000,0.000,0.00,0.000,0.000,0.00,0.000,0.000,0.00,0.000,0.000,0.00,0.000,0.000,0.00,0.000,0.000,0.00,0.000,0.000,0.00,0.000,0.000,0.00
44.1020,0.000,0.000,0.00,0.00,0.00,0.000,0.000,0.00,0.000,0.000,0.00,0.000,0.000,0.00,0.000,0.000,0.00,0.000,0.000,0.00,0.000,0.000,0.00,0.000,0.000,0.00,0.000,0.000,0.00,0.000,0.000,0.00,0.000,0.000,0.00,0.000,0.000,0.00,0.000,0.000,0.00,0.000,0.000,0.00,0.000,0.000,0.00,0.000,0.000,0.00,0.000,0.000,0.00,0.000,0.000,0.00,0.000,0.000,0.00,0.000,0.000,0.00,0.000,0.000,0.00,0.000,0.000,0.00,0.000,0.000,0.00,0.000,0.000,0.00,0.000,0.000,0.00,0.000,0.000,0.00,0.000,0.000,0.00,0.000,0.000,0.00,0.000,0.000,0.00,0.000,0.000,0.00,0.000,0.000,0.00
44.2031,0.000,0.000,0.00,0.08,0.00,0.000,0.000,0.00,0.000,0.000,0.00,0.000,0.000,0.00,0.000,0.000,0.00,0.000,0.000,0.00,0.000,0.000,0.00,0.000,0.000,0.00,0.000,0.000,0.00,0.000,0.000,0.00,0.000,0.000,0.00,0.000,0.000,0.00,0.000,0.000,0.00,0.000,0.000,0.00,0.000,0.000,0.00,0.000,0.000,0.00,0.000,0.000,0.00,0.000,0.000,0.00,0.000,0.000,0.00,0.000,0.000,0.00,0.000,0.000,0.00,0.000,0.000,0.00,0.000,0.000,0.00,0.000,0.000,0.00,0.000,0.000,0.00,0.000,0.000,0.00,0.000,0.000,0.00,0.000,0.000,0.00,0.000,0.000,0.00,0.000,0.000,0.00,0.000,0.000,0.00
44.3040,0.000,0.000,0.00,0.08,0.00,0.000,0.000,0.00,0.000,0.000,0.00,0.000,0.000,0.00,0.000,0.000,0.00,0.000,0.000,0.00,0.000,0.000,0.00,0.000,0.000,0.00,0.000,0.000,0.00,0.000,0.000,0.00,0.000,0.000,0.00,0.000,0.000,0.00,0.000,0.000,0.00,0.000,0.000,0.00,0.000,0.000,0.00,0.000,0.000,0.00,0.000,0.000,0.00,0.000,0.000,0.00,0.000,0.000,0.00,0.000,0.000,0.00,0.000,0.000,0.00,0.000,0.000,0.00,0.000,0.000,0.00,0.000,0.000,0.00,0.000,0.000,0.00,0.000,0.000,0.00,0.000,0.000,0.00,0.000,0.000,0.00,0.000,0.000,0.00,0.000,0.000,0.00,0.000,0.000,0.00
44.4051,0.000,0.000,0.00,0.00,0.00,0.000,0.000,0.00,0.000,0.000,0.00,0.000,0.000,0.00,0.000,0.000,0.00,0.000,0.000,0.00,0.000,0.000,0.00,0.000,0.000,0.00,0.000,0.000,0.00,0.000,0.000,0.00,0.000,0.000,0.00,0.000,0.000,0.00,0.000,0.000,0.00,0.000,0.000,0.00,0.000,0.000,0.00,0.000,0.000,0.00,0.000,0.000,0.00,0.000,0.000,0.00,0.000,0.000,0.00,0.000,0.000,0.00,0.000,0.000,0.00,0.000,0.000,0.00,0.000,0.000,0.00,0.000,0.000,0.00,0.000,0.000,0.00,0.000,0.000,0.00,0.000,0.000,0.00,0.000,0.000,0.00,0.000,0.000,0.00,0.000,0.000,0.00,0.000,0.000,0.00
44.5062,0.000,0.000,0.00,0.00,0.00,0.000,0.000,0.00,0.000,0.000,0.00,0.000,0.000,0.00,0.000,0.000,0.00,0.000,0.000,0.00,0.000,0.000,0.00,0.000,0.000,0.00,0.000,0.000,0.00,0.000,0.000,0.00,0.000,0.000,0.00,0.000,0.000,0.00,0.000,0.000,0.00,0.000,0.000,0.00,0.000,0.000,0.00,0.000,0.000,0.00,0.000,0.000,0.00,0.000,0.000,0.00,0.000,0.000,0.00,0.000,0.000,0.00,0.000,0.000,0.00,0.000,0.000,0.00,0.000,0.000,0.00,0.000,0.000,0.00,0.000,0.000,0.00,0.000,0.000,0.00,0.000,0.000,0.00,0.000,0.000,0.00,0.000,0.000,0.00,0.000,0.000,0.00,0.000,0.000,0.00
44.6073,0.000,0.000,0.00,0.00,0.00,0.000,0.000,0.00,0.000,0.000,0.00,0.000,0.000,0.00,0.000,0.000,0.00,0.000,0.000,0.00,0.000,0.000,0.00,0.000,0.000,0.00,0.000,0.000,0.00,0.000,0.000,0.00,0.000,0.000,0.00,0.000,0.000,0.00,0.000,0.000,0.00,0.000,0.000,0.00,0.000,0.000,0.00,0.000,0.000,0.00,0.000,0.000,0.00,0.000,0.000,0.00,0.000,0.000,0.00,0.000,0.000,0.00,0.000,0.000,0.00,0.000,0.000,0.00,0.000,0.000,0.00,0.000,0.000,0.00,0.000,0.000,0.00,0.000,0.000,0.00,0.000,0.000,0.00,0.000,0.000,0.00,0.000,0.000,0.00,0.000,0.000,0.00,0.000,0.000,0.00
44.7082,0.000,0.000,0.00,0.23,0.00,0.000,0.000,0.00,0.000,0.000,0.00,0.000,0.000,0.00,0.000,0.000,0.00,0.000,0.000,0.00,0.000,0.000,0.00,0.000,0.000,0.00,0.000,0.000,0.00,0.000,0.000,0.00,0.000,0.000,0.00,0.000,0.000,0.00,0.000,0.000,0.00,0.000,0.000,0.00,0.000,0.000,0.00,0.000,0.000,0.00,0.000,0.000,0.00,0.000,0.000,0.00,0.000,0.000,0.00,0.000,0.000,0.00,0.000,0.000,0.00,0.000,0.000,0.00,0.000,0.000,0.00,0.000,0.000,0.00,0.000,0.000,0.00,0.000,0.000,0.00,0.000,0.000,0.00,0.000,0.000,0.00,0.000,0.000,0.00,0.000,0.000,0.00,0.000,0.000,0.00
44.8097,0.000,0.000,0.00,0.08,0.00,0.000,0.000,0.00,0.000,0.000,0.00,0.000,0.000,0.00,0.000,0.000,0.00,0.000,0.000,0.00,0.000,0.000,0.00,0.000,0.000,0.00,0.000,0.000,0.00,0.000,0.000,0.00,0.000,0.000,0.00,0.000,0.000,0.00,0.000,0.000,0.00,0.000,0.000,0.00,0.000,0.000,0.00,0.000,0.000,0.00,0.000,0.000,0.00,0.000,0.000,0.00,0.000,0.000,0.00,0.000,0.000,0.00,0.000,0.000,0.00,0.000,0.000,0.00,0.000,0.000,0.00,0.000,0.000,0.00,0.000,0.000,0.00,0.000,0.000,0.00,0.000,0.000,0.00,0.000,0.000,0.00,0.000,0.000,0.00,0.000,0.000,0.00,0.000,0.000,0.00
44.9107,0.000,0.000,0.00,0.00,0.00,0.000,0.000,0.00,0.000,0.000,0.00,0.000,0.000,0.00,0.000,0.000,0.00,0.000,0.000,0.00,0.000,0.000,0.00,0.000,0.000,0.00,0.000,0.000,0.00,0.000,0.000,0.00,0.000,0.000,0.00,0.000,0.000,0.00,0.000,0.000,0.00,0.000,0.000,0.00,0.000,0.000,0.00,0.000,0.000,0.00,0.000,0.000,0.00,0.000,0.000,0.00,0.000,0.000,0.00,0.000,0.000,0.00,0.000,0.000,0.00,0.000,0.000,0.00,0.000,0.000,0.00,0.000,0.000,0.00,0.000,0.000,0.00,0.000,0.000,0.00,0.000,0.000,0.00,0.000,0.000,0.00,0.000,0.000,0.00,0.000,0.000,0.00,0.000,0.000,0.00
45.0117,0.000,0.000,0.00,0.15,0.00,0.000,0.000,0.00,0.000,0.000,0.00,0.000,0.000,0.00,0.000,0.000,0.00,0.000,0.000,0.00,0.000,0.000,0.00,0.000,0.000,0.00,0.000,0.000,0.00,0.000,0.000,0.00,0.000,0.000,0.00,0.000,0.000,0.00,0.000,0.000,0.00,0.000,0.000,0.00,0.000,0.000,0.00,0.000,0.000,0.00,0.000,0.000,0.00,0.000,0.000,0.00,0.000,0.000,0.00,0.000,0.000,0.00,0.000,0.000,0.00,0.000,0.000,0.00,0.000,0.000,0.00,0.000,0.000,0.00,0.000,0.000,0.00,0.000,0.000,0.00,0.000,0.000,0.00,0.000,0.000,0.00,0.000,0.000,0.00,0.000,0.000,0.00,0.000,0.000,0.00
45.1132,0.000,0.000,0.00,0.00,0.00,0.000,0.000,0.00,0.000,0.000,0.00,0.000,0.000,0.00,0.000,0.000,0.00,0.000,0.000,0.00,0.000,0.000,0.00,0.000,0.000,0.00,0.000,0.000,0.00,0.000,0.000,0.00,0.000,0.000,0.00,0.000,0.000,0.00,0.000,0.000,0.00,0.000,0.000,0.00,0.000,0.000,0.00,0.000,0.000,0.00,0.000,0.000,0.00,0.000,0.000,0.00,0.000,0.000,0.00,0.000,0.000,0.00,0.000,0.000,0.00,0.000,0.000,0.00,0.000,0.000,0.00,0.000,0.000,0.00,0.000,0.000,0.00,0.000,0.000,0.00,0.000,0.000,0.00,0.000,0.000,0.00,0.000,0.000,0.00,0.000,0.000,0.00,0.000,0.000,0.00
45.2141,0.000,0.000,0.00,0.08,0.00,0.000,0.000,0.00,0.000,0.000,0.00,0.000,0.000,0.00,0.000,0.000,0.00,0.000,0.000,0.00,0.000,0.000,0.00,0.000,0.000,0.00,0.000,0.000,0.00,0.000,0.000,0.00,0.000,0.000,0.00,0.000,0.000,0.00,0.000,0.000,0.00,0.000,0.000,0.00,0.000,0.000,0.00,0.000,0.000,0.00,0.000,0.000,0.00,0.000,0.000,0.00,0.000,0.000,0.00,0.000,0.000,0.00,0.000,0.000,0.00,0.000,0.000,0.00,0.000,0.000,0.00,0.000,0.000,0.00,0.000,0.000,0.00,0.000,0.000,0.00,0.000,0.000,0.00,0.000,0.000,0.00,0.000,0.000,0.00,0.000,0.000,0.00,0.000,0.000,0.00
45.3151,0.000,0.000,0.00,0.08,0.00,0.000,0.000,0.00,0.000,0.000,0.00,0.000,0.000,0.00,0.000,0.000,0.00,0.000,0.000,0.00,0.000,0.000,0.00,0.000,0.000,0.00,0.000,0.000,0.00,0.000,0.000,0.00,0.000,0.000,0.00,0.000,0.000,0.00,0.000,0.000,0.00,0.000,0.000,0.00,0.000,0.000,0.00,0.000,0.000,0.00,0.000,0.000,0.00,0.000,0.000,0.00,0.000,0.000,0.00,0.000,0.000,0.00,0.000,0.000,0.00,0.000,0.000,0.00,0.000,0.000,0.00,0.000,0.000,0.00,0.000,0.000,0.00,0.000,0.000,0.00,0.000,0.000,0.00,0.000,0.000,0.00,0.000,0.000,0.00,0.000,0.000,0.00,0.000,0.000,0.00
45.4162,0.000,0.000,0.00,0.00,0.00,0.000,0.000,0.00,0.000,0.000,0.00,0.000,0.000,0.00,0.000,0.000,0.00,0.000,0.000,0.00,0.000,0.000,0.00,0.000,0.000,0.00,0.000,0.000,0.00,0.000,0.000,0.00,0.000,0.000,0.00,0.000,0.000,0.00,0.000,0.000,0.00,0.000,0.000,0.00,0.000,0.000,0.00,0.000,0.000,0.00,0.000,0.000,0.00,0.000,0.000,0.00,0.000,0.000,0.00,0.000,0.000,0.00,0.000,0.000,0.00,0.000,0.000,0.00,0.000,0.000,0.00,0.000,0.000,0.00,0.000,0.000,0.00,0.000,0.000,0.00,0.000,0.000,0.00,0.000,0.000,0.00,0.000,0.000,0.00,0.000,0.000,0.00,0.000,0.000,0.00
45.5173,0.000,0.000,0.00,0.00,0.00,0.000,0.000,0.00,0.000,0.000,0.00,0.000,0.000,0.00,0.000,0.000,0.00,0.000,0.000,0.00,0.000,0.000,0.00,0.000,0.000,0.00,0.000,0.000,0.00,0.000,0.000,0.00,0.000,0.000,0.00,0.000,0.000,0.00,0.000,0.000,0.00,0.000,0.000,0.00,0.000,0.000,0.00,0.000,0.000,0.00,0.000,0.000,0.00,0.000,0.000,0.00,0.000,0.000,0.00,0.000,0.000,0.00,0.000,0.000,0.00,0.000,0.000,0.00,0.000,0.000,0.00,0.000,0.000,0.00,0.000,0.000,0.00,0.000,0.000,0.00,0.000,0.000,0.00,0.000,0.000,0.00,0.000,0.000,0.00,0.000,0.000,0.00,0.000,0.000,0.00
45.6185,0.000,0.375,0.03,0.00,0.00,0.000,0.000,0.00,0.000,0.000,0.00,0.000,0.000,0.00,0.000,0.000,0.00,0.000,0.000,0.00,0.000,0.000,0.00,0.000,0.000,0.00,0.000,0.000,0.00,0.000,0.000,0.00,0.000,0.000,0.00,0.000,0.000,0.00,0.000,0.000,0.00,0.000,0.000,0.00,0.000,0.000,0.00,0.000,0.000,0.00,0.000,0.000,0.00,0.000,0.000,0.00,0.000,0.000,0.00,0.000,0.000,0.00,0.000,0.000,0.00,0.000,0.000,0.00,0.000,0.000,0.00,0.000,0.000,0.00,0.000,0.000,0.00,0.000,0.000,0.00,0.000,0.000,0.00,0.000,0.375,0.99,0.000,0.000,0.00,0.000,0.000,0.00,0.000,0.000,0.00
45.7197,0.000,0.000,0.00,0.15,0.00,0.000,0.000,0.00,0.000,0.000,0.00,0.000,0.000,0.00,0.000,0.000,0.00,0.000,0.000,0.00,0.000,0.000,0.00,0.000,0.000,0.00,0.000,0.000,0.00,0.000,0.000,0.00,0.000,0.000,0.00,0.000,0.000,0.00,0.000,0.000,0.00,0.000,0.000,0.00,0.000,0.000,0.00,0.000,0.000,0.00,0.000,0.000,0.00,0.000,0.000,0.00,0.000,0.000,0.00,0.000,0.000,0.00,0.000,0.000,0.00,0.000,0.000,0.00,0.000,0.000,0.00,0.000,0.000,0.00,0.000,0.000,0.00,0.000,0.000,0.00,0.000,0.000,0.00,0.000,0.000,0.00,0.000,0.000,0.00,0.000,0.000,0.00,0.000,0.000,0.00
45.8206,0.000,0.000,0.00,0.00,0.00,0.000,0.000,0.00,0.000,0.000,0.00,0.000,0.000,0.00,0.000,0.000,0.00,0.000,0.000,0.00,0.000,0.000,0.00,0.000,0.000,0.00,0.000,0.000,0.00,0.000,0.000,0.00,0.000,0.000,0.00,0.000,0.000,0.00,0.000,0.000,0.00,0.000,0.000,0.00,0.000,0.000,0.00,0.000,0.000,0.00,0.000,0.000,0.00,0.000,0.000,0.00,0.000,0.000,0.00,0.000,0.000,0.00,0.000,0.000,0.00,0.000,0.000,0.00,0.000,0.000,0.00,0.000,0.000,0.00,0.000,0.000,0.00,0.000,0.000,0.00,0.000,0.000,0.00,0.000,0.000,0.00,0.000,0.000,0.00,0.000,0.000,0.00,0.000,0.000,0.00
45.9264,0.000,0.000,0.00,33.48,0.00,0.000,0.000,0.00,0.000,0.000,0.00,0.000,0.000,0.00,0.000,0.000,0.00,0.000,0.000,0.00,0.000,0.000,0.00,0.000,0.000,0.00,0.000,0.000,0.00,0.000,0.000,0.00,0.000,0.000,0.00,0.000,0.000,0.00,0.000,0.000,0.00,0.000,0.000,0.00,0.000,0.000,0.00,0.000,0.000,0.00,0.000,0.000,0.00,0.000,0.000,0.00,0.000,0.000,0.00,0.000,0.000,0.00,0.000,0.000,0.00,0.000,0.000,0.00,0.000,0.000,0.00,0.000,0.000,0.00,0.000,0.000,0.00,0.000,0.000,0.00,0.000,0.000,0.00,0.000,0.000,0.00,0.000,0.000,0.00,0.000,0.000,0.00,0.000,0.000,0.00
46.0335,0.000,0.000,0.00,86.32,0.00,0.000,0.000,0.00,0.000,0.000,0.00,0.000,0.000,0.00,0.000,0.000,0.00,0.000,0.000,0.00,0.000,0.000,0.00,0.000,0.000,0.00,0.000,0.000,0.00,0.000,0.000,0.00,0.000,0.000,0.00,0.000,0.000,0.00,0.000,0.000,0.00,0.000,0.000,0.00,0.000,0.000,0.00,0.000,0.000,0.00,0.000,0.000,0.00,0.000,0.000,0.00,0.000,0.000,0.00,0.000,0.000,0.00,0.000,0.000,0.00,0.000,0.000,0.00,0.000,0.000,0.00,0.000,0.000,0.00,0.000,0.000,0.00,0.000,0.000,0.00,0.000,0.000,0.00,0.000,0.000,0.00,0.000,0.000,0.00,0.000,0.000,0.00,0.000,0.000,0.00
46.1373,0.000,0.000,0.00,90.45,0.00,0.000,0.000,0.00,0.000,0.000,0.00,0.000,0.000,0.00,0.000,0.000,0.00,0.000,0.000,0.00,0.000,0.000,0.00,0.000,0.000,0.00,0.000,0.000,0.00,0.000,0.000,0.00,0.000,0.000,0.00,0.000,0.000,0.00,0.000,0.000,0.00,0.000,0.000,0.00,0.000,0.000,0.00,0.000,0.000,0.00,0.000,0.000,0.00,0.000,0.000,0.00,0.000,0.000,0.00,0.000,0.000,0.00,0.000,0.000,0.00,0.000,0.000,0.00,0.000,0.000,0.00,0.000,0.000,0.00,0.000,0.000,0.00,0.000,0.000,0.00,0.000,0.000,0.00,0.000,0.000,0.00,0.000,0.000,0.00,0.000,0.000,0.00,0.000,0.000,0.00
46.2446,0.000,0.000,0.00,95.18,0.00,0.000,0.000,0.00,0.000,0.000,0.00,0.000,0.000,0.00,0.000,0.000,0.00,0.000,0.000,0.00,0.000,0.000,0.00,0.000,0.000,0.00,0.000,0.000,0.00,0.000,0.000,0.00,0.000,0.000,0.00,0.000,0.000,0.00,0.000,0.000,0.00,0.000,0.000,0.00,0.000,0.000,0.00,0.000,0.000,0.00,0.000,0.000,0.00,0.000,0.000,0.00,0.000,0.000,0.00,0.000,0.000,0.00,0.000,0.000,0.00,0.000,0.000,0.00,0.000,0.000,0.00,0.000,0.000,0.00,0.000,0.000,0.00,0.000,0.000,0.00,0.000,0.000,0.00,0.000,0.000,0.00,0.000,0.000,0.00,0.000,0.000,0.00,0.000,0.000,0.00
46.3484,0.000,0.000,0.00,99.18,0.00,0.000,0.000,0.00,0.000,0.000,0.00,0.000,0.000,0.00,0.000,0.000,0.00,0.000,0.000,0.00,0.000,0.000,0.00,0.000,0.000,0.00,0.000,0.000,0.00,0.000,0.000,0.00,0.000,0.000,0.00,0.000,0.000,0.00,0.000,0.000,0.00,0.000,0.000,0.00,0.000,0.000,0.00,0.000,0.000,0.00,0.000,0.000,0.00,0.000,0.000,0.00,0.000,0.000,0.00,0.000,0.000,0.00,0.000,0.000,0.00,0.000,0.000,0.00,0.000,0.000,0.00,0.000,0.000,0.00,0.000,0.000,0.00,0.000,0.000,0.00,0.000,0.000,0.00,0.000,0.000,0.00,0.000,0.000,0.00,0.000,0.000,0.00,0.000,0.000,0.00
46.4554,0.000,0.000,0.00,99.20,0.00,0.000,0.000,0.00,0.000,0.000,0.00,0.000,0.000,0.00,0.000,0.000,0.00,0.000,0.000,0.00,0.000,0.000,0.00,0.000,0.000,0.00,0.000,0.000,0.00,0.000,0.000,0.00,0.000,0.000,0.00,0.000,0.000,0.00,0.000,0.000,0.00,0.000,0.000,0.00,0.000,0.000,0.00,0.000,0.000,0.00,0.000,0.000,0.00,0.000,0.000,0.00,0.000,0.000,0.00,0.000,0.000,0.00,0.000,0.000,0.00,0.000,0.000,0.00,0.000,0.000,0.00,0.000,0.000,0.00,0.000,0.000,0.00,0.000,0.000,0.00,0.000,0.000,0.00,0.000,0.000,0.00,0.000,0.000,0.00,0.000,0.000,0.00,0.000,0.000,0.00
46.5625,2508.262,0.000,3.80,91.09,0.00,78.383,0.000,3.74,39.192,0.000,3.74,156.766,0.000,5.61,71.035,0.000,4.67,117.575,0.000,3.74,117.575,0.000,4.67,78.383,0.000,3.74,117.575,0.000,4.67,127.373,0.000,6.54,117.575,0.000,5.61,78.383,0.000,3.74,0.000,0.000,0.00,39.192,0.000,2.80,78.383,0.000,3.74,48.989,0.000,3.74,117.575,0.000,5.61,0.000,0.000,0.00,117.575,0.000,3.74,156.766,0.000,5.61,39.192,0.000,2.80,195.958,0.000,7.48,117.575,0.000,4.67,0.000,0.000,0.00,78.383,0.000,3.74,0.000,0.000,0.00,39.192,0.000,3.74,78.383,0.000,2.80,78.383,0.000,2.80,117.575,0.000,4.67,105.327,0.000,5.61
46.6664,32244.113,0.000,59.22,83.35,0.07,1150.404,0.000,70.25,951.102,0.000,68.33,1097.425,0.000,76.03,1122.653,0.000,68.33,1074.720,0.000,43.31,1049.491,0.000,57.74,1440.528,0.000,77.95,1251.317,0.000,58.71,1248.794,0.000,71.22,1221.043,0.000,34.65,1251.317,0.000,76.03,804.778,0.000,41.38,771.982,0.000,46.19,1367.366,0.000,73.14,880.463,0.000,57.74,1157.973,0.000,56.78,1193.292,0.000,55.82,898.123,0.000,58.71,744.231,0.000,53.89,1251.317,0.000,56.78,1082.288,0.000,59.67,1173.109,0.000,70.25,968.761,0.000,54.86,845.143,0.000,54.86,1049.491,0.000,58.71,1004.081,0.000,49.08,888.031,0.000,48.12,930.919,0.000,53.89,1089.857,0.000,55.82,1284.113,0.000,68.33
46.7783,27828.679,0.000,38.04,97.06,0.07,898.983,0.000,34.83,990.286,0.000,48.23,971.557,0.000,44.65,1140.117,0.000,51.80,1062.860,0.000,30.36,824.068,0.000,34.83,1296.971,0.000,41.97,824.068,0.000,32.15,931.759,0.000,45.55,964.534,0.000,29.47,711.695,0.000,30.36,475.244,0.000,21.43,856.843,0.000,37.51,833.432,0.000,45.55,1121.388,0.000,50.90,969.216,0.000,33.94,1156.504,0.000,43.76,1048.814,0.000,46.44,1137.776,0.000,41.97,725.742,0.000,35.72,543.136,0.000,29.47,1308.676,0.000,47.33,711.695,0.000,32.15,1013.697,0.000,43.76,824.068,0.000,33.94,950.487,0.000,35.72,973.898,0.000,35.72,906.006,0.000,34.83,774.905,0.000,30.36,880.254,0.000,36.62
46.8832,28940.824,0.000,35.76,98.35,0.00,1264.817,0.000,41.96,759.890,0.000,32.42,1394.799,0.000,42.91,1077.345,0.000,40.05,879.873,0.000,21.93,1119.838,0.000,37.19,547.421,0.000,20.98,679.902,0.000,21.93,757.391,0.000,32.42,999.856,0.000,26.70,559.919,0.000,23.84,1014.854,0.000,33.37,719.896,0.000,27.65,1194.828,0.000,45.77,439.937,0.000,16.21,1177.330,0.000,40.05,1422.295,0.000,42.91,789.886,0.000,29.56,807.383,0.000,37.19,1077.345,0.000,40.05,1107.340,0.000,44.82,839.879,0.000,36.23,1249.820,0.000,52.44,999.856,0.000,35.28,1119.838,0.000,46.72,1429.794,0.000,51.49,827.381,0.000,40.05,789.886,0.000,41.96,812.383,0.000,28.61,1079.844,0.000,40.05
46.9886,26699.395,0.000,34.30,98.75,0.07,1149.699,0.000,42.72,1154.676,0.000,42.72,796.328,0.000,28.48,517.613,0.000,26.58,1055.135,0.000,28.48,965.548,0.000,39.87,676.879,0.000,29.43,1035.227,0.000,36.07,875.961,0.000,33.23,756.512,0.000,20.88,915.778,0.000,37.97,995.410,0.000,32.28,995.410,0.000,33.23,843.610,0.000,32.28,875.961,0.000,32.28,676.879,0.000,21.83,756.512,0.000,29.43,955.594,0.000,37.02,796.328,0.000,33.23,664.436,0.000,22.78,1114.860,0.000,41.77,637.063,0.000,22.78,905.823,0.000,35.12,836.145,0.000,36.07,955.594,0.000,45.57,1075.043,0.000,47.46,1047.669,0.000,40.82,1035.227,0.000,46.52,1075.043,0.000,42.72,557.430,0.000,29.43
47.0933,27217.186,0.000,27.33,98.95,0.00,1040.753,0.000,29.59,1363.486,0.000,37.22,840.608,0.000,27.68,1160.840,0.000,35.31,980.709,0.000,20.04,1030.746,0.000,26.72,720.521,0.000,20.04,680.492,0.000,16.22,755.546,0.000,26.72,800.579,0.000,20.04,1000.724,0.000,29.59,1120.811,0.000,27.68,1015.735,0.000,35.31,507.867,0.000,21.00,1080.782,0.000,39.13,520.376,0.000,14.32,600.434,0.000,13.36,923.168,0.000,29.59,1000.724,0.000,35.31,885.641,0.000,32.45,1280.926,0.000,41.99,993.218,0.000,29.59,920.666,0.000,34.36,840.608,0.000,22.90,920.666,0.000,28.63,908.157,0.000,27.68,640.463,0.000,19.09,920.666,0.000,27.68,1080.782,0.000,32.45,680.492,0.000,18.13
47.2035,25503.279,0.000,34.33,99.50,0.00,951.437,0.000,34.48,1044.203,0.000,43.55,875.322,0.000,42.65,863.429,0.000,41.74,913.380,0.000,24.50,951.437,0.000,38.11,875.322,0.000,34.48,646.977,0.000,27.22,1070.367,0.000,43.55,1332.012,0.000,33.57,608.920,0.000,27.22,837.265,0.000,29.94,937.166,0.000,37.20,694.549,0.000,35.39,692.171,0.000,33.57,761.150,0.000,28.13,761.150,0.000,29.04,796.829,0.000,38.11,1029.931,0.000,44.46,642.220,0.000,28.13,968.088,0.000,40.83,882.458,0.000,35.39,989.495,0.000,43.55,799.207,0.000,33.57,646.977,0.000,28.13,811.100,0.000,29.94,799.207,0.000,29.04,723.092,0.000,30.85,723.092,0.000,30.85,875.322,0.000,32.67
47.3126,27279.800,0.000,29.77,99.66,0.00,538.433,0.000,16.51,795.631,0.000,26.59,1036.003,0.000,33.01,925.432,0.000,33.93,1038.406,0.000,21.09,999.947,0.000,32.09,730.730,0.000,22.92,884.568,0.000,33.93,773.997,0.000,28.43,884.568,0.000,22.01,973.506,0.000,26.59,961.487,0.000,33.93,923.028,0.000,35.76,665.830,0.000,29.34,1300.412,0.000,45.85,846.109,0.000,28.43,1312.430,0.000,41.26,1346.082,0.000,46.76,1151.381,0.000,39.43,576.892,0.000,25.67,867.742,0.000,32.09,884.568,0.000,23.84,1076.866,0.000,37.59,807.649,0.000,28.43,730.730,0.000,17.42,807.649,0.000,22.92,730.730,0.000,21.09,923.028,0.000,26.59,1076.866,0.000,33.01,709.097,0.000,26.59
47.4233,25573.529,0.000,28.20,99.56,0.00,947.606,0.000,29.82,940.499,0.000,32.53,874.167,0.000,28.01,862.322,0.000,30.73,682.277,0.000,17.17,871.798,0.000,31.63,720.181,0.000,26.21,720.181,0.000,20.79,829.156,0.000,31.63,871.798,0.000,20.79,859.953,0.000,34.34,644.372,0.000,17.17,833.894,0.000,28.92,893.119,0.000,30.73,795.989,0.000,28.01,729.657,0.000,23.50,753.347,0.000,22.59,720.181,0.000,21.69,1023.415,0.000,37.05,1061.319,0.000,39.76,881.274,0.000,35.24,985.511,0.000,31.63,1023.415,0.000,33.44,833.894,0.000,26.21,871.798,0.000,26.21,644.372,0.000,24.40,682.277,0.000,23.50,871.798,0.000,28.92,758.085,0.000,25.30,1385.874,0.000,37.96
47.5304,25695.833,0.000,24.63,99.49,0.00,899.978,0.000,27.99,968.454,0.000,29.85,665.201,0.000,22.39,1115.190,0.000,28.92,1095.625,0.000,22.39,838.838,0.000,21.46,821.719,0.000,21.46,1017.366,0.000,27.05,804.600,0.000,26.12,978.237,0.000,22.39,978.237,0.000,30.79,1041.822,0.000,27.05,860.848,0.000,25.19,714.113,0.000,21.46,782.589,0.000,21.46,946.444,0.000,25.19,469.554,0.000,12.13,714.113,0.000,18.66,899.978,0.000,28.92,899.978,0.000,24.26,694.548,0.000,19.59,586.942,0.000,20.52,978.237,0.000,27.99,1266.817,0.000,35.45,586.942,0.000,21.46,704.330,0.000,25.19,899.978,0.000,28.92,665.201,0.000,27.05,1095.625,0.000,27.99,704.330,0.000,19.59
47.6394,25183.424,0.000,28.04,99.78,0.00,539.198,0.000,19.28,779.911,0.000,28.47,577.712,0.000,21.12,1309.480,0.000,38.57,693.254,0.000,19.28,548.826,0.000,21.12,1232.452,0.000,36.73,962.853,0.000,27.55,1073.581,0.000,34.89,693.254,0.000,18.36,808.797,0.000,26.63,977.296,0.000,24.79,885.825,0.000,33.06,955.632,0.000,37.65,495.869,0.000,22.04,946.003,0.000,28.47,871.382,0.000,25.71,861.754,0.000,39.48,885.825,0.000,33.06,924.339,0.000,33.06,770.283,0.000,28.47,577.712,0.000,19.28,885.825,0.000,28.47,755.840,0.000,25.71,1116.910,0.000,33.98,859.346,0.000,33.06,808.797,0.000,22.04,690.847,0.000,26.63,847.311,0.000,25.71,847.311,0.000,28.47
47.7484,24987.398,0.000,30.12,99.86,0.00,1462.208,0.000,46.79,654.146,0.000,30.27,906.665,0.000,34.86,654.146,0.000,30.27,654.146,0.000,20.18,589.212,0.000,20.18,808.062,0.000,28.44,769.583,0.000,26.61,1137.540,0.000,41.28,808.062,0.000,22.94,769.583,0.000,28.44,1000.458,0.000,35.78,461.750,0.000,20.18,728.699,0.000,30.27,812.872,0.000,28.44,1077.416,0.000,34.86,976.408,0.000,30.27,860.971,0.000,31.19,923.500,0.000,34.86,731.104,0.000,25.69,846.541,0.000,31.19,731.104,0.000,31.19,846.541,0.000,29.36,846.541,0.000,33.94,961.979,0.000,30.27,673.385,0.000,27.52,791.228,0.000,28.44,656.550,0.000,22.94,1077.416,0.000,37.61,769.583,0.000,29.36
47.8563,23830.631,0.000,30.43,100.00,0.00,854.475,0.000,33.34,1048.674,0.000,40.74,1034.109,0.000,39.82,822.918,0.000,35.19,466.077,0.000,10.19,759.803,0.000,37.04,776.796,0.000,31.48,699.116,0.000,24.08,893.315,0.000,36.11,582.597,0.000,12.96,699.116,0.000,29.63,711.253,0.000,22.22,854.475,0.000,34.26,815.635,0.000,31.48,932.155,0.000,37.97,737.956,0.000,21.30,701.543,0.000,23.15,893.315,0.000,33.34,543.757,0.000,18.52,660.276,0.000,26.85,854.475,0.000,29.63,745.238,0.000,30.56,621.436,0.000,23.15,893.315,0.000,32.41,699.116,0.000,33.34,844.765,0.000,35.19,832.628,0.000,36.11,949.147,0.000,34.26,970.994,0.000,38.89,932.155,0.000,39.82
47.9643,24246.739,0.000,25.53,100.00,0.00,582.621,0.000,21.30,582.621,0.000,19.45,614.180,0.000,22.23,847.228,0.000,23.15,893.352,0.000,21.30,988.028,0.000,30.56,737.986,0.000,27.78,971.035,0.000,27.78,776.828,0.000,24.08,699.145,0.000,14.82,1204.083,0.000,35.19,803.531,0.000,25.00,621.462,0.000,30.56,776.828,0.000,27.78,1087.559,0.000,37.04,815.669,0.000,23.15,657.876,0.000,21.30,1204.083,0.000,39.82,427.255,0.000,12.96,650.593,0.000,16.67,582.621,0.000,18.52,1041.435,0.000,31.49,621.462,0.000,22.23,854.511,0.000,30.56,815.669,0.000,26.86,988.028,0.000,29.63,543.779,0.000,13.89,1109.407,0.000,32.41,1009.876,0.000,31.49,737.986,0.000,26.86
48.0733,24713.618,0.000,24.92,100.00,0.00,269.358,0.000,9.17,846.554,0.000,25.69,885.034,0.000,30.28,885.034,0.000,29.36,808.075,0.000,18.35,769.595,0.000,22.02,1000.473,0.000,33.03,615.676,0.000,20.18,885.034,0.000,25.69,615.676,0.000,15.60,692.635,0.000,22.02,923.514,0.000,25.69,923.514,0.000,29.36,1000.473,0.000,30.28,615.676,0.000,21.10,1038.953,0.000,29.36,808.075,0.000,21.10,1000.473,0.000,30.28,692.635,0.000,21.10,1010.093,0.000,31.19,769.595,0.000,24.77,923.514,0.000,24.77,500.237,0.000,16.51,961.994,0.000,25.69,885.034,0.000,29.36,846.554,0.000,23.85,1192.872,0.000,35.78,654.156,0.000,19.27,885.034,0.000,29.36,808.075,0.000,27.52
48.1803,23990.918,0.000,26.82,100.00,0.00,602.651,0.000,17.76,744.740,0.000,27.10,783.937,0.000,28.97,783.937,0.000,27.10,548.756,0.000,15.89,862.331,0.000,26.17,796.186,0.000,28.04,901.527,0.000,27.10,548.756,0.000,18.69,705.543,0.000,19.63,979.921,0.000,34.58,666.346,0.000,19.63,666.346,0.000,24.30,783.937,0.000,25.23,587.953,0.000,17.76,1038.716,0.000,26.17,823.134,0.000,28.04,1058.315,0.000,31.77,1131.809,0.000,36.45,705.543,0.000,27.10,862.331,0.000,35.51,705.543,0.000,27.10,862.331,0.000,32.71,940.724,0.000,33.64,509.559,0.000,20.56,783.937,0.000,27.10,1058.315,0.000,32.71,783.937,0.000,27.10,979.921,0.000,31.77,783.937,0.000,28.97
48.2883,24355.125,0.000,30.06,100.00,0.00,645.587,0.000,19.44,965.953,0.000,37.96,686.846,0.000,31.48,781.500,0.000,31.48,815.478,0.000,22.22,868.872,0.000,37.03,764.511,0.000,32.40,776.646,0.000,26.85,912.559,0.000,30.55,970.807,0.000,23.15,718.397,0.000,22.22,1048.472,0.000,33.33,876.153,0.000,33.33,810.624,0.000,32.40,922.267,0.000,35.18,796.062,0.000,25.92,582.484,0.000,22.22,754.803,0.000,32.40,781.500,0.000,34.26,1077.596,0.000,46.29,1048.472,0.000,46.29,621.317,0.000,21.29,900.424,0.000,38.89,543.652,0.000,20.37,645.587,0.000,22.22,621.317,0.000,23.15,854.310,0.000,27.78,776.646,0.000,25.00,1048.472,0.000,36.11,737.813,0.000,30.55
48.3973,25263.155,0.000,25.20,100.00,0.00,423.338,0.000,11.01,582.089,0.000,18.35,1012.643,0.000,27.53,841.865,0.000,22.02,923.646,0.000,21.10,870.729,0.000,28.44,1000.616,0.000,25.69,962.131,0.000,29.36,635.006,0.000,22.94,769.705,0.000,17.43,875.539,0.000,27.53,538.793,0.000,15.60,1209.880,0.000,39.46,736.030,0.000,25.69,702.356,0.000,25.69,1193.042,0.000,31.20,885.161,0.000,24.77,868.323,0.000,31.20,577.279,0.000,18.35,702.356,0.000,24.77,740.841,0.000,23.86,615.764,0.000,18.35,1262.797,0.000,35.78,892.377,0.000,28.44,822.622,0.000,28.44,962.131,0.000,27.53,962.131,0.000,27.53,1039.101,0.000,33.03,923.646,0.000,22.94,731.220,0.000,22.02
48.5053,23741.827,0.000,21.36,100.00,0.00,776.749,0.000,18.52,699.074,0.000,25.00,815.587,0.000,28.70,660.237,0.000,23.15,699.074,0.000,17.59,1009.774,0.000,28.70,621.399,0.000,19.45,970.937,0.000,20.37,1087.449,0.000,32.41,776.749,0.000,17.59,805.877,0.000,22.22,970.937,0.000,22.22,466.050,0.000,13.89,660.237,0.000,17.59,932.099,0.000,25.00,970.937,0.000,25.93,582.562,0.000,15.74,582.562,0.000,17.59,776.749,0.000,20.37,1203.961,0.000,28.70,611.690,0.000,18.52,932.099,0.000,25.93,699.074,0.000,23.15,963.655,0.000,25.00,815.587,0.000,16.67,854.424,0.000,15.74,660.237,0.000,16.67,621.399,0.000,17.59,660.237,0.000,16.67,854.424,0.000,24.07
48.6123,23878.305,0.000,23.77,100.00,0.00,783.939,0.000,21.49,940.727,0.000,23.36,705.545,0.000,22.43,509.561,0.000,17.76,744.742,0.000,18.69,835.385,0.000,27.10,1217.556,0.000,34.58,627.152,0.000,16.82,548.758,0.000,15.89,587.955,0.000,15.89,627.152,0.000,20.56,1019.121,0.000,29.90,979.924,0.000,28.97,940.727,0.000,28.04,901.530,0.000,31.77,783.939,0.000,19.63,666.349,0.000,23.36,852.534,0.000,26.17,810.887,0.000,28.04,548.758,0.000,19.63,700.646,0.000,19.63,862.333,0.000,28.97,1175.909,0.000,31.77,783.939,0.000,20.56,783.939,0.000,17.76,509.561,0.000,21.49,901.530,0.000,22.43,783.939,0.000,24.30,921.129,0.000,28.97,823.136,0.000,27.10
48.7203,22538.984,0.000,23.48,100.00,0.00,737.790,0.000,23.15,939.225,0.000,29.63,674.689,0.000,25.00,737.790,0.000,25.92,543.634,0.000,14.81,803.317,0.000,24.07,851.856,0.000,27.77,815.452,0.000,21.29,815.452,0.000,26.85,660.127,0.000,14.81,973.203,0.000,28.70,854.283,0.000,22.22,1126.100,0.000,34.25,878.552,0.000,28.70,427.141,0.000,17.59,822.732,0.000,21.29,582.465,0.000,17.59,669.835,0.000,23.15,754.778,0.000,25.00,1126.100,0.000,33.33,936.799,0.000,31.48,703.812,0.000,25.00,349.479,0.000,12.96,660.127,0.000,23.15,504.803,0.000,14.81,604.308,0.000,17.59,737.790,0.000,22.22,713.520,0.000,21.29,679.543,0.000,22.22,854.283,0.000,28.70
48.8293,20333.244,0.000,19.51,100.00,0.00,461.818,0.000,11.01,1070.359,0.000,27.53,793.749,0.000,20.19,384.848,0.000,11.93,885.151,0.000,20.19,461.818,0.000,12.85,538.787,0.000,14.68,538.787,0.000,17.43,577.272,0.000,18.35,520.785,0.000,12.85,844.260,0.000,25.69,577.272,0.000,16.52,577.272,0.000,17.43,553.219,0.000,17.43,615.757,0.000,16.52,685.511,0.000,15.60,769.696,0.000,22.94,615.757,0.000,17.43,649.431,0.000,18.35,615.757,0.000,19.27,654.242,0.000,21.10,995.794,0.000,27.53,538.787,0.000,15.60,901.988,0.000,28.44,846.666,0.000,26.61,709.564,0.000,22.94,808.181,0.000,25.69,755.264,0.000,23.86,577.272,0.000,17.43,808.181,0.000,22.02
48.9363,20951.252,0.000,19.97,99.20,0.00,783.865,0.000,23.36,627.092,0.000,24.30,823.059,0.000,27.10,940.638,0.000,28.97,705.479,0.000,15.89,1058.218,0.000,27.10,705.479,0.000,20.56,940.638,0.000,25.23,705.479,0.000,20.56,431.126,0.000,12.15,548.706,0.000,16.82,431.126,0.000,13.08,744.672,0.000,22.43,783.865,0.000,23.36,783.865,0.000,22.43,901.445,0.000,22.43,352.739,0.000,8.41,548.706,0.000,15.89,470.319,0.000,14.02,744.672,0.000,18.69,587.899,0.000,18.69,431.126,0.000,14.95,666.286,0.000,15.89,1080.264,0.000,27.10,783.865,0.000,25.23,705.479,0.000,20.56,705.479,0.000,21.49,783.865,0.000,24.30,587.899,0.000,12.15,587.899,0.000,15.89
49.0443,22252.732,0.000,21.02,99.57,0.00,815.634,0.000,25.00,699.115,0.000,18.52,621.436,0.000,18.52,815.634,0.000,22.22,742.810,0.000,16.67,684.550,0.000,21.30,694.260,0.000,17.59,776.794,0.000,18.52,689.405,0.000,15.74,638.428,0.000,18.52,776.794,0.000,22.22,893.314,0.000,27.78,737.955,0.000,22.22,466.077,0.000,16.67,776.794,0.000,20.37,543.756,0.000,17.59,893.314,0.000,26.85,699.115,0.000,18.52,970.993,0.000,25.93,699.115,0.000,22.22,970.993,0.000,25.93,660.275,0.000,21.30,737.955,0.000,25.00,970.993,0.000,27.78,951.573,0.000,25.00,1048.672,0.000,26.85,699.115,0.000,19.45,504.916,0.000,13.89,451.512,0.000,15.74,621.436,0.000,16.67
49.1523,23284.677,0.000,19.07,100.00,0.00,854.394,0.000,20.37,1009.739,0.000,23.15,776.722,0.000,20.37,621.378,0.000,13.89,849.540,0.000,20.37,830.122,0.000,22.22,859.249,0.000,25.00,660.214,0.000,14.81,1019.448,0.000,24.07,759.731,0.000,13.89,621.378,0.000,14.81,854.394,0.000,15.74,854.394,0.000,21.30,776.722,0.000,18.52,970.903,0.000,25.00,699.050,0.000,17.59,893.231,0.000,15.74,970.903,0.000,25.93,514.578,0.000,15.74,621.378,0.000,14.81,854.394,0.000,18.52,893.231,0.000,21.30,854.394,0.000,20.37,504.869,0.000,12.96,679.632,0.000,19.44,466.033,0.000,13.89,621.378,0.000,17.59,980.612,0.000,27.78,791.286,0.000,20.37,621.378,0.000,16.67
49.2613,22593.900,0.000,20.24,100.00,0.00,615.651,0.000,18.35,586.792,0.000,18.35,899.427,0.000,22.93,577.173,0.000,17.43,884.998,0.000,20.18,731.085,0.000,22.93,884.998,0.000,24.77,884.998,0.000,16.51,769.563,0.000,23.85,692.607,0.000,14.68,731.085,0.000,14.68,307.825,0.000,8.26,808.042,0.000,21.10,769.563,0.000,24.77,884.998,0.000,22.93,538.694,0.000,14.68,1038.911,0.000,23.85,844.115,0.000,24.77,682.988,0.000,19.27,769.563,0.000,22.02,769.563,0.000,23.85,1115.867,0.000,24.77,615.651,0.000,20.18,769.563,0.000,19.27,644.509,0.000,18.35,731.085,0.000,18.35,538.694,0.000,12.84,913.857,0.000,23.85,745.515,0.000,24.77,846.520,0.000,24.77
49.3693,11282.833,0.000,8.28,99.10,0.00,272.051,0.000,6.49,262.335,0.000,4.63,218.612,0.000,3.71,349.780,0.000,7.41,388.644,0.000,7.41,349.780,0.000,9.27,233.187,0.000,5.56,194.322,0.000,4.63,505.238,0.000,11.12,233.187,0.000,5.56,310.916,0.000,5.56,582.967,0.000,15.75,272.051,0.000,6.49,544.102,0.000,12.97,388.644,0.000,8.34,272.051,0.000,5.56,272.051,0.000,4.63,352.209,0.000,8.34,388.644,0.000,10.19,349.780,0.000,7.41,505.238,0.000,11.12,777.289,0.000,15.75,427.509,0.000,11.12,272.051,0.000,6.49,242.903,0.000,5.56,544.102,0.000,8.34,427.509,0.000,10.19,466.373,0.000,8.34,490.664,0.000,12.05,388.644,0.000,8.34
49.4736,0.000,0.000,0.00,74.26,0.00,0.000,0.000,0.00,0.000,0.000,0.00,0.000,0.000,0.00,0.000,0.000,0.00,0.000,0.000,0.00,0.000,0.000,0.00,0.000,0.000,0.00,0.000,0.000,0.00,0.000,0.000,0.00,0.000,0.000,0.00,0.000,0.000,0.00,0.000,0.000,0.00,0.000,0.000,0.00,0.000,0.000,0.00,0.000,0.000,0.00,0.000,0.000,0.00,0.000,0.000,0.00,0.000,0.000,0.00,0.000,0.000,0.00,0.000,0.000,0.00,0.000,0.000,0.00,0.000,0.000,0.00,0.000,0.000,0.00,0.000,0.000,0.00,0.000,0.000,0.00,0.000,0.000,0.00,0.000,0.000,0.00,0.000,0.000,0.00,0.000,0.000,0.00,0.000,0.000,0.00
49.5998,0.000,0.000,0.00,90.23,0.00,0.000,0.000,0.00,0.000,0.000,0.00,0.000,0.000,0.00,0.000,0.000,0.00,0.000,0.000,0.00,0.000,0.000,0.00,0.000,0.000,0.00,0.000,0.000,0.00,0.000,0.000,0.00,0.000,0.000,0.00,0.000,0.000,0.00,0.000,0.000,0.00,0.000,0.000,0.00,0.000,0.000,0.00,0.000,0.000,0.00,0.000,0.000,0.00,0.000,0.000,0.00,0.000,0.000,0.00,0.000,0.000,0.00,0.000,0.000,0.00,0.000,0.000,0.00,0.000,0.000,0.00,0.000,0.000,0.00,0.000,0.000,0.00,0.000,0.000,0.00,0.000,0.000,0.00,0.000,0.000,0.00,0.000,0.000,0.00,0.000,0.000,0.00,0.000,0.000,0.00
49.7163,24635.373,0.000,58.74,86.57,0.93,755.728,0.000,66.07,825.453,0.000,61.78,865.938,0.000,62.63,760.226,0.000,60.92,1003.139,0.000,39.47,883.931,0.000,60.92,888.430,0.000,66.92,980.647,0.000,61.78,739.983,0.000,61.78,1151.585,0.000,39.47,823.203,0.000,60.92,611.780,0.000,42.04,652.265,0.000,50.62,805.210,0.000,61.78,791.715,0.000,60.92,874.935,0.000,61.78,892.928,0.000,60.06,854.692,0.000,60.92,861.440,0.000,54.91,829.951,0.000,66.07,850.194,0.000,67.78,780.469,0.000,60.92,670.258,0.000,54.05,697.249,0.000,56.63,683.754,0.000,53.20,814.207,0.000,62.63,800.711,0.000,57.49,874.935,0.000,63.49,838.948,0.000,62.63,771.472,0.000,61.78
49.8253,32827.186,0.000,53.89,99.11,0.15,1272.297,0.000,56.88,1188.119,0.000,66.98,1267.487,0.000,73.40,1342.045,0.000,76.15,1082.294,0.000,32.11,940.393,0.000,49.54,1551.288,0.000,60.55,1067.864,0.000,45.87,1363.691,0.000,74.32,1039.002,0.000,32.11,1043.813,0.000,56.88,615.705,0.000,28.44,687.858,0.000,45.87,1370.906,0.000,64.22,1039.002,0.000,53.21,1171.283,0.000,49.54,1354.070,0.000,50.46,856.215,0.000,50.46,1118.371,0.000,58.72,1152.042,0.000,61.47,861.025,0.000,49.54,1820.659,0.000,76.15,1014.951,0.000,54.13,947.609,0.000,54.13,923.558,0.000,49.54,937.988,0.000,47.71,913.937,0.000,46.79,873.051,0.000,44.96,757.606,0.000,43.12,1253.056,0.000,63.31
49.9311,27516.901,0.000,33.67,99.55,0.00,1246.937,0.000,42.55,562.733,0.000,18.91,1110.592,0.000,37.83,872.608,0.000,31.21,753.616,0.000,22.70,882.524,0.000,35.94,832.944,0.000,36.88,674.288,0.000,27.42,912.272,0.000,34.04,991.600,0.000,26.48,713.952,0.000,30.26,1070.928,0.000,38.77,872.608,0.000,30.26,912.272,0.000,32.15,674.288,0.000,23.64,1120.508,0.000,37.83,1229.584,0.000,41.61,991.600,0.000,32.15,686.683,0.000,25.53,634.624,0.000,24.59,1031.264,0.000,35.94,793.280,0.000,32.15,872.608,0.000,30.26,1229.584,0.000,48.23,1070.928,0.000,43.50,1427.904,0.000,52.01,713.952,0.000,32.15,647.019,0.000,29.32,991.600,0.000,38.77,991.600,0.000,36.88
50.0363,27342.372,0.000,29.99,99.64,0.00,1175.480,0.000,35.15,1075.863,0.000,38.95,1195.404,0.000,37.05,916.476,0.000,30.40,836.783,0.000,22.80,1026.055,0.000,30.40,717.242,0.000,22.80,956.323,0.000,27.55,677.396,0.000,27.55,657.472,0.000,17.10,570.307,0.000,23.75,916.476,0.000,25.65,923.948,0.000,32.30,956.323,0.000,31.35,757.089,0.000,28.50,864.177,0.000,25.65,717.242,0.000,22.80,876.629,0.000,29.45,923.948,0.000,35.15,916.476,0.000,35.15,1354.791,0.000,38.95,717.242,0.000,24.70,973.756,0.000,38.00,757.089,0.000,24.70,996.170,0.000,32.30,1036.017,0.000,36.10,923.948,0.000,33.25,1093.296,0.000,32.30,1036.017,0.000,31.35,796.936,0.000,28.50
50.1476,26527.684,0.000,30.88,100.00,0.00,1093.828,0.000,40.47,1065.539,0.000,36.87,709.574,0.000,24.28,1018.391,0.000,36.87,1065.539,0.000,26.08,1103.257,0.000,36.87,655.354,0.000,21.58,792.082,0.000,23.38,792.082,0.000,29.68,999.532,0.000,28.78,968.886,0.000,33.27,716.646,0.000,21.58,935.883,0.000,32.37,565.773,0.000,22.48,754.364,0.000,29.68,502.124,0.000,19.78,754.364,0.000,24.28,1056.110,0.000,39.57,662.426,0.000,30.58,876.948,0.000,39.57,1072.611,0.000,39.57,1093.828,0.000,36.87,1039.608,0.000,41.37,909.952,0.000,31.47,947.670,0.000,31.47,754.364,0.000,28.78,931.168,0.000,26.08,914.666,0.000,31.47,1058.467,0.000,34.17,716.646,0.000,26.98
50.2555,27010.894,0.000,32.51,100.00,0.00,504.967,0.000,19.45,806.005,0.000,47.23,1094.905,0.000,39.82,854.560,0.000,32.41,1063.345,0.000,24.08,1116.755,0.000,37.97,881.265,0.000,29.64,854.560,0.000,34.27,971.091,0.000,35.19,1148.315,0.000,29.64,815.716,0.000,25.00,1087.622,0.000,35.19,1204.153,0.000,40.75,738.029,0.000,32.41,932.247,0.000,36.12,738.029,0.000,30.56,738.029,0.000,29.64,1165.309,0.000,39.82,1279.412,0.000,45.38,650.631,0.000,27.78,837.566,0.000,34.27,1009.935,0.000,27.78,1204.153,0.000,42.60,500.112,0.000,20.37,616.643,0.000,24.08,854.560,0.000,30.56,626.354,0.000,23.15,776.873,0.000,30.56,968.663,0.000,37.04,971.091,0.000,32.41
50.3599,26318.460,0.000,33.22,100.00,0.00,899.218,0.000,40.24,1326.221,0.000,43.12,763.582,0.000,31.62,1092.626,0.000,42.16,1077.555,0.000,29.70,884.148,0.000,28.75,720.882,0.000,25.87,643.016,0.000,30.66,522.451,0.000,23.00,982.107,0.000,29.70,823.865,0.000,36.41,1075.043,0.000,40.24,668.134,0.000,29.70,828.888,0.000,34.49,1054.949,0.000,38.33,1205.656,0.000,44.08,964.525,0.000,38.33,843.959,0.000,31.62,924.336,0.000,41.20,874.100,0.000,38.33,763.582,0.000,29.70,620.410,0.000,26.83,803.770,0.000,28.75,846.471,0.000,33.54,725.905,0.000,28.75,763.582,0.000,28.75,997.178,0.000,34.49,1095.137,0.000,38.33,884.148,0.000,30.66,643.016,0.000,19.16
50.4684,25557.043,0.000,28.66,100.00,0.00,719.917,0.000,24.88,1065.380,0.000,34.10,579.799,0.000,19.35,1075.043,0.000,35.94,1104.033,0.000,22.12,905.935,0.000,30.41,657.105,0.000,26.73,876.946,0.000,24.88,1207.914,0.000,40.55,811.718,0.000,21.20,947.005,0.000,30.41,1062.964,0.000,28.57,756.154,0.000,28.57,683.679,0.000,26.73,591.878,0.000,23.96,579.799,0.000,17.51,811.718,0.000,22.12,736.827,0.000,29.49,1314.210,0.000,45.16,628.115,0.000,24.88,773.065,0.000,33.18,678.848,0.000,23.04,1096.786,0.000,42.39,777.897,0.000,26.73,1224.825,0.000,38.71,811.718,0.000,28.57,587.046,0.000,25.80,635.363,0.000,23.04,1072.628,0.000,34.10,782.728,0.000,26.73
50.5736,25748.300,0.000,28.27,100.00,0.00,1037.012,0.000,36.14,899.907,0.000,37.09,717.931,0.000,31.38,1196.552,0.000,39.94,598.276,0.000,14.26,580.826,0.000,22.82,1356.092,0.000,38.99,530.970,0.000,17.12,1146.696,0.000,40.89,717.931,0.000,17.12,825.122,0.000,28.53,747.845,0.000,18.07,1029.533,0.000,34.23,426.272,0.000,16.17,747.845,0.000,23.77,797.701,0.000,19.97,757.816,0.000,23.77,874.979,0.000,27.58,717.931,0.000,27.58,924.835,0.000,31.38,598.276,0.000,21.87,917.356,0.000,30.43,1061.940,0.000,36.14,1091.854,0.000,36.14,688.017,0.000,21.87,638.161,0.000,22.82,877.471,0.000,24.72,889.935,0.000,27.58,1286.293,0.000,41.84,1066.925,0.000,38.04
50.6815,23777.480,0.000,31.63,100.00,0.00,971.699,0.000,46.33,692.336,0.000,25.95,789.506,0.000,27.80,872.100,0.000,30.58,738.491,0.000,23.17,845.378,0.000,30.58,687.477,0.000,31.51,855.095,0.000,32.43,770.072,0.000,28.73,855.095,0.000,24.09,604.883,0.000,27.80,733.633,0.000,31.51,655.897,0.000,28.73,665.614,0.000,28.73,714.199,0.000,28.73,1139.317,0.000,42.63,835.661,0.000,33.36,828.374,0.000,31.51,1124.742,0.000,43.55,1061.581,0.000,48.19,1020.284,0.000,46.33,561.156,0.000,21.31,617.029,0.000,30.58,991.133,0.000,38.92,748.208,0.000,31.51,653.468,0.000,27.80,646.180,0.000,26.87,532.005,0.000,20.39,570.873,0.000,25.95,995.992,0.000,33.36
50.7928,26804.307,0.000,34.05,100.00,0.00,791.271,0.000,28.75,906.665,0.000,36.83,1005.574,0.000,40.43,887.825,0.000,41.32,527.514,0.000,15.27,1102.128,0.000,42.22,614.648,0.000,26.05,941.989,0.000,28.75,1062.093,0.000,39.53,640.553,0.000,14.37,1309.365,0.000,47.61,909.020,0.000,30.54,682.942,0.000,32.34,899.600,0.000,39.53,953.764,0.000,36.83,967.894,0.000,29.65,960.829,0.000,29.65,1005.574,0.000,41.32,680.587,0.000,23.36,847.790,0.000,30.54,970.249,0.000,36.83,887.825,0.000,42.22,720.622,0.000,28.75,939.634,0.000,41.32,857.210,0.000,34.14,911.375,0.000,35.93,993.799,0.000,36.83,953.764,0.000,36.83,991.444,0.000,38.63,880.760,0.000,35.04
50.9015,24480.414,0.000,27.89,100.00,0.00,771.340,0.000,28.50,694.206,0.000,28.50,771.340,0.000,28.50,809.907,0.000,29.42,694.206,0.000,15.63,617.072,0.000,27.59,809.907,0.000,27.59,1079.876,0.000,29.42,578.505,0.000,22.07,617.072,0.000,17.47,848.474,0.000,31.26,964.175,0.000,25.75,1002.742,0.000,31.26,925.608,0.000,33.10,964.175,0.000,33.10,887.041,0.000,26.67,809.907,0.000,23.91,617.072,0.000,19.31,694.206,0.000,27.59,964.175,0.000,25.75,809.907,0.000,23.91,694.206,0.000,24.83,462.804,0.000,19.31,925.608,0.000,31.26,848.474,0.000,31.26,1041.309,0.000,37.70,887.041,0.000,34.94,964.175,0.000,37.70,761.699,0.000,29.42,964.175,0.000,34.02
51.0100,23137.077,0.000,24.77,100.00,0.00,773.492,0.000,26.74,1044.214,0.000,30.43,734.817,0.000,23.05,541.444,0.000,16.60,1005.539,0.000,24.90,928.190,0.000,28.58,541.444,0.000,17.52,1005.539,0.000,30.43,618.794,0.000,21.21,850.841,0.000,19.36,928.190,0.000,26.74,580.119,0.000,18.44,541.444,0.000,22.13,1082.889,0.000,35.04,696.143,0.000,24.90,812.167,0.000,25.82,734.817,0.000,22.13,889.516,0.000,26.74,580.119,0.000,22.13,657.468,0.000,26.74,928.190,0.000,33.19,618.794,0.000,22.13,734.817,0.000,29.51,773.492,0.000,24.90,812.167,0.000,26.74,580.119,0.000,17.52,618.794,0.000,21.21,734.817,0.000,25.82,899.184,0.000,25.82,889.516,0.000,26.74
51.1186,24677.326,0.000,27.90,100.00,0.00,463.469,0.000,18.42,579.337,0.000,20.26,733.826,0.000,23.94,1158.673,0.000,32.23,1004.183,0.000,27.62,917.283,0.000,33.15,926.939,0.000,27.62,772.449,0.000,24.86,888.316,0.000,23.94,965.561,0.000,27.62,695.204,0.000,27.62,888.316,0.000,30.39,1103.153,0.000,37.75,912.455,0.000,34.99,579.337,0.000,26.70,656.582,0.000,19.34,803.830,0.000,22.10,926.939,0.000,32.23,888.316,0.000,29.47,811.071,0.000,29.47,502.092,0.000,20.26,965.561,0.000,29.47,663.823,0.000,24.86,1120.051,0.000,39.60,888.316,0.000,32.23,926.939,0.000,34.07,888.316,0.000,30.39,540.714,0.000,23.94,695.204,0.000,27.62,811.071,0.000,24.86
51.2284,22814.294,0.000,21.47,100.00,0.00,611.438,0.000,17.31,496.794,0.000,16.40,649.653,0.000,20.04,496.794,0.000,12.76,649.653,0.000,18.22,850.281,0.000,21.87,955.372,0.000,23.69,573.223,0.000,16.40,1146.447,0.000,31.89,687.868,0.000,16.40,675.926,0.000,17.31,776.240,0.000,21.87,857.447,0.000,24.60,931.488,0.000,27.33,840.728,0.000,28.24,993.587,0.000,22.78,695.033,0.000,18.22,764.298,0.000,18.22,1108.232,0.000,29.16,888.496,0.000,25.51,955.372,0.000,30.98,449.025,0.000,13.67,604.273,0.000,17.31,917.158,0.000,27.33,503.959,0.000,15.49,840.728,0.000,25.51,917.158,0.000,23.69,687.868,0.000,16.40,726.083,0.000,25.51,563.670,0.000,20.04
51.3364,25546.516,0.000,27.96,100.00,0.00,582.478,0.000,15.74,970.797,0.000,32.40,815.469,0.000,29.63,815.469,0.000,27.77,776.637,0.000,17.59,854.301,0.000,32.40,698.974,0.000,27.77,893.133,0.000,26.85,815.469,0.000,26.85,737.806,0.000,16.66,905.268,0.000,25.92,880.998,0.000,25.00,970.797,0.000,34.26,776.637,0.000,26.85,1009.629,0.000,37.03,859.155,0.000,25.00,543.646,0.000,20.37,1164.956,0.000,35.18,893.133,0.000,29.63,754.794,0.000,26.85,815.469,0.000,29.63,592.186,0.000,17.59,1164.956,0.000,39.81,893.133,0.000,26.85,924.684,0.000,27.77,854.301,0.000,29.63,893.133,0.000,31.48,854.301,0.000,29.63,1164.956,0.000,38.88,669.850,0.000,27.77
51.4476,25485.685,0.000,26.02,100.00,0.00,980.763,0.000,26.98,832.234,0.000,26.98,829.876,0.000,28.78,829.876,0.000,26.08,641.268,0.000,16.19,905.319,0.000,32.38,754.433,0.000,26.08,943.041,0.000,25.18,905.319,0.000,31.48,829.876,0.000,19.79,716.711,0.000,20.69,1131.649,0.000,27.88,811.015,0.000,25.18,867.598,0.000,26.08,641.268,0.000,18.89,869.955,0.000,23.38,905.319,0.000,24.28,603.546,0.000,21.58,829.876,0.000,26.98,648.341,0.000,21.58,792.155,0.000,27.88,1018.484,0.000,30.58,872.313,0.000,24.28,792.155,0.000,26.08,829.876,0.000,25.18,716.711,0.000,20.69,1044.418,0.000,34.18,943.041,0.000,27.88,1207.093,0.000,36.87,792.155,0.000,30.58
51.5563,24478.621,0.000,23.38,99.93,0.00,886.714,0.000,27.58,999.963,0.000,29.41,1098.755,0.000,29.41,693.950,0.000,20.22,771.056,0.000,17.46,732.503,0.000,22.98,877.076,0.000,29.41,732.503,0.000,18.38,732.503,0.000,23.90,693.950,0.000,17.46,713.227,0.000,22.98,771.056,0.000,17.46,809.609,0.000,21.14,771.056,0.000,22.98,655.398,0.000,18.38,840.933,0.000,23.90,616.845,0.000,16.55,816.838,0.000,20.22,578.292,0.000,19.30,891.534,0.000,27.58,578.292,0.000,22.06,732.503,0.000,22.06,1339.710,0.000,35.85,809.609,0.000,22.98,809.609,0.000,25.74,771.056,0.000,22.06,975.868,0.000,25.74,1079.478,0.000,28.49,693.950,0.000,22.06,1004.782,0.000,27.58
51.6653,23136.514,0.000,23.88,100.00,0.00,692.652,0.000,17.43,861.005,0.000,30.28,1022.143,0.000,32.11,986.068,0.000,29.36,885.056,0.000,19.27,692.652,0.000,23.85,933.157,0.000,27.52,654.172,0.000,17.43,885.056,0.000,29.36,423.288,0.000,12.84,942.777,0.000,25.69,577.210,0.000,11.93,557.970,0.000,23.85,1000.498,0.000,38.53,810.499,0.000,33.03,848.980,0.000,18.35,654.172,0.000,16.51,1036.574,0.000,39.45,423.288,0.000,17.43,654.172,0.000,21.10,885.056,0.000,25.69,692.652,0.000,22.94,413.667,0.000,11.93,731.133,0.000,20.18,827.335,0.000,22.94,1000.498,0.000,27.52,615.691,0.000,18.35,788.854,0.000,28.44,808.094,0.000,27.52,832.145,0.000,25.69
51.7743,22659.099,0.000,23.58,99.93,0.00,827.290,0.000,24.77,497.817,0.000,20.18,690.210,0.000,20.18,697.425,0.000,21.10,731.094,0.000,17.43,1000.444,0.000,29.36,885.008,0.000,28.44,692.615,0.000,16.51,654.137,0.000,20.18,423.265,0.000,11.01,846.530,0.000,26.60,615.658,0.000,17.43,774.382,0.000,26.60,502.627,0.000,19.27,844.125,0.000,24.77,921.082,0.000,25.69,882.603,0.000,22.02,764.763,0.000,26.60,615.658,0.000,24.77,1231.316,0.000,35.78,654.137,0.000,25.69,1000.444,0.000,31.19,784.002,0.000,27.52,885.008,0.000,27.52,788.812,0.000,26.60,538.701,0.000,18.35,461.743,0.000,16.51,865.769,0.000,26.60,947.536,0.000,26.60,634.897,0.000,22.02
51.8824,22991.928,0.000,20.62,99.78,0.00,640.755,0.000,18.52,708.713,0.000,18.52,893.173,0.000,24.07,720.849,0.000,17.59,657.744,0.000,16.67,660.171,0.000,18.52,1048.508,0.000,27.78,504.837,0.000,12.96,558.233,0.000,16.67,849.485,0.000,17.59,662.599,0.000,16.67,854.340,0.000,20.37,706.286,0.000,23.15,657.744,0.000,16.67,970.840,0.000,29.63,582.504,0.000,15.74,779.099,0.000,19.44,1048.508,0.000,31.48,737.839,0.000,23.15,854.340,0.000,24.07,1087.341,0.000,28.70,834.923,0.000,19.44,597.067,0.000,19.44,708.713,0.000,19.44,854.340,0.000,22.22,737.839,0.000,18.52,1126.175,0.000,26.85,621.338,0.000,14.81,674.734,0.000,23.15,652.890,0.000,16.67
51.9913,23942.527,0.000,25.88,99.93,0.00,731.216,0.000,24.77,1055.934,0.000,31.20,577.276,0.000,21.10,449.794,0.000,18.35,502.711,0.000,12.85,615.761,0.000,24.77,769.701,0.000,27.53,769.701,0.000,19.27,870.725,0.000,23.86,543.602,0.000,12.85,844.266,0.000,27.53,731.216,0.000,21.10,719.190,0.000,18.35,702.353,0.000,22.02,969.343,0.000,33.03,1000.612,0.000,29.36,760.080,0.000,22.02,918.831,0.000,31.20,615.761,0.000,24.77,808.187,0.000,28.44,1000.612,0.000,33.95,988.585,0.000,35.78,1120.878,0.000,38.54,906.805,0.000,28.44,731.216,0.000,24.77,885.157,0.000,28.44,923.642,0.000,28.44,808.187,0.000,26.61,736.027,0.000,25.69,885.157,0.000,31.20
52.1003,21695.215,0.000,20.89,100.00,0.00,423.321,0.000,11.93,812.969,0.000,23.86,868.290,0.000,29.36,769.675,0.000,23.86,654.224,0.000,15.60,654.224,0.000,20.19,731.191,0.000,23.86,1075.140,0.000,24.77,461.805,0.000,14.68,538.773,0.000,11.01,500.289,0.000,13.76,808.159,0.000,20.19,1015.009,0.000,28.44,721.570,0.000,22.94,803.348,0.000,25.69,913.989,0.000,22.02,406.485,0.000,13.76,736.002,0.000,19.27,808.159,0.000,25.69,731.191,0.000,25.69,615.740,0.000,18.35,774.486,0.000,23.86,904.368,0.000,25.69,969.309,0.000,25.69,615.740,0.000,14.68,538.773,0.000,17.43,538.773,0.000,11.93,923.610,0.000,22.94,687.897,0.000,24.77,692.708,0.000,24.77
52.2093,19072.368,0.000,18.10,100.00,0.00,461.777,0.000,11.93,610.893,0.000,20.18,517.094,0.000,18.35,615.703,0.000,21.10,808.110,0.000,19.27,615.703,0.000,12.84,577.222,0.000,17.43,695.071,0.000,19.27,1000.518,0.000,33.03,654.185,0.000,16.51,384.814,0.000,9.17,808.110,0.000,19.27,832.161,0.000,24.77,769.629,0.000,23.85,844.187,0.000,22.94,663.805,0.000,19.27,603.678,0.000,21.10,269.370,0.000,9.17,464.182,0.000,14.68,808.110,0.000,22.94,769.629,0.000,22.94,603.678,0.000,14.68,577.222,0.000,15.60,384.814,0.000,10.09,423.296,0.000,11.01,692.666,0.000,19.27,538.740,0.000,15.60,846.592,0.000,22.94,538.740,0.000,14.68,692.666,0.000,19.27
52.3183,21524.045,0.357,17.71,100.00,0.00,654.139,0.000,20.18,654.139,0.000,13.76,654.139,0.000,16.51,654.139,0.000,12.84,923.490,0.000,20.18,808.054,0.000,18.35,1082.215,0.000,24.77,731.096,0.000,18.35,699.832,0.000,14.68,769.575,0.000,16.51,1154.362,0.000,29.36,577.181,0.000,11.93,620.470,0.000,16.51,654.139,0.000,17.43,731.096,0.000,20.18,654.139,0.000,16.51,961.968,0.000,23.85,769.575,0.000,18.35,613.255,0.000,12.84,384.787,0.000,10.09,731.096,0.000,17.43,961.968,0.000,25.69,500.224,0.000,11.93,923.490,0.000,22.94,731.096,0.357,17.43,692.617,0.000,18.35,654.139,0.000,19.27,538.702,0.000,15.60,615.660,0.000,16.51,423.266,0.000,12.84
52.4263,12508.692,0.000,9.85,100.00,0.00,271.848,0.000,4.63,660.203,0.000,14.81,427.190,0.000,9.26,116.506,0.000,2.78,427.190,0.000,10.19,466.025,0.000,10.19,344.665,0.000,8.33,427.190,0.000,10.19,614.085,0.000,15.74,331.353,0.000,7.41,466.025,0.000,10.19,388.354,0.000,9.26,500.006,0.000,12.04,466.025,0.000,12.04,349.519,0.000,8.33,155.342,0.000,3.70,466.025,0.000,10.19,388.354,0.000,10.19,466.025,0.000,11.11,310.684,0.000,7.41,349.519,0.000,7.41,776.709,0.000,18.52,427.190,0.000,10.19,349.519,0.000,9.26,194.177,0.000,6.48,543.696,0.000,13.89,466.025,0.000,10.19,388.354,0.000,11.11,466.025,0.000,10.19,504.861,0.000,10.19
52.5302,0.000,0.000,0.00,18.88,0.00,0.000,0.000,0.00,0.000,0.000,0.00,0.000,0.000,0.00,0.000,0.000,0.00,0.000,0.000,0.00,0.000,0.000,0.00,0.000,0.000,0.00,0.000,0.000,0.00,0.000,0.000,0.00,0.000,0.000,0.00,0.000,0.000,0.00,0.000,0.000,0.00,0.000,0.000,0.00,0.000,0.000,0.00,0.000,0.000,0.00,0.000,0.000,0.00,0.000,0.000,0.00,0.000,0.000,0.00,0.000,0.000,0.00,0.000,0.000,0.00,0.000,0.000,0.00,0.000,0.000,0.00,0.000,0.000,0.00,0.000,0.000,0.00,0.000,0.000,0.00,0.000,0.000,0.00,0.000,0.000,0.00,0.000,0.000,0.00,0.000,0.000,0.00,0.000,0.000,0.00
52.6320,0.000,0.000,0.00,0.77,0.00,0.000,0.000,0.00,0.000,0.000,0.00,0.000,0.000,0.00,0.000,0.000,0.00,0.000,0.000,0.00,0.000,0.000,0.00,0.000,0.000,0.00,0.000,0.000,0.00,0.000,0.000,0.00,0.000,0.000,0.00,0.000,0.000,0.00,0.000,0.000,0.00,0.000,0.000,0.00,0.000,0.000,0.00,0.000,0.000,0.00,0.000,0.000,0.00,0.000,0.000,0.00,0.000,0.000,0.00,0.000,0.000,0.00,0.000,0.000,0.00,0.000,0.000,0.00,0.000,0.000,0.00,0.000,0.000,0.00,0.000,0.000,0.00,0.000,0.000,0.00,0.000,0.000,0.00,0.000,0.000,0.00,0.000,0.000,0.00,0.000,0.000,0.00,0.000,0.000,0.00
52.7338,0.000,0.000,0.00,0.92,0.00,0.000,0.000,0.00,0.000,0.000,0.00,0.000,0.000,0.00,0.000,0.000,0.00,0.000,0.000,0.00,0.000,0.000,0.00,0.000,0.000,0.00,0.000,0.000,0.00,0.000,0.000,0.00,0.000,0.000,0.00,0.000,0.000,0.00,0.000,0.000,0.00,0.000,0.000,0.00,0.000,0.000,0.00,0.000,0.000,0.00,0.000,0.000,0.00,0.000,0.000,0.00,0.000,0.000,0.00,0.000,0.000,0.00,0.000,0.000,0.00,0.000,0.000,0.00,0.000,0.000,0.00,0.000,0.000,0.00,0.000,0.000,0.00,0.000,0.000,0.00,0.000,0.000,0.00,0.000,0.000,0.00,0.000,0.000,0.00,0.000,0.000,0.00,0.000,0.000,0.00
52.8356,0.000,0.000,0.00,0.77,0.00,0.000,0.000,0.00,0.000,0.000,0.00,0.000,0.000,0.00,0.000,0.000,0.00,0.000,0.000,0.00,0.000,0.000,0.00,0.000,0.000,0.00,0.000,0.000,0.00,0.000,0.000,0.00,0.000,0.000,0.00,0.000,0.000,0.00,0.000,0.000,0.00,0.000,0.000,0.00,0.000,0.000,0.00,0.000,0.000,0.00,0.000,0.000,0.00,0.000,0.000,0.00,0.000,0.000,0.00,0.000,0.000,0.00,0.000,0.000,0.00,0.000,0.000,0.00,0.000,0.000,0.00,0.000,0.000,0.00,0.000,0.000,0.00,0.000,0.000,0.00,0.000,0.000,0.00,0.000,0.000,0.00,0.000,0.000,0.00,0.000,0.000,0.00,0.000,0.000,0.00
52.9374,0.000,0.000,0.00,0.84,0.00,0.000,0.000,0.00,0.000,0.000,0.00,0.000,0.000,0.00,0.000,0.000,0.00,0.000,0.000,0.00,0.000,0.000,0.00,0.000,0.000,0.00,0.000,0.000,0.00,0.000,0.000,0.00,0.000,0.000,0.00,0.000,0.000,0.00,0.000,0.000,0.00,0.000,0.000,0.00,0.000,0.000,0.00,0.000,0.000,0.00,0.000,0.000,0.00,0.000,0.000,0.00,0.000,0.000,0.00,0.000,0.000,0.00,0.000,0.000,0.00,0.000,0.000,0.00,0.000,0.000,0.00,0.000,0.000,0.00,0.000,0.000,0.00,0.000,0.000,0.00,0.000,0.000,0.00,0.000,0.000,0.00,0.000,0.000,0.00,0.000,0.000,0.00,0.000,0.000,0.00
53.0391,0.000,0.000,0.00,0.85,0.00,0.000,0.000,0.00,0.000,0.000,0.00,0.000,0.000,0.00,0.000,0.000,0.00,0.000,0.000,0.00,0.000,0.000,0.00,0.000,0.000,0.00,0.000,0.000,0.00,0.000,0.000,0.00,0.000,0.000,0.00,0.000,0.000,0.00,0.000,0.000,0.00,0.000,0.000,0.00,0.000,0.000,0.00,0.000,0.000,0.00,0.000,0.000,0.00,0.000,0.000,0.00,0.000,0.000,0.00,0.000,0.000,0.00,0.000,0.000,0.00,0.000,0.000,0.00,0.000,0.000,0.00,0.000,0.000,0.00,0.000,0.000,0.00,0.000,0.000,0.00,0.000,0.000,0.00,0.000,0.000,0.00,0.000,0.000,0.00,0.000,0.000,0.00,0.000,0.000,0.00
53.1453,0.000,0.000,0.00,12.22,0.00,0.000,0.000,0.00,0.000,0.000,0.00,0.000,0.000,0.00,0.000,0.000,0.00,0.000,0.000,0.00,0.000,0.000,0.00,0.000,0.000,0.00,0.000,0.000,0.00,0.000,0.000,0.00,0.000,0.000,0.00,0.000,0.000,0.00,0.000,0.000,0.00,0.000,0.000,0.00,0.000,0.000,0.00,0.000,0.000,0.00,0.000,0.000,0.00,0.000,0.000,0.00,0.000,0.000,0.00,0.000,0.000,0.00,0.000,0.000,0.00,0.000,0.000,0.00,0.000,0.000,0.00,0.000,0.000,0.00,0.000,0.000,0.00,0.000,0.000,0.00,0.000,0.000,0.00,0.000,0.000,0.00,0.000,0.000,0.00,0.000,0.000,0.00,0.000,0.000,0.00
53.2555,0.000,0.000,0.00,89.04,0.00,0.000,0.000,0.00,0.000,0.000,0.00,0.000,0.000,0.00,0.000,0.000,0.00,0.000,0.000,0.00,0.000,0.000,0.00,0.000,0.000,0.00,0.000,0.000,0.00,0.000,0.000,0.00,0.000,0.000,0.00,0.000,0.000,0.00,0.000,0.000,0.00,0.000,0.000,0.00,0.000,0.000,0.00,0.000,0.000,0.00,0.000,0.000,0.00,0.000,0.000,0.00,0.000,0.000,0.00,0.000,0.000,0.00,0.000,0.000,0.00,0.000,0.000,0.00,0.000,0.000,0.00,0.000,0.000,0.00,0.000,0.000,0.00,0.000,0.000,0.00,0.000,0.000,0.00,0.000,0.000,0.00,0.000,0.000,0.00,0.000,0.000,0.00,0.000,0.000,0.00
53.3593,0.000,0.000,0.00,95.03,0.00,0.000,0.000,0.00,0.000,0.000,0.00,0.000,0.000,0.00,0.000,0.000,0.00,0.000,0.000,0.00,0.000,0.000,0.00,0.000,0.000,0.00,0.000,0.000,0.00,0.000,0.000,0.00,0.000,0.000,0.00,0.000,0.000,0.00,0.000,0.000,0.00,0.000,0.000,0.00,0.000,0.000,0.00,0.000,0.000,0.00,0.000,0.000,0.00,0.000,0.000,0.00,0.000,0.000,0.00,0.000,0.000,0.00,0.000,0.000,0.00,0.000,0.000,0.00,0.000,0.000,0.00,0.000,0.000,0.00,0.000,0.000,0.00,0.000,0.000,0.00,0.000,0.000,0.00,0.000,0.000,0.00,0.000,0.000,0.00,0.000,0.000,0.00,0.000,0.000,0.00
53.4665,0.000,0.000,0.00,95.68,0.00,0.000,0.000,0.00,0.000,0.000,0.00,0.000,0.000,0.00,0.000,0.000,0.00,0.000,0.000,0.00,0.000,0.000,0.00,0.000,0.000,0.00,0.000,0.000,0.00,0.000,0.000,0.00,0.000,0.000,0.00,0.000,0.000,0.00,0.000,0.000,0.00,0.000,0.000,0.00,0.000,0.000,0.00,0.000,0.000,0.00,0.000,0.000,0.00,0.000,0.000,0.00,0.000,0.000,0.00,0.000,0.000,0.00,0.000,0.000,0.00,0.000,0.000,0.00,0.000,0.000,0.00,0.000,0.000,0.00,0.000,0.000,0.00,0.000,0.000,0.00,0.000,0.000,0.00,0.000,0.000,0.00,0.000,0.000,0.00,0.000,0.000,0.00,0.000,0.000,0.00
53.5694,36701.100,0.000,85.90,87.03,2.00,1209.954,0.000,96.20,1230.333,0.000,90.37,1227.785,0.000,93.28,1194.671,0.000,92.31,1385.716,0.000,56.36,1311.845,0.000,92.31,1260.900,0.000,95.23,1525.816,0.000,77.74,1339.865,0.000,94.26,1681.200,0.000,62.19,1207.407,0.000,88.43,774.371,0.000,44.70,939.943,0.000,74.82,1237.974,0.000,93.28,1209.954,0.000,94.26,1344.960,0.000,79.68,1263.447,0.000,74.82,1217.596,0.000,90.37,1225.238,0.000,92.31,1248.163,0.000,95.23,1164.103,0.000,96.20,1130.989,0.000,91.34,1059.665,0.000,84.54,1085.138,0.000,79.68,1024.003,0.000,84.54,1189.576,0.000,93.28,1204.860,0.000,91.34,1268.542,0.000,93.28,1327.129,0.000,93.28,1209.954,0.000,91.34
53.6764,30051.013,0.000,47.10,97.86,0.14,1207.822,0.000,57.01,928.529,0.000,57.94,1259.271,0.000,65.42,1242.122,0.000,63.55,982.428,0.000,30.84,708.034,0.000,42.99,1577.764,0.000,62.62,884.430,0.000,39.25,1087.775,0.000,51.40,828.081,0.000,28.04,837.881,0.000,44.86,627.186,0.000,32.71,742.333,0.000,36.45,1161.273,0.000,51.40,943.228,0.000,41.12,1026.527,0.000,42.06,1300.920,0.000,46.73,984.877,0.000,48.60,1065.726,0.000,53.27,999.577,0.000,55.14,957.928,0.000,50.47,1734.560,0.000,64.49,744.783,0.000,42.06,955.478,0.000,49.53,1004.477,0.000,43.93,1014.277,0.000,49.53,649.235,0.000,33.64,661.485,0.000,34.58,668.835,0.000,38.32,1264.171,0.000,55.14
53.7853,28742.786,0.000,39.37,99.71,0.00,1366.299,0.000,39.46,942.939,0.000,42.21,1375.920,0.000,58.73,1000.669,0.000,51.39,767.340,0.000,24.78,1106.509,0.000,44.96,762.529,0.000,38.54,731.258,0.000,20.19,808.233,0.000,42.21,1024.724,0.000,30.28,731.258,0.000,32.12,1231.593,0.000,40.37,849.126,0.000,42.21,1082.455,0.000,46.80,740.880,0.000,33.95,916.479,0.000,33.03,1262.864,0.000,45.88,952.560,0.000,46.80,721.637,0.000,30.28,687.960,0.000,27.53,1077.644,0.000,43.13,692.771,0.000,29.36,1154.619,0.000,50.47,1000.669,0.000,40.37,817.855,0.000,36.70,1267.675,0.000,46.80,957.371,0.000,39.46,808.233,0.000,36.70,1053.589,0.000,44.05,849.126,0.000,42.21
53.8943,27510.536,0.000,32.69,100.00,0.00,1000.558,0.000,33.03,947.644,0.000,29.36,885.109,0.000,26.61,615.728,0.000,21.10,1178.542,0.000,33.95,923.592,0.000,25.69,654.211,0.000,23.86,846.626,0.000,29.36,668.642,0.000,26.61,702.315,0.000,23.86,846.626,0.000,33.03,731.177,0.000,22.02,998.153,0.000,34.87,824.979,0.000,32.11,632.564,0.000,27.53,1039.041,0.000,33.95,769.660,0.000,28.44,817.764,0.000,28.44,923.592,0.000,35.78,1039.041,0.000,34.87,1385.388,0.000,44.96,808.143,0.000,35.78,923.592,0.000,35.78,986.127,0.000,40.37,1154.490,0.000,46.79,1236.266,0.000,49.55,1000.558,0.000,35.78,1238.672,0.000,45.88,1077.524,0.000,35.78,654.211,0.000,25.69
54.0023,26072.894,0.000,28.64,100.00,0.00,893.207,0.000,30.55,1203.887,0.000,44.44,815.536,0.000,32.41,1165.052,0.000,37.96,946.605,0.000,25.00,1048.547,0.000,33.33,932.042,0.000,30.55,854.372,0.000,24.07,1009.712,0.000,39.81,766.993,0.000,24.07,1065.537,0.000,32.41,1048.547,0.000,29.63,893.207,0.000,29.63,716.022,0.000,30.55,915.051,0.000,33.33,388.351,0.000,12.04,466.021,0.000,12.96,1167.479,0.000,40.74,621.361,0.000,20.37,737.866,0.000,22.22,893.207,0.000,23.15,932.042,0.000,29.63,932.042,0.000,28.70,674.759,0.000,24.07,1048.547,0.000,33.33,733.012,0.000,26.85,815.536,0.000,23.15,796.119,0.000,32.41,932.042,0.000,28.70,660.196,0.000,23.15
54.1113,26698.800,0.000,32.26,100.00,0.00,810.512,0.000,33.95,846.588,0.000,33.03,846.588,0.000,33.95,962.032,0.000,37.62,1038.995,0.000,27.52,1192.920,0.000,44.96,577.219,0.000,26.61,577.219,0.000,25.69,1038.995,0.000,38.53,1308.364,0.000,33.03,560.384,0.000,23.85,923.551,0.000,31.19,962.032,0.000,28.44,500.257,0.000,19.27,1115.957,0.000,38.53,615.701,0.000,22.94,1077.476,0.000,33.03,728.739,0.000,21.10,1349.250,0.000,44.04,692.663,0.000,30.28,808.107,0.000,33.03,1154.439,0.000,41.29,1192.920,0.000,44.96,649.372,0.000,28.44,692.663,0.000,25.69,923.551,0.000,33.95,692.663,0.000,27.52,820.132,0.000,29.36,885.070,0.000,35.78,1154.439,0.000,40.37
54.2193,25326.162,0.000,25.31,100.00,0.00,929.735,0.000,26.85,1126.362,0.000,35.19,854.482,0.000,25.93,815.642,0.000,27.78,776.802,0.000,17.59,776.802,0.000,25.93,621.441,0.000,18.52,737.962,0.000,21.30,599.594,0.000,15.74,854.482,0.000,20.37,621.441,0.000,18.52,873.902,0.000,21.30,1165.203,0.000,36.11,621.441,0.000,24.08,1048.682,0.000,37.04,1204.043,0.000,28.71,932.162,0.000,25.93,1165.203,0.000,40.74,1085.095,0.000,31.48,815.642,0.000,29.63,779.229,0.000,27.78,737.962,0.000,20.37,776.802,0.000,26.85,859.337,0.000,21.30,699.122,0.000,21.30,776.802,0.000,22.22,466.081,0.000,12.04,893.322,0.000,25.00,818.069,0.000,25.93,893.322,0.000,27.78
54.3283,27071.738,0.000,28.16,98.63,0.00,730.954,0.000,24.77,1151.733,0.000,36.69,723.740,0.000,26.60,1077.195,0.000,33.02,1038.724,0.000,20.18,997.848,0.000,33.02,692.483,0.000,26.60,1259.933,0.000,34.85,913.692,0.000,29.35,846.368,0.000,19.26,884.839,0.000,27.52,827.132,0.000,24.77,769.425,0.000,23.85,1000.253,0.000,32.10,694.887,0.000,25.68,1094.026,0.000,28.43,706.909,0.000,17.43,730.954,0.000,24.77,1115.666,0.000,41.28,846.368,0.000,31.19,997.848,0.000,35.77,730.954,0.000,23.85,1149.329,0.000,40.36,1192.609,0.000,34.85,923.310,0.000,23.85,769.425,0.000,20.18,692.483,0.000,20.18,884.839,0.000,25.68,858.390,0.000,31.19,769.425,0.000,27.52
54.4363,24760.733,0.000,24.42,99.34,0.00,893.328,0.000,23.15,757.387,0.000,28.71,784.090,0.000,25.00,1204.051,0.000,38.89,815.648,0.000,17.59,507.352,0.000,17.59,1140.936,0.000,34.26,786.517,0.000,18.52,924.886,0.000,30.56,842.350,0.000,18.52,1475.934,0.000,38.89,1048.690,0.000,25.93,971.009,0.000,26.85,815.648,0.000,20.37,463.657,0.000,14.82,699.127,0.000,20.37,956.444,0.000,26.85,543.765,0.000,15.74,701.554,0.000,25.00,648.149,0.000,20.37,660.286,0.000,20.37,660.286,0.000,22.22,898.183,0.000,25.93,682.134,0.000,25.00,621.446,0.000,20.37,660.286,0.000,23.15,893.328,0.000,24.08,776.807,0.000,24.08,1111.805,0.000,28.71,815.648,0.000,30.56
54.5430,24895.951,0.000,27.74,99.63,0.00,700.222,0.000,28.12,808.326,0.000,21.56,668.282,0.000,25.31,791.128,0.000,28.12,628.971,0.000,16.87,825.524,0.000,29.99,1007.336,0.000,33.74,668.282,0.000,20.62,864.835,0.000,27.18,877.120,0.000,22.49,599.488,0.000,19.68,982.767,0.000,18.74,707.592,0.000,23.43,842.723,0.000,31.87,864.835,0.000,33.74,906.603,0.000,26.24,788.671,0.000,23.43,1083.501,0.000,36.55,823.068,0.000,29.99,1112.984,0.000,36.55,746.903,0.000,21.56,668.282,0.000,23.43,982.767,0.000,36.55,948.370,0.000,29.05,874.663,0.000,31.87,550.350,0.000,26.24,950.827,0.000,31.87,589.660,0.000,22.49,1061.389,0.000,37.49,970.483,0.000,37.49
54.6483,25212.998,0.000,27.05,99.55,0.00,804.644,0.000,25.66,677.595,0.000,27.56,956.604,0.000,26.61,1031.339,0.000,38.01,717.453,0.000,17.11,1155.897,0.000,37.06,677.595,0.000,23.76,797.170,0.000,27.56,1235.614,0.000,38.96,916.746,0.000,25.66,866.923,0.000,27.56,717.453,0.000,24.71,478.302,0.000,18.06,819.591,0.000,24.71,677.595,0.000,21.86,1096.109,0.000,38.01,874.396,0.000,30.41,894.325,0.000,27.56,916.746,0.000,31.36,757.312,0.000,22.81,717.453,0.000,25.66,757.312,0.000,25.66,717.453,0.000,25.66,1208.211,0.000,33.26,707.489,0.000,20.91,717.453,0.000,21.86,1028.848,0.000,31.36,438.444,0.000,15.20,916.746,0.000,31.36,934.184,0.000,25.66
54.7526,25988.447,0.000,27.95,99.55,0.00,683.245,0.000,23.00,924.391,0.000,30.66,723.436,0.000,25.87,924.391,0.000,32.58,522.482,0.000,12.46,602.864,0.000,21.08,924.391,0.000,27.79,866.616,0.000,22.04,844.009,0.000,24.91,487.315,0.000,12.46,1235.870,0.000,40.25,1125.345,0.000,24.91,914.343,0.000,33.54,643.055,0.000,25.87,1107.762,0.000,36.41,763.627,0.000,22.04,803.818,0.000,23.96,859.081,0.000,31.62,884.200,0.000,25.87,1125.345,0.000,37.37,939.463,0.000,31.62,929.415,0.000,34.50,763.627,0.000,26.83,984.677,0.000,33.54,964.582,0.000,32.58,1004.773,0.000,32.58,1004.773,0.000,30.66,763.627,0.000,25.87,924.391,0.000,30.66,743.532,0.000,24.91
54.8577,24113.850,2.412,23.69,99.63,0.00,1015.241,0.000,29.50,678.490,0.000,20.93,838.135,0.000,22.84,838.135,0.000,22.84,758.313,0.000,15.22,800.719,0.000,23.79,653.546,0.000,20.93,895.508,0.000,23.79,658.535,0.000,19.03,558.757,0.000,13.32,768.291,0.000,19.98,678.490,0.000,20.93,967.847,0.000,29.50,920.452,0.000,27.60,775.774,0.000,22.84,957.869,0.000,25.69,758.313,0.000,23.79,810.696,0.000,24.74,718.402,0.000,22.84,833.146,0.000,26.64,972.836,0.000,26.64,690.963,0.000,20.93,718.402,2.412,22.84,738.357,0.000,19.98,838.135,0.000,26.64,563.746,0.000,20.93,1117.514,0.000,34.26,975.330,0.000,33.30,843.124,0.000,24.74,770.785,0.000,23.79
54.9634,25279.029,0.000,29.68,99.63,0.00,816.013,0.000,25.55,820.973,0.000,29.33,912.744,0.000,30.28,530.780,0.000,20.82,1031.797,0.000,24.60,870.579,0.000,25.55,897.862,0.000,34.06,952.428,0.000,32.17,892.901,0.000,28.38,907.783,0.000,23.65,754.006,0.000,24.60,1093.804,0.000,35.01,486.135,0.000,17.98,766.407,0.000,34.06,855.697,0.000,33.12,912.744,0.000,28.38,1150.851,0.000,38.79,892.901,0.000,32.17,674.637,0.000,29.33,798.651,0.000,33.12,684.558,0.000,30.28,657.275,0.000,23.65,714.321,0.000,30.28,672.156,0.000,25.55,912.744,0.000,35.95,907.783,0.000,35.01,714.321,0.000,26.49,1054.120,0.000,37.85,1106.206,0.000,35.95,835.855,0.000,28.38
55.0693,22844.974,0.000,23.32,99.56,0.00,752.261,0.000,21.71,883.412,0.000,20.77,853.717,0.000,26.43,1212.526,0.000,30.21,930.428,0.000,19.82,633.483,0.000,17.94,554.297,0.000,16.99,831.446,0.000,26.43,712.668,0.000,24.54,435.519,0.000,12.27,316.741,0.000,10.38,690.397,0.000,22.66,821.548,0.000,30.21,1054.155,0.000,33.04,532.027,0.000,16.99,673.075,0.000,20.77,712.668,0.000,19.82,1101.171,0.000,33.98,643.381,0.000,20.77,831.446,0.000,30.21,908.157,0.000,32.09,633.483,0.000,20.77,712.668,0.000,26.43,794.328,0.000,22.66,910.632,0.000,28.32,712.668,0.000,20.77,603.788,0.000,22.66,910.632,0.000,28.32,532.027,0.000,16.05,950.224,0.000,25.49
55.1753,23524.032,0.000,24.27,99.56,0.07,761.632,0.000,19.81,593.479,0.000,19.81,927.311,0.000,24.53,830.871,0.000,22.64,1048.480,0.000,28.30,870.436,0.000,28.30,910.001,0.000,26.41,672.610,0.000,20.75,791.306,0.000,23.58,751.740,0.000,19.81,1028.697,0.000,29.24,791.306,0.000,21.70,919.893,0.000,28.30,830.871,0.000,29.24,910.001,0.000,29.24,633.044,0.000,16.98,514.349,0.000,12.26,751.740,0.000,24.53,979.241,0.000,32.07,672.610,0.000,24.53,556.387,0.000,21.70,593.479,0.000,18.87,633.044,0.000,20.75,910.001,0.000,26.41,751.740,0.000,26.41,830.871,0.000,25.47,1018.806,0.000,33.96,712.175,0.000,28.30,694.865,0.000,23.58,633.044,0.000,20.75
55.2804,23966.066,0.000,27.58,99.62,0.00,429.258,0.000,20.94,878.481,0.000,31.42,758.688,0.000,26.66,279.517,0.000,11.42,718.757,0.000,18.09,918.412,0.000,28.56,1038.205,0.000,29.51,878.481,0.000,25.70,998.274,0.000,28.56,878.481,0.000,21.90,598.964,0.000,20.94,1157.998,0.000,35.23,828.568,0.000,29.51,638.895,0.000,22.85,878.481,0.000,31.42,838.550,0.000,27.61,678.826,0.000,19.99,995.778,0.000,30.46,838.550,0.000,37.13,718.757,0.000,34.27,638.895,0.000,27.61,928.395,0.000,36.18,940.873,0.000,40.94,821.080,0.000,24.75,638.895,0.000,24.75,838.550,0.000,30.46,838.550,0.000,31.42,798.619,0.000,24.75,798.619,0.000,27.61,773.662,0.000,26.66
55.3849,23283.601,0.372,24.87,99.64,0.00,722.205,0.000,26.78,682.083,0.000,22.96,682.083,0.000,22.00,762.328,0.000,27.74,361.103,0.000,8.61,682.083,0.000,22.96,935.356,0.000,25.83,777.374,0.000,18.18,882.695,0.000,30.61,641.960,0.000,13.39,682.083,0.000,22.00,481.470,0.000,13.39,1025.632,0.000,35.39,802.450,0.000,31.57,737.251,0.000,28.70,842.573,0.000,22.96,1003.063,0.000,24.87,719.698,0.000,26.78,887.711,0.000,29.65,857.619,0.000,29.65,1123.431,0.000,37.31,471.440,0.000,16.26,659.514,0.000,22.96,900.249,0.372,22.96,682.083,0.000,23.91,722.205,0.000,22.96,1003.063,0.000,30.61,882.695,0.000,26.78,842.573,0.000,28.70,827.527,0.000,29.65
55.4936,25665.651,0.000,29.23,99.47,0.00,733.304,0.000,23.00,849.089,0.000,29.45,1042.064,0.000,29.45,656.114,0.000,23.00,849.089,0.000,20.24,1003.469,0.000,34.97,721.243,0.000,23.92,487.261,0.000,17.48,694.709,0.000,24.84,810.494,0.000,20.24,887.684,0.000,30.37,617.519,0.000,16.56,1097.544,0.000,42.33,849.089,0.000,34.97,1027.591,0.000,40.49,849.089,0.000,24.84,771.899,0.000,23.00,931.104,0.000,38.65,921.455,0.000,36.81,757.426,0.000,31.29,887.684,0.000,34.05,964.874,0.000,32.21,964.874,0.000,38.65,887.684,0.000,30.37,810.494,0.000,27.61,771.899,0.000,25.76,1042.064,0.000,31.29,1042.064,0.000,32.21,1003.469,0.000,34.97,733.304,0.000,23.92
55.6003,24582.896,0.000,24.51,99.57,0.00,707.280,0.000,22.48,982.334,0.000,27.17,785.867,0.000,24.36,628.693,0.000,20.61,785.867,0.000,19.67,943.040,0.000,29.04,628.693,0.000,18.74,1060.920,0.000,29.04,707.280,0.000,23.42,807.969,0.000,20.61,903.747,0.000,26.23,825.160,0.000,19.67,628.693,0.000,17.80,906.203,0.000,28.10,825.160,0.000,24.36,903.747,0.000,25.29,510.813,0.000,17.80,785.867,0.000,24.36,471.520,0.000,14.05,825.160,0.000,26.23,707.280,0.000,21.55,982.334,0.000,31.85,1257.387,0.000,36.54,903.747,0.000,30.92,864.453,0.000,26.23,1060.920,0.000,31.85,550.107,0.000,18.74,943.040,0.000,28.10,903.747,0.000,24.36,785.867,0.000,26.23
55.7076,23194.960,0.000,26.00,99.48,0.00,625.504,0.000,21.44,742.786,0.000,27.03,891.832,0.000,32.62,444.694,0.000,20.51,1055.538,0.000,26.10,899.162,0.000,29.83,1055.538,0.000,32.62,752.560,0.000,26.10,830.748,0.000,30.76,566.863,0.000,14.91,1045.765,0.000,33.55,789.210,0.000,23.30,664.598,0.000,24.23,684.145,0.000,24.23,759.890,0.000,28.89,860.068,0.000,30.76,742.786,0.000,25.17,935.813,0.000,34.49,332.299,0.000,11.18,625.504,0.000,16.78,703.692,0.000,22.37,1075.085,0.000,35.42,742.786,0.000,23.30,850.295,0.000,28.89,417.817,0.000,17.71,977.350,0.000,34.49,703.692,0.000,22.37,860.068,0.000,28.89,899.162,0.000,29.83,659.711,0.000,22.37
55.8133,22969.981,0.000,26.27,99.35,0.00,674.566,0.000,25.54,872.968,0.000,33.11,682.007,0.000,25.54,778.727,0.000,27.44,515.845,0.000,13.24,714.247,0.000,25.54,1031.690,0.000,35.95,642.326,0.000,17.03,872.968,0.000,32.17,513.365,0.000,13.24,962.249,0.000,28.38,984.569,0.000,29.33,634.886,0.000,22.71,691.927,0.000,27.44,1106.091,0.000,37.84,1086.250,0.000,31.22,595.206,0.000,17.98,756.407,0.000,27.44,853.128,0.000,28.38,920.089,0.000,32.17,1031.690,0.000,37.84,892.809,0.000,33.11,476.165,0.000,20.81,843.208,0.000,30.27,806.008,0.000,24.60,515.845,0.000,17.98,555.525,0.000,19.87,595.206,0.000,18.92,684.487,0.000,24.60,679.527,0.000,28.38
55.9223,22988.194,0.000,22.14,99.72,0.00,654.057,0.000,21.10,692.531,0.000,20.18,731.005,0.000,20.18,807.953,0.000,22.93,538.636,0.000,12.84,923.375,0.000,23.85,846.427,0.000,21.10,637.225,0.000,17.43,798.335,0.000,22.93,654.057,0.000,15.59,731.005,0.000,22.93,807.953,0.000,23.85,769.479,0.000,25.68,538.636,0.000,22.93,603.560,0.000,20.18,755.052,0.000,19.26,731.005,0.000,21.10,819.976,0.000,23.85,615.583,0.000,20.18,685.318,0.000,20.18,807.953,0.000,25.68,1077.271,0.000,29.35,884.901,0.000,28.44,731.005,0.000,23.85,1077.271,0.000,27.52,923.375,0.000,22.93,731.005,0.000,20.18,769.479,0.000,21.10,1067.653,0.000,27.52,577.109,0.000,19.26
56.0302,20639.050,0.000,20.56,99.63,0.00,661.228,0.000,20.40,602.884,0.000,20.40,583.436,0.000,20.40,700.123,0.000,22.26,661.228,0.000,14.84,581.005,0.000,16.69,855.706,0.000,24.11,926.205,0.000,23.18,700.123,0.000,21.33,661.228,0.000,14.84,700.123,0.000,21.33,544.540,0.000,17.62,622.332,0.000,22.26,933.498,0.000,26.89,585.867,0.000,19.47,661.228,0.000,14.84,661.228,0.000,18.55,687.968,0.000,20.40,816.810,0.000,25.04,816.810,0.000,25.04,709.847,0.000,23.18,816.810,0.000,22.26,466.749,0.000,20.40,777.915,0.000,23.18,661.228,0.000,20.40,595.591,0.000,20.40,739.019,0.000,22.26,469.180,0.000,13.91,583.436,0.000,16.69,855.706,0.000,24.11
56.1414,21052.184,0.000,19.82,99.72,0.00,528.101,0.000,14.39,999.620,0.000,25.18,565.823,0.000,18.89,641.266,0.000,17.99,943.038,0.000,21.58,605.902,0.000,16.19,716.709,0.000,20.69,799.225,0.000,18.89,754.430,0.000,19.79,623.621,0.000,16.19,641.266,0.000,17.09,565.823,0.000,16.19,829.874,0.000,22.48,792.152,0.000,22.48,714.351,0.000,23.38,603.544,0.000,16.19,452.658,0.000,13.49,603.544,0.000,18.89,528.101,0.000,17.99,754.430,0.000,22.48,782.722,0.000,24.28,754.430,0.000,17.99,735.570,0.000,22.48,754.430,0.000,20.69,565.823,0.000,17.09,855.807,0.000,23.38,678.987,0.000,21.58,827.516,0.000,21.58,641.266,0.000,21.58,792.152,0.000,23.38
56.2487,9435.527,0.000,9.97,99.62,0.00,234.423,0.000,8.38,390.705,0.000,13.04,351.635,0.000,11.18,429.776,0.000,12.11,312.564,0.000,7.45,351.635,0.000,9.32,195.353,0.000,5.59,273.494,0.000,9.32,351.635,0.000,11.18,312.564,0.000,6.52,156.282,0.000,8.38,273.494,0.000,9.32,507.917,0.000,14.90,273.494,0.000,10.25,351.635,0.000,13.04,312.564,0.000,10.25,507.917,0.000,14.90,234.423,0.000,9.32,234.423,0.000,8.38,351.635,0.000,13.04,312.564,0.000,12.11,468.846,0.000,14.90,332.099,0.000,13.04,312.564,0.000,9.32,117.212,0.000,5.59,156.282,0.000,4.66,273.494,0.000,6.52,429.776,0.000,12.11,195.353,0.000,5.59,429.776,0.000,9.32
56.3555,0.000,0.000,0.00,73.37,0.00,0.000,0.000,0.00,0.000,0.000,0.00,0.000,0.000,0.00,0.000,0.000,0.00,0.000,0.000,0.00,0.000,0.000,0.00,0.000,0.000,0.00,0.000,0.000,0.00,0.000,0.000,0.00,0.000,0.000,0.00,0.000,0.000,0.00,0.000,0.000,0.00,0.000,0.000,0.00,0.000,0.000,0.00,0.000,0.000,0.00,0.000,0.000,0.00,0.000,0.000,0.00,0.000,0.000,0.00,0.000,0.000,0.00,0.000,0.000,0.00,0.000,0.000,0.00,0.000,0.000,0.00,0.000,0.000,0.00,0.000,0.000,0.00,0.000,0.000,0.00,0.000,0.000,0.00,0.000,0.000,0.00,0.000,0.000,0.00,0.000,0.000,0.00,0.000,0.000,0.00
56.4675,0.000,0.000,0.00,86.15,0.00,0.000,0.000,0.00,0.000,0.000,0.00,0.000,0.000,0.00,0.000,0.000,0.00,0.000,0.000,0.00,0.000,0.000,0.00,0.000,0.000,0.00,0.000,0.000,0.00,0.000,0.000,0.00,0.000,0.000,0.00,0.000,0.000,0.00,0.000,0.000,0.00,0.000,0.000,0.00,0.000,0.000,0.00,0.000,0.000,0.00,0.000,0.000,0.00,0.000,0.000,0.00,0.000,0.000,0.00,0.000,0.000,0.00,0.000,0.000,0.00,0.000,0.000,0.00,0.000,0.000,0.00,0.000,0.000,0.00,0.000,0.000,0.00,0.000,0.000,0.00,0.000,0.000,0.00,0.000,0.000,0.00,0.000,0.000,0.00,0.000,0.000,0.00,0.000,0.000,0.00
56.5854,19606.980,0.000,47.71,84.60,0.55,640.591,0.000,53.46,629.470,0.000,46.67,658.385,0.000,48.36,633.918,0.000,48.36,889.710,0.000,39.03,647.264,0.000,52.61,658.385,0.000,53.46,805.187,0.000,51.76,651.712,0.000,52.61,896.383,0.000,40.73,596.106,0.000,44.97,569.414,0.000,35.64,538.274,0.000,42.42,705.095,0.000,51.76,649.488,0.000,49.21,736.235,0.000,51.76,705.095,0.000,44.97,633.918,0.000,47.52,691.749,0.000,50.06,700.646,0.000,53.46,620.573,0.000,54.30,567.190,0.000,47.52,507.135,0.000,42.42,511.583,0.000,38.18,480.443,0.000,39.88,653.937,0.000,51.76,667.282,0.000,47.52,607.227,0.000,51.76,794.066,0.000,51.76,560.517,0.000,47.52
56.6977,33557.582,0.000,58.78,97.68,0.00,1270.112,0.000,70.36,1244.430,0.000,74.81,1251.434,0.000,79.27,1351.829,0.000,83.72,1017.958,0.000,26.72,1038.971,0.000,59.67,1737.065,0.000,73.92,1076.327,0.000,40.97,1221.082,0.000,77.49,1109.014,0.000,31.17,1167.383,0.000,69.47,485.631,0.000,17.81,756.464,0.000,50.77,1389.185,0.000,68.58,1059.983,0.000,59.67,1106.679,0.000,40.97,1239.760,0.000,45.42,1043.640,0.000,62.34,1179.056,0.000,63.24,982.936,0.000,60.56,992.275,0.000,58.78,1870.147,0.000,82.83,1036.636,0.000,61.45,1031.966,0.000,65.02,952.584,0.000,58.78,999.280,0.000,56.11,868.533,0.000,51.66,1080.996,0.000,58.78,784.481,0.000,44.53,1211.743,0.000,68.58
56.8063,27740.143,0.000,36.59,97.92,0.00,1119.254,0.000,46.01,617.520,0.000,22.08,1157.849,0.000,42.33,964.875,0.000,38.65,878.036,0.000,29.45,945.577,0.000,35.89,810.495,0.000,35.89,639.229,0.000,26.69,1061.362,0.000,35.89,1008.294,0.000,31.29,656.115,0.000,33.13,1042.065,0.000,43.25,873.211,0.000,33.13,771.900,0.000,26.69,670.588,0.000,25.76,1107.194,0.000,42.33,1389.419,0.000,51.53,858.738,0.000,34.97,617.520,0.000,30.37,887.685,0.000,35.89,964.875,0.000,34.97,733.305,0.000,34.97,926.280,0.000,38.65,1157.849,0.000,50.61,1119.254,0.000,48.77,1346.000,0.000,47.85,694.710,0.000,31.29,656.115,0.000,29.45,914.219,0.000,36.81,1150.613,0.000,43.25
56.9108,26767.977,0.373,30.38,98.43,0.00,1284.943,0.000,35.42,923.553,0.000,32.55,1164.480,0.000,36.38,883.398,0.000,33.51,745.367,0.000,22.98,983.785,0.000,29.68,602.317,0.000,19.15,1003.862,0.000,26.81,622.394,0.000,24.89,722.781,0.000,22.02,682.626,0.000,22.98,843.244,0.000,25.85,923.553,0.000,37.34,1084.171,0.000,38.29,803.090,0.000,33.51,883.398,0.000,23.93,642.472,0.373,17.23,803.090,0.000,29.68,966.217,0.000,36.38,883.398,0.000,34.46,1204.634,0.000,44.04,642.472,0.000,20.10,1003.862,0.000,41.17,803.090,0.000,28.72,883.398,0.000,34.46,1164.480,0.000,38.29,963.707,0.000,35.42,923.553,0.000,33.51,963.707,0.000,27.76,762.935,0.000,24.89
57.0152,27267.376,0.000,36.93,98.51,0.00,763.145,0.000,34.47,1365.628,0.000,47.88,803.311,0.000,27.77,682.814,0.000,27.77,1061.876,0.000,30.64,946.400,0.000,32.56,722.980,0.000,31.60,803.311,0.000,35.43,682.814,0.000,29.69,803.311,0.000,25.86,1084.469,0.000,45.97,1124.635,0.000,42.14,923.807,0.000,40.22,682.814,0.000,30.64,722.980,0.000,32.56,562.317,0.000,24.90,883.642,0.000,35.43,1335.504,0.000,50.75,640.138,0.000,30.64,783.228,0.000,34.47,1307.890,0.000,45.97,883.642,0.000,39.26,851.007,0.000,39.26,843.476,0.000,33.52,1124.635,0.000,48.84,843.476,0.000,42.14,1124.635,0.000,50.75,1164.800,0.000,50.75,1172.331,0.000,44.05,572.359,0.000,22.03
57.1204,26873.831,0.000,33.48,98.64,0.00,1116.938,0.000,42.80,1007.239,0.000,42.80,907.512,0.000,38.04,1114.445,0.000,51.36,1156.829,0.000,28.53,1244.090,0.000,44.70,917.485,0.000,36.14,678.141,0.000,23.78,1229.131,0.000,53.26,1141.870,0.000,30.43,630.771,0.000,29.48,802.799,0.000,27.58,1196.719,0.000,40.90,518.578,0.000,25.68,1116.938,0.000,41.85,491.154,0.000,17.12,757.922,0.000,22.83,787.840,0.000,32.34,1236.610,0.000,45.65,658.196,0.000,23.78,830.224,0.000,31.39,1087.020,0.000,39.94,1149.349,0.000,37.09,718.032,0.000,31.39,678.141,0.000,26.63,797.813,0.000,28.53,598.360,0.000,20.92,558.469,0.000,23.78,737.977,0.000,27.58,1007.239,0.000,38.04
57.2293,25302.610,0.000,26.52,99.20,0.00,654.274,0.000,20.19,1106.493,0.000,32.12,817.843,0.000,26.61,849.113,0.000,29.36,808.221,0.000,22.94,856.329,0.000,24.78,627.815,0.000,22.94,750.491,0.000,22.02,738.464,0.000,26.61,938.114,0.000,24.78,699.977,0.000,23.86,1034.330,0.000,32.12,808.221,0.000,25.69,500.327,0.000,17.43,902.032,0.000,28.45,991.033,0.000,26.61,769.734,0.000,24.78,769.734,0.000,23.86,1193.088,0.000,35.79,743.275,0.000,26.61,1024.709,0.000,30.28,991.033,0.000,28.45,1039.141,0.000,32.12,808.221,0.000,24.78,654.274,0.000,22.02,808.221,0.000,27.53,615.787,0.000,21.10,885.194,0.000,30.28,1089.655,0.000,33.03,827.464,0.000,28.45
57.3374,26565.394,0.000,28.60,99.36,0.00,931.864,0.000,31.47,849.355,0.000,26.85,902.743,0.000,25.92,837.221,0.000,29.62,1009.519,0.000,22.22,854.208,0.000,29.62,660.070,0.000,26.85,730.445,0.000,24.99,662.497,0.000,24.07,1087.174,0.000,25.92,1009.519,0.000,31.47,778.980,0.000,21.29,776.553,0.000,30.55,815.381,0.000,26.85,876.049,0.000,30.55,1065.334,0.000,31.47,1009.519,0.000,27.77,1196.377,0.000,38.88,1087.174,0.000,37.03,880.902,0.000,29.62,815.381,0.000,30.55,815.381,0.000,25.92,873.622,0.000,32.40,737.725,0.000,27.77,893.036,0.000,25.92,745.006,0.000,25.92,970.691,0.000,30.55,1145.416,0.000,32.40,613.962,0.000,24.99,934.290,0.000,28.70
57.4462,26080.500,0.000,27.14,100.00,0.00,655.144,0.000,18.38,989.941,0.000,38.59,761.123,0.000,31.24,1211.534,0.000,43.18,963.447,0.000,22.97,1001.985,0.000,34.91,797.252,0.000,24.81,1028.479,0.000,26.65,999.576,0.000,39.51,847.833,0.000,19.30,1079.060,0.000,29.40,999.576,0.000,27.56,862.285,0.000,24.81,847.833,0.000,24.81,782.800,0.000,22.05,751.488,0.000,22.05,886.371,0.000,27.56,585.294,0.000,13.78,975.490,0.000,30.32,1040.522,0.000,34.00,693.682,0.000,22.97,539.530,0.000,18.38,905.640,0.000,31.24,1040.522,0.000,31.24,847.833,0.000,23.89,763.531,0.000,22.05,655.144,0.000,17.46,558.799,0.000,20.21,1201.900,0.000,40.43,806.887,0.000,30.32
57.5544,23872.829,0.000,29.28,100.00,0.00,913.711,0.000,36.06,787.682,0.000,31.43,748.904,0.000,31.43,845.849,0.000,36.98,736.786,0.000,18.49,603.486,0.000,26.81,1124.568,0.000,36.06,731.939,0.000,24.04,969.455,0.000,38.83,814.342,0.000,20.34,736.786,0.000,24.96,695.584,0.000,22.19,954.913,0.000,33.28,1124.568,0.000,36.06,608.333,0.000,21.26,613.180,0.000,21.26,610.757,0.000,20.34,775.564,0.000,25.89,693.160,0.000,36.98,780.411,0.000,38.83,693.160,0.000,33.28,838.579,0.000,28.66,865.239,0.000,33.28,1151.228,0.000,38.83,637.417,0.000,23.11,542.895,0.000,22.19,775.564,0.000,26.81,637.417,0.000,20.34,891.899,0.000,32.36,969.455,0.000,37.91
57.6643,25134.156,0.000,32.54,100.00,0.00,741.765,0.000,27.30,729.840,0.000,26.39,636.821,0.000,28.21,884.871,0.000,33.66,610.585,0.000,18.20,622.510,0.000,25.48,839.554,0.000,33.66,1187.778,0.000,38.21,1106.685,0.000,40.03,648.746,0.000,19.11,877.716,0.000,37.30,1032.747,0.000,38.21,801.393,0.000,31.84,686.908,0.000,30.93,877.716,0.000,37.30,1266.487,0.000,41.85,803.778,0.000,33.66,992.201,0.000,40.94,1099.530,0.000,38.21,911.107,0.000,35.48,806.163,0.000,30.02,586.734,0.000,23.66,1056.598,0.000,38.21,813.318,0.000,30.93,784.697,0.000,35.48,744.150,0.000,32.75,686.908,0.000,32.75,555.728,0.000,27.30,901.567,0.000,37.30,839.554,0.000,31.84
57.7733,26371.296,0.000,34.68,99.71,0.00,730.533,0.000,31.17,653.635,0.000,34.83,942.004,0.000,39.42,1384.169,0.000,52.25,730.533,0.000,22.00,1042.933,0.000,39.42,692.084,0.000,23.83,768.983,0.000,26.58,869.912,0.000,38.50,999.677,0.000,27.50,1038.126,0.000,43.08,963.631,0.000,34.83,730.533,0.000,25.67,730.533,0.000,30.25,653.635,0.000,28.42,1115.025,0.000,38.50,963.631,0.000,34.83,946.810,0.000,37.58,653.635,0.000,28.42,961.228,0.000,37.58,730.533,0.000,30.25,845.881,0.000,33.00,653.635,0.000,30.25,807.432,0.000,38.50,922.779,0.000,38.50,903.555,0.000,36.67,1384.169,0.000,50.42,576.737,0.000,30.25,1129.443,0.000,43.08,845.881,0.000,34.83
57.8823,24435.316,0.000,27.95,100.00,0.00,1003.005,0.000,39.45,942.873,0.000,29.36,865.904,0.000,21.10,692.723,0.000,20.19,690.318,0.000,22.02,553.216,0.000,21.10,901.983,0.000,29.36,887.551,0.000,26.61,630.185,0.000,19.27,493.084,0.000,17.43,962.115,0.000,35.78,945.278,0.000,28.44,673.481,0.000,27.53,704.749,0.000,28.44,1046.300,0.000,32.11,627.780,0.000,20.19,1082.379,0.000,31.20,976.547,0.000,35.78,709.560,0.000,30.28,632.591,0.000,26.61,971.736,0.000,35.78,769.692,0.000,31.20,772.097,0.000,27.53,1116.053,0.000,42.21,731.207,0.000,25.69,856.282,0.000,29.36,731.207,0.000,23.86,1031.868,0.000,34.87,779.313,0.000,25.69,654.238,0.000,20.19
57.9913,25202.307,0.000,28.01,100.00,0.00,998.087,0.000,25.69,873.026,0.000,29.36,856.191,0.000,31.19,719.104,0.000,29.36,848.976,0.000,16.51,1063.023,0.000,38.53,846.570,0.000,30.28,998.087,0.000,30.28,885.051,0.000,34.86,430.500,0.000,10.09,769.610,0.000,26.61,976.442,0.000,31.19,596.447,0.000,24.77,1026.948,0.000,33.95,800.875,0.000,27.52,911.506,0.000,27.52,846.570,0.000,28.44,808.090,0.000,25.69,637.333,0.000,18.35,945.177,0.000,24.77,776.825,0.000,25.69,692.649,0.000,22.94,921.126,0.000,29.36,615.688,0.000,21.10,846.570,0.000,31.19,820.115,0.000,29.36,808.090,0.000,30.28,930.747,0.000,32.11,875.431,0.000,32.11,1077.453,0.000,41.29
58.0993,22343.654,0.000,24.81,99.71,0.00,427.165,0.000,19.44,847.049,0.000,23.15,728.123,0.000,20.37,1099.465,0.000,28.70,893.164,0.000,22.22,543.665,0.000,19.44,592.206,0.000,18.52,582.498,0.000,17.59,713.560,0.000,23.15,698.998,0.000,19.44,698.998,0.000,25.92,776.664,0.000,22.22,737.831,0.000,29.63,776.664,0.000,29.63,740.258,0.000,26.85,660.164,0.000,18.52,614.050,0.000,18.52,931.997,0.000,35.18,776.664,0.000,23.15,665.019,0.000,23.15,720.841,0.000,23.15,725.695,0.000,25.00,465.998,0.000,17.59,893.164,0.000,33.33,939.278,0.000,33.33,832.487,0.000,32.40,737.831,0.000,31.48,1009.663,0.000,37.96,776.664,0.000,22.22,737.831,0.000,23.15
58.2074,24374.955,0.000,30.06,100.00,0.00,776.659,0.000,28.70,660.160,0.000,27.78,931.991,0.000,29.63,582.494,0.000,25.92,854.325,0.000,23.15,698.993,0.000,24.07,905.293,0.000,29.63,854.325,0.000,27.78,839.762,0.000,32.40,698.993,0.000,20.37,660.160,0.000,27.78,698.993,0.000,27.78,1048.490,0.000,40.74,931.991,0.000,36.11,890.731,0.000,38.89,815.492,0.000,26.85,822.773,0.000,23.15,737.826,0.000,31.48,776.659,0.000,32.40,1121.301,0.000,37.03,660.160,0.000,30.55,788.794,0.000,32.40,737.826,0.000,33.33,854.325,0.000,31.48,885.877,0.000,29.63,1009.657,0.000,37.03,1087.323,0.000,37.03,698.993,0.000,27.78,621.327,0.000,23.15,723.264,0.000,27.78
58.3163,23375.505,0.000,24.13,99.71,0.00,307.857,0.000,8.26,538.750,0.000,17.43,846.607,0.000,23.85,500.268,0.000,14.68,461.786,0.000,11.01,1039.018,0.000,35.78,1077.500,0.000,33.95,500.268,0.000,16.51,885.090,0.000,23.85,692.679,0.000,15.60,757.617,0.000,22.94,769.643,0.000,22.02,885.090,0.000,31.19,538.750,0.000,22.94,846.607,0.000,28.44,962.054,0.000,22.94,731.161,0.000,18.35,1039.018,0.000,34.86,1077.500,0.000,33.03,577.232,0.000,20.18,1000.536,0.000,33.03,416.088,0.000,14.68,692.679,0.000,26.61,1022.182,0.000,23.85,885.090,0.000,28.44,577.232,0.000,17.43,1115.983,0.000,34.86,923.572,0.000,27.52,1039.018,0.000,35.78,668.627,0.000,23.85
58.4245,24644.435,3.598,28.76,100.00,0.00,969.681,0.000,33.29,853.319,0.000,28.67,620.596,0.000,24.04,736.957,0.000,24.04,736.957,0.360,20.34,930.893,0.360,36.07,736.957,0.000,29.59,918.772,0.000,27.74,804.835,0.000,26.82,928.469,0.360,28.67,904.227,0.000,28.67,814.532,0.360,22.19,681.201,0.000,28.67,872.713,0.360,34.22,969.681,0.000,32.37,865.440,0.360,26.82,761.199,0.000,23.12,1136.951,0.000,36.99,669.080,0.000,28.67,698.170,0.360,29.59,775.745,0.360,30.52,821.804,0.000,30.52,969.681,0.000,31.44,947.863,0.000,32.37,581.808,0.000,19.42,620.596,0.000,17.57,775.745,0.000,28.67,892.106,0.000,30.52,833.925,0.360,35.14,814.532,0.360,36.07
58.5333,25008.459,0.000,29.83,99.42,0.00,462.406,0.000,20.21,809.211,0.000,30.32,963.346,0.000,32.16,850.153,0.000,29.40,715.284,0.000,21.13,924.812,0.000,35.83,655.075,0.000,22.05,891.095,0.000,28.48,741.776,0.000,26.64,722.509,0.000,21.13,582.824,0.000,22.97,847.744,0.000,25.72,1240.308,0.000,45.94,982.613,0.000,38.59,886.278,0.000,35.83,951.304,0.000,24.81,669.525,0.000,22.97,527.432,0.000,23.89,761.043,0.000,31.24,1040.414,0.000,41.34,1078.947,0.000,40.42,732.143,0.000,26.64,1233.083,0.000,45.94,732.143,0.000,26.64,886.278,0.000,30.32,578.008,0.000,21.13,655.075,0.000,22.05,1117.481,0.000,34.91,1038.005,0.000,35.83,732.143,0.000,30.32
58.6423,24724.882,0.000,24.43,100.00,0.00,538.647,0.000,21.10,911.372,0.000,25.68,846.446,0.000,25.68,497.768,0.000,16.51,1156.649,0.000,28.44,923.396,0.000,32.11,1000.345,0.000,30.27,930.610,0.000,23.85,884.921,0.000,23.85,896.944,0.000,20.18,694.951,0.000,22.02,923.396,0.000,26.60,779.115,0.000,23.85,731.022,0.000,22.02,807.971,0.000,23.85,654.072,0.000,18.35,692.547,0.000,22.02,807.971,0.000,24.77,538.647,0.000,16.51,807.971,0.000,25.68,461.698,0.000,13.76,884.921,0.000,28.44,846.446,0.000,20.18,906.563,0.000,27.52,692.547,0.000,24.77,1577.468,0.000,40.36,846.446,0.000,27.52,807.971,0.000,25.68,906.563,0.000,27.52,769.496,0.000,23.85
58.7503,23176.555,0.000,26.48,100.00,0.00,932.014,0.000,31.48,723.281,0.000,28.70,902.888,0.000,34.26,766.969,0.000,32.41,830.075,0.000,20.37,682.020,0.000,22.22,868.908,0.000,29.63,776.678,0.000,22.22,1009.681,0.000,37.03,504.841,0.000,14.81,1080.068,0.000,34.26,699.010,0.000,20.37,626.197,0.000,21.30,813.085,0.000,30.55,868.908,0.000,33.33,1009.681,0.000,26.85,541.247,0.000,17.59,815.512,0.000,33.33,563.092,0.000,24.07,827.647,0.000,29.63,813.085,0.000,30.55,1143.173,0.000,37.96,570.373,0.000,18.52,907.742,0.000,29.63,504.841,0.000,21.30,660.176,0.000,23.15,582.508,0.000,20.37,754.834,0.000,25.00,699.010,0.000,24.07,699.010,0.000,19.44
58.8593,22778.149,0.000,22.15,100.00,0.00,769.776,0.000,22.02,834.726,0.000,26.61,668.743,0.000,26.61,740.909,0.000,23.86,731.287,0.000,16.52,750.531,0.000,22.02,813.076,0.000,18.35,461.866,0.000,12.85,505.165,0.000,20.19,692.798,0.000,14.68,846.753,0.000,23.86,692.798,0.000,16.52,918.920,0.000,28.45,774.587,0.000,26.61,793.831,0.000,27.53,890.053,0.000,23.86,810.670,0.000,19.27,923.731,0.000,27.53,789.020,0.000,22.02,526.815,0.000,17.44,1080.092,0.000,30.28,829.915,0.000,26.61,627.848,0.000,20.19,849.159,0.000,29.36,1077.686,0.000,25.69,577.332,0.000,17.44,769.776,0.000,18.35,675.959,0.000,18.35,916.514,0.000,26.61,437.810,0.000,14.68
58.9683,22614.291,0.357,25.53,99.71,0.00,654.023,0.000,22.93,954.585,0.357,37.61,716.540,0.000,29.35,678.068,0.000,29.35,423.191,0.000,8.26,1065.192,0.000,38.52,954.585,0.000,33.02,692.495,0.000,22.93,971.417,0.000,39.44,692.495,0.000,13.76,776.652,0.000,26.60,730.967,0.000,21.10,360.674,0.000,15.59,805.506,0.000,25.68,538.607,0.000,20.18,649.214,0.000,19.26,807.911,0.000,22.93,880.046,0.000,25.68,577.079,0.000,22.01,615.551,0.000,22.01,807.911,0.000,25.68,959.394,0.000,27.52,791.079,0.000,26.60,856.001,0.000,29.35,670.855,0.000,21.10,615.551,0.000,22.01,730.967,0.000,22.93,884.855,0.000,25.68,853.596,0.000,32.10,899.282,0.000,36.69
59.0773,22737.072,0.000,23.85,99.42,0.00,731.126,0.000,25.69,545.940,0.000,21.10,644.546,0.000,24.77,630.116,0.000,20.18,962.009,0.000,22.02,586.825,0.000,17.43,1065.424,0.000,25.69,808.087,0.000,23.85,827.327,0.000,24.77,538.725,0.000,15.60,800.872,0.000,22.94,731.126,0.000,20.18,870.618,0.000,28.44,844.162,0.000,29.36,654.166,0.000,22.02,731.126,0.000,24.77,557.965,0.000,21.10,697.456,0.000,21.10,654.166,0.000,21.10,885.048,0.000,30.28,500.244,0.000,20.18,1236.181,0.000,38.53,747.962,0.000,20.18,798.467,0.000,22.94,714.291,0.000,24.77,769.607,0.000,29.36,808.087,0.000,24.77,692.646,0.000,24.77,692.646,0.000,21.10,1010.109,0.000,26.61
59.1854,19177.101,0.000,20.49,99.93,0.00,582.484,0.000,13.89,885.861,0.000,26.85,698.980,0.000,24.07,555.787,0.000,24.07,698.980,0.000,16.66,652.867,0.000,23.15,621.316,0.000,22.22,660.148,0.000,19.44,461.133,0.000,19.44,525.487,0.000,13.89,621.316,0.000,17.59,584.911,0.000,17.59,665.002,0.000,22.22,499.965,0.000,16.66,776.645,0.000,25.00,582.484,0.000,18.52,796.061,0.000,24.07,660.148,0.000,19.44,582.484,0.000,21.29,737.813,0.000,24.07,893.142,0.000,25.92,793.634,0.000,22.22,660.148,0.000,26.85,461.133,0.000,14.81,402.885,0.000,14.81,776.645,0.000,22.22,533.943,0.000,18.52,696.553,0.000,22.22,487.830,0.000,17.59,621.316,0.000,19.44
59.2943,12674.911,0.000,11.23,100.00,0.00,269.423,0.000,8.26,623.041,0.000,11.93,346.401,0.000,8.26,526.818,0.000,13.76,384.890,0.000,10.09,430.596,0.000,10.09,230.934,0.000,4.59,577.335,0.000,12.85,625.446,0.000,14.68,384.890,0.000,10.09,346.401,0.000,9.18,343.995,0.000,8.26,687.991,0.000,18.35,430.596,0.000,12.85,384.890,0.000,13.76,577.335,0.000,13.76,230.934,0.000,6.42,153.956,0.000,7.34,461.868,0.000,10.09,500.357,0.000,16.52,423.379,0.000,13.76,404.135,0.000,10.09,346.401,0.000,10.09,389.701,0.000,11.93,485.924,0.000,12.85,384.890,0.000,10.09,394.512,0.000,13.76,425.785,0.000,10.09,363.240,0.000,8.26,538.846,0.000,14.68
59.4013,0.000,0.000,0.00,31.97,0.00,0.000,0.000,0.00,0.000,0.000,0.00,0.000,0.000,0.00,0.000,0.000,0.00,0.000,0.000,0.00,0.000,0.000,0.00,0.000,0.000,0.00,0.000,0.000,0.00,0.000,0.000,0.00,0.000,0.000,0.00,0.000,0.000,0.00,0.000,0.000,0.00,0.000,0.000,0.00,0.000,0.000,0.00,0.000,0.000,0.00,0.000,0.000,0.00,0.000,0.000,0.00,0.000,0.000,0.00,0.000,0.000,0.00,0.000,0.000,0.00,0.000,0.000,0.00,0.000,0.000,0.00,0.000,0.000,0.00,0.000,0.000,0.00,0.000,0.000,0.00,0.000,0.000,0.00,0.000,0.000,0.00,0.000,0.000,0.00,0.000,0.000,0.00,0.000,0.000,0.00
59.5030,0.000,0.000,0.00,0.77,0.00,0.000,0.000,0.00,0.000,0.000,0.00,0.000,0.000,0.00,0.000,0.000,0.00,0.000,0.000,0.00,0.000,0.000,0.00,0.000,0.000,0.00,0.000,0.000,0.00,0.000,0.000,0.00,0.000,0.000,0.00,0.000,0.000,0.00,0.000,0.000,0.00,0.000,0.000,0.00,0.000,0.000,0.00,0.000,0.000,0.00,0.000,0.000,0.00,0.000,0.000,0.00,0.000,0.000,0.00,0.000,0.000,0.00,0.000,0.000,0.00,0.000,0.000,0.00,0.000,0.000,0.00,0.000,0.000,0.00,0.000,0.000,0.00,0.000,0.000,0.00,0.000,0.000,0.00,0.000,0.000,0.00,0.000,0.000,0.00,0.000,0.000,0.00,0.000,0.000,0.00
59.6044,0.000,0.000,0.00,0.84,0.00,0.000,0.000,0.00,0.000,0.000,0.00,0.000,0.000,0.00,0.000,0.000,0.00,0.000,0.000,0.00,0.000,0.000,0.00,0.000,0.000,0.00,0.000,0.000,0.00,0.000,0.000,0.00,0.000,0.000,0.00,0.000,0.000,0.00,0.000,0.000,0.00,0.000,0.000,0.00,0.000,0.000,0.00,0.000,0.000,0.00,0.000,0.000,0.00,0.000,0.000,0.00,0.000,0.000,0.00,0.000,0.000,0.00,0.000,0.000,0.00,0.000,0.000,0.00,0.000,0.000,0.00,0.000,0.000,0.00,0.000,0.000,0.00,0.000,0.000,0.00,0.000,0.000,0.00,0.000,0.000,0.00,0.000,0.000,0.00,0.000,0.000,0.00,0.000,0.000,0.00
59.7062,0.000,0.000,0.00,0.84,0.00,0.000,0.000,0.00,0.000,0.000,0.00,0.000,0.000,0.00,0.000,0.000,0.00,0.000,0.000,0.00,0.000,0.000,0.00,0.000,0.000,0.00,0.000,0.000,0.00,0.000,0.000,0.00,0.000,0.000,0.00,0.000,0.000,0.00,0.000,0.000,0.00,0.000,0.000,0.00,0.000,0.000,0.00,0.000,0.000,0.00,0.000,0.000,0.00,0.000,0.000,0.00,0.000,0.000,0.00,0.000,0.000,0.00,0.000,0.000,0.00,0.000,0.000,0.00,0.000,0.000,0.00,0.000,0.000,0.00,0.000,0.000,0.00,0.000,0.000,0.00,0.000,0.000,0.00,0.000,0.000,0.00,0.000,0.000,0.00,0.000,0.000,0.00,0.000,0.000,0.00
59.8081,0.000,0.000,0.00,0.84,0.00,0.000,0.000,0.00,0.000,0.000,0.00,0.000,0.000,0.00,0.000,0.000,0.00,0.000,0.000,0.00,0.000,0.000,0.00,0.000,0.000,0.00,0.000,0.000,0.00,0.000,0.000,0.00,0.000,0.000,0.00,0.000,0.000,0.00,0.000,0.000,0.00,0.000,0.000,0.00,0.000,0.000,0.00,0.000,0.000,0.00,0.000,0.000,0.00,0.000,0.000,0.00,0.000,0.000,0.00,0.000,0.000,0.00,0.000,0.000,0.00,0.000,0.000,0.00,0.000,0.000,0.00,0.000,0.000,0.00,0.000,0.000,0.00,0.000,0.000,0.00,0.000,0.000,0.00,0.000,0.000,0.00,0.000,0.000,0.00,0.000,0.000,0.00,0.000,0.000,0.00
59.9100,0.000,0.000,0.00,0.77,0.00,0.000,0.000,0.00,0.000,0.000,0.00,0.000,0.000,0.00,0.000,0.000,0.00,0.000,0.000,0.00,0.000,0.000,0.00,0.000,0.000,0.00,0.000,0.000,0.00,0.000,0.000,0.00,0.000,0.000,0.00,0.000,0.000,0.00,0.000,0.000,0.00,0.000,0.000,0.00,0.000,0.000,0.00,0.000,0.000,0.00,0.000,0.000,0.00,0.000,0.000,0.00,0.000,0.000,0.00,0.000,0.000,0.00,0.000,0.000,0.00,0.000,0.000,0.00,0.000,0.000,0.00,0.000,0.000,0.00,0.000,0.000,0.00,0.000,0.000,0.00,0.000,0.000,0.00,0.000,0.000,0.00,0.000,0.000,0.00,0.000,0.000,0.00,0.000,0.000,0.00
60.0124,0.000,0.380,0.16,20.70,0.00,0.000,0.000,0.00,0.000,0.000,0.00,0.000,0.000,0.00,0.000,0.000,0.00,0.000,0.000,0.00,0.000,0.000,0.00,0.000,0.000,0.00,0.000,0.380,4.88,0.000,0.000,0.00,0.000,0.000,0.00,0.000,0.000,0.00,0.000,0.000,0.00,0.000,0.000,0.00,0.000,0.000,0.00,0.000,0.000,0.00,0.000,0.000,0.00,0.000,0.000,0.00,0.000,0.000,0.00,0.000,0.000,0.00,0.000,0.000,0.00,0.000,0.000,0.00,0.000,0.000,0.00,0.000,0.000,0.00,0.000,0.000,0.00,0.000,0.000,0.00,0.000,0.000,0.00,0.000,0.000,0.00,0.000,0.000,0.00,0.000,0.000,0.00,0.000,0.000,0.00
60.1191,0.000,0.000,0.00,83.75,0.00,0.000,0.000,0.00,0.000,0.000,0.00,0.000,0.000,0.00,0.000,0.000,0.00,0.000,0.000,0.00,0.000,0.000,0.00,0.000,0.000,0.00,0.000,0.000,0.00,0.000,0.000,0.00,0.000,0.000,0.00,0.000,0.000,0.00,0.000,0.000,0.00,0.000,0.000,0.00,0.000,0.000,0.00,0.000,0.000,0.00,0.000,0.000,0.00,0.000,0.000,0.00,0.000,0.000,0.00,0.000,0.000,0.00,0.000,0.000,0.00,0.000,0.000,0.00,0.000,0.000,0.00,0.000,0.000,0.00,0.000,0.000,0.00,0.000,0.000,0.00,0.000,0.000,0.00,0.000,0.000,0.00,0.000,0.000,0.00,0.000,0.000,0.00,0.000,0.000,0.00
60.2265,0.000,0.000,0.00,91.36,0.00,0.000,0.000,0.00,0.000,0.000,0.00,0.000,0.000,0.00,0.000,0.000,0.00,0.000,0.000,0.00,0.000,0.000,0.00,0.000,0.000,0.00,0.000,0.000,0.00,0.000,0.000,0.00,0.000,0.000,0.00,0.000,0.000,0.00,0.000,0.000,0.00,0.000,0.000,0.00,0.000,0.000,0.00,0.000,0.000,0.00,0.000,0.000,0.00,0.000,0.000,0.00,0.000,0.000,0.00,0.000,0.000,0.00,0.000,0.000,0.00,0.000,0.000,0.00,0.000,0.000,0.00,0.000,0.000,0.00,0.000,0.000,0.00,0.000,0.000,0.00,0.000,0.000,0.00,0.000,0.000,0.00,0.000,0.000,0.00,0.000,0.000,0.00,0.000,0.000,0.00
60.3325,2381.414,0.000,6.32,85.95,0.30,19.783,0.000,7.55,86.552,0.000,6.60,32.148,0.000,6.60,17.310,0.000,6.60,64.296,0.000,7.55,76.660,0.000,6.60,113.754,0.000,7.55,202.779,0.000,7.55,155.793,0.000,6.60,22.256,0.000,5.66,84.079,0.000,5.66,123.646,0.000,5.66,106.335,0.000,6.60,64.296,0.000,6.60,39.567,0.000,6.60,4.946,0.000,6.60,81.606,0.000,4.72,89.025,0.000,6.60,175.577,0.000,7.55,74.187,0.000,7.55,24.729,0.000,7.55,66.769,0.000,4.72,7.419,0.000,3.77,113.754,0.000,5.66,42.039,0.000,4.72,98.916,0.000,5.66,106.335,0.000,5.66,138.483,0.000,6.60,145.902,0.000,6.60,2.473,0.000,5.66
60.4363,40117.956,0.000,87.87,94.25,0.36,1433.595,0.000,98.21,1282.159,0.000,94.35,1393.212,0.000,100.00,1395.736,0.000,100.00,1388.165,0.000,48.14,1375.545,0.000,97.24,1552.220,0.000,100.00,1456.311,0.000,72.21,1383.117,0.000,100.00,1713.752,0.000,57.77,1408.356,0.000,100.00,641.080,0.000,41.40,986.859,0.000,74.14,1499.218,0.000,100.00,1451.263,0.000,97.24,1529.505,0.000,78.95,1373.021,0.000,69.32,1362.925,0.000,94.35,1234.204,0.000,89.54,1418.452,0.000,98.21,1307.399,0.000,93.39,1428.548,0.000,100.00,1123.151,0.000,84.73,1095.388,0.000,83.76,1289.731,0.000,90.50,1256.920,0.000,91.47,1304.875,0.000,95.32,1393.212,0.000,97.24,1224.109,0.000,88.58,1415.928,0.000,100.00
60.5444,28131.142,0.000,34.75,99.40,0.00,1087.288,0.000,35.18,895.556,0.000,44.44,1152.816,0.000,49.07,1126.119,0.000,49.07,1009.624,0.000,28.70,776.634,0.000,28.70,1308.143,0.000,40.74,730.521,0.000,26.85,1080.007,0.000,49.07,893.129,0.000,26.85,698.971,0.000,28.70,854.297,0.000,34.26,732.948,0.000,28.70,1019.332,0.000,37.03,740.229,0.000,26.85,1164.951,0.000,39.81,1356.683,0.000,43.51,893.129,0.000,36.11,893.129,0.000,36.11,854.297,0.000,37.96,776.634,0.000,31.48,1473.178,0.000,44.44,815.466,0.000,33.33,970.793,0.000,36.11,931.961,0.000,30.55,1065.445,0.000,38.88,582.476,0.000,24.07,504.812,0.000,18.52,660.139,0.000,24.07,1082.434,0.000,33.33
60.6494,28703.115,0.000,40.57,99.71,0.00,1557.727,0.000,60.95,838.776,0.000,39.04,1397.960,0.000,51.42,1038.485,0.000,48.57,881.214,0.000,31.43,1083.419,0.000,44.76,708.965,0.000,32.38,718.951,0.000,32.38,758.893,0.000,39.04,923.652,0.000,25.71,631.578,0.000,35.23,1078.426,0.000,39.04,838.776,0.000,33.33,1158.310,0.000,42.85,519.242,0.000,23.81,831.287,0.000,35.23,1038.485,0.000,38.09,838.776,0.000,39.04,941.127,0.000,43.81,878.718,0.000,42.85,1358.018,0.000,53.33,679.009,0.000,34.28,1045.974,0.000,47.61,866.236,0.000,42.85,803.827,0.000,40.95,1338.047,0.000,51.42,838.776,0.000,39.04,793.842,0.000,36.19,1198.251,0.000,44.76,1118.368,0.000,47.61
60.7584,26778.588,0.000,28.78,100.00,0.00,923.483,0.000,33.94,1118.280,0.000,31.19,615.655,0.000,18.35,608.440,0.000,19.27,998.035,0.000,23.85,887.409,0.000,23.85,817.667,0.000,26.60,1000.439,0.000,25.69,697.422,0.000,23.85,803.237,0.000,20.18,1000.439,0.000,33.94,969.176,0.000,29.36,863.360,0.000,28.44,711.851,0.000,29.36,969.176,0.000,34.86,776.783,0.000,24.77,781.593,0.000,28.44,901.838,0.000,29.36,747.925,0.000,28.44,808.047,0.000,21.10,1216.881,0.000,37.61,897.029,0.000,29.36,952.341,0.000,30.27,995.630,0.000,33.03,755.139,0.000,28.44,1132.709,0.000,42.20,1154.353,0.000,42.20,1154.353,0.000,40.37,1096.636,0.000,33.03,423.263,0.000,11.93
60.8673,27445.629,0.000,34.81,100.00,0.00,769.796,0.000,26.61,1229.268,0.000,46.80,1270.163,0.000,53.22,1161.911,0.000,49.55,928.566,0.000,26.61,1185.967,0.000,42.21,808.286,0.000,34.87,808.286,0.000,27.53,1303.842,0.000,49.55,1039.224,0.000,26.61,738.523,0.000,26.61,839.559,0.000,27.53,1214.834,0.000,49.55,656.732,0.000,31.20,839.559,0.000,35.79,538.857,0.000,20.19,834.747,0.000,25.69,1022.385,0.000,42.21,885.265,0.000,34.87,731.306,0.000,33.04,899.699,0.000,35.79,911.727,0.000,33.04,1272.569,0.000,49.55,786.635,0.000,26.61,1010.357,0.000,35.79,692.816,0.000,25.69,615.837,0.000,26.61,774.607,0.000,30.28,866.020,0.000,35.79,808.286,0.000,34.87
60.9763,25458.719,0.000,25.42,100.00,0.00,577.295,0.000,16.52,923.672,0.000,28.45,894.808,0.000,27.53,808.213,0.000,24.77,1111.293,0.000,24.77,1077.618,0.000,33.95,654.268,0.000,24.77,808.213,0.000,23.86,654.268,0.000,24.77,962.159,0.000,21.10,507.539,0.000,13.76,1024.699,0.000,26.61,808.213,0.000,23.86,517.160,0.000,16.52,1036.726,0.000,29.36,885.186,0.000,25.69,962.159,0.000,29.36,1000.645,0.000,29.36,1270.049,0.000,36.70,731.241,0.000,26.61,846.700,0.000,27.53,923.672,0.000,22.02,962.159,0.000,32.12,500.323,0.000,16.52,692.754,0.000,19.27,615.782,0.000,21.10,692.754,0.000,22.02,962.159,0.000,28.45,962.159,0.000,30.28,1084.834,0.000,34.87
61.0844,27069.355,0.000,30.92,100.00,0.00,931.836,0.000,42.58,973.089,0.000,32.40,764.397,0.000,26.85,1397.754,0.000,41.66,1009.489,0.000,24.99,815.357,0.000,27.77,737.704,0.000,25.92,737.704,0.000,20.37,660.051,0.000,22.22,931.836,0.000,23.14,1273.995,0.000,49.06,1062.876,0.000,29.62,815.357,0.000,23.14,1009.489,0.000,35.18,584.824,0.000,23.14,931.836,0.000,25.92,543.571,0.000,17.59,970.663,0.000,32.40,1240.022,0.000,37.95,791.090,0.000,23.14,815.357,0.000,25.92,931.836,0.000,39.80,854.183,0.000,29.62,798.370,0.000,34.25,1184.208,0.000,42.58,815.357,0.000,36.10,931.836,0.000,37.03,931.836,0.000,37.03,931.836,0.000,32.40,691.597,0.000,27.77
61.1923,25104.798,0.000,24.45,100.00,0.00,893.306,0.000,25.93,1046.236,0.000,36.11,429.661,0.000,15.74,788.925,0.000,32.41,1048.663,0.000,25.00,737.948,0.000,22.22,815.627,0.000,22.22,737.948,0.000,18.52,1031.671,0.000,34.26,970.984,0.000,24.08,582.591,0.000,14.82,815.627,0.000,25.93,881.168,0.000,23.15,604.438,0.000,14.82,995.259,0.000,27.78,699.109,0.000,24.08,776.787,0.000,21.30,660.269,0.000,19.45,1051.090,0.000,32.41,1111.777,0.000,33.34,893.306,0.000,29.63,621.430,0.000,15.74,970.984,0.000,30.56,871.458,0.000,19.45,679.689,0.000,20.37,864.176,0.000,25.00,548.606,0.000,17.59,815.627,0.000,20.37,1009.824,0.000,28.71,1150.616,0.000,32.41
61.3013,24376.145,0.000,24.59,100.00,0.00,822.478,0.000,30.27,923.485,0.000,30.27,1115.877,0.000,32.11,699.828,0.000,23.85,615.656,0.000,15.60,846.528,0.000,29.36,933.104,0.000,31.19,769.570,0.000,19.27,747.926,0.000,25.69,885.006,0.000,22.02,885.006,0.000,26.60,692.613,0.000,20.18,1050.945,0.000,30.27,594.012,0.000,14.68,630.086,0.000,19.27,885.006,0.000,22.93,654.135,0.000,16.51,846.528,0.000,22.93,711.853,0.000,21.10,800.834,0.000,23.85,779.190,0.000,24.77,769.570,0.000,23.85,844.123,0.000,26.60,1070.184,0.000,34.86,846.528,0.000,27.52,682.994,0.000,22.93,957.153,0.000,27.52,731.092,0.000,20.18,731.092,0.000,22.93,853.742,0.000,28.44
61.4093,25911.036,0.000,30.43,100.00,0.00,854.397,0.000,36.11,640.798,0.000,25.93,701.479,0.000,25.93,1240.332,0.000,42.59,662.643,0.000,21.30,800.997,0.000,28.70,922.360,0.000,35.19,987.896,0.000,31.48,970.905,0.000,37.96,786.433,0.000,20.37,1082.559,0.000,37.96,769.442,0.000,25.93,611.670,0.000,22.22,660.216,0.000,21.30,752.452,0.000,29.63,1320.431,0.000,39.81,946.633,0.000,27.78,919.933,0.000,32.41,834.979,0.000,27.78,849.542,0.000,34.26,883.524,0.000,35.19,827.697,0.000,27.78,706.334,0.000,25.93,1288.877,0.000,45.37,626.234,0.000,22.22,854.397,0.000,30.56,1053.432,0.000,32.41,405.353,0.000,15.74,1043.723,0.000,36.11,905.369,0.000,37.04
61.5184,25960.903,2.856,29.85,99.86,0.00,755.139,0.000,24.77,904.243,0.000,27.52,844.120,0.357,32.11,745.519,0.357,29.36,805.642,0.000,20.18,935.506,0.000,33.03,738.305,0.357,27.52,1137.518,0.000,34.86,961.960,0.357,38.53,759.949,0.000,21.10,1159.162,0.000,39.45,1103.849,0.000,39.45,856.145,0.357,29.36,923.482,0.000,31.19,755.139,0.357,25.69,654.133,0.000,25.69,1178.401,0.000,39.45,973.985,0.357,34.86,808.047,0.357,22.93,820.071,0.000,26.60,846.525,0.000,25.69,918.672,0.000,30.27,841.715,0.000,29.36,860.954,0.000,31.19,848.930,0.000,34.86,615.655,0.000,22.02,856.145,0.000,33.03,545.912,0.000,20.18,1156.757,0.000,39.45,649.323,0.000,25.69
61.6274,23981.323,0.000,23.33,99.18,0.00,807.954,0.000,27.52,716.578,0.000,21.10,670.890,0.000,22.93,1043.607,0.000,27.52,538.636,0.000,12.84,617.989,0.000,17.43,800.740,0.000,20.18,923.376,0.000,27.52,807.954,0.000,25.68,577.110,0.000,15.59,846.428,0.000,28.44,827.191,0.000,21.10,769.480,0.000,20.18,846.428,0.000,22.93,1077.272,0.000,28.44,1000.324,0.000,27.52,884.902,0.000,23.85,846.428,0.000,25.68,654.058,0.000,22.01,731.006,0.000,23.85,803.145,0.000,24.77,646.844,0.000,23.85,1077.272,0.000,28.44,716.578,0.000,22.01,839.214,0.000,25.68,615.584,0.000,16.51,908.948,0.000,27.52,805.549,0.000,23.85,771.885,0.000,22.93,807.954,0.000,22.01
61.7324,25097.848,0.000,28.10,99.28,0.00,958.867,0.000,33.34,948.879,0.000,25.72,834.015,0.000,31.43,561.836,0.000,22.86,1038.773,0.000,25.72,878.962,0.000,30.48,719.150,0.000,30.48,878.962,0.000,28.58,679.198,0.000,24.77,559.339,0.000,14.29,719.150,0.000,27.62,958.867,0.000,26.67,479.434,0.000,22.86,958.867,0.000,33.34,998.820,0.000,35.24,1158.631,0.000,35.24,878.962,0.000,24.77,878.962,0.000,30.48,639.245,0.000,23.81,958.867,0.000,31.43,524.380,0.000,15.24,639.245,0.000,25.72,799.056,0.000,24.77,1038.773,0.000,35.24,923.908,0.000,32.39,918.914,0.000,31.43,799.056,0.000,23.81,1056.252,0.000,34.29,759.103,0.000,27.62,951.376,0.000,33.34
61.8403,23972.129,0.000,23.67,99.78,0.00,504.881,0.000,16.67,490.317,0.000,18.52,1036.462,0.000,30.56,1254.920,0.000,36.11,776.740,0.000,17.59,618.964,0.000,17.59,776.740,0.000,22.22,737.903,0.000,20.37,776.740,0.000,25.00,660.229,0.000,15.74,621.392,0.000,17.59,910.242,0.000,21.30,932.088,0.000,28.70,815.577,0.000,29.63,854.414,0.000,26.85,621.392,0.000,18.52,703.920,0.000,19.44,776.740,0.000,25.00,893.251,0.000,28.70,932.088,0.000,29.63,893.251,0.000,28.70,740.330,0.000,20.37,582.555,0.000,23.15,776.740,0.000,21.30,966.070,0.000,25.93,1087.436,0.000,32.41,737.903,0.000,25.00,970.925,0.000,26.85,699.066,0.000,19.44,822.859,0.000,21.30
61.9484,23524.273,0.000,25.86,99.71,0.00,621.359,0.000,22.22,737.864,0.000,23.15,762.136,0.000,23.15,567.961,0.000,21.30,427.184,0.000,11.11,740.291,0.000,28.70,815.534,0.000,26.85,737.864,0.000,23.15,1094.660,0.000,36.11,699.029,0.000,17.59,750.000,0.000,28.70,1070.388,0.000,25.93,854.369,0.000,31.48,1009.709,0.000,35.18,660.194,0.000,19.44,815.534,0.000,32.41,861.651,0.000,25.00,815.534,0.000,31.48,1009.709,0.000,27.78,621.359,0.000,24.07,621.359,0.000,21.30,851.942,0.000,24.07,699.029,0.000,24.07,1009.709,0.000,28.70,813.107,0.000,28.70,893.204,0.000,29.63,854.369,0.000,27.78,815.534,0.000,26.85,582.524,0.000,23.15,711.165,0.000,26.85
62.0573,23038.719,0.000,24.74,100.00,0.00,767.316,0.000,19.27,962.152,0.000,33.03,668.695,0.000,21.10,926.071,0.000,28.44,923.665,0.000,23.86,731.235,0.000,27.53,976.584,0.000,38.54,615.777,0.000,18.35,877.963,0.000,26.61,923.665,0.000,22.02,680.722,0.000,18.35,500.319,0.000,12.85,885.179,0.000,33.03,769.721,0.000,28.44,673.506,0.000,23.86,654.263,0.000,18.35,565.264,0.000,16.52,654.263,0.000,25.69,923.665,0.000,33.95,962.152,0.000,30.28,1039.124,0.000,35.79,461.833,0.000,12.85,596.534,0.000,23.86,692.749,0.000,17.43,637.425,0.000,19.27,615.777,0.000,18.35,849.099,0.000,22.02,822.640,0.000,26.61,962.152,0.000,34.87,719.208,0.000,31.20
62.1663,25620.983,0.000,27.95,100.00,0.00,656.517,0.000,17.43,961.929,0.000,32.11,923.452,0.000,30.27,615.635,0.000,22.02,654.112,0.000,14.68,1125.457,0.000,39.45,793.592,0.000,30.27,769.543,0.000,22.02,846.498,0.000,31.19,692.589,0.000,17.43,692.589,0.000,23.85,846.498,0.000,22.93,731.066,0.000,28.44,815.235,0.000,28.44,865.736,0.000,33.03,923.452,0.000,22.02,961.929,0.000,24.77,1231.269,0.000,41.28,692.589,0.000,25.69,654.112,0.000,26.60,757.519,0.000,30.27,615.635,0.000,17.43,1250.508,0.000,35.78,769.543,0.000,22.93,942.691,0.000,32.11,769.543,0.000,25.69,1151.910,0.000,38.53,909.023,0.000,33.03,1269.746,0.000,39.45,731.066,0.000,29.36
62.2756,23915.765,0.000,25.20,100.00,0.00,537.541,0.000,19.22,652.728,0.000,19.22,844.707,0.000,21.97,729.520,0.000,23.80,691.124,0.000,17.39,835.108,0.000,26.55,691.124,0.000,21.97,652.728,0.000,20.14,1036.686,0.000,27.46,883.103,0.000,23.80,1382.248,0.000,39.36,614.332,0.000,21.97,883.103,0.000,32.04,914.299,0.000,28.38,844.707,0.000,32.04,729.520,0.000,21.97,767.915,0.000,24.72,691.124,0.000,29.29,499.145,0.000,18.31,767.915,0.000,29.29,741.518,0.000,26.55,691.124,0.000,21.97,921.498,0.000,31.12,1075.082,0.000,32.04,537.541,0.000,15.56,806.311,0.000,26.55,767.915,0.000,23.80,1075.082,0.000,32.96,767.915,0.000,22.89,883.103,0.000,23.80
62.3813,24936.345,0.000,31.14,99.86,0.00,713.812,0.000,27.42,594.844,0.000,22.69,1070.719,0.000,31.20,555.187,0.000,22.69,1110.375,0.000,27.42,1110.375,0.000,43.49,793.125,0.000,34.04,713.812,0.000,20.80,753.469,0.000,22.69,555.187,0.000,14.18,674.156,0.000,25.53,951.750,0.000,29.31,1043.455,0.000,40.66,629.543,0.000,31.20,674.156,0.000,30.26,832.781,0.000,26.47,436.219,0.000,17.02,1335.920,0.000,47.27,713.812,0.000,33.09,1028.584,0.000,42.55,912.094,0.000,42.55,1070.719,0.000,35.93,713.812,0.000,36.87,1070.719,0.000,37.82,912.094,0.000,31.20,753.469,0.000,29.31,713.812,0.000,28.36,832.781,0.000,33.09,832.781,0.000,35.93,832.781,0.000,33.09
62.4898,23424.178,0.000,24.83,99.49,0.00,773.314,0.000,25.81,811.980,0.000,24.89,850.646,0.000,27.66,734.649,0.000,28.58,901.395,0.000,21.20,850.646,0.000,23.97,1082.640,0.000,34.11,850.646,0.000,25.81,463.989,0.000,18.44,502.654,0.000,14.75,657.317,0.000,23.97,734.649,0.000,24.89,814.397,0.000,24.89,816.813,0.000,29.50,1043.975,0.000,33.19,1043.975,0.000,30.42,734.649,0.000,22.12,824.063,0.000,29.50,386.657,0.000,12.91,671.817,0.000,20.28,797.481,0.000,21.20,811.980,0.000,25.81,889.312,0.000,23.97,850.646,0.000,30.42,695.983,0.000,23.05,1121.306,0.000,33.19,579.986,0.000,20.28,773.314,0.000,23.97,850.646,0.000,26.73,502.654,0.000,19.36
62.5983,23316.815,0.000,22.70,99.57,0.00,966.200,0.000,24.88,734.312,0.000,21.19,618.368,0.000,18.43,541.072,0.000,13.82,567.642,0.000,13.82,657.016,0.000,17.51,618.368,0.000,15.66,888.904,0.000,26.72,772.960,0.000,19.35,620.783,0.000,15.66,579.720,0.000,15.66,925.136,0.000,25.80,654.600,0.000,21.19,1004.848,0.000,33.17,927.552,0.000,26.72,888.904,0.000,22.11,695.664,0.000,17.51,814.023,0.000,27.64,772.960,0.000,26.72,722.234,0.000,24.88,942.045,0.000,27.64,966.200,0.000,28.56,833.347,0.000,27.64,850.256,0.000,24.88,850.256,0.000,27.64,579.720,0.000,18.43,850.256,0.000,26.72,1043.496,0.000,30.41,888.904,0.000,24.88,541.072,0.000,15.66
62.7063,22598.374,0.000,23.06,99.86,0.00,582.620,0.000,16.67,1087.557,0.000,31.49,504.937,0.000,18.52,699.144,0.000,21.30,815.668,0.000,20.37,662.730,0.000,23.15,932.192,0.000,28.71,815.668,0.000,25.00,737.985,0.000,21.30,968.606,0.000,25.00,788.965,0.000,21.30,708.854,0.000,23.15,803.530,0.000,17.59,716.137,0.000,19.45,776.827,0.000,27.78,650.592,0.000,22.23,582.620,0.000,23.15,696.716,0.000,22.23,893.351,0.000,29.63,582.620,0.000,20.37,971.033,0.000,29.63,815.668,0.000,19.45,599.613,0.000,19.45,621.461,0.000,14.82,621.461,0.000,21.30,893.351,0.000,26.86,854.509,0.000,24.08,699.144,0.000,23.15,660.303,0.000,24.08,854.509,0.000,30.56
62.8143,22302.677,0.000,24.35,100.00,0.00,660.245,0.000,25.00,815.596,0.000,24.08,582.569,0.000,19.45,699.083,0.000,23.15,699.083,0.000,14.82,696.655,0.000,27.78,970.948,0.000,35.19,543.731,0.000,15.74,776.758,0.000,26.85,582.569,0.000,15.74,803.460,0.000,29.63,614.125,0.000,13.89,815.596,0.000,30.56,720.929,0.000,23.15,776.758,0.000,28.71,980.658,0.000,26.85,699.083,0.000,18.52,737.921,0.000,29.63,466.055,0.000,19.45,970.948,0.000,29.63,660.245,0.000,24.08,1165.138,0.000,37.04,621.407,0.000,27.78,660.245,0.000,23.15,427.217,0.000,12.04,776.758,0.000,21.30,660.245,0.000,18.52,699.083,0.000,19.45,932.110,0.000,32.41,1087.462,0.000,37.04
62.9223,20843.294,0.000,18.42,100.00,0.00,621.318,0.000,17.59,660.151,0.000,17.59,776.648,0.000,20.37,815.481,0.000,19.44,737.816,0.000,14.81,737.816,0.000,17.59,737.816,0.000,17.59,737.816,0.000,20.37,737.816,0.000,16.67,582.486,0.000,12.96,737.816,0.000,22.22,893.145,0.000,19.44,698.983,0.000,19.44,465.989,0.000,12.04,893.145,0.000,25.00,543.654,0.000,12.96,737.816,0.000,17.59,582.486,0.000,16.67,660.151,0.000,21.29,893.145,0.000,29.63,815.481,0.000,25.00,970.810,0.000,27.78,660.151,0.000,21.29,689.275,0.000,19.44,582.486,0.000,17.59,504.821,0.000,15.74,543.654,0.000,12.96,621.318,0.000,14.81,582.486,0.000,13.89,621.318,0.000,12.96
63.0303,19665.245,0.360,19.01,100.00,0.00,621.442,0.360,15.74,793.795,0.000,23.15,660.282,0.000,20.37,466.082,0.000,16.67,621.442,0.000,15.74,815.643,0.000,19.45,776.803,0.000,22.22,854.483,0.000,20.37,893.323,0.000,25.00,543.762,0.000,12.96,776.803,0.000,24.08,427.241,0.000,13.89,737.963,0.000,22.22,737.963,0.000,23.15,427.241,0.000,13.89,587.457,0.000,15.74,621.442,0.000,16.67,466.082,0.000,15.74,660.282,0.000,16.67,543.762,0.000,16.67,621.442,0.000,21.30,621.442,0.000,19.45,660.282,0.000,18.52,711.260,0.000,17.59,776.803,0.000,25.93,638.435,0.000,19.45,621.442,0.000,19.45,660.282,0.000,21.30,582.602,0.000,17.59,737.963,0.000,19.45
63.1407,3743.360,0.000,2.90,87.15,0.00,0.000,0.000,0.00,211.460,0.000,4.53,152.061,0.000,2.72,152.061,0.000,3.63,152.061,0.000,2.72,114.046,0.000,2.72,76.031,0.000,1.81,114.046,0.000,2.72,114.046,0.000,2.72,58.248,0.000,0.91,152.061,0.000,3.63,76.031,0.000,1.81,152.061,0.000,3.63,152.061,0.000,4.53,76.031,0.000,1.81,147.309,0.000,2.72,152.061,0.000,2.72,152.061,0.000,3.63,114.046,0.000,2.72,76.031,0.000,2.72,38.015,0.000,1.81,266.107,0.000,4.53,76.031,0.000,0.91,187.701,0.000,3.63,190.077,0.000,5.44,135.430,0.000,3.63,190.077,0.000,5.44,114.046,0.000,2.72,76.031,0.000,1.81,76.031,0.000,2.72
63.2586,0.000,0.000,0.00,92.58,0.00,0.000,0.000,0.00,0.000,0.000,0.00,0.000,0.000,0.00,0.000,0.000,0.00,0.000,0.000,0.00,0.000,0.000,0.00,0.000,0.000,0.00,0.000,0.000,0.00,0.000,0.000,0.00,0.000,0.000,0.00,0.000,0.000,0.00,0.000,0.000,0.00,0.000,0.000,0.00,0.000,0.000,0.00,0.000,0.000,0.00,0.000,0.000,0.00,0.000,0.000,0.00,0.000,0.000,0.00,0.000,0.000,0.00,0.000,0.000,0.00,0.000,0.000,0.00,0.000,0.000,0.00,0.000,0.000,0.00,0.000,0.000,0.00,0.000,0.000,0.00,0.000,0.000,0.00,0.000,0.000,0.00,0.000,0.000,0.00,0.000,0.000,0.00,0.000,0.000,0.00
63.3924,4408.400,0.000,10.49,87.74,0.59,125.394,0.000,11.96,146.947,0.000,11.21,107.761,0.000,10.46,97.964,0.000,10.46,211.603,0.000,11.96,217.481,0.000,11.21,109.720,0.000,11.21,240.993,0.000,11.21,213.563,0.000,11.21,188.092,0.000,11.21,180.255,0.000,9.72,146.947,0.000,9.72,178.295,0.000,11.21,141.069,0.000,11.21,99.924,0.000,11.21,86.209,0.000,11.21,141.069,0.000,8.97,123.435,0.000,10.46,217.481,0.000,11.96,99.924,0.000,11.96,99.924,0.000,11.96,92.087,0.000,9.72,109.720,0.000,8.97,125.394,0.000,5.23,94.046,0.000,6.73,144.987,0.000,10.46,156.743,0.000,9.72,203.766,0.000,11.21,201.807,0.000,11.21,105.802,0.000,9.72
63.4984,38761.405,0.000,83.43,96.74,0.51,1345.470,0.000,92.46,1318.264,0.000,94.35,1392.462,0.000,100.00,1397.409,0.000,100.00,1157.500,0.000,39.63,1189.653,0.000,84.91,1919.273,0.000,100.00,1357.836,0.000,66.04,1355.363,0.000,99.07,1464.188,0.000,48.12,1355.363,0.000,91.52,685.101,0.000,39.63,962.110,0.000,73.59,1602.692,0.000,99.07,1417.195,0.000,96.24,1434.508,0.000,72.65,1325.684,0.000,69.82,1229.225,0.000,91.52,1150.080,0.000,85.86,1338.050,0.000,94.35,1219.332,0.000,89.63,1664.524,0.000,98.12,969.530,0.000,76.42,1068.461,0.000,82.08,1226.752,0.000,85.86,1202.019,0.000,84.91,1226.752,0.000,86.80,1246.538,0.000,88.69,1130.294,0.000,79.25,1409.775,0.000,92.46
63.6063,27958.729,0.000,34.72,98.58,0.00,1099.610,0.000,45.37,854.443,0.000,34.26,1065.626,0.000,40.74,992.804,0.000,37.97,1126.311,0.000,30.56,893.281,0.000,34.26,985.522,0.000,31.48,699.090,0.000,25.00,1007.369,0.000,37.97,1048.634,0.000,27.78,621.413,0.000,27.78,885.999,0.000,35.19,660.251,0.000,26.85,893.281,0.000,32.41,791.331,0.000,33.34,1140.875,0.000,41.67,1398.179,0.000,48.15,876.289,0.000,32.41,932.119,0.000,37.97,951.539,0.000,42.59,839.878,0.000,39.82,1075.336,0.000,32.41,970.958,0.000,42.59,1094.755,0.000,38.89,932.119,0.000,34.26,1068.054,0.000,36.11,737.928,0.000,28.71,529.172,0.000,22.22,776.766,0.000,27.78,1009.796,0.000,35.19
63.7153,28197.769,0.000,36.21,99.49,0.07,1450.295,0.000,44.04,762.427,0.000,35.78,1315.607,0.000,48.63,1000.535,0.000,44.04,769.642,0.000,20.18,1000.535,0.000,36.70,639.765,0.000,28.44,769.642,0.000,24.77,885.089,0.000,38.53,769.642,0.000,21.10,808.124,0.000,36.70,1007.750,0.000,33.95,875.468,0.000,35.78,966.863,0.000,39.45,524.319,0.000,20.18,947.622,0.000,35.78,962.053,0.000,35.78,901.925,0.000,36.70,923.571,0.000,39.45,865.848,0.000,33.03,1168.894,0.000,42.20,974.079,0.000,41.29,1115.981,0.000,45.87,800.909,0.000,35.78,923.571,0.000,36.70,1289.151,0.000,46.79,731.160,0.000,33.03,938.002,0.000,39.45,1115.981,0.000,37.62,993.320,0.000,38.53
63.8243,27296.655,0.000,31.43,100.00,0.00,692.577,0.000,26.60,976.341,0.000,32.11,877.745,0.000,28.44,815.220,0.000,27.52,1077.341,0.000,32.11,731.053,0.000,19.26,808.006,0.000,29.36,923.435,0.000,30.27,651.695,0.000,22.93,923.435,0.000,24.77,894.578,0.000,30.27,882.554,0.000,29.36,1125.437,0.000,39.45,863.316,0.000,35.78,923.435,0.000,39.45,654.100,0.000,21.10,884.959,0.000,29.36,1154.294,0.000,42.20,731.053,0.000,29.36,692.577,0.000,26.60,1385.153,0.000,43.12,769.530,0.000,24.77,923.435,0.000,34.86,884.959,0.000,30.27,1002.793,0.000,35.78,1077.341,0.000,39.45,1115.818,0.000,43.12,1115.818,0.000,38.53,1115.818,0.000,34.86,622.838,0.000,22.02
63.9333,25295.525,0.000,30.40,100.00,0.00,1161.824,0.000,44.96,1224.365,0.000,44.96,998.254,0.000,40.37,954.957,0.000,41.29,923.686,0.000,21.10,1385.529,0.000,44.96,757.711,0.000,33.95,851.523,0.000,28.45,873.172,0.000,32.12,923.686,0.000,22.02,762.522,0.000,27.53,873.172,0.000,24.78,808.225,0.000,25.69,478.681,0.000,20.19,885.199,0.000,29.36,500.330,0.000,21.10,692.764,0.000,23.86,798.603,0.000,28.45,846.712,0.000,38.54,724.035,0.000,29.36,873.172,0.000,33.03,885.199,0.000,32.12,1019.903,0.000,38.54,846.712,0.000,31.20,844.307,0.000,27.53,514.762,0.000,18.35,769.738,0.000,25.69,846.712,0.000,30.28,654.278,0.000,25.69,615.791,0.000,26.61
64.0423,27226.693,0.000,33.48,100.00,0.00,839.187,0.000,28.44,1192.656,0.000,45.86,846.401,0.000,36.69,1033.956,0.000,44.03,1154.183,0.000,28.44,1000.292,0.000,38.53,747.814,0.000,33.94,533.810,0.000,22.01,1130.137,0.000,48.61,1000.292,0.000,23.85,651.632,0.000,23.85,1091.665,0.000,34.86,1115.710,0.000,44.95,538.619,0.000,25.68,1024.337,0.000,42.19,692.510,0.000,22.93,730.982,0.000,24.77,932.965,0.000,38.53,1365.783,0.000,45.86,815.142,0.000,31.19,858.424,0.000,37.61,1077.237,0.000,34.86,981.055,0.000,42.19,692.510,0.000,26.60,692.510,0.000,23.85,947.392,0.000,29.35,538.619,0.000,15.59,807.928,0.000,22.01,1077.237,0.000,45.86,1115.710,0.000,41.28
64.1503,26368.903,0.000,27.90,100.00,0.00,699.093,0.000,26.85,1087.478,0.000,25.00,699.093,0.000,23.15,703.948,0.000,19.45,932.124,0.000,22.22,822.890,0.000,25.00,733.076,0.000,19.45,893.285,0.000,28.71,621.416,0.000,17.59,1009.801,0.000,25.00,699.093,0.000,25.00,810.753,0.000,24.08,932.124,0.000,37.04,1009.801,0.000,40.74,1024.365,0.000,41.67,1203.993,0.000,32.41,893.285,0.000,29.63,1048.639,0.000,39.82,1106.897,0.000,38.89,932.124,0.000,31.48,893.285,0.000,33.34,737.931,0.000,21.30,970.962,0.000,37.97,854.447,0.000,23.15,737.931,0.000,23.15,815.608,0.000,21.30,699.093,0.000,23.15,932.124,0.000,28.71,1009.801,0.000,30.56,854.447,0.000,21.30
64.2583,25629.667,0.000,30.80,100.00,0.00,660.221,0.000,28.70,893.240,0.000,32.41,893.240,0.000,35.19,1126.259,0.000,36.11,699.057,0.000,18.52,963.631,0.000,30.56,699.057,0.000,23.15,932.076,0.000,29.63,776.730,0.000,31.48,699.057,0.000,19.44,1320.441,0.000,45.37,975.767,0.000,31.48,893.240,0.000,29.63,776.730,0.000,27.78,427.202,0.000,17.59,932.076,0.000,34.26,1048.586,0.000,34.26,776.730,0.000,27.78,893.240,0.000,37.04,737.894,0.000,32.41,815.567,0.000,32.41,815.567,0.000,30.56,776.730,0.000,29.63,1048.586,0.000,39.82,893.240,0.000,37.04,970.913,0.000,35.19,815.567,0.000,28.70,815.567,0.000,31.48,815.567,0.000,29.63,737.894,0.000,26.85
64.3673,25318.480,0.000,29.33,100.00,0.00,1077.382,0.000,36.70,731.081,0.000,31.19,615.647,0.000,24.77,923.470,0.000,33.94,961.948,0.000,24.77,577.169,0.000,22.93,846.515,0.000,29.36,846.515,0.000,28.44,884.992,0.000,33.94,846.515,0.000,24.77,846.515,0.000,29.36,1000.426,0.000,28.44,808.037,0.000,29.36,731.081,0.000,30.27,1000.426,0.000,36.70,884.992,0.000,26.60,577.169,0.000,15.60,731.081,0.000,30.27,692.603,0.000,26.60,961.948,0.000,33.94,692.603,0.000,23.85,769.559,0.000,24.77,1154.338,0.000,37.61,961.948,0.000,33.03,808.037,0.000,31.19,654.125,0.000,25.69,961.948,0.000,32.11,654.125,0.000,20.18,1077.382,0.000,36.70,1038.904,0.000,36.70
64.4753,23079.001,0.000,24.39,100.00,0.00,660.302,0.000,21.30,660.302,0.000,27.78,737.984,0.000,30.56,1204.080,0.000,44.45,466.095,0.000,12.04,776.826,0.000,30.56,1114.259,0.000,36.12,699.143,0.000,23.15,1242.921,0.000,42.60,932.191,0.000,21.30,621.460,0.000,20.37,815.667,0.000,25.93,737.984,0.000,21.30,687.005,0.000,21.30,427.254,0.000,13.89,932.191,0.000,28.71,699.143,0.000,23.15,776.826,0.000,22.23,932.191,0.000,29.63,691.860,0.000,20.37,737.984,0.000,26.86,582.619,0.000,16.67,1009.873,0.000,29.63,893.349,0.000,22.23,737.984,0.000,16.67,388.413,0.000,11.11,660.302,0.000,18.52,543.778,0.000,12.04,854.508,0.000,29.63,854.508,0.000,31.49
64.5833,26232.074,0.000,30.65,99.55,0.00,621.337,0.000,22.22,893.172,0.000,35.18,912.589,0.000,35.18,1126.173,0.000,37.03,776.671,0.000,20.37,912.589,0.000,32.41,788.807,0.000,27.78,963.558,0.000,31.48,720.848,0.000,27.78,912.589,0.000,23.15,1126.173,0.000,36.11,815.505,0.000,28.70,466.003,0.000,19.44,1021.808,0.000,39.81,1048.506,0.000,39.81,864.047,0.000,28.70,1165.007,0.000,35.18,1203.841,0.000,44.44,932.006,0.000,32.41,1053.360,0.000,37.03,699.004,0.000,27.78,854.338,0.000,31.48,621.337,0.000,25.92,1087.340,0.000,33.33,728.129,0.000,24.07,699.004,0.000,25.00,970.839,0.000,32.41,504.836,0.000,18.52,893.172,0.000,33.33,849.484,0.000,33.33
64.6883,25819.171,0.000,24.03,99.57,0.00,1078.608,0.000,31.43,878.865,0.000,22.86,699.098,0.000,18.10,719.072,0.000,17.14,838.917,0.000,20.00,858.891,0.000,19.05,639.175,0.000,20.95,1086.098,0.000,25.72,896.343,0.000,24.76,539.304,0.000,14.29,1078.608,0.000,24.76,998.711,0.000,26.67,838.917,0.000,25.72,838.917,0.000,24.76,798.969,0.000,24.76,1068.621,0.000,31.43,918.814,0.000,24.76,918.814,0.000,25.72,719.072,0.000,18.10,881.362,0.000,24.76,918.814,0.000,28.57,399.484,0.000,13.33,798.969,0.000,25.72,798.969,0.000,20.95,1168.492,0.000,33.34,878.865,0.000,27.62,1158.505,0.000,34.29,838.917,0.000,30.48,759.020,0.000,20.95,803.962,0.000,20.00
64.7963,25183.922,0.000,27.13,100.00,0.00,854.268,0.000,30.55,621.286,0.000,22.22,1087.250,0.000,34.25,698.947,0.000,21.29,582.456,0.000,16.66,621.286,0.000,19.44,698.947,0.000,23.14,1048.420,0.000,33.33,776.607,0.000,24.07,621.286,0.000,16.66,703.800,0.000,26.85,1012.017,0.000,32.40,827.572,0.000,27.77,893.099,0.000,25.92,805.730,0.000,26.85,970.759,0.000,31.48,776.607,0.000,25.00,776.607,0.000,25.92,737.777,0.000,27.77,893.099,0.000,30.55,1009.590,0.000,28.70,844.561,0.000,27.77,951.344,0.000,34.25,854.268,0.000,27.77,660.116,0.000,23.14,1009.590,0.000,31.48,776.607,0.000,28.70,1203.742,0.000,34.25,893.099,0.000,27.77,973.186,0.000,27.77
64.9053,23063.395,0.000,23.06,99.93,0.00,654.212,0.000,24.77,1116.010,0.000,33.95,630.161,0.000,21.10,538.763,0.000,17.43,962.077,0.000,21.10,885.111,0.000,29.36,962.077,0.000,30.28,615.729,0.000,22.02,923.594,0.000,27.53,923.594,0.000,20.19,764.851,0.000,26.61,690.290,0.000,21.10,873.085,0.000,23.86,731.179,0.000,22.02,779.283,0.000,20.19,731.179,0.000,22.94,769.662,0.000,23.86,577.246,0.000,17.43,692.696,0.000,18.35,577.246,0.000,18.35,769.662,0.000,21.10,663.833,0.000,21.10,558.005,0.000,14.68,692.696,0.000,21.10,788.903,0.000,22.02,923.594,0.000,27.53,923.594,0.000,28.44,692.696,0.000,22.02,1077.526,0.000,31.20,574.841,0.000,20.19
65.0144,23647.341,0.000,27.18,100.00,0.00,500.167,0.000,15.59,769.488,0.000,32.11,651.661,0.000,25.68,1134.995,0.000,36.69,846.437,0.000,20.18,807.963,0.000,31.19,846.437,0.000,30.27,731.014,0.000,20.18,745.442,0.000,32.11,269.321,0.000,7.34,663.684,0.000,19.26,798.344,0.000,22.02,961.861,0.000,34.86,807.963,0.000,31.19,807.963,0.000,34.86,759.870,0.000,19.26,716.586,0.000,19.26,1115.758,0.000,37.61,846.437,0.000,25.68,1130.186,0.000,40.36,731.014,0.000,26.60,762.274,0.000,27.52,500.167,0.000,18.35,832.009,0.000,26.60,829.605,0.000,31.19,961.861,0.000,32.11,779.107,0.000,26.60,916.172,0.000,31.19,731.014,0.000,30.27,692.540,0.000,29.35
65.1243,23573.238,0.354,21.73,99.93,0.00,571.992,0.000,17.27,419.461,0.000,10.91,1055.803,0.000,20.91,619.658,0.000,18.18,648.258,0.000,16.36,915.188,0.000,24.55,800.789,0.000,20.91,838.922,0.000,23.64,786.490,0.000,20.91,800.789,0.000,18.18,981.920,0.354,28.18,581.526,0.000,16.36,762.657,0.000,25.46,755.507,0.000,21.82,996.220,0.000,29.09,896.121,0.000,23.64,798.406,0.000,23.64,922.338,0.000,27.27,838.922,0.000,20.91,595.825,0.000,16.36,571.992,0.000,15.46,855.605,0.000,23.64,564.843,0.000,14.55,1029.586,0.000,30.00,848.455,0.000,26.37,762.657,0.000,21.82,753.123,0.000,21.82,884.205,0.000,25.46,915.188,0.000,23.64,800.789,0.000,24.55
65.2333,22795.683,0.000,20.61,99.93,0.00,769.718,0.000,19.27,615.774,0.000,19.27,731.232,0.000,21.10,1010.255,0.000,27.53,769.718,0.000,19.27,885.176,0.000,19.27,692.746,0.000,19.27,423.345,0.000,12.85,731.232,0.000,22.94,846.690,0.000,21.10,577.289,0.000,13.76,808.204,0.000,21.10,654.260,0.000,20.19,930.878,0.000,24.77,572.478,0.000,21.10,490.695,0.000,14.68,709.584,0.000,20.19,954.932,0.000,28.44,500.317,0.000,16.52,885.176,0.000,23.86,769.718,0.000,20.19,683.125,0.000,16.52,1046.336,0.000,23.86,938.094,0.000,22.94,834.663,0.000,24.77,577.289,0.000,16.52,962.148,0.000,22.94,808.204,0.000,19.27,769.718,0.000,22.02,846.690,0.000,22.94
65.3413,25916.631,0.000,32.28,100.00,0.00,660.173,0.000,29.63,1174.719,0.000,35.18,893.175,0.000,30.55,621.339,0.000,21.29,924.727,0.000,25.00,893.175,0.000,32.41,1019.384,0.000,39.81,893.175,0.000,30.55,582.505,0.000,23.15,621.339,0.000,15.74,893.175,0.000,34.26,893.175,0.000,32.41,699.006,0.000,28.70,699.006,0.000,26.85,1009.676,0.000,37.03,932.008,0.000,29.63,737.840,0.000,24.07,970.842,0.000,33.33,932.008,0.000,43.52,898.029,0.000,37.03,973.269,0.000,42.59,893.175,0.000,35.18,1126.177,0.000,39.81,815.507,0.000,35.18,699.006,0.000,27.78,932.008,0.000,35.18,1004.822,0.000,35.18,932.008,0.000,33.33,893.175,0.000,39.81,699.006,0.000,34.26
65.4493,25887.231,0.000,28.33,99.86,0.00,660.166,0.000,24.07,805.790,0.000,27.78,660.166,0.000,25.92,582.499,0.000,21.29,1016.946,0.000,24.07,776.665,0.000,29.63,922.290,0.000,31.48,970.832,0.000,28.70,1320.331,0.000,38.89,582.499,0.000,13.89,931.999,0.000,33.33,1087.332,0.000,26.85,1009.665,0.000,37.03,815.499,0.000,32.41,893.165,0.000,32.41,1203.831,0.000,34.26,737.832,0.000,24.07,737.832,0.000,29.63,543.666,0.000,19.44,538.812,0.000,18.52,774.238,0.000,24.07,737.832,0.000,25.92,1164.998,0.000,33.33,1126.165,0.000,34.26,698.999,0.000,25.92,776.665,0.000,26.85,936.853,0.000,32.41,1048.498,0.000,37.96,893.165,0.000,26.85,931.999,0.000,28.70
65.5584,23696.430,0.000,27.55,99.42,0.00,884.949,0.000,27.52,767.116,0.000,30.27,983.544,0.000,28.44,634.855,0.000,24.77,769.521,0.000,20.18,733.449,0.000,30.27,923.425,0.000,33.94,923.425,0.000,24.77,649.283,0.000,26.60,961.901,0.000,25.69,673.331,0.000,23.85,577.141,0.000,17.43,1048.472,0.000,37.61,935.449,0.000,36.69,978.734,0.000,41.28,692.569,0.000,19.26,461.712,0.000,16.51,769.521,0.000,28.44,884.949,0.000,34.86,1077.329,0.000,39.45,1154.281,0.000,40.36,841.663,0.000,28.44,615.617,0.000,23.85,733.449,0.000,24.77,678.140,0.000,22.93,654.093,0.000,21.10,610.807,0.000,18.35,807.997,0.000,26.60,685.354,0.000,26.60,584.355,0.000,25.69
65.6663,22146.612,0.000,20.90,100.00,0.00,854.594,0.000,27.78,857.022,0.000,25.93,910.434,0.000,25.93,563.255,0.000,15.74,621.523,0.000,13.89,929.857,0.000,23.15,738.059,0.000,19.45,738.059,0.000,21.30,820.605,0.000,25.93,504.987,0.000,11.11,912.862,0.000,25.01,582.678,0.000,17.60,456.431,0.000,12.97,648.229,0.000,20.38,643.373,0.000,16.67,699.213,0.000,19.45,854.594,0.000,22.23,738.059,0.000,18.52,427.297,0.000,12.04,582.678,0.000,15.74,621.523,0.000,18.52,898.295,0.000,29.64,738.059,0.000,18.52,774.476,0.000,23.15,908.006,0.000,26.86,971.130,0.000,25.01,587.533,0.000,18.52,815.749,0.000,22.23,1017.258,0.000,28.71,730.775,0.000,25.01
65.7744,23297.976,0.000,20.67,99.79,0.00,776.518,0.000,22.22,582.389,0.000,15.74,737.692,0.000,18.51,815.344,0.000,22.22,892.996,0.000,21.29,582.389,0.000,13.89,1091.979,0.000,28.70,543.563,0.000,14.81,621.215,0.000,13.89,815.344,0.000,20.37,803.211,0.000,24.07,630.921,0.000,14.81,854.170,0.000,28.70,660.041,0.000,24.07,1048.300,0.000,33.32,892.996,0.000,23.14,662.467,0.000,19.44,958.515,0.000,28.70,737.692,0.000,18.51,832.331,0.000,25.92,892.996,0.000,23.14,1009.474,0.000,24.07,698.866,0.000,19.44,856.597,0.000,23.14,786.225,0.000,17.59,582.389,0.000,13.89,834.757,0.000,17.59,582.389,0.000,13.89,698.866,0.000,16.66,815.344,0.000,18.51
65.8832,21993.667,0.000,21.63,99.56,0.00,660.196,0.000,22.06,860.182,0.000,29.41,771.031,0.000,23.90,732.480,0.000,23.90,578.273,0.000,12.87,862.591,0.000,21.14,766.212,0.000,23.90,886.686,0.000,19.30,826.449,0.000,23.90,539.722,0.000,11.95,667.424,0.000,22.06,838.497,0.000,18.38,510.808,0.000,19.30,633.691,0.000,19.30,910.781,0.000,27.57,633.691,0.000,18.38,691.519,0.000,18.38,978.246,0.000,29.41,679.471,0.000,19.30,672.243,0.000,20.22,850.544,0.000,23.90,886.686,0.000,24.82,886.686,0.000,28.49,691.519,0.000,21.14,645.739,0.000,23.90,652.967,0.000,22.98,443.343,0.000,19.30,886.686,0.000,22.98,616.825,0.000,17.46,732.480,0.000,19.30
65.9908,20373.812,0.000,20.94,99.57,0.00,618.643,0.000,17.65,669.791,0.000,23.23,584.545,0.000,20.44,740.423,0.000,25.09,545.575,0.000,12.08,764.779,0.000,23.23,662.484,0.000,18.58,689.275,0.000,20.44,918.222,0.000,29.73,623.514,0.000,17.65,584.545,0.000,12.08,996.161,0.000,23.23,1003.468,0.000,38.09,684.404,0.000,26.94,560.188,0.000,23.23,691.711,0.000,18.58,467.636,0.000,14.87,582.109,0.000,22.30,638.128,0.000,23.23,862.203,0.000,26.94,660.048,0.000,25.09,896.302,0.000,19.51,584.545,0.000,25.09,584.545,0.000,12.08,623.514,0.000,14.87,509.041,0.000,14.87,662.484,0.000,16.72,523.654,0.000,13.01,623.514,0.000,21.37,818.362,0.000,27.87
66.0981,18777.630,0.000,16.52,99.55,0.00,234.460,0.000,5.59,1035.533,0.000,23.29,547.074,0.000,13.97,468.921,0.000,13.97,703.381,0.000,17.70,547.074,0.000,13.97,586.151,0.000,14.91,598.362,0.000,14.91,625.228,0.000,13.97,528.795,0.000,13.97,664.304,0.000,17.70,446.940,0.000,8.38,781.535,0.000,20.50,898.765,0.000,25.15,390.767,0.000,15.84,617.901,0.000,13.97,810.842,0.000,16.77,273.537,0.000,8.38,703.381,0.000,21.43,507.998,0.000,15.84,703.381,0.000,20.50,937.842,0.000,25.15,390.767,0.000,12.11,664.304,0.000,17.70,390.767,0.000,15.84,976.918,0.000,21.43,703.381,0.000,19.56,725.362,0.000,22.36,703.381,0.000,13.97,610.574,0.000,16.77
66.2024,2277.263,0.000,1.53,79.12,0.00,80.433,0.000,0.96,40.217,0.000,0.00,40.217,0.000,0.96,40.217,0.000,0.96,80.433,0.000,1.92,120.650,0.000,2.88,80.433,0.000,0.96,120.650,0.000,2.88,80.433,0.000,1.92,80.433,0.000,0.96,40.217,0.000,0.96,0.000,0.000,0.00,80.433,0.000,1.92,40.217,0.000,0.00,0.000,0.000,0.00,160.866,0.000,2.88,90.487,0.000,1.92,40.217,0.000,0.96,40.217,0.000,0.96,80.433,0.000,1.92,0.000,0.000,0.00,80.433,0.000,0.96,40.217,0.000,0.96,80.433,0.000,1.92,160.866,0.000,2.88,80.433,0.000,1.92,120.650,0.000,2.88,120.650,0.000,3.84,120.650,0.000,1.92,135.731,0.000,2.88
66.3042,0.000,0.000,0.00,0.77,0.00,0.000,0.000,0.00,0.000,0.000,0.00,0.000,0.000,0.00,0.000,0.000,0.00,0.000,0.000,0.00,0.000,0.000,0.00,0.000,0.000,0.00,0.000,0.000,0.00,0.000,0.000,0.00,0.000,0.000,0.00,0.000,0.000,0.00,0.000,0.000,0.00,0.000,0.000,0.00,0.000,0.000,0.00,0.000,0.000,0.00,0.000,0.000,0.00,0.000,0.000,0.00,0.000,0.000,0.00,0.000,0.000,0.00,0.000,0.000,0.00,0.000,0.000,0.00,0.000,0.000,0.00,0.000,0.000,0.00,0.000,0.000,0.00,0.000,0.000,0.00,0.000,0.000,0.00,0.000,0.000,0.00,0.000,0.000,0.00,0.000,0.000,0.00,0.000,0.000,0.00
66.4052,0.000,0.000,0.00,0.85,0.00,0.000,0.000,0.00,0.000,0.000,0.00,0.000,0.000,0.00,0.000,0.000,0.00,0.000,0.000,0.00,0.000,0.000,0.00,0.000,0.000,0.00,0.000,0.000,0.00,0.000,0.000,0.00,0.000,0.000,0.00,0.000,0.000,0.00,0.000,0.000,0.00,0.000,0.000,0.00,0.000,0.000,0.00,0.000,0.000,0.00,0.000,0.000,0.00,0.000,0.000,0.00,0.000,0.000,0.00,0.000,0.000,0.00,0.000,0.000,0.00,0.000,0.000,0.00,0.000,0.000,0.00,0.000,0.000,0.00,0.000,0.000,0.00,0.000,0.000,0.00,0.000,0.000,0.00,0.000,0.000,0.00,0.000,0.000,0.00,0.000,0.000,0.00,0.000,0.000,0.00
66.5069,0.000,0.000,0.00,1.00,0.00,0.000,0.000,0.00,0.000,0.000,0.00,0.000,0.000,0.00,0.000,0.000,0.00,0.000,0.000,0.00,0.000,0.000,0.00,0.000,0.000,0.00,0.000,0.000,0.00,0.000,0.000,0.00,0.000,0.000,0.00,0.000,0.000,0.00,0.000,0.000,0.00,0.000,0.000,0.00,0.000,0.000,0.00,0.000,0.000,0.00,0.000,0.000,0.00,0.000,0.000,0.00,0.000,0.000,0.00,0.000,0.000,0.00,0.000,0.000,0.00,0.000,0.000,0.00,0.000,0.000,0.00,0.000,0.000,0.00,0.000,0.000,0.00,0.000,0.000,0.00,0.000,0.000,0.00,0.000,0.000,0.00,0.000,0.000,0.00,0.000,0.000,0.00,0.000,0.000,0.00
66.6082,0.000,0.000,0.00,0.77,0.00,0.000,0.000,0.00,0.000,0.000,0.00,0.000,0.000,0.00,0.000,0.000,0.00,0.000,0.000,0.00,0.000,0.000,0.00,0.000,0.000,0.00,0.000,0.000,0.00,0.000,0.000,0.00,0.000,0.000,0.00,0.000,0.000,0.00,0.000,0.000,0.00,0.000,0.000,0.00,0.000,0.000,0.00,0.000,0.000,0.00,0.000,0.000,0.00,0.000,0.000,0.00,0.000,0.000,0.00,0.000,0.000,0.00,0.000,0.000,0.00,0.000,0.000,0.00,0.000,0.000,0.00,0.000,0.000,0.00,0.000,0.000,0.00,0.000,0.000,0.00,0.000,0.000,0.00,0.000,0.000,0.00,0.000,0.000,0.00,0.000,0.000,0.00,0.000,0.000,0.00
66.7093,0.000,0.000,0.00,0.77,0.00,0.000,0.000,0.00,0.000,0.000,0.00,0.000,0.000,0.00,0.000,0.000,0.00,0.000,0.000,0.00,0.000,0.000,0.00,0.000,0.000,0.00,0.000,0.000,0.00,0.000,0.000,0.00,0.000,0.000,0.00,0.000,0.000,0.00,0.000,0.000,0.00,0.000,0.000,0.00,0.000,0.000,0.00,0.000,0.000,0.00,0.000,0.000,0.00,0.000,0.000,0.00,0.000,0.000,0.00,0.000,0.000,0.00,0.000,0.000,0.00,0.000,0.000,0.00,0.000,0.000,0.00,0.000,0.000,0.00,0.000,0.000,0.00,0.000,0.000,0.00,0.000,0.000,0.00,0.000,0.000,0.00,0.000,0.000,0.00,0.000,0.000,0.00,0.000,0.000,0.00
66.8105,0.000,0.000,0.00,0.77,0.00,0.000,0.000,0.00,0.000,0.000,0.00,0.000,0.000,0.00,0.000,0.000,0.00,0.000,0.000,0.00,0.000,0.000,0.00,0.000,0.000,0.00,0.000,0.000,0.00,0.000,0.000,0.00,0.000,0.000,0.00,0.000,0.000,0.00,0.000,0.000,0.00,0.000,0.000,0.00,0.000,0.000,0.00,0.000,0.000,0.00,0.000,0.000,0.00,0.000,0.000,0.00,0.000,0.000,0.00,0.000,0.000,0.00,0.000,0.000,0.00,0.000,0.000,0.00,0.000,0.000,0.00,0.000,0.000,0.00,0.000,0.000,0.00,0.000,0.000,0.00,0.000,0.000,0.00,0.000,0.000,0.00,0.000,0.000,0.00,0.000,0.000,0.00,0.000,0.000,0.00
66.9184,0.000,0.000,0.00,59.58,0.00,0.000,0.000,0.00,0.000,0.000,0.00,0.000,0.000,0.00,0.000,0.000,0.00,0.000,0.000,0.00,0.000,0.000,0.00,0.000,0.000,0.00,0.000,0.000,0.00,0.000,0.000,0.00,0.000,0.000,0.00,0.000,0.000,0.00,0.000,0.000,0.00,0.000,0.000,0.00,0.000,0.000,0.00,0.000,0.000,0.00,0.000,0.000,0.00,0.000,0.000,0.00,0.000,0.000,0.00,0.000,0.000,0.00,0.000,0.000,0.00,0.000,0.000,0.00,0.000,0.000,0.00,0.000,0.000,0.00,0.000,0.000,0.00,0.000,0.000,0.00,0.000,0.000,0.00,0.000,0.000,0.00,0.000,0.000,0.00,0.000,0.000,0.00,0.000,0.000,0.00
67.0254,0.000,0.000,0.00,88.07,0.00,0.000,0.000,0.00,0.000,0.000,0.00,0.000,0.000,0.00,0.000,0.000,0.00,0.000,0.000,0.00,0.000,0.000,0.00,0.000,0.000,0.00,0.000,0.000,0.00,0.000,0.000,0.00,0.000,0.000,0.00,0.000,0.000,0.00,0.000,0.000,0.00,0.000,0.000,0.00,0.000,0.000,0.00,0.000,0.000,0.00,0.000,0.000,0.00,0.000,0.000,0.00,0.000,0.000,0.00,0.000,0.000,0.00,0.000,0.000,0.00,0.000,0.000,0.00,0.000,0.000,0.00,0.000,0.000,0.00,0.000,0.000,0.00,0.000,0.000,0.00,0.000,0.000,0.00,0.000,0.000,0.00,0.000,0.000,0.00,0.000,0.000,0.00,0.000,0.000,0.00
67.1325,0.000,0.000,0.00,93.21,0.00,0.000,0.000,0.00,0.000,0.000,0.00,0.000,0.000,0.00,0.000,0.000,0.00,0.000,0.000,0.00,0.000,0.000,0.00,0.000,0.000,0.00,0.000,0.000,0.00,0.000,0.000,0.00,0.000,0.000,0.00,0.000,0.000,0.00,0.000,0.000,0.00,0.000,0.000,0.00,0.000,0.000,0.00,0.000,0.000,0.00,0.000,0.000,0.00,0.000,0.000,0.00,0.000,0.000,0.00,0.000,0.000,0.00,0.000,0.000,0.00,0.000,0.000,0.00,0.000,0.000,0.00,0.000,0.000,0.00,0.000,0.000,0.00,0.000,0.000,0.00,0.000,0.000,0.00,0.000,0.000,0.00,0.000,0.000,0.00,0.000,0.000,0.00,0.000,0.000,0.00
67.2364,23010.040,0.000,55.19,87.46,0.94,767.591,0.000,63.57,744.866,0.000,55.87,760.016,0.000,57.79,727.191,0.000,57.79,1009.988,0.000,40.45,883.739,0.000,58.76,790.315,0.000,62.61,873.639,0.000,58.76,873.639,0.000,58.76,1007.463,0.000,37.56,724.666,0.000,54.90,646.392,0.000,44.31,605.993,0.000,42.38,805.465,0.000,58.76,712.041,0.000,52.98,770.115,0.000,58.76,823.140,0.000,56.83,787.790,0.000,55.87,825.665,0.000,60.68,790.315,0.000,63.57,737.291,0.000,63.57,656.492,0.000,55.87,595.893,0.000,52.01,648.917,0.000,46.23,570.643,0.000,49.12,732.241,0.000,57.79,777.690,0.000,55.87,823.140,0.000,58.76,853.439,0.000,58.76,684.267,0.000,56.83
67.3453,34379.903,0.000,60.89,99.64,0.29,1281.971,0.000,66.06,1214.625,0.000,75.24,1277.160,0.000,76.15,1395.015,0.000,79.82,1039.046,0.000,37.62,971.700,0.000,54.13,1748.579,0.000,69.73,1207.410,0.000,52.30,1106.391,0.000,71.57,1195.384,0.000,34.87,1195.384,0.000,70.65,538.764,0.000,27.53,839.414,0.000,51.38,1426.283,0.000,74.32,1053.477,0.000,64.23,1190.573,0.000,53.22,1332.480,0.000,56.89,1058.287,0.000,65.14,1176.142,0.000,63.31,1132.848,0.000,64.23,990.942,0.000,57.80,1885.675,0.000,85.33,947.648,0.000,59.64,998.157,0.000,66.98,1034.235,0.000,59.64,957.269,0.000,58.72,913.975,0.000,58.72,1007.778,0.000,59.64,918.786,0.000,46.79,1344.506,0.000,65.14
67.4544,27909.604,0.000,30.61,100.00,0.00,1149.474,0.000,33.02,846.474,0.000,28.44,1185.545,0.000,36.69,877.736,0.000,30.27,848.879,0.000,22.02,971.522,0.000,35.78,846.474,0.000,28.44,615.618,0.000,22.02,959.498,0.000,29.35,846.474,0.000,21.10,615.618,0.000,23.85,1000.379,0.000,30.27,815.212,0.000,31.19,961.903,0.000,26.60,731.046,0.000,23.85,1000.379,0.000,28.44,1346.664,0.000,38.53,858.498,0.000,31.19,846.474,0.000,34.86,793.570,0.000,33.02,1000.379,0.000,33.02,682.951,0.000,22.02,947.474,0.000,33.94,1115.807,0.000,33.02,1077.331,0.000,33.94,1404.378,0.000,44.03,694.975,0.000,24.77,709.403,0.000,24.77,961.903,0.000,36.69,1197.569,0.000,43.12
67.5634,27243.431,0.000,29.82,99.93,0.00,877.812,0.000,31.19,935.531,0.000,33.03,1188.052,0.000,34.86,731.109,0.000,26.61,959.581,0.000,22.94,716.679,0.000,16.51,615.671,0.000,23.85,808.068,0.000,24.77,834.522,0.000,27.52,731.109,0.000,18.35,779.208,0.000,25.69,930.721,0.000,27.52,1087.044,0.000,34.86,1002.870,0.000,37.61,764.779,0.000,30.27,1038.944,0.000,26.61,697.440,0.000,20.18,928.316,0.000,30.27,942.746,0.000,33.03,937.936,0.000,34.86,1269.821,0.000,39.45,923.506,0.000,32.11,894.647,0.000,33.94,808.068,0.000,31.19,1038.944,0.000,38.53,1337.160,0.000,43.12,909.076,0.000,31.19,1053.374,0.000,36.70,961.986,0.000,26.61,538.712,0.000,21.10
67.6723,27263.641,0.000,33.09,100.00,0.00,1000.589,0.000,34.87,911.594,0.000,39.45,897.163,0.000,36.70,1212.252,0.000,43.12,1077.557,0.000,25.69,1116.041,0.000,44.96,692.715,0.000,30.28,1077.557,0.000,33.03,846.652,0.000,31.20,808.168,0.000,22.02,875.515,0.000,33.03,1161.741,0.000,35.78,971.726,0.000,38.54,630.179,0.000,30.28,1197.820,0.000,45.88,346.358,0.000,12.85,764.873,0.000,27.53,1116.041,0.000,39.45,981.347,0.000,31.20,692.715,0.000,26.61,731.200,0.000,23.86,846.652,0.000,33.03,1238.710,0.000,42.21,885.136,0.000,33.03,1154.526,0.000,35.78,606.126,0.000,21.10,743.226,0.000,31.20,909.189,0.000,33.03,923.620,0.000,37.62,846.652,0.000,39.45
67.7803,25485.814,0.000,28.80,100.00,0.00,771.856,0.000,28.70,1165.066,0.000,39.81,699.039,0.000,25.93,793.701,0.000,25.00,779.138,0.000,19.44,1242.737,0.000,38.89,699.039,0.000,27.78,621.368,0.000,21.30,737.875,0.000,26.85,1179.629,0.000,26.85,582.533,0.000,20.37,762.147,0.000,24.07,1145.648,0.000,36.11,589.815,0.000,23.15,815.546,0.000,27.78,699.039,0.000,24.07,737.875,0.000,22.22,682.049,0.000,24.07,1203.901,0.000,41.67,893.217,0.000,37.96,932.053,0.000,36.11,1182.056,0.000,36.11,759.720,0.000,34.26,660.204,0.000,23.15,582.533,0.000,21.30,917.489,0.000,30.56,699.039,0.000,25.93,699.039,0.000,24.07,1009.724,0.000,35.18,1242.737,0.000,35.18
67.8884,26381.473,0.000,32.99,100.00,0.00,975.743,0.000,45.37,767.002,0.000,28.70,847.100,0.000,33.33,987.879,0.000,35.18,684.477,0.000,19.44,776.711,0.000,29.63,854.382,0.000,32.41,750.012,0.000,31.48,810.692,0.000,30.56,936.908,0.000,25.93,1293.709,0.000,48.15,1014.579,0.000,35.18,1009.724,0.000,39.81,1050.987,0.000,39.81,815.547,0.000,33.33,878.654,0.000,32.41,677.195,0.000,23.15,854.382,0.000,37.96,737.875,0.000,25.93,737.875,0.000,21.30,1126.231,0.000,32.41,788.847,0.000,40.74,1009.724,0.000,36.11,1152.930,0.000,48.15,478.163,0.000,21.30,815.547,0.000,30.56,854.382,0.000,31.48,1048.560,0.000,37.04,1021.860,0.000,37.04,623.796,0.000,25.93
67.9973,26080.724,0.000,27.10,100.00,0.00,1039.092,0.000,32.11,728.807,0.000,24.77,788.940,0.000,26.61,793.751,0.000,24.77,993.391,0.000,22.94,1092.009,0.000,31.20,1212.274,0.000,41.29,1104.035,0.000,31.20,971.743,0.000,31.20,966.933,0.000,22.94,1053.524,0.000,33.03,916.421,0.000,27.53,618.163,0.000,19.27,723.997,0.000,20.19,488.277,0.000,14.68,1101.630,0.000,27.53,829.830,0.000,27.53,678.296,0.000,20.19,731.213,0.000,26.61,1231.516,0.000,40.37,1051.118,0.000,33.03,586.894,0.000,23.86,1048.713,0.000,33.03,837.046,0.000,32.11,699.944,0.000,21.10,553.220,0.000,18.35,822.614,0.000,24.77,560.436,0.000,19.27,1116.062,0.000,35.78,740.834,0.000,25.69
68.1061,23249.014,0.000,30.74,100.00,0.00,713.352,0.000,27.58,1014.599,0.000,36.77,682.022,0.000,32.18,1077.258,0.000,43.21,932.660,0.000,22.06,795.291,0.000,31.26,722.992,0.000,31.26,522.964,0.000,21.14,766.372,0.000,34.02,655.513,0.000,19.31,551.884,0.000,26.66,927.840,0.000,30.34,653.103,0.000,36.77,638.643,0.000,34.93,906.150,0.000,38.61,747.092,0.000,27.58,809.751,0.000,26.66,939.890,0.000,43.21,580.804,0.000,24.82,600.083,0.000,25.74,682.022,0.000,29.42,886.870,0.000,35.85,901.330,0.000,34.93,1024.239,0.000,39.53,520.554,0.000,22.06,616.953,0.000,20.23,1026.649,0.000,36.77,566.344,0.000,21.14,910.970,0.000,34.02,874.820,0.000,34.02
68.2164,26976.136,0.353,31.69,100.00,0.00,817.963,0.000,25.40,1179.389,0.000,40.82,875.030,0.000,31.75,1141.344,0.000,44.45,544.516,0.000,14.51,951.120,0.000,31.75,903.564,0.000,30.84,853.630,0.000,31.75,1255.478,0.000,47.17,889.297,0.000,23.58,913.075,0.000,29.93,798.941,0.000,31.75,760.896,0.000,28.12,910.697,0.000,34.47,982.031,0.000,35.38,1307.790,0.000,40.82,951.120,0.000,34.47,836.985,0.000,32.65,1177.011,0.000,40.82,739.496,0.000,27.21,836.985,0.000,29.93,760.896,0.353,31.75,998.676,0.000,37.19,1103.299,0.000,38.10,951.120,0.000,29.03,760.896,0.000,26.30,875.030,0.000,29.93,523.116,0.000,19.05,649.139,0.000,26.30,727.607,0.000,25.40
68.3243,26289.367,0.000,33.49,99.21,0.00,737.947,0.000,32.41,737.947,0.000,32.41,737.947,0.000,31.48,1189.454,0.000,40.74,932.144,0.000,22.22,815.626,0.000,30.56,543.751,0.000,24.08,893.304,0.000,28.71,893.304,0.000,31.48,737.947,0.000,18.52,970.983,0.000,35.19,932.144,0.000,32.41,759.794,0.000,33.34,815.626,0.000,37.97,893.304,0.000,38.89,815.626,0.000,28.71,854.465,0.000,31.48,1126.340,0.000,41.67,1048.662,0.000,46.30,1009.822,0.000,45.37,815.626,0.000,37.04,776.786,0.000,31.48,963.701,0.000,39.82,893.304,0.000,29.63,854.465,0.000,35.19,1009.822,0.000,40.74,932.144,0.000,37.97,776.786,0.000,30.56,1048.662,0.000,37.04,771.932,0.000,21.30
68.4323,24214.404,0.000,26.18,99.86,0.00,854.569,0.000,28.71,1009.945,0.000,37.97,893.413,0.000,31.49,985.668,0.000,35.19,738.037,0.000,19.45,621.505,0.000,18.52,738.037,0.000,19.45,738.037,0.000,25.01,1097.344,0.000,29.64,504.973,0.000,14.82,854.569,0.000,28.71,854.569,0.000,25.93,949.251,0.000,31.49,738.037,0.000,22.23,699.193,0.000,19.45,1009.945,0.000,35.19,1126.477,0.000,33.34,815.725,0.000,26.86,738.037,0.000,22.23,660.349,0.000,24.08,776.881,0.000,25.01,738.037,0.000,25.01,827.864,0.000,29.64,854.569,0.000,28.71,738.037,0.000,25.93,466.128,0.000,18.52,854.569,0.000,29.64,1009.945,0.000,33.34,621.505,0.000,17.60,699.193,0.000,22.23
68.5413,24854.668,0.000,28.01,100.00,0.00,1154.242,0.000,32.11,1077.292,0.000,39.44,800.755,0.000,32.11,574.716,0.000,23.85,923.393,0.000,24.77,807.969,0.000,29.35,1077.292,0.000,40.36,1135.004,0.000,35.78,913.775,0.000,36.69,841.634,0.000,22.93,425.627,0.000,14.68,863.277,0.000,21.10,461.697,0.000,20.18,884.919,0.000,31.19,716.592,0.000,25.68,947.440,0.000,31.19,649.261,0.000,24.77,865.681,0.000,32.11,846.444,0.000,31.19,961.868,0.000,31.19,923.393,0.000,33.02,401.580,0.000,15.59,846.444,0.000,29.35,574.716,0.000,19.26,694.950,0.000,18.35,846.444,0.000,24.77,654.070,0.000,23.85,945.035,0.000,30.27,923.393,0.000,30.27,1115.767,0.000,34.86
68.6504,24492.042,0.000,25.01,99.93,0.00,654.083,0.000,22.02,769.509,0.000,26.60,853.675,0.000,28.44,1216.787,0.000,36.69,807.985,0.000,19.26,673.321,0.000,22.02,654.083,0.000,22.93,557.894,0.000,16.51,598.775,0.000,22.93,966.696,0.000,24.77,1026.814,0.000,30.27,1012.386,0.000,28.44,752.676,0.000,26.60,817.604,0.000,27.52,745.462,0.000,26.60,553.085,0.000,17.43,959.482,0.000,26.60,1296.142,0.000,35.78,769.509,0.000,19.26,423.230,0.000,11.01,538.657,0.000,15.59,639.655,0.000,21.10,615.608,0.000,16.51,800.771,0.000,27.52,1267.286,0.000,37.61,1031.624,0.000,30.27,884.936,0.000,27.52,863.293,0.000,26.60,971.506,0.000,27.52,769.509,0.000,28.44
68.7593,23028.574,0.000,23.31,100.00,0.00,731.219,0.000,24.77,384.852,0.000,11.01,687.923,0.000,19.27,697.544,0.000,18.35,577.278,0.000,13.76,1012.642,0.000,27.53,1000.615,0.000,30.28,856.295,0.000,23.86,940.482,0.000,22.94,692.733,0.000,16.52,817.810,0.000,23.86,538.793,0.000,15.60,990.994,0.000,31.20,495.497,0.000,18.35,774.514,0.000,28.44,654.248,0.000,17.43,798.568,0.000,22.02,839.458,0.000,22.94,731.219,0.000,26.61,1116.070,0.000,35.78,769.704,0.000,24.77,767.298,0.000,22.94,577.278,0.000,18.35,702.355,0.000,21.10,769.704,0.000,26.61,1111.260,0.000,32.11,750.461,0.000,24.77,673.491,0.000,26.61,1067.964,0.000,32.11,500.307,0.000,19.27
68.8683,24170.888,0.000,23.06,100.00,0.00,423.249,0.000,10.09,615.635,0.000,17.43,978.763,0.000,24.77,625.254,0.000,17.43,769.544,0.000,17.43,889.785,0.000,30.27,764.734,0.000,23.85,759.924,0.000,18.35,401.606,0.000,11.93,423.249,0.000,10.09,961.930,0.000,26.60,740.686,0.000,23.85,961.930,0.000,31.19,533.871,0.000,13.76,906.619,0.000,27.52,1067.742,0.000,29.36,1029.265,0.000,25.69,1123.053,0.000,33.03,769.544,0.000,22.02,692.589,0.000,23.85,1038.884,0.000,28.44,788.782,0.000,22.93,747.900,0.000,23.85,731.067,0.000,22.02,733.471,0.000,22.02,781.568,0.000,23.85,1212.031,0.000,29.36,1067.742,0.000,31.19,860.927,0.000,23.85,769.544,0.000,25.69
68.9773,24849.035,0.000,24.07,100.00,0.00,654.302,0.000,20.19,1116.162,0.000,27.53,642.274,0.000,20.19,656.707,0.000,21.11,885.232,0.000,19.27,887.637,0.000,28.45,736.090,0.000,22.02,923.720,0.000,22.94,714.440,0.000,19.27,923.720,0.000,14.68,962.209,0.000,23.86,692.790,0.000,17.44,873.204,0.000,31.20,808.255,0.000,27.53,858.771,0.000,34.87,625.436,0.000,14.68,565.297,0.000,16.52,1031.969,0.000,35.79,731.278,0.000,17.44,731.278,0.000,22.02,731.278,0.000,21.11,1096.918,0.000,31.20,1099.323,0.000,35.79,1039.185,0.000,29.36,882.826,0.000,23.86,538.837,0.000,16.52,769.767,0.000,22.02,683.168,0.000,22.94,1063.240,0.000,34.87,923.720,0.000,27.53
69.0845,23854.473,0.000,23.75,100.00,0.00,899.707,0.000,24.25,743.237,0.000,20.52,1056.178,0.000,30.78,586.766,0.000,17.72,743.237,0.000,22.38,586.766,0.000,17.72,696.784,0.000,20.52,860.590,0.000,23.32,782.354,0.000,24.25,743.237,0.000,22.38,586.766,0.000,17.72,1173.532,0.000,29.84,860.590,0.000,20.52,1212.649,0.000,32.64,899.707,0.000,29.84,899.707,0.000,25.18,704.119,0.000,20.52,547.648,0.000,17.72,743.237,0.000,24.25,938.825,0.000,28.91,665.001,0.000,20.52,743.237,0.000,25.18,704.119,0.000,23.32,821.472,0.000,26.11,899.707,0.000,28.91,821.472,0.000,28.91,704.119,0.000,22.38,938.825,0.000,29.84,508.530,0.000,14.92,782.354,0.000,21.45
69.1935,23696.634,0.000,26.52,99.66,0.00,731.199,0.000,23.86,832.220,0.000,28.44,776.899,0.000,26.61,399.273,0.000,16.52,1077.557,0.000,25.69,632.584,0.000,19.27,815.384,0.000,26.61,923.620,0.000,33.03,752.847,0.000,26.61,692.715,0.000,17.43,615.747,0.000,24.77,736.010,0.000,25.69,769.684,0.000,26.61,731.199,0.000,31.20,885.136,0.000,30.28,1070.341,0.000,33.03,538.779,0.000,20.19,461.810,0.000,18.35,731.199,0.000,25.69,808.168,0.000,30.28,885.136,0.000,34.87,962.104,0.000,32.11,1082.368,0.000,34.87,846.652,0.000,29.36,507.510,0.000,19.27,644.610,0.000,19.27,885.136,0.000,28.44,1116.041,0.000,33.03,699.931,0.000,23.86,1084.773,0.000,30.28
69.3034,24617.910,0.000,29.08,99.28,0.00,420.125,0.000,16.39,930.959,0.000,34.60,794.896,0.000,35.51,864.121,0.000,32.78,802.057,0.000,18.21,708.961,0.000,31.87,1107.603,0.000,40.98,572.898,0.000,14.57,971.540,0.000,40.98,725.671,0.000,16.39,840.251,0.000,25.50,911.863,0.000,26.41,840.251,0.000,33.69,840.251,0.000,27.32,840.251,0.000,31.87,1038.378,0.000,29.14,878.444,0.000,26.41,763.864,0.000,30.05,725.671,0.000,33.69,1031.217,0.000,35.51,802.057,0.000,32.78,556.189,0.000,20.03,732.832,0.000,32.78,840.251,0.000,27.32,775.800,0.000,25.50,811.606,0.000,24.59,840.251,0.000,28.23,763.864,0.000,25.50,909.476,0.000,36.42,976.314,0.000,37.33
69.4113,21896.307,0.000,23.09,99.49,0.00,808.457,0.000,29.64,582.671,0.000,19.45,660.361,0.000,24.08,621.516,0.000,22.23,699.206,0.000,16.67,699.206,0.000,24.08,815.740,0.000,25.01,582.671,0.000,15.74,815.740,0.000,26.86,621.516,0.000,13.89,971.119,0.000,34.27,699.206,0.000,16.67,699.206,0.000,23.15,582.671,0.000,20.37,971.119,0.000,33.34,582.671,0.000,15.74,815.740,0.000,22.23,699.206,0.000,26.86,1048.809,0.000,30.56,738.050,0.000,25.93,815.740,0.000,25.93,1104.648,0.000,37.97,648.222,0.000,21.30,854.585,0.000,32.41,718.628,0.000,22.23,971.119,0.000,24.08,466.137,0.000,12.04,427.292,0.000,10.19,738.050,0.000,24.08,437.004,0.000,15.74
69.5193,23614.821,0.000,22.13,99.78,0.00,706.188,0.000,18.51,543.595,0.000,15.74,1048.361,0.000,25.92,698.907,0.000,17.59,698.907,0.000,15.74,621.251,0.000,19.44,893.048,0.000,26.85,621.251,0.000,12.96,854.220,0.000,21.29,931.877,0.000,22.22,854.220,0.000,22.22,660.079,0.000,14.81,776.564,0.000,25.92,931.877,0.000,28.70,815.392,0.000,26.85,776.564,0.000,18.51,582.423,0.000,12.03,893.048,0.000,32.40,582.423,0.000,21.29,737.736,0.000,25.92,970.705,0.000,31.48,737.736,0.000,15.74,815.392,0.000,23.14,815.392,0.000,21.29,970.705,0.000,29.62,737.736,0.000,19.44,1087.189,0.000,30.55,776.564,0.000,23.14,737.736,0.000,21.29,737.736,0.000,23.14
69.6273,23515.286,0.000,22.84,99.20,0.00,543.706,0.000,19.44,1087.412,0.000,36.11,932.067,0.000,29.63,737.887,0.000,23.15,815.559,0.000,16.67,1009.740,0.000,25.93,699.051,0.000,20.37,1126.248,0.000,25.00,854.395,0.000,30.56,466.034,0.000,11.11,699.051,0.000,20.37,660.214,0.000,15.74,504.870,0.000,14.81,854.395,0.000,25.93,621.378,0.000,25.00,660.214,0.000,15.74,543.706,0.000,12.96,1048.576,0.000,29.63,543.706,0.000,18.52,699.051,0.000,23.15,854.395,0.000,25.93,1048.576,0.000,27.78,932.067,0.000,25.93,1126.248,0.000,33.33,912.649,0.000,29.63,582.542,0.000,16.67,737.887,0.000,23.15,970.904,0.000,25.00,621.378,0.000,20.37,621.378,0.000,17.59
69.7353,19131.336,0.000,19.36,99.20,0.00,543.835,0.000,15.74,893.443,0.000,26.86,427.299,0.000,14.82,543.835,0.000,15.74,582.680,0.000,13.89,776.907,0.000,22.23,776.907,0.000,25.01,582.680,0.000,14.82,699.216,0.000,19.45,466.144,0.000,11.11,776.907,0.000,23.15,854.598,0.000,24.08,1165.361,0.000,33.34,699.216,0.000,23.15,504.990,0.000,17.60,543.835,0.000,16.67,504.990,0.000,15.74,543.835,0.000,21.30,543.835,0.000,19.45,660.371,0.000,20.38,582.680,0.000,17.60,660.371,0.000,17.60,427.299,0.000,14.82,699.216,0.000,21.30,369.031,0.000,13.89,543.835,0.000,18.52,466.144,0.000,15.74,815.752,0.000,22.23,893.443,0.000,24.08,582.680,0.000,20.38
69.8433,20378.377,0.000,23.27,99.93,0.00,698.894,0.000,23.14,701.321,0.000,24.99,621.239,0.000,24.99,582.412,0.000,23.14,543.584,0.000,15.74,907.591,0.000,30.55,737.721,0.000,27.77,621.239,0.000,15.74,737.721,0.000,28.70,641.904,0.000,19.44,582.412,0.000,23.14,621.239,0.000,15.74,543.584,0.000,23.14,616.386,0.000,22.22,698.894,0.000,26.85,698.894,0.000,15.74,582.412,0.000,16.66,776.549,0.000,33.33,543.584,0.000,19.44,465.929,0.000,22.22,931.859,0.000,33.33,931.859,0.000,30.55,543.584,0.000,23.14,582.412,0.000,22.22,582.412,0.000,20.37,970.686,0.000,26.85,698.894,0.000,20.37,698.894,0.000,18.51,815.376,0.000,28.70,698.894,0.000,21.29
69.9513,12960.941,0.000,10.50,100.00,0.00,310.732,0.000,7.41,385.988,0.000,7.41,310.732,0.000,7.41,543.782,0.000,11.11,582.623,0.000,14.82,490.375,0.000,10.19,388.416,0.000,10.19,621.465,0.000,13.89,466.099,0.000,11.11,388.416,0.000,9.26,271.891,0.000,6.48,271.891,0.000,7.41,504.940,0.000,12.96,354.429,0.000,10.19,466.099,0.000,11.11,621.465,0.000,13.89,582.623,0.000,14.82,271.891,0.000,5.56,349.574,0.000,7.41,621.465,0.000,16.67,194.208,0.000,6.48,504.940,0.000,12.04,349.574,0.000,8.33,388.416,0.000,9.26,504.940,0.000,12.04,427.257,0.000,9.26,349.574,0.000,7.41,504.940,0.000,12.96,310.732,0.000,11.11,621.465,0.000,16.67
70.0587,0.000,0.000,0.00,81.60,0.00,0.000,0.000,0.00,0.000,0.000,0.00,0.000,0.000,0.00,0.000,0.000,0.00,0.000,0.000,0.00,0.000,0.000,0.00,0.000,0.000,0.00,0.000,0.000,0.00,0.000,0.000,0.00,0.000,0.000,0.00,0.000,0.000,0.00,0.000,0.000,0.00,0.000,0.000,0.00,0.000,0.000,0.00,0.000,0.000,0.00,0.000,0.000,0.00,0.000,0.000,0.00,0.000,0.000,0.00,0.000,0.000,0.00,0.000,0.000,0.00,0.000,0.000,0.00,0.000,0.000,0.00,0.000,0.000,0.00,0.000,0.000,0.00,0.000,0.000,0.00,0.000,0.000,0.00,0.000,0.000,0.00,0.000,0.000,0.00,0.000,0.000,0.00,0.000,0.000,0.00
70.1852,0.000,0.000,0.00,90.20,0.00,0.000,0.000,0.00,0.000,0.000,0.00,0.000,0.000,0.00,0.000,0.000,0.00,0.000,0.000,0.00,0.000,0.000,0.00,0.000,0.000,0.00,0.000,0.000,0.00,0.000,0.000,0.00,0.000,0.000,0.00,0.000,0.000,0.00,0.000,0.000,0.00,0.000,0.000,0.00,0.000,0.000,0.00,0.000,0.000,0.00,0.000,0.000,0.00,0.000,0.000,0.00,0.000,0.000,0.00,0.000,0.000,0.00,0.000,0.000,0.00,0.000,0.000,0.00,0.000,0.000,0.00,0.000,0.000,0.00,0.000,0.000,0.00,0.000,0.000,0.00,0.000,0.000,0.00,0.000,0.000,0.00,0.000,0.000,0.00,0.000,0.000,0.00,0.000,0.000,0.00
70.2962,23007.988,0.000,53.65,85.94,0.49,767.720,0.000,62.18,692.129,0.000,51.36,744.098,0.000,55.87,729.925,0.000,55.87,989.769,0.000,40.55,843.311,0.000,56.77,848.036,0.000,62.18,930.713,0.000,51.36,862.209,0.000,57.67,1096.068,0.000,44.15,734.649,0.000,54.07,604.727,0.000,37.85,625.987,0.000,45.96,739.374,0.000,56.77,694.492,0.000,53.17,869.296,0.000,56.77,843.311,0.000,50.46,715.752,0.000,55.87,779.531,0.000,56.77,796.067,0.000,62.18,729.925,0.000,62.18,741.736,0.000,54.97,583.467,0.000,49.56,659.058,0.000,46.86,578.743,0.000,48.66,753.547,0.000,55.87,760.634,0.000,54.97,812.602,0.000,56.77,829.138,0.000,56.77,651.972,0.000,54.97
70.4063,32642.695,0.000,53.95,95.54,0.15,1245.141,0.000,59.94,1140.387,0.000,67.21,1268.949,0.000,71.75,1283.233,0.000,72.66,983.257,0.000,27.25,940.403,0.000,57.22,1697.487,0.000,72.66,1080.868,0.000,36.33,1111.818,0.000,68.11,1007.064,0.000,30.88,1049.918,0.000,55.40,533.292,0.000,18.16,816.603,0.000,48.13,1387.987,0.000,65.39,1128.484,0.000,56.31,1047.537,0.000,40.87,1245.141,0.000,47.23,1183.241,0.000,61.76,999.922,0.000,49.95,1007.064,0.000,55.40,868.980,0.000,51.77,1652.252,0.000,70.84,859.457,0.000,48.13,973.734,0.000,57.22,1130.864,0.000,58.12,1068.964,0.000,54.49,947.545,0.000,49.04,895.168,0.000,47.23,802.318,0.000,49.95,1285.614,0.000,69.02
70.5121,28226.629,0.000,31.13,98.06,0.00,1189.220,0.000,33.08,743.262,0.000,29.30,1308.142,0.000,39.69,981.106,0.000,35.91,832.454,0.000,17.96,951.376,0.000,37.80,753.173,0.000,32.13,594.610,0.000,17.96,1030.657,0.000,34.02,1052.955,0.000,26.46,673.891,0.000,21.74,1070.298,0.000,33.08,792.813,0.000,28.35,951.376,0.000,34.02,673.891,0.000,19.85,1010.837,0.000,31.19,1347.783,0.000,40.64,832.454,0.000,28.35,877.050,0.000,37.80,931.556,0.000,36.86,1104.983,0.000,39.69,872.095,0.000,24.57,1070.298,0.000,37.80,951.376,0.000,24.57,832.454,0.000,27.41,1308.142,0.000,40.64,594.610,0.000,24.57,713.532,0.000,20.79,1030.657,0.000,35.91,1149.579,0.000,41.58
70.6171,27641.751,0.000,27.31,98.90,0.00,1238.846,0.000,32.39,919.144,0.000,24.77,1056.516,0.000,29.54,929.135,0.000,24.77,999.069,0.000,20.01,979.088,0.000,27.63,559.479,0.000,16.20,1039.032,0.000,29.54,799.255,0.000,23.82,679.367,0.000,14.29,634.409,0.000,19.06,799.255,0.000,20.96,871.688,0.000,29.54,1106.469,0.000,34.30,746.804,0.000,28.58,1198.883,0.000,34.30,639.404,0.000,20.96,719.330,0.000,23.82,999.069,0.000,33.35,919.144,0.000,27.63,1198.883,0.000,40.02,679.367,0.000,20.01,989.079,0.000,31.44,959.107,0.000,26.68,1118.958,0.000,37.16,1078.995,0.000,34.30,1039.032,0.000,32.39,906.655,0.000,33.35,1118.958,0.000,29.54,719.330,0.000,19.06
70.7236,26793.328,0.365,28.94,99.11,0.00,866.047,0.000,33.79,1141.607,0.000,29.10,789.776,0.000,21.59,747.950,0.000,21.59,1180.973,0.000,30.97,1092.400,0.000,31.91,944.779,0.000,28.16,826.681,0.000,30.03,511.755,0.000,15.96,944.779,0.000,26.28,1107.162,0.000,41.30,1141.607,0.000,32.85,1075.178,0.000,30.97,642.154,0.000,21.59,681.520,0.000,21.59,472.389,0.000,17.83,944.779,0.000,31.91,1299.070,0.000,36.60,629.852,0.000,21.59,669.218,0.000,22.53,1259.705,0.000,36.60,826.681,0.000,35.67,797.157,0.000,28.16,944.779,0.000,37.54,708.584,0.000,26.28,826.681,0.000,30.97,1065.336,0.000,37.54,1183.433,0.365,43.17,984.144,0.000,27.22,487.151,0.000,16.89
70.8290,27299.786,0.000,33.44,99.26,0.00,1074.677,0.000,39.86,1393.100,0.000,55.04,778.643,0.000,35.11,1062.239,0.000,45.55,915.466,0.000,20.88,1104.529,0.000,37.96,676.649,0.000,25.62,636.846,0.000,19.93,1223.938,0.000,51.24,955.269,0.000,24.67,915.466,0.000,32.27,995.071,0.000,31.32,1191.598,0.000,49.35,398.029,0.000,20.88,1223.938,0.000,49.35,517.437,0.000,16.13,781.131,0.000,27.52,803.520,0.000,40.81,1194.086,0.000,43.65,756.254,0.000,33.21,716.451,0.000,29.42,1027.411,0.000,37.96,1154.283,0.000,40.81,756.254,0.000,32.27,1194.086,0.000,30.37,875.663,0.000,27.52,634.358,0.000,21.83,646.796,0.000,19.93,796.057,0.000,30.37,900.540,0.000,32.27
70.9345,24960.846,0.000,27.95,99.26,0.00,636.452,0.000,19.92,865.177,0.000,31.30,967.108,0.000,37.94,770.703,0.000,27.50,914.900,0.000,23.71,914.900,0.000,33.19,716.008,0.000,25.61,716.008,0.000,23.71,696.119,0.000,28.45,1054.123,0.000,26.55,315.740,0.000,12.33,875.121,0.000,27.50,989.484,0.000,35.09,517.117,0.000,20.86,1004.401,0.000,33.19,755.787,0.000,24.66,929.816,0.000,29.40,827.885,0.000,27.50,1233.125,0.000,40.78,768.217,0.000,26.55,994.456,0.000,36.99,962.136,0.000,26.55,982.025,0.000,38.88,671.258,0.000,20.86,437.561,0.000,15.17,805.509,0.000,25.61,643.910,0.000,20.86,902.469,0.000,29.40,890.038,0.000,30.35,1203.292,0.000,37.94
71.0417,25677.734,0.000,25.80,99.35,0.00,743.219,0.000,24.25,838.566,0.000,25.18,885.018,0.000,27.05,1014.592,0.000,30.78,743.219,0.000,18.65,586.752,0.000,20.52,586.752,0.000,18.65,860.570,0.000,23.32,616.090,0.000,16.79,958.362,0.000,21.45,1371.533,0.000,36.37,860.570,0.000,26.11,745.664,0.000,25.18,1056.154,0.000,31.71,860.570,0.000,27.98,1369.088,0.000,36.37,743.219,0.000,27.98,860.570,0.000,29.84,782.336,0.000,27.05,770.112,0.000,27.05,625.869,0.000,19.58,821.453,0.000,25.18,990.144,0.000,31.71,1156.390,0.000,34.51,547.635,0.000,14.92,889.907,0.000,25.18,765.222,0.000,21.45,853.235,0.000,24.25,963.251,0.000,28.91,811.674,0.000,26.11
71.1486,26167.178,0.000,26.26,99.17,0.00,902.486,0.000,25.26,1052.082,0.000,36.49,627.816,0.000,24.32,1155.084,0.000,39.29,980.963,0.000,21.52,1076.606,0.000,34.61,902.486,0.000,33.68,1020.201,0.000,26.19,904.938,0.000,28.07,824.009,0.000,20.58,941.724,0.000,28.07,824.009,0.000,21.52,706.293,0.000,25.26,973.605,0.000,32.74,706.293,0.000,25.26,627.816,0.000,18.71,824.009,0.000,21.52,980.963,0.000,28.07,1098.678,0.000,33.68,902.486,0.000,23.39,706.293,0.000,20.58,824.009,0.000,27.13,1098.678,0.000,30.87,924.557,0.000,26.19,902.486,0.000,23.39,549.339,0.000,14.03,676.864,0.000,19.65,725.912,0.000,17.77,1059.440,0.000,37.42,667.055,0.000,22.45
71.2544,24487.069,0.000,24.92,99.34,0.00,594.707,0.000,21.74,802.855,0.000,28.36,631.876,0.000,24.58,1092.774,0.000,34.97,792.943,0.000,21.74,592.229,0.000,23.63,926.752,0.000,34.03,832.590,0.000,25.52,1028.348,0.000,35.92,991.179,0.000,21.74,911.884,0.000,30.25,832.590,0.000,20.80,792.943,0.000,20.80,800.377,0.000,17.96,589.751,0.000,19.85,753.296,0.000,20.80,723.560,0.000,15.12,621.965,0.000,17.96,716.127,0.000,29.30,963.921,0.000,32.14,951.532,0.000,31.19,659.134,0.000,17.96,1030.826,0.000,33.08,792.943,0.000,19.85,1092.774,0.000,29.30,674.001,0.000,24.58,768.163,0.000,21.74,674.001,0.000,18.91,966.399,0.000,30.25,884.627,0.000,23.63
71.3593,24547.810,0.000,21.97,99.10,0.00,998.792,0.000,25.72,828.997,0.000,21.91,881.434,0.000,28.58,759.082,0.000,22.86,599.275,0.000,12.38,903.907,0.000,20.96,1063.713,0.000,27.62,679.179,0.000,14.29,1158.599,0.000,31.43,519.372,0.000,11.43,519.372,0.000,16.19,998.792,0.000,23.81,759.082,0.000,20.00,639.227,0.000,18.10,804.028,0.000,23.81,1078.695,0.000,21.91,828.997,0.000,20.96,891.422,0.000,28.58,918.889,0.000,27.62,779.058,0.000,20.00,878.937,0.000,26.67,534.354,0.000,12.38,958.840,0.000,27.62,1106.162,0.000,27.62,696.657,0.000,20.96,679.179,0.000,19.05,1033.750,0.000,28.58,519.372,0.000,15.24,704.148,0.000,20.00,826.500,0.000,22.86
71.4641,25321.185,0.000,26.87,99.11,0.00,761.012,0.000,22.92,520.693,0.000,18.14,680.906,0.000,25.78,1201.598,0.000,35.33,680.906,0.000,18.14,761.012,0.000,30.56,801.066,0.000,32.47,881.172,0.000,24.83,1081.439,0.000,37.24,680.906,0.000,15.28,961.279,0.000,28.65,841.119,0.000,21.96,640.853,0.000,21.96,921.226,0.000,29.60,881.172,0.000,30.56,1041.385,0.000,27.69,921.226,0.000,25.78,1001.332,0.000,33.42,878.669,0.000,27.69,928.735,0.000,33.42,600.799,0.000,23.87,921.226,0.000,26.74,680.906,0.000,25.78,893.689,0.000,20.05,720.959,0.000,24.83,921.226,0.000,30.56,750.999,0.000,22.92,801.066,0.000,22.92,921.226,0.000,33.42,1041.385,0.000,33.42
71.5706,26445.221,0.000,28.15,99.26,0.00,826.490,0.000,26.27,1101.987,0.000,37.53,1220.057,0.000,37.53,905.203,0.000,30.97,590.350,0.000,14.08,1023.273,0.000,34.72,747.777,0.000,21.58,905.203,0.000,23.46,944.560,0.000,28.15,747.777,0.000,17.83,1042.952,0.000,32.84,1141.343,0.000,30.03,787.133,0.000,26.27,683.822,0.000,23.46,629.707,0.000,20.64,787.133,0.000,21.58,1023.273,0.000,29.09,947.020,0.000,30.03,747.777,0.000,23.46,905.203,0.000,31.90,1101.987,0.000,38.47,801.892,0.000,27.21,612.488,0.000,26.27,905.203,0.000,27.21,905.203,0.000,30.97,550.993,0.000,20.64,1419.300,0.000,45.98,826.490,0.000,31.90,1023.273,0.000,33.78,590.350,0.000,20.64
71.6750,24127.620,0.000,25.89,98.96,0.07,964.101,0.000,38.31,1004.271,0.000,29.69,602.563,0.000,20.11,763.246,0.000,23.94,923.930,0.000,22.03,482.050,0.000,14.37,682.905,0.000,22.03,843.588,0.000,25.86,763.246,0.000,22.03,441.879,0.000,11.49,843.588,0.000,29.69,923.930,0.000,29.69,923.930,0.000,33.52,1029.378,0.000,32.56,923.930,0.000,29.69,843.588,0.000,26.82,843.588,0.000,24.90,961.590,0.000,26.82,602.563,0.000,19.15,763.246,0.000,22.99,723.075,0.000,24.90,509.668,0.000,21.07,700.479,0.000,22.03,682.905,0.000,25.86,682.905,0.000,25.86,964.101,0.000,31.61,841.077,0.000,28.73,964.101,0.000,35.44,1124.784,0.000,32.56,803.417,0.000,22.99
71.7794,23507.090,0.000,24.17,98.99,0.00,683.112,0.000,20.12,482.197,0.000,11.50,803.661,0.000,18.20,763.478,0.000,15.33,843.844,0.000,22.03,1044.760,0.000,36.41,924.210,0.000,30.66,924.210,0.000,26.83,442.014,0.000,12.45,763.478,0.000,19.16,904.119,0.000,24.91,562.563,0.000,16.29,602.746,0.000,22.99,803.661,0.000,22.03,961.882,0.000,31.62,964.393,0.000,24.91,642.929,0.000,19.16,803.661,0.000,28.74,602.746,0.000,23.95,858.913,0.000,31.62,773.524,0.000,25.87,640.418,0.000,19.16,683.112,0.000,24.91,803.661,0.000,24.91,924.210,0.000,32.57,843.844,0.000,23.95,602.746,0.000,22.99,1125.126,0.000,30.66,803.661,0.000,26.83,924.210,0.000,34.49
71.8882,23668.179,0.000,23.05,99.19,0.00,771.500,0.000,20.23,634.077,0.000,22.99,1041.525,0.000,31.27,887.225,0.000,25.75,887.225,0.000,19.31,605.145,0.000,20.23,689.528,0.000,24.83,732.925,0.000,16.55,583.447,0.000,20.23,694.350,0.000,18.39,501.475,0.000,16.55,925.800,0.000,22.99,810.075,0.000,25.75,547.283,0.000,20.23,851.061,0.000,28.51,848.650,0.000,22.07,896.869,0.000,22.07,1099.388,0.000,31.27,578.625,0.000,22.07,911.335,0.000,28.51,1031.881,0.000,33.11,728.103,0.000,21.15,771.500,0.000,24.83,634.077,0.000,17.47,1080.100,0.000,26.67,771.500,0.000,16.55,887.225,0.000,23.91,655.775,0.000,18.39,648.542,0.000,21.15,961.964,0.000,28.51
71.9935,22831.659,0.000,21.30,99.18,0.00,358.456,0.000,12.34,739.316,0.000,21.84,657.169,0.000,18.04,647.212,0.000,18.04,1035.540,0.000,22.79,968.329,0.000,25.64,1040.518,0.000,25.64,677.084,0.000,18.04,950.904,0.000,28.49,716.912,0.000,16.14,801.548,0.000,22.79,438.113,0.000,13.29,995.711,0.000,29.44,749.273,0.000,24.69,597.427,0.000,18.04,637.255,0.000,16.14,826.440,0.000,18.04,856.312,0.000,27.54,1075.368,0.000,28.49,637.255,0.000,18.99,477.941,0.000,16.14,761.719,0.000,20.89,477.941,0.000,13.29,1237.171,0.000,34.19,716.912,0.000,20.89,916.054,0.000,24.69,916.054,0.000,23.74,836.397,0.000,24.69,525.238,0.000,17.09,560.088,0.000,18.99
72.0983,23062.521,0.000,24.51,99.15,0.00,559.940,0.000,16.21,719.923,0.000,22.89,619.933,0.000,21.93,469.949,0.000,14.30,519.944,0.000,12.40,839.910,0.000,30.51,719.923,0.000,25.75,799.914,0.000,22.89,919.901,0.000,25.75,799.914,0.000,20.98,674.927,0.000,15.26,1159.875,0.000,26.70,799.914,0.000,30.51,959.897,0.000,35.28,839.910,0.000,33.38,719.923,0.000,17.16,519.944,0.000,17.16,679.927,0.000,22.89,999.893,0.000,36.24,839.910,0.000,34.33,759.918,0.000,29.56,679.927,0.000,20.03,1039.888,0.000,37.19,699.925,0.000,17.16,719.923,0.000,22.89,759.918,0.000,25.75,959.897,0.000,24.79,879.905,0.000,27.65,799.914,0.000,27.65,599.936,0.000,20.03
72.2103,26079.047,0.000,28.60,99.26,0.00,1048.592,0.000,27.68,1123.492,0.000,37.50,786.444,0.000,28.57,674.095,0.000,26.79,823.894,0.000,19.64,922.199,0.000,35.71,936.243,0.000,38.39,931.562,0.000,21.43,973.693,0.000,34.82,636.645,0.000,16.07,674.095,0.000,18.75,711.545,0.000,19.64,1011.142,0.000,37.50,823.894,0.000,31.25,1198.391,0.000,41.96,1160.941,0.000,27.68,636.645,0.000,16.07,898.793,0.000,34.82,823.894,0.000,33.04,674.095,0.000,30.36,964.330,0.000,38.39,636.645,0.000,22.32,1235.841,0.000,40.18,786.444,0.000,22.32,674.095,0.000,17.86,674.095,0.000,23.21,786.444,0.000,21.43,929.221,0.000,25.89,1095.404,0.000,38.39,826.234,0.000,30.36
72.3149,24717.143,0.000,24.71,99.11,0.00,561.582,0.000,21.04,882.486,0.000,26.78,1042.939,0.000,27.73,842.373,0.000,25.82,722.034,0.000,17.21,857.416,0.000,30.60,842.373,0.000,33.47,927.614,0.000,24.87,722.034,0.000,20.08,1080.545,0.000,22.95,962.713,0.000,28.69,802.260,0.000,26.78,802.260,0.000,20.08,802.260,0.000,23.91,772.176,0.000,20.08,842.373,0.000,22.95,601.695,0.000,19.13,601.695,0.000,18.17,842.373,0.000,22.95,481.356,0.000,13.39,812.289,0.000,22.00,1002.826,0.000,27.73,762.147,0.000,20.08,842.373,0.000,25.82,681.921,0.000,24.87,1057.981,0.000,30.60,802.260,0.000,30.60,809.782,0.000,30.60,1073.023,0.000,29.65,879.979,0.000,32.52
72.4203,22938.113,0.000,20.55,99.11,0.00,795.513,0.000,21.81,755.737,0.000,18.97,914.840,0.000,21.81,397.756,0.000,13.28,676.186,0.000,14.22,676.186,0.000,19.91,676.186,0.000,18.97,596.635,0.000,14.22,755.737,0.000,22.76,678.672,0.000,16.12,1233.045,0.000,32.24,994.391,0.000,22.76,835.288,0.000,21.81,517.083,0.000,18.02,706.018,0.000,21.81,676.186,0.000,14.22,954.615,0.000,23.71,676.186,0.000,20.86,596.635,0.000,19.91,1153.493,0.000,31.29,556.859,0.000,19.91,954.615,0.000,25.60,875.064,0.000,24.66,924.784,0.000,22.76,914.840,0.000,24.66,541.943,0.000,14.22,676.186,0.000,18.02,795.513,0.000,18.97,636.410,0.000,17.07,795.513,0.000,21.81
72.5245,23657.345,0.000,21.83,99.02,0.00,604.082,0.000,16.32,523.537,0.000,14.40,966.531,0.000,24.96,724.898,0.000,19.20,1047.075,0.000,24.00,966.531,0.000,28.80,1087.347,0.000,26.88,966.531,0.000,24.00,805.442,0.000,24.00,442.993,0.000,8.64,845.714,0.000,23.04,604.082,0.000,19.20,641.837,0.000,22.08,958.980,0.000,27.84,966.531,0.000,25.92,966.531,0.000,25.92,724.898,0.000,20.16,1167.891,0.000,34.57,322.177,0.000,12.48,684.626,0.000,20.16,1087.347,0.000,27.84,926.258,0.000,25.92,493.333,0.000,14.40,702.245,0.000,20.16,765.170,0.000,24.00,1047.075,0.000,26.88,724.898,0.000,21.12,644.354,0.000,17.28,523.537,0.000,14.40,724.898,0.000,20.16
72.6289,23154.665,0.000,26.24,99.26,0.00,481.918,0.000,18.19,803.197,0.000,31.60,805.707,0.000,31.60,778.097,0.000,30.64,763.037,0.000,18.19,1204.796,0.000,34.47,963.836,0.000,32.55,763.037,0.000,22.98,1084.316,0.000,37.34,722.877,0.000,18.19,642.558,0.000,22.98,803.197,0.000,23.94,725.387,0.000,27.77,730.407,0.000,28.72,642.558,0.000,25.85,803.197,0.000,22.98,624.988,0.000,19.15,818.257,0.000,33.51,843.357,0.000,29.68,843.357,0.000,32.55,602.398,0.000,22.98,843.357,0.000,23.94,898.577,0.000,37.34,875.987,0.000,25.85,896.067,0.000,26.81,562.238,0.000,21.06,338.849,0.000,15.32,923.677,0.000,27.77,722.877,0.000,23.94,642.558,0.000,19.15
72.7337,20912.403,0.000,18.46,99.10,0.00,920.930,0.000,24.82,800.809,0.000,19.09,558.063,0.000,15.27,585.591,0.000,16.23,600.606,0.000,15.27,520.526,0.000,15.27,840.849,0.000,22.91,680.687,0.000,16.23,680.687,0.000,18.14,541.836,0.000,13.36,720.728,0.000,21.00,640.647,0.000,15.27,640.647,0.000,13.36,720.728,0.000,20.05,560.566,0.000,14.32,520.526,0.000,13.36,457.962,0.000,13.36,545.551,0.000,16.23,560.566,0.000,14.32,840.849,0.000,20.05,640.647,0.000,19.09,1201.213,0.000,30.55,495.500,0.000,16.23,860.869,0.000,21.96,828.336,0.000,20.05,720.728,0.000,18.14,983.493,0.000,25.78,520.526,0.000,14.32,1041.051,0.000,27.68,680.687,0.000,21.96
72.8377,21486.113,0.000,19.96,99.02,0.00,524.052,0.000,13.46,1088.415,0.000,27.87,524.052,0.000,15.38,403.117,0.000,12.49,483.740,0.000,11.53,524.052,0.000,10.57,644.987,0.000,12.49,483.740,0.000,12.49,765.921,0.000,21.14,644.987,0.000,14.42,886.856,0.000,21.14,524.052,0.000,15.38,644.987,0.000,24.03,685.298,0.000,24.03,927.168,0.000,28.83,806.233,0.000,20.18,1048.103,0.000,24.99,846.545,0.000,26.91,564.363,0.000,20.18,483.740,0.000,18.26,1169.038,0.000,32.68,927.168,0.000,22.11,725.610,0.000,23.07,806.233,0.000,22.11,483.740,0.000,19.22,967.480,0.000,25.95,765.921,0.000,20.18,685.298,0.000,18.26,806.233,0.000,22.11,644.987,0.000,17.30
72.9421,19565.394,0.000,17.15,99.11,0.00,401.908,0.000,11.50,643.053,0.000,21.08,602.862,0.000,18.21,924.389,0.000,23.00,763.626,0.000,19.16,482.290,0.000,13.42,643.053,0.000,14.37,763.626,0.000,17.25,401.908,0.000,14.37,562.671,0.000,14.37,361.717,0.000,11.50,643.053,0.000,15.33,1044.961,0.000,25.87,844.007,0.000,23.96,522.481,0.000,16.29,683.244,0.000,17.25,442.099,0.000,11.50,602.862,0.000,14.37,803.816,0.000,24.91,796.281,0.000,25.87,562.671,0.000,16.29,924.389,0.000,23.96,442.099,0.000,12.46,602.862,0.000,13.42,442.099,0.000,10.54,643.053,0.000,15.33,401.908,0.000,9.58,1044.961,0.000,22.04,602.862,0.000,12.46,964.580,0.000,24.91
73.0463,4676.454,0.000,3.23,92.97,0.00,160.997,0.000,2.88,160.997,0.000,3.84,120.748,0.000,2.88,241.495,0.000,4.80,201.246,0.000,3.84,281.744,0.000,5.76,80.498,0.000,1.92,160.997,0.000,2.88,321.994,0.000,7.68,160.997,0.000,4.80,40.249,0.000,0.96,160.997,0.000,3.84,120.748,0.000,0.96,120.748,0.000,2.88,120.748,0.000,2.88,120.748,0.000,2.88,120.748,0.000,0.96,80.498,0.000,1.92,40.249,0.000,0.96,249.042,0.000,4.80,241.495,0.000,4.80,80.498,0.000,1.92,321.994,0.000,6.72,160.997,0.000,2.88,80.498,0.000,1.92,40.249,0.000,0.96,281.744,0.000,5.76,120.748,0.000,2.88,120.748,0.000,1.92,160.997,0.000,2.88
73.1488,0.000,0.000,0.00,1.39,0.00,0.000,0.000,0.00,0.000,0.000,0.00,0.000,0.000,0.00,0.000,0.000,0.00,0.000,0.000,0.00,0.000,0.000,0.00,0.000,0.000,0.00,0.000,0.000,0.00,0.000,0.000,0.00,0.000,0.000,0.00,0.000,0.000,0.00,0.000,0.000,0.00,0.000,0.000,0.00,0.000,0.000,0.00,0.000,0.000,0.00,0.000,0.000,0.00,0.000,0.000,0.00,0.000,0.000,0.00,0.000,0.000,0.00,0.000,0.000,0.00,0.000,0.000,0.00,0.000,0.000,0.00,0.000,0.000,0.00,0.000,0.000,0.00,0.000,0.000,0.00,0.000,0.000,0.00,0.000,0.000,0.00,0.000,0.000,0.00,0.000,0.000,0.00,0.000,0.000,0.00
73.2501,0.000,0.000,0.00,0.85,0.00,0.000,0.000,0.00,0.000,0.000,0.00,0.000,0.000,0.00,0.000,0.000,0.00,0.000,0.000,0.00,0.000,0.000,0.00,0.000,0.000,0.00,0.000,0.000,0.00,0.000,0.000,0.00,0.000,0.000,0.00,0.000,0.000,0.00,0.000,0.000,0.00,0.000,0.000,0.00,0.000,0.000,0.00,0.000,0.000,0.00,0.000,0.000,0.00,0.000,0.000,0.00,0.000,0.000,0.00,0.000,0.000,0.00,0.000,0.000,0.00,0.000,0.000,0.00,0.000,0.000,0.00,0.000,0.000,0.00,0.000,0.000,0.00,0.000,0.000,0.00,0.000,0.000,0.00,0.000,0.000,0.00,0.000,0.000,0.00,0.000,0.000,0.00,0.000,0.000,0.00
73.3513,0.000,0.000,0.00,0.77,0.00,0.000,0.000,0.00,0.000,0.000,0.00,0.000,0.000,0.00,0.000,0.000,0.00,0.000,0.000,0.00,0.000,0.000,0.00,0.000,0.000,0.00,0.000,0.000,0.00,0.000,0.000,0.00,0.000,0.000,0.00,0.000,0.000,0.00,0.000,0.000,0.00,0.000,0.000,0.00,0.000,0.000,0.00,0.000,0.000,0.00,0.000,0.000,0.00,0.000,0.000,0.00,0.000,0.000,0.00,0.000,0.000,0.00,0.000,0.000,0.00,0.000,0.000,0.00,0.000,0.000,0.00,0.000,0.000,0.00,0.000,0.000,0.00,0.000,0.000,0.00,0.000,0.000,0.00,0.000,0.000,0.00,0.000,0.000,0.00,0.000,0.000,0.00,0.000,0.000,0.00
73.4524,0.000,0.000,0.00,0.85,0.00,0.000,0.000,0.00,0.000,0.000,0.00,0.000,0.000,0.00,0.000,0.000,0.00,0.000,0.000,0.00,0.000,0.000,0.00,0.000,0.000,0.00,0.000,0.000,0.00,0.000,0.000,0.00,0.000,0.000,0.00,0.000,0.000,0.00,0.000,0.000,0.00,0.000,0.000,0.00,0.000,0.000,0.00,0.000,0.000,0.00,0.000,0.000,0.00,0.000,0.000,0.00,0.000,0.000,0.00,0.000,0.000,0.00,0.000,0.000,0.00,0.000,0.000,0.00,0.000,0.000,0.00,0.000,0.000,0.00,0.000,0.000,0.00,0.000,0.000,0.00,0.000,0.000,0.00,0.000,0.000,0.00,0.000,0.000,0.00,0.000,0.000,0.00,0.000,0.000,0.00
73.5535,0.000,0.000,0.00,0.77,0.00,0.000,0.000,0.00,0.000,0.000,0.00,0.000,0.000,0.00,0.000,0.000,0.00,0.000,0.000,0.00,0.000,0.000,0.00,0.000,0.000,0.00,0.000,0.000,0.00,0.000,0.000,0.00,0.000,0.000,0.00,0.000,0.000,0.00,0.000,0.000,0.00,0.000,0.000,0.00,0.000,0.000,0.00,0.000,0.000,0.00,0.000,0.000,0.00,0.000,0.000,0.00,0.000,0.000,0.00,0.000,0.000,0.00,0.000,0.000,0.00,0.000,0.000,0.00,0.000,0.000,0.00,0.000,0.000,0.00,0.000,0.000,0.00,0.000,0.000,0.00,0.000,0.000,0.00,0.000,0.000,0.00,0.000,0.000,0.00,0.000,0.000,0.00,0.000,0.000,0.00
73.6547,0.000,0.000,0.00,0.77,0.00,0.000,0.000,0.00,0.000,0.000,0.00,0.000,0.000,0.00,0.000,0.000,0.00,0.000,0.000,0.00,0.000,0.000,0.00,0.000,0.000,0.00,0.000,0.000,0.00,0.000,0.000,0.00,0.000,0.000,0.00,0.000,0.000,0.00,0.000,0.000,0.00,0.000,0.000,0.00,0.000,0.000,0.00,0.000,0.000,0.00,0.000,0.000,0.00,0.000,0.000,0.00,0.000,0.000,0.00,0.000,0.000,0.00,0.000,0.000,0.00,0.000,0.000,0.00,0.000,0.000,0.00,0.000,0.000,0.00,0.000,0.000,0.00,0.000,0.000,0.00,0.000,0.000,0.00,0.000,0.000,0.00,0.000,0.000,0.00,0.000,0.000,0.00,0.000,0.000,0.00
73.7564,0.000,0.383,0.16,39.98,0.00,0.000,0.000,0.00,0.000,0.000,0.00,0.000,0.000,0.00,0.000,0.000,0.00,0.000,0.000,0.00,0.000,0.000,0.00,0.000,0.000,0.00,0.000,0.000,0.00,0.000,0.000,0.00,0.000,0.000,0.00,0.000,0.000,0.00,0.000,0.000,0.00,0.000,0.000,0.00,0.000,0.000,0.00,0.000,0.000,0.00,0.000,0.000,0.00,0.000,0.000,0.00,0.000,0.000,0.00,0.000,0.000,0.00,0.000,0.000,0.00,0.000,0.000,0.00,0.000,0.000,0.00,0.000,0.000,0.00,0.000,0.000,0.00,0.000,0.000,0.00,0.000,0.383,4.92,0.000,0.000,0.00,0.000,0.000,0.00,0.000,0.000,0.00,0.000,0.000,0.00
73.8664,0.000,0.000,0.00,89.32,0.00,0.000,0.000,0.00,0.000,0.000,0.00,0.000,0.000,0.00,0.000,0.000,0.00,0.000,0.000,0.00,0.000,0.000,0.00,0.000,0.000,0.00,0.000,0.000,0.00,0.000,0.000,0.00,0.000,0.000,0.00,0.000,0.000,0.00,0.000,0.000,0.00,0.000,0.000,0.00,0.000,0.000,0.00,0.000,0.000,0.00,0.000,0.000,0.00,0.000,0.000,0.00,0.000,0.000,0.00,0.000,0.000,0.00,0.000,0.000,0.00,0.000,0.000,0.00,0.000,0.000,0.00,0.000,0.000,0.00,0.000,0.000,0.00,0.000,0.000,0.00,0.000,0.000,0.00,0.000,0.000,0.00,0.000,0.000,0.00,0.000,0.000,0.00,0.000,0.000,0.00
73.9765,0.000,0.000,0.00,92.97,0.00,0.000,0.000,0.00,0.000,0.000,0.00,0.000,0.000,0.00,0.000,0.000,0.00,0.000,0.000,0.00,0.000,0.000,0.00,0.000,0.000,0.00,0.000,0.000,0.00,0.000,0.000,0.00,0.000,0.000,0.00,0.000,0.000,0.00,0.000,0.000,0.00,0.000,0.000,0.00,0.000,0.000,0.00,0.000,0.000,0.00,0.000,0.000,0.00,0.000,0.000,0.00,0.000,0.000,0.00,0.000,0.000,0.00,0.000,0.000,0.00,0.000,0.000,0.00,0.000,0.000,0.00,0.000,0.000,0.00,0.000,0.000,0.00,0.000,0.000,0.00,0.000,0.000,0.00,0.000,0.000,0.00,0.000,0.000,0.00,0.000,0.000,0.00,0.000,0.000,0.00
74.0804,16797.466,0.000,40.36,86.44,0.57,706.943,0.000,47.19,497.385,0.000,37.56,613.525,0.000,41.41,512.534,0.000,41.41,767.538,0.000,34.67,633.724,0.000,41.41,641.298,0.000,46.23,560.505,0.000,34.67,628.674,0.000,42.38,767.538,0.000,32.75,527.682,0.000,40.45,568.079,0.000,41.41,484.761,0.000,35.64,530.207,0.000,42.38,522.633,0.000,40.45,489.810,0.000,42.38,565.554,0.000,40.45,512.534,0.000,41.41,628.674,0.000,41.41,560.505,0.000,47.19,552.930,0.000,47.19,446.889,0.000,39.49,429.215,0.000,35.64,464.562,0.000,33.71,398.918,0.000,34.67,542.831,0.000,41.41,585.753,0.000,40.45,590.802,0.000,42.38,613.525,0.000,42.38,451.938,0.000,40.45
74.1893,35554.143,0.000,68.20,98.83,0.00,1180.889,0.000,69.73,1257.851,0.000,88.08,1378.105,0.000,92.66,1435.827,0.000,93.58,1077.471,0.000,32.11,1089.497,0.000,69.73,1851.904,0.000,87.16,1313.168,0.000,55.97,1325.193,0.000,88.08,1077.471,0.000,32.11,1204.940,0.000,75.23,420.887,0.000,12.84,846.584,0.000,57.80,1457.472,0.000,76.15,1195.320,0.000,71.56,1303.548,0.000,57.80,1500.763,0.000,58.72,1207.345,0.000,75.23,1123.167,0.000,70.64,1135.193,0.000,72.48,974.053,0.000,64.22,1741.270,0.000,86.24,976.458,0.000,62.39,1058.231,0.000,70.64,1159.244,0.000,75.23,1060.636,0.000,71.56,1019.749,0.000,70.64,1091.902,0.000,72.48,865.825,0.000,59.63,1224.180,0.000,75.23
74.2973,28470.341,0.000,32.81,100.00,0.00,1135.998,0.000,37.96,699.076,0.000,25.93,1004.921,0.000,32.41,936.956,0.000,33.33,978.220,0.000,27.78,970.938,0.000,29.63,747.623,0.000,26.85,699.076,0.000,24.07,1004.921,0.000,36.11,1165.126,0.000,32.41,623.828,0.000,22.22,1126.289,0.000,37.96,815.588,0.000,27.78,854.426,0.000,32.41,660.238,0.000,26.85,1165.126,0.000,36.11,1281.639,0.000,42.59,929.674,0.000,32.41,810.734,0.000,38.89,1034.049,0.000,41.67,1009.776,0.000,39.82,958.802,0.000,33.33,985.502,0.000,42.59,1038.904,0.000,34.26,859.280,0.000,30.56,1359.314,0.000,43.52,667.520,0.000,25.00,737.913,0.000,25.93,966.084,0.000,25.93,1242.801,0.000,37.96
74.4063,27602.998,0.000,32.72,100.00,0.00,1305.953,0.000,34.86,1115.953,0.000,35.78,1197.725,0.000,39.45,839.370,0.000,27.52,608.483,0.000,15.60,1000.509,0.000,36.70,683.040,0.000,30.28,1038.991,0.000,36.70,697.471,0.000,23.85,808.104,0.000,20.18,752.787,0.000,26.61,731.142,0.000,28.44,769.623,0.000,29.36,1115.953,0.000,35.78,577.217,0.000,25.69,962.028,0.000,32.11,808.104,0.000,29.36,769.623,0.000,30.28,861.015,0.000,29.36,769.623,0.000,27.52,1284.308,0.000,43.12,846.585,0.000,28.44,1024.560,0.000,35.78,971.649,0.000,34.86,1034.180,0.000,44.04,1269.877,0.000,44.96,954.813,0.000,40.37,962.028,0.000,41.29,1072.662,0.000,40.37,769.623,0.000,33.03
74.5143,26685.707,0.000,28.74,100.00,0.00,917.518,0.000,27.78,1165.103,0.000,34.26,820.427,0.000,24.07,817.999,0.000,27.78,1398.123,0.000,36.11,839.845,0.000,23.15,737.898,0.000,25.00,737.898,0.000,23.15,621.388,0.000,22.22,737.898,0.000,19.44,1087.429,0.000,35.19,1203.940,0.000,32.41,1009.756,0.000,32.41,667.507,0.000,27.78,958.782,0.000,32.41,466.041,0.000,16.67,776.735,0.000,25.00,1165.103,0.000,38.89,815.572,0.000,34.26,776.735,0.000,30.56,1189.376,0.000,37.96,815.572,0.000,25.93,893.245,0.000,30.56,868.972,0.000,28.70,893.245,0.000,29.63,737.898,0.000,29.63,1126.266,0.000,33.33,970.919,0.000,32.41,1002.474,0.000,29.63,466.041,0.000,15.74
74.6233,27330.495,0.000,31.10,100.00,0.00,961.918,0.000,28.44,1046.086,0.000,40.36,957.108,0.000,34.86,1077.348,0.000,36.69,1000.395,0.000,23.85,1322.637,0.000,41.28,769.534,0.000,28.44,731.058,0.000,23.85,1115.825,0.000,38.53,1308.208,0.000,32.11,654.104,0.000,23.85,692.581,0.000,22.93,1101.396,0.000,40.36,646.890,0.000,28.44,1089.372,0.000,39.45,577.151,0.000,19.26,654.104,0.000,21.10,884.965,0.000,32.11,949.894,0.000,40.36,755.106,0.000,30.27,909.013,0.000,39.45,1115.825,0.000,36.69,1195.183,0.000,44.03,601.199,0.000,18.35,1038.871,0.000,30.27,923.441,0.000,29.36,502.602,0.000,16.51,808.011,0.000,26.60,978.752,0.000,34.86,961.918,0.000,30.27
74.7323,25869.136,0.000,30.49,100.00,0.00,692.730,0.000,27.53,916.424,0.000,33.95,808.185,0.000,27.53,962.125,0.000,37.62,962.125,0.000,28.44,769.700,0.000,28.44,769.700,0.000,26.61,808.185,0.000,26.61,731.215,0.000,31.20,962.125,0.000,28.44,692.730,0.000,22.94,1154.550,0.000,38.54,851.481,0.000,29.36,654.245,0.000,27.53,1000.610,0.000,35.78,923.640,0.000,30.28,962.125,0.000,36.70,846.670,0.000,34.87,1320.517,0.000,40.37,745.647,0.000,29.36,938.072,0.000,36.70,769.700,0.000,23.86,1075.175,0.000,42.21,769.700,0.000,25.69,538.790,0.000,22.02,846.670,0.000,28.44,728.810,0.000,26.61,846.670,0.000,27.53,820.212,0.000,28.44,1000.610,0.000,31.20
74.8407,27306.931,0.000,35.95,100.00,0.00,967.473,0.000,44.29,1199.667,0.000,42.44,851.376,0.000,34.14,914.262,0.000,36.91,967.473,0.000,26.76,1083.570,0.000,40.60,657.882,0.000,27.68,735.280,0.000,28.60,851.376,0.000,31.37,812.677,0.000,23.07,948.124,0.000,38.75,735.280,0.000,22.14,1131.944,0.000,50.75,735.280,0.000,38.75,1006.172,0.000,47.98,1160.968,0.000,34.14,926.356,0.000,27.68,1151.293,0.000,49.82,1044.871,0.000,45.21,851.376,0.000,40.60,696.581,0.000,30.45,851.376,0.000,33.22,740.117,0.000,33.22,904.587,0.000,35.98,827.190,0.000,34.14,851.376,0.000,37.83,711.093,0.000,28.60,1095.663,0.000,43.36,967.473,0.000,38.75,928.774,0.000,31.37
74.9524,25077.316,0.000,27.26,100.00,0.00,469.569,0.000,17.91,901.572,0.000,32.24,704.353,0.000,26.87,1141.052,0.000,38.51,901.572,0.000,21.50,751.310,0.000,27.76,751.310,0.000,24.18,864.006,0.000,27.76,1014.268,0.000,37.62,864.006,0.000,18.81,1183.313,0.000,32.24,1098.791,0.000,33.14,713.744,0.000,25.97,788.875,0.000,28.66,563.482,0.000,23.29,788.875,0.000,25.97,866.354,0.000,28.66,610.439,0.000,22.39,864.006,0.000,27.76,826.441,0.000,26.87,901.572,0.000,32.24,601.048,0.000,17.91,1037.747,0.000,34.03,1077.660,0.000,32.24,1037.747,0.000,30.45,638.613,0.000,22.39,730.179,0.000,21.50,739.571,0.000,19.70,894.528,0.000,30.45,751.310,0.000,28.66
75.0603,24072.732,0.000,25.56,100.00,0.00,1146.089,0.000,33.35,738.159,0.000,28.71,709.021,0.000,25.01,971.262,0.000,35.20,582.757,0.000,12.97,621.608,0.000,22.23,854.711,0.000,27.79,854.711,0.000,22.23,932.412,0.000,33.35,738.159,0.000,17.60,738.159,0.000,24.08,1000.400,0.000,23.16,777.010,0.000,28.71,932.412,0.000,32.42,660.458,0.000,27.79,721.162,0.000,17.60,582.757,0.000,16.67,660.458,0.000,23.16,777.010,0.000,29.64,633.749,0.000,25.94,667.743,0.000,27.79,854.711,0.000,27.79,1252.928,0.000,37.05,1007.684,0.000,30.57,466.206,0.000,16.67,543.907,0.000,13.89,1056.248,0.000,25.94,563.332,0.000,13.89,1095.098,0.000,33.35,932.412,0.000,32.42
75.1693,24192.179,0.000,28.26,100.00,0.00,569.992,0.000,22.94,654.168,0.000,23.85,846.570,0.000,30.28,1115.933,0.000,35.78,589.232,0.000,12.84,577.207,0.000,23.85,1192.894,0.000,37.62,810.495,0.000,26.61,769.609,0.000,30.28,916.316,0.000,23.85,846.570,0.000,29.36,846.570,0.000,26.61,769.609,0.000,27.52,639.738,0.000,24.77,538.726,0.000,23.85,1055.807,0.000,34.86,808.089,0.000,24.77,940.366,0.000,33.95,1038.972,0.000,41.29,988.467,0.000,38.53,731.129,0.000,33.03,692.648,0.000,27.52,692.648,0.000,26.61,923.531,0.000,30.28,923.531,0.000,30.28,577.207,0.000,21.10,731.129,0.000,22.94,519.486,0.000,19.27,885.050,0.000,29.36,1000.492,0.000,33.95
75.2769,26572.609,0.000,28.13,100.00,0.00,981.735,0.000,28.81,818.518,0.000,24.16,779.541,0.000,24.16,935.449,0.000,28.81,884.292,0.000,19.51,1091.358,0.000,34.38,779.541,0.000,26.95,1088.922,0.000,30.67,974.426,0.000,27.88,669.918,0.000,14.87,974.426,0.000,29.74,701.587,0.000,24.16,623.633,0.000,26.02,950.066,0.000,34.38,1130.335,0.000,35.31,1091.358,0.000,32.52,1130.335,0.000,32.52,1269.190,0.000,40.89,740.564,0.000,27.88,1091.358,0.000,37.17,733.256,0.000,27.88,779.541,0.000,26.02,623.633,0.000,24.16,935.449,0.000,26.02,740.564,0.000,24.16,740.564,0.000,25.09,1013.404,0.000,31.60,662.610,0.000,25.09,935.449,0.000,27.88,701.587,0.000,25.09
75.3854,25456.924,0.000,26.50,99.59,0.00,967.208,0.000,28.59,768.931,0.000,24.90,679.464,0.000,23.98,722.988,0.000,23.06,502.948,0.000,10.15,814.873,0.000,28.59,696.390,0.000,25.83,851.143,0.000,23.06,1095.363,0.000,36.90,502.948,0.000,12.91,1160.650,0.000,35.05,1230.773,0.000,28.59,819.709,0.000,23.98,851.143,0.000,23.06,773.767,0.000,23.06,938.192,0.000,25.83,892.250,0.000,23.98,679.464,0.000,19.37,802.783,0.000,31.36,904.340,0.000,35.05,969.626,0.000,36.90,619.013,0.000,18.45,814.873,0.000,32.28,853.561,0.000,28.59,1119.544,0.000,32.28,868.070,0.000,23.98,1049.421,0.000,34.13,889.832,0.000,26.75,836.635,0.000,29.52,781.021,0.000,24.90
75.4943,24794.303,0.000,28.72,99.57,0.00,846.682,0.000,25.69,1120.891,0.000,40.37,1132.918,0.000,40.37,781.737,0.000,30.28,846.682,0.000,22.02,632.606,0.000,25.69,846.682,0.000,29.36,1060.757,0.000,31.20,796.169,0.000,33.03,692.740,0.000,19.27,269.399,0.000,10.09,853.898,0.000,29.36,877.951,0.000,30.28,933.274,0.000,31.20,769.711,0.000,26.61,1029.488,0.000,32.11,690.334,0.000,26.61,632.606,0.000,22.94,548.419,0.000,23.86,870.735,0.000,32.11,959.733,0.000,35.79,654.254,0.000,22.02,767.305,0.000,30.28,786.548,0.000,26.61,733.630,0.000,27.53,637.417,0.000,22.02,918.842,0.000,29.36,1053.541,0.000,34.87,1017.461,0.000,33.95,1031.893,0.000,36.70
75.6033,23316.014,0.000,25.10,99.86,0.00,500.179,0.000,20.18,841.647,0.000,25.69,884.931,0.000,30.27,743.054,0.000,27.52,1122.997,0.000,29.35,904.169,0.000,25.69,788.743,0.000,27.52,593.962,0.000,15.59,464.108,0.000,22.02,731.030,0.000,15.59,807.981,0.000,24.77,731.030,0.000,21.10,731.030,0.000,30.27,675.722,0.000,22.02,894.550,0.000,31.19,769.505,0.000,22.02,577.129,0.000,19.26,1038.832,0.000,36.69,743.054,0.000,26.60,807.981,0.000,27.52,692.555,0.000,22.02,538.654,0.000,17.43,577.129,0.000,22.02,937.835,0.000,26.60,731.030,0.000,24.77,1284.112,0.000,37.61,697.364,0.000,23.85,976.310,0.000,28.44,851.265,0.000,27.52,678.127,0.000,22.02
75.7123,23617.852,0.000,23.88,99.28,0.00,769.625,0.000,21.10,389.622,0.000,12.84,500.256,0.000,13.76,950.005,0.000,27.52,723.928,0.000,15.60,962.031,0.000,31.19,887.473,0.000,28.44,824.941,0.000,22.94,959.626,0.000,26.61,654.181,0.000,16.51,885.068,0.000,26.61,384.812,0.000,15.60,885.068,0.000,32.11,776.840,0.000,24.77,772.030,0.000,28.44,507.471,0.000,16.51,1038.993,0.000,29.36,1005.322,0.000,31.19,950.005,0.000,26.61,899.499,0.000,26.61,731.143,0.000,22.94,1000.512,0.000,28.44,615.700,0.000,21.10,812.916,0.000,23.85,846.587,0.000,25.69,909.119,0.000,27.52,803.296,0.000,25.69,663.801,0.000,20.18,877.853,0.000,25.69,630.130,0.000,21.10
75.8203,22531.165,0.161,23.67,99.57,0.00,504.900,0.000,14.82,618.988,0.000,21.30,932.123,0.000,27.78,699.092,0.000,23.15,781.624,0.000,21.30,990.381,0.000,31.48,745.213,0.000,24.08,565.585,0.000,16.67,735.503,0.000,24.08,699.092,0.000,15.74,898.140,0.000,25.00,1087.477,0.000,27.78,902.994,0.000,33.34,737.931,0.000,26.85,779.197,0.000,30.56,691.810,0.000,20.37,660.254,0.000,22.22,1009.800,0.000,31.48,762.205,0.000,29.63,657.827,0.000,18.52,737.931,0.000,26.85,660.254,0.000,20.37,543.739,0.000,20.37,776.769,0.000,21.30,895.712,0.000,26.85,815.608,0.000,24.08,854.446,0.161,22.22,504.900,0.000,15.74,582.577,0.000,21.30,699.092,0.000,25.00
75.9293,26153.881,0.000,25.38,100.00,0.00,846.544,0.000,22.94,1002.866,0.000,26.61,654.148,0.000,19.27,731.106,0.000,20.18,764.776,0.000,18.35,865.784,0.000,28.44,971.602,0.000,28.44,808.065,0.000,22.02,810.470,0.000,22.02,885.023,0.000,22.02,803.255,0.000,23.85,538.710,0.000,11.93,798.445,0.000,28.44,1000.461,0.000,30.27,870.594,0.000,32.11,1077.420,0.000,20.18,846.544,0.000,20.18,1072.610,0.000,33.03,1091.849,0.000,34.86,642.123,0.000,25.69,923.503,0.000,33.03,846.544,0.000,22.94,1070.205,0.000,40.37,1000.461,0.000,29.36,728.701,0.000,21.10,577.189,0.000,15.60,1038.940,0.000,27.52,1192.857,0.000,28.44,1000.461,0.000,28.44,692.627,0.000,23.85
76.0383,25112.575,0.000,30.49,99.64,0.07,615.728,0.000,21.10,1154.491,0.000,44.04,923.592,0.000,34.87,654.211,0.000,29.36,615.728,0.000,17.43,675.858,0.000,26.61,808.143,0.000,28.44,962.075,0.000,29.36,962.075,0.000,39.45,846.626,0.000,21.10,692.694,0.000,23.86,1000.559,0.000,30.28,731.177,0.000,31.20,808.143,0.000,34.87,1231.457,0.000,46.79,769.660,0.000,23.86,577.245,0.000,21.10,577.245,0.000,26.61,384.830,0.000,19.27,827.385,0.000,33.03,935.618,0.000,41.29,769.660,0.000,25.69,1315.638,0.000,45.88,846.626,0.000,22.94,808.143,0.000,28.44,731.177,0.000,29.36,1077.525,0.000,33.95,885.109,0.000,32.11,923.592,0.000,36.70,1000.559,0.000,35.78
76.1463,24322.766,0.000,28.55,99.50,0.00,582.465,0.000,19.44,737.789,0.000,28.70,970.775,0.000,34.25,492.668,0.000,21.29,660.127,0.000,16.66,1065.425,0.000,42.59,854.282,0.000,31.48,660.127,0.000,16.66,970.775,0.000,37.03,698.958,0.000,15.74,931.944,0.000,29.63,737.789,0.000,22.22,927.090,0.000,37.03,783.901,0.000,30.55,698.958,0.000,25.00,893.113,0.000,21.29,582.465,0.000,17.59,757.204,0.000,31.48,737.789,0.000,35.18,951.359,0.000,38.88,725.654,0.000,32.40,1009.606,0.000,31.48,1203.761,0.000,42.59,970.775,0.000,30.55,815.451,0.000,27.77,970.775,0.000,28.70,427.141,0.000,18.52,893.113,0.000,27.77,854.282,0.000,35.18,757.204,0.000,28.70
76.2553,23371.853,0.000,25.69,99.56,0.00,923.713,0.000,34.87,538.832,0.000,24.78,885.225,0.000,32.12,820.276,0.000,29.36,1000.689,0.000,26.61,808.249,0.000,22.94,846.737,0.000,30.28,577.320,0.000,16.52,731.272,0.000,26.61,615.808,0.000,19.27,769.761,0.000,31.20,769.761,0.000,22.94,851.548,0.000,25.69,685.568,0.000,20.19,885.225,0.000,29.36,1116.153,0.000,33.95,692.784,0.000,22.02,789.005,0.000,22.94,654.296,0.000,23.86,423.368,0.000,13.76,885.225,0.000,27.53,808.249,0.000,30.28,654.296,0.000,17.43,846.737,0.000,30.28,692.784,0.000,24.78,1000.689,0.000,31.20,615.808,0.000,22.94,808.249,0.000,26.61,1000.689,0.000,29.36,673.540,0.000,21.11
76.3614,23066.289,0.000,24.33,99.48,0.00,751.409,0.000,21.69,632.766,0.000,19.80,711.861,0.000,25.46,632.766,0.000,19.80,751.409,0.000,18.86,474.574,0.000,15.09,909.601,0.000,26.40,711.861,0.000,21.69,751.409,0.000,27.34,593.218,0.000,16.97,790.957,0.000,25.46,949.149,0.000,30.17,790.957,0.000,26.40,790.957,0.000,21.69,949.149,0.000,32.06,830.505,0.000,26.40,949.149,0.000,28.29,672.314,0.000,23.57,632.766,0.000,24.52,1028.244,0.000,34.89,909.601,0.000,30.17,986.225,0.000,29.23,526.481,0.000,17.91,830.505,0.000,25.46,909.601,0.000,27.34,632.766,0.000,21.69,711.861,0.000,22.63,790.957,0.000,20.74,632.766,0.000,19.80,830.505,0.000,28.29
76.4673,22317.627,0.000,21.30,99.56,0.00,752.168,0.000,24.54,870.932,0.000,21.71,672.993,0.000,19.82,831.344,0.000,22.65,752.168,0.000,16.99,712.581,0.000,19.82,791.756,0.000,20.76,752.168,0.000,17.93,712.581,0.000,19.82,712.581,0.000,17.93,1029.283,0.000,28.32,831.344,0.000,25.48,554.229,0.000,16.99,633.405,0.000,19.82,752.168,0.000,22.65,712.581,0.000,21.71,633.405,0.000,23.60,989.695,0.000,23.60,791.756,0.000,26.43,791.756,0.000,25.48,554.229,0.000,17.93,912.994,0.000,26.43,858.561,0.000,28.32,554.229,0.000,16.99,752.168,0.000,21.71,831.344,0.000,23.60,554.229,0.000,17.93,672.993,0.000,15.10,672.993,0.000,16.99,672.993,0.000,17.93
76.5713,21370.534,0.000,22.69,99.63,0.00,403.218,0.000,10.57,564.505,0.000,24.03,927.401,0.000,31.72,675.390,0.000,26.92,846.757,0.000,19.23,725.792,0.000,24.99,806.435,0.000,23.07,1209.653,0.000,31.72,685.470,0.000,24.99,645.148,0.000,15.38,524.183,0.000,16.34,725.792,0.000,20.19,846.757,0.000,31.72,1008.044,0.000,33.65,685.470,0.000,24.03,564.505,0.000,18.27,483.861,0.000,15.38,927.401,0.000,31.72,461.180,0.000,15.38,806.435,0.000,25.96,1106.328,0.000,36.53,725.792,0.000,21.15,564.505,0.000,23.07,766.113,0.000,20.19,617.427,0.000,21.15,564.505,0.000,17.30,725.792,0.000,18.27,604.826,0.000,19.23,405.738,0.000,15.38,766.113,0.000,23.07
76.6763,20785.447,0.000,19.64,99.70,0.00,479.779,0.000,19.06,1096.996,0.000,30.50,552.246,0.000,19.06,729.665,0.000,23.83,559.743,0.000,14.30,809.628,0.000,21.92,799.632,0.000,20.97,679.688,0.000,17.16,782.141,0.000,20.97,559.743,0.000,14.30,599.724,0.000,20.97,719.669,0.000,20.02,799.632,0.000,19.06,579.734,0.000,16.21,464.786,0.000,9.53,667.193,0.000,18.11,639.706,0.000,16.21,559.743,0.000,14.30,742.159,0.000,21.92,759.651,0.000,21.92,542.251,0.000,17.16,959.559,0.000,27.64,519.761,0.000,16.21,839.614,0.000,26.69,547.248,0.000,17.16,519.761,0.000,15.25,919.577,0.000,26.69,999.541,0.000,26.69,717.170,0.000,17.16,639.706,0.000,18.11
76.7813,14195.348,0.000,12.53,99.71,0.00,359.217,0.000,10.47,661.059,0.000,18.08,406.614,0.000,13.32,199.565,0.000,4.76,478.956,0.000,7.61,548.804,0.000,17.13,439.043,0.000,12.37,399.130,0.000,8.56,616.157,0.000,13.32,380.460,0.000,7.61,478.956,0.000,17.13,159.652,0.000,3.81,598.695,0.000,16.18,498.913,0.000,10.47,414.097,0.000,10.47,451.516,0.000,12.37,638.608,0.000,14.27,279.391,0.000,6.66,439.043,0.000,12.37,399.130,0.000,11.42,478.956,0.000,12.37,798.260,0.000,19.98,359.217,0.000,9.52,439.043,0.000,14.27,239.478,0.000,8.56,638.608,0.000,16.18,478.956,0.000,11.42,478.956,0.000,12.37,718.434,0.000,20.94,718.434,0.000,21.89
76.8896,0.000,0.000,0.00,75.38,0.00,0.000,0.000,0.00,0.000,0.000,0.00,0.000,0.000,0.00,0.000,0.000,0.00,0.000,0.000,0.00,0.000,0.000,0.00,0.000,0.000,0.00,0.000,0.000,0.00,0.000,0.000,0.00,0.000,0.000,0.00,0.000,0.000,0.00,0.000,0.000,0.00,0.000,0.000,0.00,0.000,0.000,0.00,0.000,0.000,0.00,0.000,0.000,0.00,0.000,0.000,0.00,0.000,0.000,0.00,0.000,0.000,0.00,0.000,0.000,0.00,0.000,0.000,0.00,0.000,0.000,0.00,0.000,0.000,0.00,0.000,0.000,0.00,0.000,0.000,0.00,0.000,0.000,0.00,0.000,0.000,0.00,0.000,0.000,0.00,0.000,0.000,0.00,0.000,0.000,0.00
77.0345,0.000,0.000,0.00,90.46,0.00,0.000,0.000,0.00,0.000,0.000,0.00,0.000,0.000,0.00,0.000,0.000,0.00,0.000,0.000,0.00,0.000,0.000,0.00,0.000,0.000,0.00,0.000,0.000,0.00,0.000,0.000,0.00,0.000,0.000,0.00,0.000,0.000,0.00,0.000,0.000,0.00,0.000,0.000,0.00,0.000,0.000,0.00,0.000,0.000,0.00,0.000,0.000,0.00,0.000,0.000,0.00,0.000,0.000,0.00,0.000,0.000,0.00,0.000,0.000,0.00,0.000,0.000,0.00,0.000,0.000,0.00,0.000,0.000,0.00,0.000,0.000,0.00,0.000,0.000,0.00,0.000,0.000,0.00,0.000,0.000,0.00,0.000,0.000,0.00,0.000,0.000,0.00,0.000,0.000,0.00
77.1566,21734.665,0.000,51.93,86.68,0.72,704.304,0.000,58.16,702.157,0.000,49.97,730.072,0.000,54.88,704.304,0.000,54.06,927.621,0.000,38.50,727.924,0.000,54.88,796.637,0.000,57.34,833.141,0.000,51.60,837.435,0.000,55.70,1004.922,0.000,41.78,678.537,0.000,51.60,562.585,0.000,39.32,605.530,0.000,44.23,732.219,0.000,54.88,700.010,0.000,52.42,745.103,0.000,55.70,798.784,0.000,52.42,697.863,0.000,52.42,751.544,0.000,56.52,704.304,0.000,57.34,650.623,0.000,57.34,697.863,0.000,53.24,590.499,0.000,50.79,627.003,0.000,45.05,560.437,0.000,46.69,712.894,0.000,54.88,736.514,0.000,53.24,766.575,0.000,54.88,783.753,0.000,54.88,663.506,0.000,53.24
77.2648,33111.804,0.000,62.22,98.30,0.37,1298.312,0.000,68.38,1145.712,0.000,73.92,1346.757,0.000,82.24,1337.068,0.000,80.39,930.134,0.000,31.42,1000.379,0.000,65.60,1659.224,0.000,77.62,1114.223,0.000,50.82,1109.379,0.000,74.84,920.445,0.000,32.34,1094.845,0.000,65.60,528.045,0.000,28.64,789.645,0.000,57.29,1460.601,0.000,75.77,1109.379,0.000,67.45,1136.023,0.000,48.97,1385.512,0.000,52.67,1073.045,0.000,69.30,1051.245,0.000,64.68,1143.290,0.000,70.22,1010.067,0.000,67.45,1731.890,0.000,79.46,922.867,0.000,61.91,920.445,0.000,63.76,1073.045,0.000,57.29,978.579,0.000,58.21,913.178,0.000,58.21,879.267,0.000,55.44,821.134,0.000,54.52,1228.068,0.000,72.07
77.3692,27990.355,0.000,34.71,97.92,0.00,1044.585,0.000,42.15,748.284,0.000,28.74,1079.739,0.000,39.27,1044.585,0.000,33.53,1032.030,0.000,30.65,966.743,0.000,34.48,843.703,0.000,32.57,763.350,0.000,26.82,956.699,0.000,36.40,1175.158,0.000,29.69,605.156,0.000,27.78,1044.585,0.000,33.53,811.060,0.000,31.61,763.350,0.000,25.86,642.821,0.000,22.99,1084.761,0.000,41.19,1165.114,0.000,45.98,964.232,0.000,38.32,803.527,0.000,28.74,783.439,0.000,33.53,1004.409,0.000,38.32,821.104,0.000,36.40,1004.409,0.000,38.32,1044.585,0.000,37.36,964.232,0.000,39.27,1348.418,0.000,47.89,763.350,0.000,35.44,790.972,0.000,33.53,755.817,0.000,31.61,1170.136,0.000,39.27
77.4743,27277.617,0.000,34.38,98.80,0.00,1324.471,0.000,41.87,1212.228,0.000,40.91,1282.068,0.000,43.77,638.540,0.000,29.50,810.646,0.000,25.69,915.407,0.000,31.40,558.722,0.000,25.69,808.152,0.000,26.64,805.657,0.000,27.59,708.380,0.000,19.98,636.045,0.000,29.50,838.083,0.000,33.30,910.418,0.000,35.21,1077.536,0.000,44.72,558.722,0.000,27.59,1077.536,0.000,36.16,798.175,0.000,31.40,798.175,0.000,32.35,798.175,0.000,35.21,738.312,0.000,33.30,1429.231,0.000,49.48,660.988,0.000,28.54,957.810,0.000,39.96,1037.627,0.000,40.91,1197.262,0.000,44.72,1134.905,0.000,40.91,838.083,0.000,34.25,967.787,0.000,38.06,1164.836,0.000,40.91,593.642,0.000,21.88
77.5789,25588.821,0.000,28.86,99.47,0.00,995.469,0.000,38.26,1002.992,0.000,24.87,481.436,0.000,15.30,1083.231,0.000,34.43,1123.351,0.000,31.57,922.752,0.000,25.83,601.795,0.000,18.17,792.363,0.000,29.65,641.915,0.000,20.09,682.034,0.000,22.00,1163.470,0.000,42.09,1083.231,0.000,34.43,762.274,0.000,23.91,561.675,0.000,21.04,842.513,0.000,30.61,441.316,0.000,19.13,722.154,0.000,22.96,1043.111,0.000,34.43,922.752,0.000,32.52,922.752,0.000,34.43,1010.514,0.000,32.52,922.752,0.000,31.57,842.513,0.000,35.39,722.154,0.000,30.61,682.034,0.000,29.65,1002.992,0.000,38.26,1163.470,0.000,39.22,1005.499,0.000,35.39,962.872,0.000,22.96,481.436,0.000,14.35
77.6831,28609.644,0.000,41.84,99.86,0.00,1006.142,0.000,51.81,1069.026,0.000,49.90,1187.247,0.000,48.94,1006.142,0.000,45.10,965.896,0.000,28.79,1086.633,0.000,47.02,724.422,0.000,39.34,938.227,0.000,42.22,925.651,0.000,45.10,1287.862,0.000,37.42,739.514,0.000,36.46,958.350,0.000,38.38,1310.500,0.000,57.57,603.685,0.000,39.34,1219.947,0.000,60.45,573.501,0.000,22.07,699.269,0.000,30.71,913.074,0.000,46.06,1152.032,0.000,52.77,965.896,0.000,44.14,860.251,0.000,47.98,1126.879,0.000,46.06,1069.026,0.000,47.02,852.705,0.000,38.38,1006.142,0.000,35.50,865.282,0.000,31.66,435.156,0.000,19.19,845.159,0.000,34.54,1207.370,0.000,49.90,1008.657,0.000,41.26
77.7942,24402.441,0.000,26.91,100.00,0.00,511.873,0.000,17.10,997.799,0.000,32.39,849.191,0.000,27.00,754.836,0.000,26.10,842.114,0.000,21.60,1019.029,0.000,34.19,830.320,0.000,32.39,629.817,0.000,20.70,868.062,0.000,27.89,1094.513,0.000,26.10,384.495,0.000,15.30,761.913,0.000,26.10,922.316,0.000,35.09,641.611,0.000,27.89,780.784,0.000,29.69,896.368,0.000,27.89,1269.068,0.000,35.09,1144.049,0.000,37.79,806.731,0.000,24.30,566.127,0.000,18.00,778.425,0.000,28.79,792.578,0.000,26.10,1073.283,0.000,32.39,672.276,0.000,20.70,641.611,0.000,20.70,735.965,0.000,22.50,761.913,0.000,24.30,679.353,0.000,24.30,792.578,0.000,29.69,903.445,0.000,35.09
77.9033,27301.628,0.000,31.47,100.00,0.00,900.925,0.000,33.91,848.071,0.000,29.33,845.668,0.000,31.16,999.426,0.000,35.74,999.426,0.000,25.66,1030.658,0.000,32.99,807.229,0.000,30.24,730.350,0.000,25.66,845.668,0.000,31.16,807.229,0.000,22.00,1631.275,0.000,51.32,999.426,0.000,32.08,768.789,0.000,27.49,771.192,0.000,31.16,922.547,0.000,32.99,999.426,0.000,30.24,730.350,0.000,22.91,768.789,0.000,31.16,1114.744,0.000,38.49,761.582,0.000,29.33,884.108,0.000,31.16,742.362,0.000,32.08,999.426,0.000,36.66,1191.623,0.000,41.24,768.789,0.000,26.58,653.471,0.000,25.66,768.789,0.000,26.58,1114.744,0.000,37.58,780.802,0.000,27.49,1114.744,0.000,33.91
78.0113,25459.739,0.000,28.43,99.93,0.00,854.484,0.000,32.41,893.324,0.000,33.34,621.443,0.000,22.22,720.971,0.000,26.85,958.867,0.000,25.00,667.566,0.000,22.22,971.005,0.000,29.63,971.005,0.000,31.48,893.324,0.000,29.63,701.551,0.000,21.30,786.514,0.000,26.85,1087.525,0.000,33.34,990.425,0.000,34.26,1048.685,0.000,37.97,941.874,0.000,29.63,776.804,0.000,25.00,854.484,0.000,26.85,582.603,0.000,21.30,971.005,0.000,36.11,745.246,0.000,27.78,776.804,0.000,26.85,813.216,0.000,27.78,1099.663,0.000,35.19,725.826,0.000,30.56,893.324,0.000,28.71,776.804,0.000,23.15,737.963,0.000,26.85,854.484,0.000,23.15,1041.402,0.000,33.34,701.551,0.000,24.08
78.1203,24816.547,0.000,29.26,100.00,0.00,654.080,0.000,21.10,805.576,0.000,28.44,692.555,0.000,26.60,1171.091,0.000,38.53,577.129,0.000,13.76,654.080,0.000,29.35,846.456,0.000,33.94,844.051,0.000,26.60,807.981,0.000,30.27,921.002,0.000,22.02,721.411,0.000,25.69,923.406,0.000,26.60,1096.545,0.000,41.28,690.150,0.000,30.27,593.962,0.000,27.52,899.359,0.000,27.52,654.080,0.000,24.77,961.882,0.000,38.53,923.406,0.000,34.86,923.406,0.000,34.86,654.080,0.000,25.69,682.936,0.000,19.26,1103.759,0.000,41.28,1089.331,0.000,35.78,961.882,0.000,30.27,615.604,0.000,21.10,769.505,0.000,25.69,615.604,0.000,22.02,964.286,0.000,36.69,997.952,0.000,37.61
78.2284,24732.905,0.000,26.17,99.93,0.00,893.200,0.000,25.00,580.095,0.000,25.00,883.491,0.000,31.48,1281.548,0.000,38.89,660.191,0.000,14.81,980.578,0.000,33.33,737.861,0.000,25.93,895.627,0.000,23.15,1233.004,0.000,39.81,699.026,0.000,14.81,716.016,0.000,26.85,895.627,0.000,26.85,364.076,0.000,10.18,970.870,0.000,30.55,677.182,0.000,25.93,1162.616,0.000,31.48,866.501,0.000,25.93,956.307,0.000,30.55,737.861,0.000,28.70,1048.539,0.000,29.63,776.696,0.000,25.93,567.959,0.000,18.52,701.453,0.000,26.85,769.414,0.000,22.22,582.522,0.000,18.52,815.531,0.000,28.70,924.753,0.000,25.93,531.551,0.000,19.44,963.588,0.000,31.48,859.220,0.000,28.70
78.3373,25956.951,0.000,32.33,100.00,0.00,846.581,0.000,39.45,1041.391,0.000,38.53,625.316,0.000,28.44,1038.986,0.000,36.70,538.733,0.000,14.68,952.404,0.000,32.11,1038.986,0.000,33.95,846.581,0.000,29.36,1087.087,0.000,42.20,885.062,0.000,20.18,1247.362,0.000,47.71,1075.062,0.000,34.86,485.822,0.000,17.43,808.100,0.000,31.19,957.214,0.000,35.78,834.556,0.000,28.44,949.999,0.000,33.95,630.126,0.000,25.69,923.543,0.000,30.28,1000.505,0.000,33.95,885.062,0.000,32.11,687.847,0.000,34.86,690.252,0.000,22.94,925.948,0.000,38.53,769.619,0.000,35.78,615.695,0.000,29.36,1022.151,0.000,38.53,743.164,0.000,33.95,923.543,0.000,34.86,880.252,0.000,33.95
78.4463,24550.686,0.000,26.39,100.00,0.00,962.078,0.000,31.20,844.223,0.000,26.61,1039.044,0.000,33.95,654.213,0.000,18.35,901.948,0.000,18.35,538.764,0.000,17.43,654.213,0.000,19.27,731.179,0.000,21.10,846.629,0.000,25.69,538.764,0.000,14.68,929.270,0.000,28.44,863.465,0.000,27.53,1154.493,0.000,34.87,1000.561,0.000,37.62,731.179,0.000,30.28,940.431,0.000,31.20,837.008,0.000,25.69,1039.044,0.000,36.70,731.179,0.000,22.02,808.145,0.000,27.53,769.662,0.000,28.44,942.836,0.000,33.03,466.608,0.000,19.27,1082.338,0.000,33.95,808.145,0.000,26.61,625.351,0.000,23.86,1140.062,0.000,32.11,584.462,0.000,19.27,769.662,0.000,26.61,615.730,0.000,20.19
78.5543,24446.886,0.000,23.77,100.00,0.00,815.624,0.000,18.52,973.409,0.000,25.93,737.946,0.000,20.37,699.107,0.000,18.52,992.829,0.000,23.15,970.981,0.000,31.48,621.428,0.000,20.37,1087.499,0.000,24.08,776.785,0.000,22.22,699.107,0.000,15.74,660.267,0.000,13.89,643.275,0.000,17.59,699.107,0.000,22.22,621.428,0.000,21.30,854.464,0.000,25.93,876.311,0.000,24.08,864.174,0.000,27.78,893.303,0.000,28.71,660.267,0.000,23.15,893.303,0.000,30.56,970.981,0.000,31.48,349.553,0.000,8.33,849.609,0.000,28.71,621.428,0.000,14.82,1009.821,0.000,29.63,728.236,0.000,25.93,737.946,0.000,25.00,1002.538,0.000,33.34,1048.660,0.000,28.71,1087.499,0.000,31.48
78.6584,23868.647,0.000,29.19,99.25,0.00,524.143,0.000,26.92,806.373,0.000,27.88,1007.967,0.000,32.68,766.055,0.000,24.99,927.329,0.000,24.03,766.055,0.000,30.76,1128.922,0.000,37.49,846.692,0.000,30.76,524.143,0.000,21.15,645.099,0.000,19.23,725.736,0.000,36.53,806.373,0.000,26.92,846.692,0.000,27.88,766.055,0.000,26.92,645.099,0.000,21.15,927.329,0.000,32.68,403.187,0.000,20.19,846.692,0.000,30.76,685.417,0.000,26.92,645.099,0.000,24.99,846.692,0.000,28.84,967.648,0.000,36.53,766.055,0.000,27.88,1209.560,0.000,45.18,564.461,0.000,24.03,1048.285,0.000,35.57,766.055,0.000,30.76,887.011,0.000,35.57,846.692,0.000,32.68,725.736,0.000,27.88
78.7622,22752.844,0.000,23.81,99.10,0.00,484.533,0.000,12.51,524.910,0.000,19.25,565.288,0.000,19.25,928.688,0.000,28.88,797.460,0.000,20.22,767.177,0.000,21.18,767.177,0.000,21.18,686.421,0.000,22.14,767.177,0.000,24.07,726.799,0.000,18.29,686.421,0.000,21.18,928.688,0.000,27.92,807.554,0.000,28.88,726.799,0.000,29.84,847.932,0.000,34.66,524.910,0.000,18.29,807.554,0.000,26.96,1090.198,0.000,33.69,888.310,0.000,25.99,726.799,0.000,25.99,656.138,0.000,19.25,767.177,0.000,20.22,646.043,0.000,23.10,646.043,0.000,22.14,807.554,0.000,24.07,1009.443,0.000,28.88,1090.198,0.000,30.81,807.554,0.000,27.92,746.988,0.000,19.25,524.910,0.000,18.29
78.8667,22433.955,0.000,24.61,99.32,0.00,723.028,0.000,21.07,562.355,0.000,22.98,401.682,0.000,13.41,883.701,0.000,28.73,371.556,0.000,9.58,1044.374,0.000,29.69,964.037,0.000,28.73,642.692,0.000,19.15,602.523,0.000,22.98,361.514,0.000,9.58,803.365,0.000,25.86,482.019,0.000,14.37,923.869,0.000,34.48,763.196,0.000,30.65,883.701,0.000,33.52,964.037,0.000,28.73,843.533,0.000,24.90,763.196,0.000,28.73,1004.206,0.000,32.56,964.037,0.000,29.69,672.818,0.000,23.94,682.860,0.000,22.03,602.523,0.000,27.77,602.523,0.000,19.15,1084.542,0.000,29.69,1084.542,0.000,31.60,682.860,0.000,23.94,803.365,0.000,24.90,582.439,0.000,20.11,682.860,0.000,25.86
78.9713,26512.870,0.000,27.77,99.93,0.00,560.907,0.000,16.24,881.425,0.000,27.70,1282.073,0.000,32.48,641.037,0.000,19.10,721.166,0.000,18.15,961.555,0.000,31.52,721.166,0.000,28.66,641.037,0.000,19.10,1001.620,0.000,32.48,801.296,0.000,18.15,921.490,0.000,31.52,721.166,0.000,17.19,761.231,0.000,27.70,721.166,0.000,27.70,1282.073,0.000,42.03,801.296,0.000,20.06,921.490,0.000,21.97,1442.332,0.000,46.81,681.101,0.000,28.66,681.101,0.000,23.88,1134.334,0.000,32.48,881.425,0.000,26.75,921.490,0.000,32.48,1121.814,0.000,30.57,761.231,0.000,26.75,641.037,0.000,25.79,881.425,0.000,28.66,1059.213,0.000,32.48,1242.008,0.000,41.07,721.166,0.000,24.84
79.0804,23910.437,0.000,27.64,100.00,0.00,846.472,0.000,32.11,846.472,0.000,29.35,615.616,0.000,20.18,692.568,0.000,24.77,1007.591,0.000,33.02,807.996,0.000,32.11,807.996,0.000,27.52,1115.804,0.000,33.94,769.520,0.000,27.52,1231.232,0.000,33.02,769.520,0.000,26.60,807.996,0.000,30.27,654.092,0.000,22.02,884.948,0.000,24.77,731.044,0.000,22.02,654.092,0.000,22.02,500.188,0.000,22.93,423.236,0.000,15.59,731.044,0.000,29.35,884.948,0.000,32.11,719.020,0.000,31.19,846.472,0.000,29.35,1154.280,0.000,40.36,923.424,0.000,30.27,654.092,0.000,22.02,577.140,0.000,20.18,961.900,0.000,28.44,791.163,0.000,22.93,731.044,0.000,31.19,769.520,0.000,32.11
79.1893,24853.306,0.000,26.00,100.00,0.00,615.740,0.000,22.94,1154.513,0.000,38.54,1000.578,0.000,33.03,594.093,0.000,19.27,762.460,0.000,18.35,731.192,0.000,26.61,1154.513,0.000,33.95,769.676,0.000,18.35,873.101,0.000,32.11,577.257,0.000,13.76,769.676,0.000,22.02,962.094,0.000,23.86,870.696,0.000,27.53,837.022,0.000,27.53,808.159,0.000,28.44,923.611,0.000,25.69,608.525,0.000,18.35,692.708,0.000,24.77,615.740,0.000,22.94,731.192,0.000,26.61,692.708,0.000,21.10,704.734,0.000,22.94,1269.965,0.000,38.54,680.682,0.000,23.86,654.224,0.000,21.10,1269.965,0.000,33.03,654.224,0.000,22.02,1065.520,0.000,31.20,962.094,0.000,35.78,846.643,0.000,25.69
79.2984,23727.641,0.000,23.42,100.00,0.00,846.471,0.000,21.10,654.091,0.000,24.77,921.018,0.000,27.52,675.734,0.000,24.77,923.423,0.000,16.51,923.423,0.000,28.44,615.615,0.000,21.10,731.043,0.000,19.26,1050.875,0.000,31.19,577.139,0.000,11.93,692.567,0.000,15.59,644.472,0.000,13.76,860.900,0.000,33.94,894.566,0.000,33.02,961.899,0.000,35.78,1154.279,0.000,23.85,699.781,0.000,19.26,807.995,0.000,31.19,538.663,0.000,21.10,615.615,0.000,21.10,1000.375,0.000,31.19,1026.827,0.000,27.52,577.139,0.000,17.43,1050.875,0.000,24.77,692.567,0.000,19.26,654.091,0.000,16.51,500.187,0.000,15.59,743.067,0.000,20.18,692.567,0.000,22.02,1000.375,0.000,33.02
79.4033,23182.917,0.000,21.81,99.18,0.00,998.726,0.000,30.48,624.203,0.000,19.05,771.515,0.000,19.05,681.630,0.000,18.10,838.929,0.000,20.00,479.388,0.000,12.38,986.241,0.000,22.86,639.184,0.000,19.05,564.280,0.000,18.10,626.700,0.000,15.24,1158.522,0.000,32.38,848.917,0.000,21.91,838.929,0.000,21.91,679.133,0.000,17.14,639.184,0.000,19.05,639.184,0.000,18.10,1038.675,0.000,27.62,599.235,0.000,20.00,876.382,0.000,25.72,1118.573,0.000,27.62,883.872,0.000,26.67,958.777,0.000,33.34,639.184,0.000,21.91,719.082,0.000,24.76,1008.713,0.000,28.57,519.337,0.000,17.14,726.573,0.000,20.00,679.133,0.000,18.10,921.324,0.000,25.72,479.388,0.000,12.38
79.5073,22172.192,0.000,20.93,99.85,0.00,847.056,0.000,25.00,579.830,0.000,18.27,836.972,0.000,25.00,602.519,0.000,17.31,645.376,0.000,14.43,927.728,0.000,25.00,899.997,0.000,27.89,766.384,0.000,19.23,721.006,0.000,24.04,617.645,0.000,13.46,806.720,0.000,25.97,726.048,0.000,18.27,322.688,0.000,10.58,645.376,0.000,15.39,980.669,0.000,22.12,766.384,0.000,20.20,806.720,0.000,20.20,968.064,0.000,24.04,501.679,0.000,16.35,564.704,0.000,20.20,721.006,0.000,19.23,766.384,0.000,21.16,685.712,0.000,17.31,806.720,0.000,24.04,998.316,0.000,31.74,824.367,0.000,25.00,758.821,0.000,21.16,587.393,0.000,20.20,642.855,0.000,19.23,847.056,0.000,25.97
79.6153,22692.439,0.000,21.70,100.00,0.00,310.689,0.000,12.04,699.050,0.000,21.30,854.395,0.000,26.85,893.231,0.000,25.00,660.214,0.000,14.81,699.050,0.000,23.15,737.887,0.000,18.52,854.395,0.000,24.07,815.559,0.000,25.00,776.723,0.000,17.59,621.378,0.000,12.96,893.231,0.000,20.37,932.067,0.000,29.63,737.887,0.000,25.00,725.750,0.000,24.07,699.050,0.000,14.81,427.197,0.000,11.11,1281.592,0.000,35.19,723.323,0.000,22.22,815.559,0.000,26.85,893.231,0.000,24.07,776.723,0.000,20.37,854.395,0.000,27.78,699.050,0.000,13.89,699.050,0.000,36.11,682.060,0.000,19.44,660.214,0.000,16.67,987.894,0.000,21.30,466.034,0.000,13.89,815.559,0.000,26.85
79.7233,21374.184,0.000,19.04,100.00,0.00,504.777,0.000,15.74,1281.357,0.000,34.25,582.435,0.000,15.74,737.751,0.000,24.07,776.580,0.000,14.81,621.264,0.000,13.89,776.580,0.000,19.44,815.409,0.000,20.37,893.067,0.000,25.92,719.588,0.000,13.89,543.606,0.000,14.81,582.435,0.000,17.59,1048.383,0.000,28.70,757.165,0.000,23.14,465.948,0.000,14.81,776.580,0.000,18.52,504.777,0.000,13.89,388.290,0.000,11.11,776.580,0.000,21.29,815.409,0.000,23.14,621.264,0.000,18.52,1140.602,0.000,28.70,582.435,0.000,15.74,854.238,0.000,21.29,427.119,0.000,13.89,543.606,0.000,16.66,776.580,0.000,17.59,582.435,0.000,12.96,737.751,0.000,21.29,740.178,0.000,19.44
79.8313,15811.471,0.000,12.22,99.57,0.07,388.429,0.000,9.26,621.486,0.000,12.97,388.429,0.000,9.26,233.057,0.000,7.41,504.957,0.000,10.19,699.171,0.000,14.82,466.114,0.000,10.19,466.114,0.000,11.11,582.643,0.000,12.97,310.743,0.000,6.48,504.957,0.000,12.04,466.114,0.000,11.11,582.643,0.000,12.97,640.907,0.000,14.82,466.114,0.000,11.11,543.800,0.000,12.04,699.171,0.000,16.67,310.743,0.000,10.19,466.114,0.000,11.11,466.114,0.000,11.11,582.643,0.000,12.97,801.134,0.000,17.60,388.429,0.000,10.19,427.271,0.000,10.19,271.900,0.000,7.41,776.857,0.000,20.37,621.486,0.000,13.89,738.014,0.000,17.60,776.857,0.000,13.89,619.058,0.000,14.82
79.9383,0.000,0.000,0.00,64.39,0.00,0.000,0.000,0.00,0.000,0.000,0.00,0.000,0.000,0.00,0.000,0.000,0.00,0.000,0.000,0.00,0.000,0.000,0.00,0.000,0.000,0.00,0.000,0.000,0.00,0.000,0.000,0.00,0.000,0.000,0.00,0.000,0.000,0.00,0.000,0.000,0.00,0.000,0.000,0.00,0.000,0.000,0.00,0.000,0.000,0.00,0.000,0.000,0.00,0.000,0.000,0.00,0.000,0.000,0.00,0.000,0.000,0.00,0.000,0.000,0.00,0.000,0.000,0.00,0.000,0.000,0.00,0.000,0.000,0.00,0.000,0.000,0.00,0.000,0.000,0.00,0.000,0.000,0.00,0.000,0.000,0.00,0.000,0.000,0.00,0.000,0.000,0.00,0.000,0.000,0.00
80.0400,0.000,0.000,0.00,0.85,0.00,0.000,0.000,0.00,0.000,0.000,0.00,0.000,0.000,0.00,0.000,0.000,0.00,0.000,0.000,0.00,0.000,0.000,0.00,0.000,0.000,0.00,0.000,0.000,0.00,0.000,0.000,0.00,0.000,0.000,0.00,0.000,0.000,0.00,0.000,0.000,0.00,0.000,0.000,0.00,0.000,0.000,0.00,0.000,0.000,0.00,0.000,0.000,0.00,0.000,0.000,0.00,0.000,0.000,0.00,0.000,0.000,0.00,0.000,0.000,0.00,0.000,0.000,0.00,0.000,0.000,0.00,0.000,0.000,0.00,0.000,0.000,0.00,0.000,0.000,0.00,0.000,0.000,0.00,0.000,0.000,0.00,0.000,0.000,0.00,0.000,0.000,0.00,0.000,0.000,0.00
80.1415,0.000,0.000,0.00,0.77,0.00,0.000,0.000,0.00,0.000,0.000,0.00,0.000,0.000,0.00,0.000,0.000,0.00,0.000,0.000,0.00,0.000,0.000,0.00,0.000,0.000,0.00,0.000,0.000,0.00,0.000,0.000,0.00,0.000,0.000,0.00,0.000,0.000,0.00,0.000,0.000,0.00,0.000,0.000,0.00,0.000,0.000,0.00,0.000,0.000,0.00,0.000,0.000,0.00,0.000,0.000,0.00,0.000,0.000,0.00,0.000,0.000,0.00,0.000,0.000,0.00,0.000,0.000,0.00,0.000,0.000,0.00,0.000,0.000,0.00,0.000,0.000,0.00,0.000,0.000,0.00,0.000,0.000,0.00,0.000,0.000,0.00,0.000,0.000,0.00,0.000,0.000,0.00,0.000,0.000,0.00
80.2431,0.000,0.000,0.00,1.01,0.00,0.000,0.000,0.00,0.000,0.000,0.00,0.000,0.000,0.00,0.000,0.000,0.00,0.000,0.000,0.00,0.000,0.000,0.00,0.000,0.000,0.00,0.000,0.000,0.00,0.000,0.000,0.00,0.000,0.000,0.00,0.000,0.000,0.00,0.000,0.000,0.00,0.000,0.000,0.00,0.000,0.000,0.00,0.000,0.000,0.00,0.000,0.000,0.00,0.000,0.000,0.00,0.000,0.000,0.00,0.000,0.000,0.00,0.000,0.000,0.00,0.000,0.000,0.00,0.000,0.000,0.00,0.000,0.000,0.00,0.000,0.000,0.00,0.000,0.000,0.00,0.000,0.000,0.00,0.000,0.000,0.00,0.000,0.000,0.00,0.000,0.000,0.00,0.000,0.000,0.00
80.3446,0.000,0.000,0.00,0.77,0.00,0.000,0.000,0.00,0.000,0.000,0.00,0.000,0.000,0.00,0.000,0.000,0.00,0.000,0.000,0.00,0.000,0.000,0.00,0.000,0.000,0.00,0.000,0.000,0.00,0.000,0.000,0.00,0.000,0.000,0.00,0.000,0.000,0.00,0.000,0.000,0.00,0.000,0.000,0.00,0.000,0.000,0.00,0.000,0.000,0.00,0.000,0.000,0.00,0.000,0.000,0.00,0.000,0.000,0.00,0.000,0.000,0.00,0.000,0.000,0.00,0.000,0.000,0.00,0.000,0.000,0.00,0.000,0.000,0.00,0.000,0.000,0.00,0.000,0.000,0.00,0.000,0.000,0.00,0.000,0.000,0.00,0.000,0.000,0.00,0.000,0.000,0.00,0.000,0.000,0.00
80.4463,0.000,0.000,0.00,0.77,0.00,0.000,0.000,0.00,0.000,0.000,0.00,0.000,0.000,0.00,0.000,0.000,0.00,0.000,0.000,0.00,0.000,0.000,0.00,0.000,0.000,0.00,0.000,0.000,0.00,0.000,0.000,0.00,0.000,0.000,0.00,0.000,0.000,0.00,0.000,0.000,0.00,0.000,0.000,0.00,0.000,0.000,0.00,0.000,0.000,0.00,0.000,0.000,0.00,0.000,0.000,0.00,0.000,0.000,0.00,0.000,0.000,0.00,0.000,0.000,0.00,0.000,0.000,0.00,0.000,0.000,0.00,0.000,0.000,0.00,0.000,0.000,0.00,0.000,0.000,0.00,0.000,0.000,0.00,0.000,0.000,0.00,0.000,0.000,0.00,0.000,0.000,0.00,0.000,0.000,0.00
80.5474,0.000,0.000,0.00,0.85,0.00,0.000,0.000,0.00,0.000,0.000,0.00,0.000,0.000,0.00,0.000,0.000,0.00,0.000,0.000,0.00,0.000,0.000,0.00,0.000,0.000,0.00,0.000,0.000,0.00,0.000,0.000,0.00,0.000,0.000,0.00,0.000,0.000,0.00,0.000,0.000,0.00,0.000,0.000,0.00,0.000,0.000,0.00,0.000,0.000,0.00,0.000,0.000,0.00,0.000,0.000,0.00,0.000,0.000,0.00,0.000,0.000,0.00,0.000,0.000,0.00,0.000,0.000,0.00,0.000,0.000,0.00,0.000,0.000,0.00,0.000,0.000,0.00,0.000,0.000,0.00,0.000,0.000,0.00,0.000,0.000,0.00,0.000,0.000,0.00,0.000,0.000,0.00,0.000,0.000,0.00
80.6494,0.000,0.000,0.00,85.11,0.00,0.000,0.000,0.00,0.000,0.000,0.00,0.000,0.000,0.00,0.000,0.000,0.00,0.000,0.000,0.00,0.000,0.000,0.00,0.000,0.000,0.00,0.000,0.000,0.00,0.000,0.000,0.00,0.000,0.000,0.00,0.000,0.000,0.00,0.000,0.000,0.00,0.000,0.000,0.00,0.000,0.000,0.00,0.000,0.000,0.00,0.000,0.000,0.00,0.000,0.000,0.00,0.000,0.000,0.00,0.000,0.000,0.00,0.000,0.000,0.00,0.000,0.000,0.00,0.000,0.000,0.00,0.000,0.000,0.00,0.000,0.000,0.00,0.000,0.000,0.00,0.000,0.000,0.00,0.000,0.000,0.00,0.000,0.000,0.00,0.000,0.000,0.00,0.000,0.000,0.00
80.7554,0.000,0.000,0.00,95.85,0.00,0.000,0.000,0.00,0.000,0.000,0.00,0.000,0.000,0.00,0.000,0.000,0.00,0.000,0.000,0.00,0.000,0.000,0.00,0.000,0.000,0.00,0.000,0.000,0.00,0.000,0.000,0.00,0.000,0.000,0.00,0.000,0.000,0.00,0.000,0.000,0.00,0.000,0.000,0.00,0.000,0.000,0.00,0.000,0.000,0.00,0.000,0.000,0.00,0.000,0.000,0.00,0.000,0.000,0.00,0.000,0.000,0.00,0.000,0.000,0.00,0.000,0.000,0.00,0.000,0.000,0.00,0.000,0.000,0.00,0.000,0.000,0.00,0.000,0.000,0.00,0.000,0.000,0.00,0.000,0.000,0.00,0.000,0.000,0.00,0.000,0.000,0.00,0.000,0.000,0.00
80.8604,0.000,0.000,0.00,97.55,0.00,0.000,0.000,0.00,0.000,0.000,0.00,0.000,0.000,0.00,0.000,0.000,0.00,0.000,0.000,0.00,0.000,0.000,0.00,0.000,0.000,0.00,0.000,0.000,0.00,0.000,0.000,0.00,0.000,0.000,0.00,0.000,0.000,0.00,0.000,0.000,0.00,0.000,0.000,0.00,0.000,0.000,0.00,0.000,0.000,0.00,0.000,0.000,0.00,0.000,0.000,0.00,0.000,0.000,0.00,0.000,0.000,0.00,0.000,0.000,0.00,0.000,0.000,0.00,0.000,0.000,0.00,0.000,0.000,0.00,0.000,0.000,0.00,0.000,0.000,0.00,0.000,0.000,0.00,0.000,0.000,0.00,0.000,0.000,0.00,0.000,0.000,0.00,0.000,0.000,0.00
80.9675,25538.233,0.000,61.03,89.01,0.63,812.525,0.000,70.02,829.656,0.000,61.62,829.656,0.000,63.48,885.945,0.000,63.48,1045.024,0.000,42.95,910.419,0.000,62.55,915.314,0.000,69.09,993.629,0.000,56.02,949.577,0.000,65.35,1152.708,0.000,45.75,827.209,0.000,60.68,665.683,0.000,41.08,680.367,0.000,54.15,873.709,0.000,64.42,822.314,0.000,63.48,959.366,0.000,64.42,983.840,0.000,61.62,841.893,0.000,62.55,895.735,0.000,67.22,834.551,0.000,69.09,800.288,0.000,70.02,719.525,0.000,62.55,695.051,0.000,59.75,707.288,0.000,55.08,636.314,0.000,53.21,810.077,0.000,65.35,844.340,0.000,63.48,871.261,0.000,64.42,964.261,0.000,65.35,780.709,0.000,62.55
81.0774,33153.391,0.000,55.22,98.44,0.00,1269.349,0.000,61.89,1214.471,0.000,67.35,1219.243,0.000,69.17,1274.121,0.000,72.81,1042.680,0.000,34.59,968.714,0.000,52.79,1627.248,0.000,60.07,1116.645,0.000,39.14,1092.785,0.000,66.44,1052.224,0.000,35.50,1054.610,0.000,62.80,522.533,0.000,23.66,844.642,0.000,49.15,1345.701,0.000,65.53,1040.294,0.000,57.34,1033.136,0.000,40.05,1233.559,0.000,38.23,1076.083,0.000,59.16,1126.189,0.000,62.80,1130.961,0.000,62.80,968.714,0.000,60.98,1856.304,0.000,77.37,887.590,0.000,51.88,1130.961,0.000,62.80,983.030,0.000,53.70,1109.487,0.000,60.07,880.432,0.000,52.79,944.854,0.000,50.97,816.010,0.000,40.96,1290.823,0.000,63.71
81.1863,28023.275,0.000,34.72,98.92,0.00,1270.177,0.000,45.88,692.824,0.000,27.53,1274.988,0.000,44.05,885.275,0.000,42.21,808.294,0.000,23.86,938.199,0.000,33.04,846.785,0.000,33.04,630.277,0.000,23.86,1044.047,0.000,41.30,1000.745,0.000,26.61,663.956,0.000,30.28,1205.225,0.000,42.21,750.559,0.000,30.28,902.114,0.000,32.12,675.984,0.000,24.78,1123.433,0.000,40.38,1253.337,0.000,44.05,928.576,0.000,33.04,793.860,0.000,32.12,772.210,0.000,29.37,1007.962,0.000,33.04,769.804,0.000,28.45,1039.236,0.000,39.46,861.218,0.000,33.04,1077.726,0.000,42.21,1395.270,0.000,48.64,707.258,0.000,33.95,654.333,0.000,28.45,962.255,0.000,34.87,1087.348,0.000,39.46
81.2953,26504.400,0.000,29.45,99.22,0.00,1000.438,0.000,26.60,812.856,0.000,26.60,1106.254,0.000,34.86,769.568,0.000,25.69,1154.352,0.000,32.11,1000.438,0.000,26.60,615.654,0.000,22.93,846.525,0.000,28.44,745.519,0.000,22.93,615.654,0.000,22.02,769.568,0.000,26.60,815.261,0.000,28.44,1046.131,0.000,32.11,1002.843,0.000,32.11,728.685,0.000,29.36,875.384,0.000,29.36,800.832,0.000,25.69,786.402,0.000,28.44,769.568,0.000,26.60,774.378,0.000,24.77,1209.665,0.000,40.37,675.777,0.000,25.69,1038.917,0.000,35.78,844.120,0.000,32.11,1005.248,0.000,35.78,1077.395,0.000,40.37,923.482,0.000,31.19,1115.873,0.000,39.45,1000.438,0.000,32.11,577.176,0.000,18.35
81.4043,27492.963,0.000,31.56,99.21,0.00,1154.358,0.000,43.12,1341.941,0.000,41.28,911.462,0.000,33.03,1115.880,0.000,40.37,1038.922,0.000,28.44,1000.444,0.000,31.19,692.615,0.000,23.85,839.315,0.000,25.69,613.253,0.000,25.69,846.529,0.000,24.77,986.014,0.000,36.70,1185.622,0.000,36.70,858.554,0.000,29.36,613.253,0.000,25.69,897.032,0.000,33.03,480.983,0.000,17.43,699.830,0.000,23.85,1029.303,0.000,34.86,1000.444,0.000,39.45,911.462,0.000,35.78,1214.481,0.000,44.95,1103.855,0.000,42.20,1139.929,0.000,38.53,923.487,0.000,32.11,1053.352,0.000,29.36,577.179,0.000,23.85,897.032,0.000,28.44,808.051,0.000,26.60,846.529,0.000,26.60,711.854,0.000,23.85
81.5134,26741.343,0.000,28.56,99.41,0.00,846.412,0.000,27.52,1115.726,0.000,37.61,704.542,0.000,28.44,1036.374,0.000,40.36,942.596,0.000,25.68,1197.481,0.000,37.61,721.374,0.000,28.44,776.680,0.000,22.93,1219.122,0.000,41.28,1346.565,0.000,31.19,553.054,0.000,20.18,846.412,0.000,27.52,1173.435,0.000,33.02,577.099,0.000,18.35,1038.779,0.000,33.02,572.290,0.000,18.35,884.886,0.000,23.85,846.412,0.000,28.44,1223.932,0.000,37.61,661.260,0.000,21.10,692.519,0.000,25.68,1009.924,0.000,30.27,942.596,0.000,27.52,884.886,0.000,29.35,673.283,0.000,21.10,961.832,0.000,29.35,642.023,0.000,21.10,783.893,0.000,22.01,846.412,0.000,32.10,1019.542,0.000,35.77
81.6194,25226.743,0.000,27.80,99.56,0.00,796.374,0.000,28.30,791.427,0.000,25.47,672.713,0.000,21.70,779.061,0.000,24.53,771.642,0.000,17.93,707.338,0.000,24.53,652.927,0.000,20.76,672.713,0.000,21.70,633.142,0.000,23.59,791.427,0.000,17.93,885.409,0.000,30.19,791.427,0.000,25.47,910.141,0.000,37.74,788.954,0.000,26.42,1184.668,0.000,40.57,954.659,0.000,29.25,712.285,0.000,23.59,1028.855,0.000,41.51,1194.560,0.000,37.74,672.713,0.000,24.53,1041.221,0.000,38.68,771.642,0.000,28.30,865.624,0.000,33.02,751.856,0.000,24.53,593.570,0.000,18.87,989.284,0.000,27.36,670.240,0.000,24.53,1053.588,0.000,32.08,1107.998,0.000,35.85,989.284,0.000,27.36
81.7264,27136.450,0.000,27.04,99.48,0.00,857.353,0.000,25.23,1019.025,0.000,29.90,783.866,0.000,23.36,1072.916,0.000,30.84,979.832,0.000,22.43,1058.219,0.000,35.51,1009.227,0.000,30.84,901.446,0.000,25.23,783.866,0.000,27.10,940.639,0.000,22.43,1278.681,0.000,39.25,1019.025,0.000,29.90,940.639,0.000,28.97,786.315,0.000,26.16,548.706,0.000,18.69,1019.025,0.000,29.90,979.832,0.000,29.90,862.252,0.000,22.43,823.059,0.000,25.23,1099.862,0.000,32.71,850.004,0.000,26.16,862.252,0.000,28.97,940.639,0.000,27.10,940.639,0.000,30.84,744.672,0.000,21.49,783.866,0.000,21.49,903.895,0.000,26.16,823.059,0.000,26.16,818.160,0.000,24.30,705.479,0.000,22.43
81.8331,25272.986,0.000,30.46,99.55,0.07,707.486,0.000,27.18,864.706,0.000,36.55,786.096,0.000,27.18,982.620,0.000,39.36,786.096,0.000,19.68,655.899,0.000,25.30,904.010,0.000,31.86,1100.534,0.000,37.48,1021.925,0.000,38.42,904.010,0.000,25.30,943.315,0.000,33.74,1002.272,0.000,33.74,771.357,0.000,32.80,960.511,0.000,35.61,786.096,0.000,31.86,707.486,0.000,27.18,943.315,0.000,35.61,628.877,0.000,24.36,707.486,0.000,28.11,822.944,0.000,29.99,786.096,0.000,25.30,628.877,0.000,29.05,1179.144,0.000,36.55,864.706,0.000,29.05,825.401,0.000,26.24,719.769,0.000,27.18,707.486,0.000,25.30,589.572,0.000,25.30,1277.406,0.000,42.17,707.486,0.000,26.24
81.9380,24478.879,0.000,26.57,99.55,0.00,799.882,0.000,24.79,959.858,0.000,33.37,959.858,0.000,34.33,999.852,0.000,36.23,839.876,0.000,19.07,652.403,0.000,28.61,1159.828,0.000,39.09,639.905,0.000,16.21,839.876,0.000,32.42,1039.846,0.000,25.75,639.905,0.000,20.98,659.902,0.000,20.02,694.897,0.000,23.84,742.390,0.000,22.88,559.917,0.000,20.98,1079.840,0.000,29.56,599.911,0.000,17.16,999.852,0.000,33.37,759.888,0.000,30.51,759.888,0.000,27.65,759.888,0.000,27.65,759.888,0.000,24.79,839.876,0.000,33.37,1039.846,0.000,29.56,879.870,0.000,23.84,507.425,0.000,12.40,959.858,0.000,22.88,439.935,0.000,15.26,904.866,0.000,33.37,999.852,0.000,37.19
82.0426,26000.649,0.000,29.53,99.63,0.00,841.721,0.000,30.58,801.639,0.000,22.94,641.311,0.000,22.94,1042.130,0.000,33.45,841.721,0.000,18.16,1112.274,0.000,41.09,761.557,0.000,34.40,721.475,0.000,25.80,961.966,0.000,33.45,681.393,0.000,16.25,921.884,0.000,27.71,881.803,0.000,23.89,561.147,0.000,27.71,721.475,0.000,30.58,1082.212,0.000,39.18,997.038,0.000,30.58,987.018,0.000,29.62,1074.697,0.000,37.27,1054.656,0.000,37.27,1057.161,0.000,35.36,814.164,0.000,30.58,801.639,0.000,27.71,804.144,0.000,32.49,1162.376,0.000,36.31,746.526,0.000,21.98,561.147,0.000,17.20,936.915,0.000,28.67,761.557,0.000,23.89,801.639,0.000,34.40,864.267,0.000,34.40
82.1484,25937.939,0.000,28.40,99.63,0.00,832.870,0.000,25.53,810.561,0.000,28.37,912.191,0.000,33.10,1110.493,0.000,34.99,674.228,0.000,14.18,803.124,0.000,27.42,604.822,0.000,18.91,872.530,0.000,28.37,951.851,0.000,30.26,634.567,0.000,15.13,912.191,0.000,31.20,951.851,0.000,30.26,1041.087,0.000,34.99,872.530,0.000,33.10,889.882,0.000,35.93,917.148,0.000,21.75,887.403,0.000,26.48,959.287,0.000,35.93,899.797,0.000,31.20,778.336,0.000,23.64,820.476,0.000,28.37,674.228,0.000,29.31,830.391,0.000,28.37,991.511,0.000,34.04,728.761,0.000,22.69,872.530,0.000,25.53,1095.620,0.000,33.10,793.209,0.000,26.48,1073.311,0.000,36.88,741.155,0.000,26.48
82.2533,25382.915,0.000,28.70,99.48,0.00,639.192,0.000,25.72,981.260,0.000,27.62,831.449,0.000,24.76,798.990,0.000,28.57,838.940,0.000,20.95,986.253,0.000,36.19,789.003,0.000,27.62,1278.384,0.000,39.05,1118.586,0.000,32.38,439.445,0.000,11.43,759.041,0.000,26.67,973.769,0.000,33.34,549.306,0.000,16.19,878.889,0.000,27.62,701.613,0.000,23.81,998.738,0.000,34.29,998.738,0.000,35.24,639.192,0.000,22.86,679.142,0.000,26.67,878.889,0.000,31.43,1238.435,0.000,39.05,709.104,0.000,24.76,651.676,0.000,26.67,759.041,0.000,30.48,898.864,0.000,30.48,893.870,0.000,31.43,878.889,0.000,32.38,988.750,0.000,38.10,676.645,0.000,23.81,928.826,0.000,31.43
82.3590,22740.334,0.000,20.58,99.26,0.00,953.098,0.000,25.56,896.012,0.000,26.51,642.845,0.000,18.94,923.314,0.000,23.67,635.399,0.000,12.31,451.729,0.000,15.15,836.443,0.000,23.67,757.018,0.000,17.04,573.348,0.000,14.20,516.262,0.000,11.36,754.536,0.000,19.88,858.781,0.000,17.04,727.234,0.000,20.83,754.536,0.000,21.78,595.687,0.000,16.10,595.687,0.000,14.20,595.687,0.000,13.26,824.033,0.000,23.67,913.386,0.000,24.62,883.602,0.000,27.46,516.262,0.000,17.04,685.040,0.000,19.88,886.084,0.000,24.62,675.111,0.000,18.94,734.680,0.000,20.83,938.206,0.000,24.62,841.407,0.000,22.72,1121.876,0.000,28.40,833.961,0.000,25.56,819.069,0.000,27.46
82.4638,23544.141,0.156,22.49,99.25,0.00,880.435,0.000,24.81,497.746,0.000,16.22,1120.554,0.000,27.67,630.312,0.000,16.22,480.237,0.000,11.45,797.895,0.000,27.67,877.934,0.000,24.81,757.875,0.000,21.95,902.946,0.000,27.67,1120.554,0.000,26.72,880.435,0.000,24.81,760.376,0.000,20.04,787.890,0.000,22.90,760.376,0.000,20.99,760.376,0.000,22.90,800.396,0.000,25.76,720.356,0.000,20.04,1130.559,0.000,26.72,720.356,0.000,22.90,750.371,0.000,24.81,600.297,0.000,17.17,640.317,0.000,22.90,695.344,0.000,23.85,560.277,0.000,15.27,960.475,0.156,26.72,800.396,0.000,23.85,712.852,0.000,20.04,640.317,0.000,13.36,840.416,0.000,24.81,955.472,0.000,29.58
82.5686,23647.273,0.000,20.64,99.48,0.00,600.312,0.000,15.27,580.301,0.000,16.22,520.270,0.000,13.36,880.457,0.000,22.90,760.395,0.000,16.22,922.979,0.000,25.76,860.447,0.000,22.90,400.208,0.000,10.50,830.431,0.000,21.95,480.249,0.000,11.45,832.932,0.000,17.18,640.332,0.000,14.31,960.498,0.000,31.49,947.992,0.000,28.63,880.457,0.000,29.58,810.421,0.000,19.08,985.511,0.000,24.81,1160.602,0.000,32.44,760.395,0.000,18.13,1000.519,0.000,25.76,840.436,0.000,21.95,520.270,0.000,13.36,592.808,0.000,19.08,760.395,0.000,16.22,880.457,0.000,26.72,1000.519,0.000,22.90,720.374,0.000,17.18,1075.558,0.000,23.85,880.457,0.000,24.81,560.291,0.000,15.27
82.6734,24655.389,0.000,24.17,99.63,0.00,520.219,0.000,19.08,700.295,0.000,22.90,1160.489,0.000,32.44,560.236,0.000,18.13,960.405,0.000,22.90,997.920,0.000,24.81,700.295,0.000,21.94,880.371,0.000,22.90,570.240,0.000,17.17,760.320,0.000,17.17,1007.925,0.000,34.35,600.253,0.000,14.31,880.371,0.000,28.62,572.741,0.000,19.08,920.388,0.000,29.58,1030.434,0.000,30.53,775.327,0.000,20.04,880.371,0.000,31.48,840.354,0.000,21.94,600.253,0.000,20.99,1000.422,0.000,28.62,880.371,0.000,28.62,887.874,0.000,24.81,1160.489,0.000,31.48,800.337,0.000,20.99,640.270,0.000,18.13,960.405,0.000,24.81,685.289,0.000,20.04,1200.506,0.000,35.30,520.219,0.000,21.94
82.7799,24600.288,0.000,30.22,99.63,0.00,433.008,0.000,23.46,826.652,0.000,35.66,984.110,0.000,38.48,747.924,0.000,32.85,1102.203,0.000,33.79,804.510,0.000,28.16,752.844,0.000,27.22,826.652,0.000,30.97,826.652,0.000,32.85,984.110,0.000,31.91,511.737,0.000,23.46,905.381,0.000,31.91,1102.203,0.000,36.60,669.195,0.000,28.16,944.746,0.000,34.73,1023.474,0.000,35.66,708.559,0.000,25.34,629.830,0.000,26.28,511.737,0.000,16.89,900.461,0.000,26.28,629.830,0.000,23.46,787.288,0.000,30.03,944.746,0.000,30.03,905.381,0.000,31.91,669.195,0.000,28.16,688.877,0.000,29.09,984.110,0.000,32.85,1023.474,0.000,37.54,747.924,0.000,30.03,1023.474,0.000,32.85
82.8848,25956.797,0.000,28.48,99.64,0.00,759.933,0.000,23.84,999.911,0.000,32.42,837.426,0.000,26.70,519.954,0.000,20.98,1079.904,0.000,23.84,764.932,0.000,26.70,954.915,0.000,31.47,1159.897,0.000,36.24,759.933,0.000,24.79,639.943,0.000,16.21,577.449,0.000,18.12,767.432,0.000,24.79,839.925,0.000,28.61,1199.893,0.000,40.05,669.042,0.000,29.56,1159.897,0.000,33.38,802.429,0.000,27.65,999.911,0.000,36.24,799.929,0.000,31.47,604.946,0.000,25.75,759.933,0.000,29.56,1187.395,0.000,35.28,869.923,0.000,30.51,1017.410,0.000,33.38,839.925,0.000,25.75,999.911,0.000,31.47,677.440,0.000,22.89,719.936,0.000,23.84,912.419,0.000,32.42,1074.905,0.000,30.51
82.9943,21828.738,0.000,21.00,99.35,0.00,957.363,0.000,24.65,727.596,0.000,20.09,729.989,0.000,20.09,533.730,0.000,18.26,459.534,0.000,10.96,476.288,0.000,14.61,651.007,0.000,17.35,765.890,0.000,21.00,789.825,0.000,21.91,382.945,0.000,9.13,634.253,0.000,20.09,988.477,0.000,25.56,612.712,0.000,23.74,899.921,0.000,26.48,1082.680,0.000,25.56,808.972,0.000,19.17,572.024,0.000,15.52,622.286,0.000,22.83,651.007,0.000,25.56,995.658,0.000,28.30,995.658,0.000,31.04,701.268,0.000,20.09,545.697,0.000,17.35,710.842,0.000,20.09,727.596,0.000,23.74,631.860,0.000,22.83,940.609,0.000,24.65,842.479,0.000,22.83,581.598,0.000,13.70,808.972,0.000,22.83
83.1023,23361.071,0.000,21.14,99.15,0.00,674.670,0.000,22.22,961.041,0.000,25.92,667.390,0.000,23.14,640.694,0.000,20.37,592.157,0.000,13.89,803.295,0.000,22.22,737.769,0.000,23.14,526.631,0.000,15.74,796.014,0.000,22.22,893.089,0.000,17.59,664.963,0.000,18.52,1155.191,0.000,26.85,740.196,0.000,23.14,679.524,0.000,19.44,902.796,0.000,25.00,655.255,0.000,14.81,504.789,0.000,14.81,805.722,0.000,21.29,783.880,0.000,20.37,621.279,0.000,19.44,737.769,0.000,18.52,970.749,0.000,27.77,1128.496,0.000,26.85,893.089,0.000,22.22,941.626,0.000,26.85,660.109,0.000,16.66,737.769,0.000,20.37,914.931,0.000,20.37,895.516,0.000,24.07,674.670,0.000,20.37
83.2112,23182.186,0.000,23.91,99.24,0.00,640.472,0.000,21.13,866.804,0.000,28.47,686.220,0.000,22.96,888.474,0.000,30.31,799.386,0.000,17.45,686.220,0.000,23.88,967.931,0.000,27.55,671.773,0.000,20.21,881.251,0.000,29.39,770.492,0.000,17.45,958.300,0.000,27.55,895.697,0.000,23.88,861.988,0.000,27.55,924.591,0.000,31.23,876.435,0.000,29.39,577.869,0.000,17.45,539.345,0.000,16.53,924.591,0.000,29.39,763.269,0.000,26.64,924.591,0.000,28.47,847.541,0.000,27.55,731.968,0.000,21.13,575.461,0.000,21.13,613.986,0.000,21.13,491.189,0.000,13.78,693.443,0.000,18.37,712.705,0.000,21.13,710.298,0.000,19.29,876.435,0.000,26.64,823.464,0.000,30.31
83.3185,22246.933,0.000,20.75,99.49,0.00,586.410,0.000,19.57,967.577,0.000,28.89,872.285,0.000,21.44,762.333,0.000,22.37,703.692,0.000,16.78,684.145,0.000,22.37,1050.651,0.000,30.76,625.504,0.000,15.85,703.692,0.000,16.78,664.598,0.000,15.85,703.692,0.000,21.44,586.410,0.000,13.05,764.776,0.000,19.57,781.880,0.000,19.57,547.316,0.000,15.85,586.410,0.000,13.98,730.569,0.000,14.91,781.880,0.000,20.51,390.940,0.000,15.85,977.350,0.000,29.83,938.256,0.000,29.83,1172.820,0.000,34.49,625.504,0.000,23.30,784.323,0.000,24.23,547.316,0.000,13.98,781.880,0.000,21.44,703.692,0.000,20.51,742.786,0.000,18.64,867.398,0.000,21.44,610.844,0.000,19.57
83.4242,21410.945,0.000,20.88,99.22,0.00,436.654,0.000,14.20,595.438,0.000,18.93,741.816,0.000,22.71,436.654,0.000,13.25,674.829,0.000,16.09,833.613,0.000,21.77,992.396,0.000,24.61,516.046,0.000,14.20,793.917,0.000,23.66,555.742,0.000,14.20,992.396,0.000,25.55,516.046,0.000,14.20,793.917,0.000,21.77,555.742,0.000,17.98,714.525,0.000,21.77,754.221,0.000,21.77,1084.193,0.000,25.55,754.221,0.000,24.61,714.525,0.000,21.77,516.046,0.000,16.09,913.004,0.000,28.39,888.194,0.000,24.61,674.829,0.000,23.66,848.499,0.000,24.61,555.742,0.000,19.87,833.613,0.000,23.66,793.917,0.000,23.66,952.700,0.000,29.34,635.133,0.000,20.82,342.377,0.000,13.25
83.5334,20754.615,0.000,21.12,99.20,0.00,768.245,0.000,24.73,691.420,0.000,24.73,691.420,0.000,22.90,537.771,0.000,18.32,537.771,0.000,16.48,1037.131,0.000,25.64,768.245,0.000,21.06,1190.780,0.000,29.31,845.069,0.000,25.64,345.710,0.000,10.07,962.707,0.000,31.14,345.710,0.000,9.16,576.184,0.000,15.57,729.833,0.000,23.81,576.184,0.000,17.40,806.657,0.000,22.90,537.771,0.000,13.74,537.771,0.000,16.48,614.596,0.000,20.15,653.008,0.000,21.06,345.710,0.000,10.99,792.253,0.000,26.56,691.420,0.000,19.23,984.314,0.000,30.22,998.718,0.000,31.14,537.771,0.000,21.98,614.596,0.000,20.15,537.771,0.000,18.32,614.596,0.000,20.15,883.482,0.000,24.73
83.6413,17459.885,0.000,14.63,98.91,0.00,466.146,0.000,11.11,660.374,0.000,14.82,427.301,0.000,13.89,738.065,0.000,20.38,776.910,0.000,15.74,699.219,0.000,20.38,388.455,0.000,12.97,621.528,0.000,15.74,699.219,0.000,15.74,681.048,0.000,15.74,424.873,0.000,10.19,660.374,0.000,14.82,738.065,0.000,21.30,388.455,0.000,11.11,621.528,0.000,18.52,660.374,0.000,13.89,466.146,0.000,11.11,427.301,0.000,12.04,543.837,0.000,10.19,543.837,0.000,14.82,621.528,0.000,14.82,621.528,0.000,14.82,582.683,0.000,12.97,349.610,0.000,8.34,582.683,0.000,15.74,815.756,0.000,19.45,466.146,0.000,14.82,621.528,0.000,15.74,466.146,0.000,11.11,699.219,0.000,16.67
83.7496,0.000,0.000,0.00,89.09,0.00,0.000,0.000,0.00,0.000,0.000,0.00,0.000,0.000,0.00,0.000,0.000,0.00,0.000,0.000,0.00,0.000,0.000,0.00,0.000,0.000,0.00,0.000,0.000,0.00,0.000,0.000,0.00,0.000,0.000,0.00,0.000,0.000,0.00,0.000,0.000,0.00,0.000,0.000,0.00,0.000,0.000,0.00,0.000,0.000,0.00,0.000,0.000,0.00,0.000,0.000,0.00,0.000,0.000,0.00,0.000,0.000,0.00,0.000,0.000,0.00,0.000,0.000,0.00,0.000,0.000,0.00,0.000,0.000,0.00,0.000,0.000,0.00,0.000,0.000,0.00,0.000,0.000,0.00,0.000,0.000,0.00,0.000,0.000,0.00,0.000,0.000,0.00,0.000,0.000,0.00
83.8836,0.000,0.000,0.00,96.88,0.00,0.000,0.000,0.00,0.000,0.000,0.00,0.000,0.000,0.00,0.000,0.000,0.00,0.000,0.000,0.00,0.000,0.000,0.00,0.000,0.000,0.00,0.000,0.000,0.00,0.000,0.000,0.00,0.000,0.000,0.00,0.000,0.000,0.00,0.000,0.000,0.00,0.000,0.000,0.00,0.000,0.000,0.00,0.000,0.000,0.00,0.000,0.000,0.00,0.000,0.000,0.00,0.000,0.000,0.00,0.000,0.000,0.00,0.000,0.000,0.00,0.000,0.000,0.00,0.000,0.000,0.00,0.000,0.000,0.00,0.000,0.000,0.00,0.000,0.000,0.00,0.000,0.000,0.00,0.000,0.000,0.00,0.000,0.000,0.00,0.000,0.000,0.00,0.000,0.000,0.00
84.0183,19244.016,0.000,46.40,87.06,0.92,595.236,0.000,52.68,630.250,0.000,46.75,638.031,0.000,48.23,608.852,0.000,48.23,811.155,0.000,35.62,723.620,0.000,48.23,723.620,0.000,51.94,752.798,0.000,46.01,739.182,0.000,48.97,887.018,0.000,37.10,595.236,0.000,46.75,497.975,0.000,34.13,503.811,0.000,38.59,653.592,0.000,48.23,599.126,0.000,46.75,678.880,0.000,48.97,723.620,0.000,46.75,634.140,0.000,48.23,684.716,0.000,49.72,684.716,0.000,52.68,616.633,0.000,52.68,585.510,0.000,46.75,517.427,0.000,43.78,546.606,0.000,42.30,474.633,0.000,40.81,599.126,0.000,48.23,601.072,0.000,47.49,645.812,0.000,48.97,708.058,0.000,48.97,583.565,0.000,47.49
84.1273,33746.331,0.000,54.28,97.54,0.36,1303.579,0.000,62.39,1183.322,0.000,67.89,1250.666,0.000,68.81,1325.225,0.000,70.65,1113.574,0.000,30.28,952.430,0.000,49.54,1606.625,0.000,63.31,1147.245,0.000,39.45,1125.599,0.000,65.14,1096.738,0.000,30.28,1149.651,0.000,63.31,577.230,0.000,23.85,762.425,0.000,43.12,1423.835,0.000,68.81,1067.876,0.000,59.64,1084.712,0.000,39.45,1183.322,0.000,41.29,1140.030,0.000,64.22,1154.461,0.000,59.64,962.051,0.000,53.21,892.302,0.000,51.38,1854.353,0.000,77.07,976.481,0.000,50.46,1094.333,0.000,58.72,1067.876,0.000,59.64,1106.358,0.000,58.72,911.543,0.000,52.30,971.671,0.000,51.38,856.225,0.000,43.12,1404.594,0.000,61.47
84.2363,27275.836,0.000,30.18,98.70,0.00,1269.874,0.000,36.70,788.861,0.000,23.85,1260.254,0.000,37.62,906.709,0.000,29.36,692.659,0.000,17.43,808.102,0.000,23.85,846.583,0.000,24.77,615.697,0.000,20.18,962.026,0.000,31.19,904.304,0.000,23.85,654.178,0.000,26.61,1077.469,0.000,33.95,769.621,0.000,30.28,899.494,0.000,30.28,740.760,0.000,31.19,1077.469,0.000,33.03,1308.355,0.000,41.29,692.659,0.000,27.52,812.912,0.000,28.44,808.102,0.000,31.19,1130.380,0.000,36.70,769.621,0.000,29.36,774.431,0.000,25.69,1038.988,0.000,35.78,1154.431,0.000,43.12,1315.570,0.000,46.79,769.621,0.000,25.69,743.165,0.000,31.19,743.165,0.000,22.94,940.380,0.000,25.69
84.3443,27655.441,0.000,32.87,99.14,0.00,970.877,0.000,31.48,1067.965,0.000,37.96,1097.091,0.000,36.11,1026.703,0.000,35.18,1009.712,0.000,28.70,1165.053,0.000,38.89,504.856,0.000,22.22,970.877,0.000,29.63,699.032,0.000,30.55,796.119,0.000,27.78,699.032,0.000,28.70,970.877,0.000,34.26,893.207,0.000,33.33,917.479,0.000,37.04,689.323,0.000,26.85,1009.712,0.000,31.48,776.702,0.000,24.07,970.877,0.000,37.96,682.041,0.000,29.63,932.042,0.000,36.11,1189.325,0.000,38.89,815.537,0.000,27.78,1082.528,0.000,42.59,893.207,0.000,34.26,893.207,0.000,31.48,1157.771,0.000,39.81,987.868,0.000,32.41,961.169,0.000,30.55,1114.082,0.000,40.74,711.168,0.000,29.63
84.4523,26250.829,0.000,26.98,99.64,0.00,1087.413,0.000,31.48,817.987,0.000,26.85,699.051,0.000,24.07,815.560,0.000,26.85,953.914,0.000,26.85,893.232,0.000,28.70,776.724,0.000,28.70,803.423,0.000,22.22,684.488,0.000,18.52,917.505,0.000,24.07,932.068,0.000,26.85,932.068,0.000,23.15,1087.413,0.000,31.48,720.897,0.000,24.07,941.777,0.000,30.56,400.498,0.000,16.67,776.724,0.000,22.22,1058.286,0.000,32.41,944.205,0.000,30.56,1004.886,0.000,32.41,1203.922,0.000,35.19,815.560,0.000,26.85,815.560,0.000,24.07,832.551,0.000,25.00,854.396,0.000,25.93,956.341,0.000,28.70,953.914,0.000,26.85,1046.150,0.000,33.33,932.068,0.000,33.33,592.252,0.000,21.30
84.5613,27084.429,0.000,27.61,99.65,0.00,808.060,0.000,24.77,1305.882,0.000,43.12,1038.934,0.000,35.78,961.976,0.000,33.03,1132.727,0.000,27.52,1000.455,0.000,31.19,885.018,0.000,30.27,781.605,0.000,22.02,1053.364,0.000,35.78,976.405,0.000,22.94,731.102,0.000,23.85,808.060,0.000,23.85,1077.413,0.000,32.11,630.094,0.000,22.02,952.356,0.000,29.36,642.119,0.000,17.43,769.581,0.000,19.27,986.025,0.000,35.78,961.976,0.000,28.44,697.432,0.000,21.10,846.539,0.000,28.44,846.539,0.000,30.27,1353.981,0.000,44.04,598.830,0.000,15.60,961.976,0.000,27.52,899.447,0.000,22.94,577.185,0.000,20.18,769.581,0.000,22.02,1154.371,0.000,32.11,875.398,0.000,25.69
84.6725,24990.386,0.000,24.64,99.70,0.00,792.148,0.000,26.08,754.427,0.000,20.68,1056.197,0.000,29.68,801.578,0.000,23.38,905.312,0.000,18.89,1169.361,0.000,29.68,678.984,0.000,17.99,782.718,0.000,27.88,754.427,0.000,24.28,1131.640,0.000,22.48,829.869,0.000,27.88,792.148,0.000,25.18,943.033,0.000,28.78,643.620,0.000,20.68,829.869,0.000,28.78,905.312,0.000,22.48,905.312,0.000,24.28,910.027,0.000,26.08,1056.197,0.000,35.07,565.820,0.000,22.48,754.427,0.000,26.08,943.033,0.000,27.88,898.239,0.000,30.58,754.427,0.000,24.28,565.820,0.000,17.99,719.063,0.000,20.68,695.487,0.000,21.58,867.591,0.000,23.38,528.099,0.000,16.19,1056.197,0.000,27.88
84.7826,26514.630,0.000,30.38,99.65,0.00,914.708,0.000,39.98,1105.273,0.000,37.26,647.918,0.000,24.53,1095.744,0.000,35.44,762.257,0.000,18.17,686.031,0.000,29.99,647.918,0.000,28.17,848.011,0.000,26.35,1029.047,0.000,32.71,609.806,0.000,15.45,990.934,0.000,42.71,914.708,0.000,26.35,952.821,0.000,33.62,733.672,0.000,24.53,1067.160,0.000,33.62,1169.588,0.000,30.90,914.708,0.000,29.08,686.031,0.000,22.72,1143.385,0.000,39.07,762.257,0.000,26.35,914.708,0.000,30.90,800.370,0.000,33.62,800.370,0.000,29.99,1143.385,0.000,41.80,724.144,0.000,24.53,683.649,0.000,26.35,674.121,0.000,25.44,952.821,0.000,30.90,1145.767,0.000,37.26,993.316,0.000,33.62
84.8905,24629.160,0.000,26.22,99.56,0.00,466.305,0.000,17.60,932.610,0.000,33.35,582.881,0.000,21.31,932.610,0.000,32.43,893.751,0.000,23.16,893.751,0.000,25.94,621.740,0.000,23.16,854.892,0.000,22.24,816.034,0.000,29.65,971.469,0.000,23.16,971.469,0.000,25.94,893.751,0.000,26.87,816.034,0.000,27.79,961.754,0.000,31.50,466.305,0.000,17.60,944.753,0.000,26.87,777.175,0.000,20.38,854.892,0.000,29.65,854.892,0.000,32.43,971.469,0.000,36.13,699.457,0.000,28.72,621.740,0.000,20.38,1049.186,0.000,35.21,971.469,0.000,23.16,932.610,0.000,29.65,621.740,0.000,21.31,927.753,0.000,27.79,582.881,0.000,17.60,1007.899,0.000,29.65,735.888,0.000,25.94
84.9986,24625.435,0.000,27.95,99.93,0.00,951.145,0.000,32.40,900.191,0.000,36.10,815.267,0.000,29.62,1011.805,0.000,35.17,815.267,0.000,20.36,652.699,0.000,24.99,963.277,0.000,33.32,815.267,0.000,25.92,1125.845,0.000,35.17,783.724,0.000,23.14,892.912,0.000,32.40,1096.728,0.000,33.32,635.714,0.000,21.29,761.887,0.000,25.92,943.866,0.000,34.25,626.009,0.000,23.14,839.531,0.000,24.99,815.267,0.000,22.21,795.856,0.000,24.07,655.125,0.000,22.21,628.435,0.000,25.92,793.430,0.000,24.99,929.307,0.000,31.47,698.800,0.000,24.07,841.957,0.000,30.54,1011.805,0.000,36.10,621.156,0.000,22.21,642.993,0.000,24.99,861.369,0.000,33.32,698.800,0.000,24.99
85.1093,24788.596,0.203,29.04,99.71,0.00,776.197,0.000,28.89,598.713,0.000,20.76,757.265,0.000,27.08,1095.668,0.000,33.40,492.222,0.000,11.74,688.638,0.000,30.69,1105.134,0.000,38.82,454.359,0.000,18.96,757.265,0.000,24.37,939.482,0.000,22.57,870.855,0.000,30.69,948.948,0.000,30.69,856.656,0.000,29.79,657.874,0.000,21.67,669.706,0.000,22.57,1131.165,0.000,34.30,885.053,0.000,31.60,870.855,0.000,27.08,814.060,0.000,32.50,686.271,0.000,26.18,977.345,0.000,37.01,778.563,0.000,28.89,974.979,0.203,36.11,1022.308,0.000,37.91,882.687,0.000,32.50,414.129,0.000,18.96,1060.171,0.000,35.21,698.104,0.000,26.18,1053.072,0.000,37.91,870.855,0.000,36.11
85.2176,26701.271,0.000,34.06,99.92,0.00,1085.102,0.000,37.88,930.088,0.000,32.34,968.841,0.000,35.11,1082.680,0.000,34.19,891.334,0.000,24.95,794.450,0.000,35.11,813.827,0.000,35.11,968.841,0.000,28.64,792.028,0.000,31.41,736.320,0.000,21.25,891.334,0.000,33.26,879.224,0.000,31.41,697.566,0.000,36.03,891.334,0.000,40.65,930.088,0.000,39.73,1085.102,0.000,34.19,983.374,0.000,36.03,1317.624,0.000,52.67,1046.349,0.000,45.27,1162.610,0.000,44.35,620.059,0.000,29.57,806.561,0.000,30.49,748.430,0.000,32.34,915.555,0.000,31.41,593.415,0.000,23.10,542.551,0.000,22.18,930.088,0.000,35.11,658.812,0.000,29.57,1123.856,0.000,44.35,813.827,0.000,34.19
85.3266,23810.807,0.000,24.95,100.00,0.00,577.057,0.000,18.34,961.761,0.000,27.52,653.998,0.000,21.10,733.343,0.000,24.76,846.350,0.000,20.18,865.585,0.000,22.93,653.998,0.000,19.26,1154.114,0.000,29.35,829.519,0.000,26.60,346.234,0.000,9.17,774.218,0.000,23.85,884.820,0.000,24.76,615.527,0.000,21.10,730.939,0.000,22.93,653.998,0.000,21.10,884.820,0.000,25.68,870.394,0.000,26.60,730.939,0.000,22.93,730.939,0.000,26.60,846.350,0.000,31.19,769.409,0.000,24.76,776.622,0.000,22.01,923.291,0.000,33.94,687.659,0.000,22.93,911.269,0.000,34.85,1038.702,0.000,36.69,923.291,0.000,31.19,884.820,0.000,31.19,807.880,0.000,22.93,742.961,0.000,22.01
85.4363,24879.269,0.000,24.94,100.00,0.00,879.075,0.000,24.60,764.413,0.000,25.52,955.517,0.000,30.98,764.413,0.000,24.60,382.207,0.000,9.11,573.310,0.000,22.78,1165.731,0.000,37.36,931.629,0.000,22.78,955.517,0.000,27.34,649.751,0.000,13.67,721.415,0.000,21.87,1184.841,0.000,26.43,535.089,0.000,17.31,879.075,0.000,26.43,907.741,0.000,25.52,726.193,0.000,18.23,573.310,0.000,17.31,917.296,0.000,26.43,611.531,0.000,22.78,955.517,0.000,32.81,802.634,0.000,28.25,802.634,0.000,24.60,726.193,0.000,20.05,974.627,0.000,28.25,879.075,0.000,29.16,812.189,0.000,25.52,1070.179,0.000,28.25,840.855,0.000,28.25,840.855,0.000,28.25,1096.456,0.000,33.72
85.5443,23475.253,0.152,22.69,100.00,0.00,776.764,0.000,20.37,815.602,0.000,23.15,660.249,0.000,14.82,854.440,0.000,24.08,854.440,0.000,25.00,699.087,0.000,20.37,679.668,0.000,17.59,801.037,0.000,20.37,521.888,0.000,11.11,776.764,0.000,19.45,932.116,0.000,25.93,543.735,0.000,15.74,1087.469,0.000,29.63,1087.469,0.000,25.93,786.473,0.000,23.15,660.249,0.000,16.67,582.573,0.000,18.52,713.652,0.000,19.45,866.577,0.000,29.63,1087.469,0.000,31.48,699.087,0.000,24.08,466.058,0.000,17.59,694.232,0.000,25.00,504.896,0.152,18.52,932.116,0.000,27.78,895.706,0.000,29.63,1009.793,0.000,30.56,970.955,0.000,30.56,815.602,0.000,21.30,699.087,0.000,23.15
85.6533,24562.524,0.000,25.96,100.00,0.00,423.243,0.000,12.84,654.103,0.000,22.93,1130.251,0.000,36.69,646.888,0.000,22.93,808.009,0.000,18.35,1014.821,0.000,32.11,1038.869,0.000,33.02,577.150,0.000,17.43,896.987,0.000,30.27,692.579,0.000,15.60,731.056,0.000,24.77,642.079,0.000,14.68,863.320,0.000,31.19,538.673,0.000,19.26,961.916,0.000,34.86,769.533,0.000,19.26,884.963,0.000,23.85,1034.060,0.000,28.44,680.556,0.000,23.85,808.009,0.000,30.27,1077.346,0.000,34.86,769.533,0.000,27.52,774.342,0.000,27.52,1000.393,0.000,31.19,923.439,0.000,28.44,872.939,0.000,26.60,923.439,0.000,28.44,731.056,0.000,23.85,923.439,0.000,29.36,769.533,0.000,28.44
85.7613,22187.878,0.000,21.54,100.00,0.00,388.367,0.000,17.59,543.713,0.000,14.82,723.333,0.000,21.30,628.669,0.000,15.74,932.080,0.000,24.07,1150.536,0.000,31.48,582.550,0.000,22.22,660.223,0.000,17.59,864.116,0.000,25.93,815.570,0.000,20.37,854.407,0.000,25.00,594.687,0.000,15.74,682.069,0.000,20.37,737.897,0.000,21.30,621.387,0.000,20.37,1126.264,0.000,30.56,893.244,0.000,22.22,961.208,0.000,26.85,388.367,0.000,14.82,660.223,0.000,24.07,621.387,0.000,19.44,660.223,0.000,21.30,1048.590,0.000,29.63,1048.590,0.000,27.78,349.530,0.000,12.96,854.407,0.000,21.30,466.040,0.000,13.89,1048.590,0.000,26.85,699.060,0.000,22.22,582.550,0.000,18.52
85.8693,25081.965,0.000,28.92,100.00,0.00,582.455,0.000,24.07,815.437,0.000,24.07,815.437,0.000,25.00,543.625,0.000,16.66,1009.589,0.000,25.92,1045.992,0.000,36.11,1009.589,0.000,36.11,1009.589,0.000,29.63,893.098,0.000,29.63,698.946,0.000,21.29,737.776,0.000,31.48,931.928,0.000,25.00,905.232,0.000,35.18,815.437,0.000,33.33,934.355,0.000,37.03,970.758,0.000,31.48,621.285,0.000,22.22,737.776,0.000,28.70,1009.589,0.000,38.88,931.928,0.000,32.40,1087.249,0.000,37.96,606.724,0.000,21.29,893.098,0.000,30.55,931.928,0.000,33.33,543.625,0.000,22.22,776.607,0.000,25.00,931.928,0.000,31.48,815.437,0.000,31.48,776.607,0.000,25.00,698.946,0.000,25.00
85.9775,24850.900,0.000,27.35,100.00,0.00,1037.677,0.000,34.22,620.666,0.000,24.05,775.833,0.000,26.82,698.250,0.000,22.20,698.250,0.000,21.27,1127.382,0.000,36.99,698.250,0.000,24.05,892.208,0.000,26.82,1008.583,0.000,32.37,581.875,0.000,14.80,659.458,0.000,24.05,1095.864,0.000,32.37,918.877,0.000,32.37,853.416,0.000,28.67,1083.742,0.000,35.14,737.041,0.000,23.12,737.041,0.000,25.90,737.041,0.000,23.12,681.278,0.000,22.20,814.625,0.000,24.97,775.833,0.000,23.12,557.630,0.000,19.42,737.041,0.000,21.27,1163.749,0.000,38.84,1047.375,0.000,34.22,698.250,0.000,25.90,931.000,0.000,34.22,853.416,0.000,32.37,698.250,0.000,25.90,931.000,0.000,29.60
86.0854,24082.773,0.000,26.36,99.93,0.00,1059.438,0.000,35.22,855.326,0.000,27.81,544.298,0.000,18.54,738.691,0.000,26.88,816.448,0.000,20.39,451.962,0.000,19.47,583.177,0.000,20.39,894.204,0.000,25.95,583.177,0.000,21.32,660.934,0.000,17.61,913.644,0.000,33.37,1039.999,0.000,31.52,1166.354,0.000,37.08,787.289,0.000,25.03,826.167,0.000,26.88,816.448,0.000,26.88,568.597,0.000,15.76,622.055,0.000,22.25,988.971,0.000,32.44,544.298,0.000,18.54,670.653,0.000,20.39,954.952,0.000,31.52,707.102,0.000,25.95,899.064,0.000,28.73,816.448,0.000,31.52,933.083,0.000,29.66,777.569,0.000,27.81,1205.232,0.000,39.86,996.260,0.000,30.59,660.934,0.000,21.32
86.1943,23472.550,0.000,25.23,99.28,0.00,846.725,0.000,23.86,962.187,0.000,28.45,769.750,0.000,26.61,846.725,0.000,29.36,1116.137,0.000,27.53,822.670,0.000,28.45,1077.649,0.000,33.03,769.750,0.000,24.78,808.237,0.000,29.36,885.212,0.000,23.86,750.506,0.000,20.19,692.775,0.000,24.78,731.262,0.000,23.86,760.128,0.000,28.45,760.128,0.000,24.78,846.725,0.000,33.03,476.283,0.000,18.35,923.699,0.000,32.12,384.875,0.000,11.93,538.825,0.000,17.43,1029.540,0.000,29.36,786.588,0.000,24.78,685.558,0.000,21.11,726.451,0.000,20.19,740.884,0.000,24.78,1000.674,0.000,30.28,654.287,0.000,21.11,538.825,0.000,20.19,728.857,0.000,25.69,810.642,0.000,29.36
86.3023,22211.881,0.000,25.40,99.20,0.00,504.871,0.000,16.67,1203.922,0.000,39.81,776.724,0.000,32.41,815.560,0.000,31.48,621.379,0.000,17.59,621.379,0.000,22.22,762.160,0.000,26.85,699.052,0.000,20.37,776.724,0.000,28.70,815.560,0.000,22.22,1126.250,0.000,34.26,582.543,0.000,21.30,543.707,0.000,24.07,660.215,0.000,27.78,660.215,0.000,25.00,893.233,0.000,29.63,776.724,0.000,23.15,893.233,0.000,31.48,667.497,0.000,25.00,699.052,0.000,21.30,815.560,0.000,29.63,1009.741,0.000,31.48,621.379,0.000,24.07,660.215,0.000,22.22,611.670,0.000,21.30,699.052,0.000,17.59,621.379,0.000,22.22,504.871,0.000,19.44,871.387,0.000,28.70,696.624,0.000,24.07
86.4103,22631.600,0.000,21.32,98.41,0.00,543.644,0.000,13.89,893.129,0.000,26.85,854.297,0.000,25.00,543.644,0.000,17.59,582.476,0.000,14.81,776.634,0.000,22.22,868.859,0.000,26.85,504.812,0.000,15.74,737.802,0.000,21.29,815.466,0.000,19.44,815.466,0.000,20.37,582.476,0.000,15.74,931.961,0.000,25.92,582.476,0.000,16.66,737.802,0.000,20.37,504.812,0.000,16.66,1087.288,0.000,27.77,621.307,0.000,20.37,847.016,0.000,20.37,776.634,0.000,22.22,931.961,0.000,25.92,1145.535,0.000,29.63,543.644,0.000,17.59,893.129,0.000,25.00,703.825,0.000,19.44,349.485,0.000,13.89,660.139,0.000,20.37,854.297,0.000,23.15,970.793,0.000,26.85,970.793,0.000,27.77
86.5184,21644.754,0.000,22.56,98.78,0.07,699.001,0.000,24.07,621.334,0.000,18.52,776.668,0.000,23.15,427.167,0.000,16.67,737.834,0.000,15.74,701.428,0.000,26.85,1126.168,0.000,32.41,958.699,0.000,29.63,815.501,0.000,23.15,543.667,0.000,12.96,582.501,0.000,24.07,621.334,0.000,17.59,660.167,0.000,22.22,842.199,0.000,25.00,660.167,0.000,21.29,621.334,0.000,15.74,815.501,0.000,21.29,776.668,0.000,20.37,543.667,0.000,21.29,1041.220,0.000,31.48,565.511,0.000,21.29,1029.085,0.000,33.33,776.668,0.000,25.92,660.167,0.000,16.67,616.480,0.000,16.67,749.970,0.000,25.00,815.501,0.000,25.92,621.334,0.000,22.22,499.980,0.000,19.44,737.834,0.000,26.85
86.6273,19170.531,141.643,18.81,99.14,0.00,461.795,0.000,13.76,731.175,0.000,22.02,646.994,0.000,23.86,654.209,0.000,21.10,615.726,0.000,12.85,882.701,0.000,27.53,577.243,0.000,16.52,512.303,0.000,9.18,769.658,0.000,21.10,405.311,0.000,11.93,521.924,0.000,13.76,500.278,0.000,11.93,796.115,0.000,24.77,699.908,0.000,20.19,755.227,0.000,21.10,654.209,0.000,16.52,500.278,0.000,10.09,632.563,0.000,17.43,615.726,0.000,16.52,776.873,0.000,27.53,786.494,0.000,27.53,885.107,0.000,21.10,627.752,141.643,56.89,577.243,0.000,13.76,478.631,0.000,10.09,627.752,0.000,12.85,471.415,0.000,11.01,769.658,0.000,17.43,582.054,0.000,16.52,654.209,0.000,17.43
86.7363,11829.533,28.451,9.73,98.91,0.00,269.400,0.000,9.18,269.400,0.000,8.26,315.101,0.000,11.01,500.314,0.000,13.76,307.885,0.000,7.34,269.400,0.000,7.34,307.885,0.000,6.42,423.342,0.000,11.01,423.342,0.000,12.85,269.400,0.000,6.42,286.237,0.000,8.26,461.828,0.000,10.09,319.912,0.000,9.18,582.096,0.000,15.60,322.317,0.000,10.09,461.828,0.000,9.18,230.914,0.000,6.42,406.505,0.000,11.01,461.828,0.000,6.42,269.400,0.000,4.59,346.371,0.000,7.34,577.285,0.000,12.85,411.316,28.451,8.26,384.857,0.000,11.93,637.419,0.000,14.68,476.260,0.000,11.01,452.207,0.000,10.09,538.799,0.000,10.09,461.828,0.000,11.01,384.857,0.000,10.09
86.8433,0.000,0.000,0.00,30.48,0.00,0.000,0.000,0.00,0.000,0.000,0.00,0.000,0.000,0.00,0.000,0.000,0.00,0.000,0.000,0.00,0.000,0.000,0.00,0.000,0.000,0.00,0.000,0.000,0.00,0.000,0.000,0.00,0.000,0.000,0.00,0.000,0.000,0.00,0.000,0.000,0.00,0.000,0.000,0.00,0.000,0.000,0.00,0.000,0.000,0.00,0.000,0.000,0.00,0.000,0.000,0.00,0.000,0.000,0.00,0.000,0.000,0.00,0.000,0.000,0.00,0.000,0.000,0.00,0.000,0.000,0.00,0.000,0.000,0.00,0.000,0.000,0.00,0.000,0.000,0.00,0.000,0.000,0.00,0.000,0.000,0.00,0.000,0.000,0.00,0.000,0.000,0.00,0.000,0.000,0.00
86.9450,0.000,0.000,0.00,0.85,0.00,0.000,0.000,0.00,0.000,0.000,0.00,0.000,0.000,0.00,0.000,0.000,0.00,0.000,0.000,0.00,0.000,0.000,0.00,0.000,0.000,0.00,0.000,0.000,0.00,0.000,0.000,0.00,0.000,0.000,0.00,0.000,0.000,0.00,0.000,0.000,0.00,0.000,0.000,0.00,0.000,0.000,0.00,0.000,0.000,0.00,0.000,0.000,0.00,0.000,0.000,0.00,0.000,0.000,0.00,0.000,0.000,0.00,0.000,0.000,0.00,0.000,0.000,0.00,0.000,0.000,0.00,0.000,0.000,0.00,0.000,0.000,0.00,0.000,0.000,0.00,0.000,0.000,0.00,0.000,0.000,0.00,0.000,0.000,0.00,0.000,0.000,0.00,0.000,0.000,0.00
87.0461,0.000,0.000,0.00,0.77,0.00,0.000,0.000,0.00,0.000,0.000,0.00,0.000,0.000,0.00,0.000,0.000,0.00,0.000,0.000,0.00,0.000,0.000,0.00,0.000,0.000,0.00,0.000,0.000,0.00,0.000,0.000,0.00,0.000,0.000,0.00,0.000,0.000,0.00,0.000,0.000,0.00,0.000,0.000,0.00,0.000,0.000,0.00,0.000,0.000,0.00,0.000,0.000,0.00,0.000,0.000,0.00,0.000,0.000,0.00,0.000,0.000,0.00,0.000,0.000,0.00,0.000,0.000,0.00,0.000,0.000,0.00,0.000,0.000,0.00,0.000,0.000,0.00,0.000,0.000,0.00,0.000,0.000,0.00,0.000,0.000,0.00,0.000,0.000,0.00,0.000,0.000,0.00,0.000,0.000,0.00
87.1473,0.000,0.405,0.03,0.77,0.00,0.000,0.000,0.00,0.000,0.000,0.00,0.000,0.000,0.00,0.000,0.000,0.00,0.000,0.000,0.00,0.000,0.000,0.00,0.000,0.000,0.00,0.000,0.000,0.00,0.000,0.000,0.00,0.000,0.000,0.00,0.000,0.000,0.00,0.000,0.000,0.00,0.000,0.000,0.00,0.000,0.000,0.00,0.000,0.000,0.00,0.000,0.000,0.00,0.000,0.162,0.99,0.000,0.000,0.00,0.000,0.000,0.00,0.000,0.000,0.00,0.000,0.000,0.00,0.000,0.000,0.00,0.000,0.243,0.00,0.000,0.000,0.00,0.000,0.000,0.00,0.000,0.000,0.00,0.000,0.000,0.00,0.000,0.000,0.00,0.000,0.000,0.00,0.000,0.000,0.00
87.2491,0.000,0.000,0.00,0.92,0.00,0.000,0.000,0.00,0.000,0.000,0.00,0.000,0.000,0.00,0.000,0.000,0.00,0.000,0.000,0.00,0.000,0.000,0.00,0.000,0.000,0.00,0.000,0.000,0.00,0.000,0.000,0.00,0.000,0.000,0.00,0.000,0.000,0.00,0.000,0.000,0.00,0.000,0.000,0.00,0.000,0.000,0.00,0.000,0.000,0.00,0.000,0.000,0.00,0.000,0.000,0.00,0.000,0.000,0.00,0.000,0.000,0.00,0.000,0.000,0.00,0.000,0.000,0.00,0.000,0.000,0.00,0.000,0.000,0.00,0.000,0.000,0.00,0.000,0.000,0.00,0.000,0.000,0.00,0.000,0.000,0.00,0.000,0.000,0.00,0.000,0.000,0.00,0.000,0.000,0.00
87.3509,0.000,0.000,0.00,0.84,0.00,0.000,0.000,0.00,0.000,0.000,0.00,0.000,0.000,0.00,0.000,0.000,0.00,0.000,0.000,0.00,0.000,0.000,0.00,0.000,0.000,0.00,0.000,0.000,0.00,0.000,0.000,0.00,0.000,0.000,0.00,0.000,0.000,0.00,0.000,0.000,0.00,0.000,0.000,0.00,0.000,0.000,0.00,0.000,0.000,0.00,0.000,0.000,0.00,0.000,0.000,0.00,0.000,0.000,0.00,0.000,0.000,0.00,0.000,0.000,0.00,0.000,0.000,0.00,0.000,0.000,0.00,0.000,0.000,0.00,0.000,0.000,0.00,0.000,0.000,0.00,0.000,0.000,0.00,0.000,0.000,0.00,0.000,0.000,0.00,0.000,0.000,0.00,0.000,0.000,0.00
87.4529,0.000,0.000,0.00,20.66,0.00,0.000,0.000,0.00,0.000,0.000,0.00,0.000,0.000,0.00,0.000,0.000,0.00,0.000,0.000,0.00,0.000,0.000,0.00,0.000,0.000,0.00,0.000,0.000,0.00,0.000,0.000,0.00,0.000,0.000,0.00,0.000,0.000,0.00,0.000,0.000,0.00,0.000,0.000,0.00,0.000,0.000,0.00,0.000,0.000,0.00,0.000,0.000,0.00,0.000,0.000,0.00,0.000,0.000,0.00,0.000,0.000,0.00,0.000,0.000,0.00,0.000,0.000,0.00,0.000,0.000,0.00,0.000,0.000,0.00,0.000,0.000,0.00,0.000,0.000,0.00,0.000,0.000,0.00,0.000,0.000,0.00,0.000,0.000,0.00,0.000,0.000,0.00,0.000,0.000,0.00
87.5565,0.000,0.000,0.00,94.98,0.00,0.000,0.000,0.00,0.000,0.000,0.00,0.000,0.000,0.00,0.000,0.000,0.00,0.000,0.000,0.00,0.000,0.000,0.00,0.000,0.000,0.00,0.000,0.000,0.00,0.000,0.000,0.00,0.000,0.000,0.00,0.000,0.000,0.00,0.000,0.000,0.00,0.000,0.000,0.00,0.000,0.000,0.00,0.000,0.000,0.00,0.000,0.000,0.00,0.000,0.000,0.00,0.000,0.000,0.00,0.000,0.000,0.00,0.000,0.000,0.00,0.000,0.000,0.00,0.000,0.000,0.00,0.000,0.000,0.00,0.000,0.000,0.00,0.000,0.000,0.00,0.000,0.000,0.00,0.000,0.000,0.00,0.000,0.000,0.00,0.000,0.000,0.00,0.000,0.000,0.00
87.6604,0.000,0.000,0.00,98.42,0.00,0.000,0.000,0.00,0.000,0.000,0.00,0.000,0.000,0.00,0.000,0.000,0.00,0.000,0.000,0.00,0.000,0.000,0.00,0.000,0.000,0.00,0.000,0.000,0.00,0.000,0.000,0.00,0.000,0.000,0.00,0.000,0.000,0.00,0.000,0.000,0.00,0.000,0.000,0.00,0.000,0.000,0.00,0.000,0.000,0.00,0.000,0.000,0.00,0.000,0.000,0.00,0.000,0.000,0.00,0.000,0.000,0.00,0.000,0.000,0.00,0.000,0.000,0.00,0.000,0.000,0.00,0.000,0.000,0.00,0.000,0.000,0.00,0.000,0.000,0.00,0.000,0.000,0.00,0.000,0.000,0.00,0.000,0.000,0.00,0.000,0.000,0.00,0.000,0.000,0.00
87.7664,0.000,0.000,0.00,98.36,0.00,0.000,0.000,0.00,0.000,0.000,0.00,0.000,0.000,0.00,0.000,0.000,0.00,0.000,0.000,0.00,0.000,0.000,0.00,0.000,0.000,0.00,0.000,0.000,0.00,0.000,0.000,0.00,0.000,0.000,0.00,0.000,0.000,0.00,0.000,0.000,0.00,0.000,0.000,0.00,0.000,0.000,0.00,0.000,0.000,0.00,0.000,0.000,0.00,0.000,0.000,0.00,0.000,0.000,0.00,0.000,0.000,0.00,0.000,0.000,0.00,0.000,0.000,0.00,0.000,0.000,0.00,0.000,0.000,0.00,0.000,0.000,0.00,0.000,0.000,0.00,0.000,0.000,0.00,0.000,0.000,0.00,0.000,0.000,0.00,0.000,0.000,0.00,0.000,0.000,0.00
87.8686,36858.955,0.000,86.28,87.70,0.83,1162.589,0.000,95.94,1208.785,0.000,92.03,1216.484,0.000,93.99,1185.687,0.000,92.03,1355.071,0.000,55.80,1303.742,0.000,90.07,1270.379,0.000,94.96,1478.259,0.000,78.32,1344.805,0.000,93.99,1765.698,0.000,64.61,1195.953,0.000,92.03,739.130,0.000,45.03,967.541,0.000,75.38,1239.582,0.000,93.01,1198.519,0.000,93.99,1355.071,0.000,82.24,1314.008,0.000,73.43,1242.148,0.000,92.03,1257.547,0.000,92.03,1208.785,0.000,94.96,1231.883,0.000,93.01,1175.421,0.000,91.05,1067.632,0.000,84.20,1077.897,0.000,87.13,1047.100,0.000,85.17,1231.883,0.000,91.05,1247.281,0.000,91.05,1301.176,0.000,93.99,1285.777,0.000,93.99,1183.121,0.000,92.03
87.9740,29934.256,0.000,45.02,99.25,0.00,1101.493,0.000,49.32,937.388,0.000,54.06,1287.976,0.000,61.65,1317.813,0.000,67.34,994.576,0.000,30.35,765.824,0.000,42.68,1633.591,0.000,60.70,875.227,0.000,36.04,1123.871,0.000,58.81,716.095,0.000,23.71,910.037,0.000,45.53,676.312,0.000,30.35,733.500,0.000,36.99,1225.815,0.000,46.48,947.334,0.000,43.63,1034.359,0.000,41.73,1248.193,0.000,46.48,952.307,0.000,50.27,932.415,0.000,46.48,1096.520,0.000,46.48,755.878,0.000,35.09,1606.240,0.000,64.50,810.580,0.000,39.84,984.630,0.000,52.17,994.576,0.000,43.63,977.171,0.000,46.48,701.176,0.000,31.30,648.961,0.000,28.46,624.097,0.000,32.25,1320.300,0.000,57.86
88.0808,28560.444,0.000,32.47,99.56,0.00,1453.683,0.000,44.03,1021.507,0.000,34.66,1178.662,0.000,38.41,903.641,0.000,32.79,825.063,0.000,20.61,1050.973,0.000,38.41,746.486,0.000,29.97,628.620,0.000,19.67,746.486,0.000,27.16,903.641,0.000,24.35,667.908,0.000,26.23,1257.239,0.000,39.34,896.274,0.000,31.85,1100.084,0.000,39.34,667.908,0.000,29.97,987.129,0.000,33.72,1163.928,0.000,40.28,896.274,0.000,30.91,901.185,0.000,33.72,589.331,0.000,25.29,1102.540,0.000,41.22,825.063,0.000,28.10,1085.351,0.000,40.28,982.218,0.000,31.85,1001.862,0.000,33.72,1353.005,0.000,37.47,746.486,0.000,21.54,798.052,0.000,27.16,1156.562,0.000,39.34,923.285,0.000,32.79
88.1857,28319.124,0.000,35.33,99.26,0.00,959.462,0.000,31.45,959.462,0.000,32.41,1119.372,0.000,37.17,839.529,0.000,29.55,1159.350,0.000,31.45,769.569,0.000,21.92,559.686,0.000,17.16,1039.417,0.000,37.17,839.529,0.000,32.41,879.507,0.000,25.73,799.552,0.000,35.27,837.031,0.000,33.36,1006.936,0.000,41.94,919.485,0.000,41.94,759.574,0.000,33.36,914.487,0.000,33.36,949.468,0.000,38.13,999.440,0.000,39.08,839.529,0.000,39.08,1119.372,0.000,40.99,1356.739,0.000,49.56,679.619,0.000,27.64,919.485,0.000,40.03,999.440,0.000,38.13,879.507,0.000,39.08,1239.305,0.000,46.70,1119.372,0.000,45.75,1066.902,0.000,44.80,1101.882,0.000,32.41,687.115,0.000,22.88
88.2902,25882.546,0.000,38.45,99.47,0.08,1083.981,0.000,53.60,1204.423,0.000,42.12,722.654,0.000,32.54,843.096,0.000,36.37,883.243,0.000,24.89,1365.013,0.000,51.69,883.243,0.000,39.24,923.391,0.000,37.33,602.211,0.000,26.80,843.096,0.000,27.76,1124.128,0.000,50.73,966.048,0.000,38.29,1043.833,0.000,43.07,562.064,0.000,30.63,883.243,0.000,38.29,521.917,0.000,25.84,572.101,0.000,28.72,1043.833,0.000,43.07,682.506,0.000,35.42,762.801,0.000,36.37,1003.686,0.000,42.12,1083.981,0.000,49.77,642.359,0.000,36.37,692.543,0.000,41.16,1058.888,0.000,53.60,602.211,0.000,35.42,843.096,0.000,38.29,1124.128,0.000,49.77,923.391,0.000,44.03,391.437,0.000,20.10
88.3949,25861.995,0.000,31.31,99.55,0.00,920.872,0.000,34.36,840.796,0.000,32.46,960.910,0.000,38.18,1000.948,0.000,44.87,960.910,0.000,23.86,1000.948,0.000,39.14,880.834,0.000,37.23,560.531,0.000,20.05,1161.100,0.000,44.87,1161.100,0.000,28.64,480.455,0.000,20.05,760.721,0.000,26.73,1040.986,0.000,38.18,520.493,0.000,23.86,960.910,0.000,35.32,480.455,0.000,15.27,840.796,0.000,25.77,760.721,0.000,26.73,1081.024,0.000,39.14,680.645,0.000,25.77,760.721,0.000,30.55,880.834,0.000,30.55,1281.213,0.000,44.87,670.635,0.000,23.86,785.744,0.000,28.64,920.872,0.000,32.46,800.758,0.000,30.55,640.607,0.000,21.96,760.721,0.000,30.55,1303.735,0.000,44.87
88.4993,25529.867,0.000,30.52,99.86,0.00,642.766,0.000,22.99,1152.460,0.000,41.19,763.285,0.000,30.65,883.803,0.000,36.40,1036.963,0.000,27.78,883.803,0.000,36.40,401.729,0.000,16.28,685.450,0.000,25.86,803.458,0.000,31.61,1044.495,0.000,30.65,602.593,0.000,25.86,883.803,0.000,29.69,934.020,0.000,35.44,587.528,0.000,26.82,1014.365,0.000,36.40,1104.754,0.000,33.52,868.739,0.000,28.73,986.746,0.000,37.35,1446.224,0.000,51.72,682.939,0.000,28.73,923.976,0.000,40.23,883.803,0.000,28.73,1092.200,0.000,43.10,803.458,0.000,22.99,602.593,0.000,17.24,640.255,0.000,18.20,401.729,0.000,14.37,763.285,0.000,22.99,1124.841,0.000,41.19,883.803,0.000,32.57
88.6073,27174.327,1.379,31.42,100.00,0.00,776.687,0.000,28.70,905.325,0.000,30.55,1009.693,0.000,40.74,1165.030,0.000,39.81,745.134,0.152,19.44,854.355,0.152,28.70,776.687,0.000,23.15,968.431,0.000,29.63,737.852,0.000,27.78,737.852,0.152,20.37,1242.699,0.000,43.52,1048.527,0.152,36.11,805.812,0.000,31.48,1063.090,0.152,39.81,844.647,0.000,35.18,1067.944,0.152,34.26,1063.090,0.000,34.26,832.511,0.000,32.41,815.521,0.000,28.70,737.852,0.014,28.70,815.521,0.152,25.92,864.064,0.000,30.55,769.405,0.000,25.92,1242.699,0.000,42.59,776.687,0.000,32.41,973.286,0.000,35.18,970.858,0.000,32.41,1048.527,0.000,37.96,737.852,0.152,25.00,776.687,0.152,21.30
88.7156,25524.284,0.000,29.76,100.00,0.00,851.939,0.000,29.54,774.490,0.000,33.24,542.143,0.000,25.85,1006.837,0.000,39.70,1045.561,0.000,22.16,697.041,0.000,25.85,912.446,0.000,33.24,851.939,0.000,27.70,1084.286,0.000,41.55,958.431,0.000,22.16,1123.010,0.000,33.24,1006.837,0.000,36.01,641.374,0.000,24.00,735.765,0.000,24.93,638.954,0.000,23.08,968.112,0.000,34.16,619.592,0.000,21.24,619.592,0.000,17.54,1011.677,0.000,38.78,1045.561,0.000,36.01,968.112,0.000,38.78,571.186,0.000,21.24,1239.184,0.000,43.39,752.707,0.000,25.85,774.490,0.000,25.85,580.867,0.000,23.08,704.302,0.000,31.39,774.490,0.000,29.54,1123.010,0.000,32.31,900.345,0.000,31.39
88.8254,24992.515,0.000,28.29,100.00,0.00,776.610,0.000,29.17,955.828,0.000,31.90,802.896,0.000,30.08,1032.294,0.000,33.73,611.730,0.000,16.41,802.896,0.000,28.26,1154.162,0.000,31.90,841.129,0.000,27.35,994.061,0.000,36.46,927.153,0.000,20.97,726.429,0.000,25.52,726.429,0.000,23.70,1010.788,0.000,36.46,795.727,0.000,29.17,783.779,0.000,24.61,688.196,0.000,20.05,764.662,0.000,26.43,917.595,0.000,33.73,630.847,0.000,25.52,886.531,0.000,30.99,549.601,0.000,20.05,862.635,0.000,32.82,994.061,0.000,29.17,977.334,0.000,34.64,898.478,0.000,30.08,647.574,0.000,23.70,757.494,0.000,25.52,535.264,0.000,22.79,984.503,0.000,34.64,955.828,0.000,32.82
88.9333,24599.245,0.000,25.50,100.00,0.00,803.469,0.000,23.15,854.444,0.000,25.00,854.444,0.000,29.63,854.444,0.000,25.00,699.090,0.000,21.30,815.606,0.000,25.00,825.315,0.000,24.08,815.606,0.000,25.93,932.121,0.000,25.93,699.090,0.000,19.45,905.419,0.000,26.85,852.016,0.000,26.85,466.060,0.000,17.59,784.049,0.000,20.37,699.090,0.000,21.30,1165.151,0.000,33.34,835.025,0.000,25.00,1126.312,0.000,32.41,1063.200,0.000,32.41,847.162,0.000,30.56,723.364,0.000,24.08,657.825,0.000,23.15,686.953,0.000,23.15,1145.732,0.000,34.26,835.025,0.000,28.71,740.356,0.000,24.08,970.959,0.000,31.48,466.060,0.000,12.04,825.315,0.000,27.78,650.542,0.000,25.00
89.0431,26256.855,0.000,29.83,99.93,0.00,692.793,0.000,24.61,688.015,0.000,24.61,726.238,0.000,25.52,1032.023,0.000,31.90,688.015,0.000,19.14,1032.023,0.000,30.98,611.569,0.000,23.69,879.130,0.000,31.90,764.461,0.000,24.61,735.794,0.000,19.14,1096.524,0.000,36.45,996.189,0.000,33.72,764.461,0.000,27.34,879.130,0.000,30.98,955.577,0.000,33.72,879.130,0.000,32.81,1204.026,0.000,41.92,802.684,0.000,30.98,802.684,0.000,23.69,955.577,0.000,31.90,802.684,0.000,28.25,707.127,0.000,22.78,852.852,0.000,21.87,783.573,0.000,29.16,879.130,0.000,33.72,955.577,0.000,37.36,1184.915,0.000,40.10,802.684,0.000,34.63,1070.246,0.000,36.45,1032.023,0.000,30.98
89.1503,25164.719,0.153,28.06,99.86,0.00,894.550,0.000,30.77,743.014,0.153,27.04,938.544,0.000,25.17,743.014,0.000,25.17,469.272,0.000,11.19,586.590,0.000,22.38,860.332,0.000,25.17,1094.968,0.000,31.70,1173.180,0.000,34.50,342.178,0.000,9.32,899.438,0.000,36.36,1173.180,0.000,32.63,1016.756,0.000,37.29,791.897,0.000,29.84,977.650,0.000,32.63,899.438,0.000,26.11,821.226,0.000,23.31,860.332,0.000,35.43,703.908,0.000,30.77,860.332,0.000,27.97,1016.756,0.000,34.50,938.544,0.000,33.56,760.123,0.000,26.11,821.226,0.000,34.50,860.332,0.000,23.31,586.590,0.000,19.58,1024.089,0.000,36.36,821.226,0.000,30.77,821.226,0.000,28.90,664.802,0.000,19.58
89.2594,23315.271,0.000,24.00,100.00,0.00,1089.072,0.000,29.35,1079.455,0.000,31.18,589.012,0.000,19.26,653.924,0.000,18.34,1115.517,0.000,29.35,884.721,0.000,24.76,865.487,0.000,28.43,923.187,0.000,29.35,564.971,0.000,19.26,735.664,0.000,18.34,432.744,0.000,11.92,771.726,0.000,27.51,478.422,0.000,16.51,877.508,0.000,25.68,569.779,0.000,18.34,968.865,0.000,32.10,692.390,0.000,21.09,733.260,0.000,28.43,653.924,0.000,19.26,846.254,0.000,25.68,884.721,0.000,27.51,576.992,0.000,16.51,613.054,0.000,19.26,634.691,0.000,18.34,697.198,0.000,22.93,738.068,0.000,25.68,661.136,0.000,24.76,1038.585,0.000,32.10,1021.756,0.000,30.26,923.187,0.000,28.43
89.3682,23930.097,0.000,26.33,100.00,0.00,483.996,0.000,16.53,729.606,0.000,25.72,989.663,0.000,31.23,1155.811,0.000,29.39,1001.703,0.000,25.72,539.378,0.000,21.13,722.382,0.000,22.05,732.013,0.000,19.29,589.945,0.000,15.62,688.671,0.000,17.45,915.017,0.000,27.56,883.714,0.000,24.80,907.793,0.000,35.82,922.241,0.000,37.66,777.764,0.000,31.23,532.155,0.000,14.70,654.959,0.000,21.13,1153.403,0.000,38.58,616.432,0.000,21.13,847.595,0.000,29.39,654.959,0.000,22.96,732.013,0.000,22.96,640.512,0.000,25.72,866.858,0.000,26.64,881.306,0.000,33.07,1110.060,0.000,40.42,679.039,0.000,29.39,963.176,0.000,33.07,671.815,0.000,21.13,886.122,0.000,28.48
89.4773,23590.928,0.000,22.91,99.86,0.00,658.307,0.000,20.16,499.737,0.000,15.58,999.473,0.000,25.66,691.943,0.000,22.91,653.502,0.000,16.50,1037.914,0.000,29.33,920.188,0.000,27.50,653.502,0.000,17.41,1124.407,0.000,30.24,653.502,0.000,14.66,768.825,0.000,22.00,538.178,0.000,13.75,826.487,0.000,27.50,771.228,0.000,27.50,843.305,0.000,27.50,730.384,0.000,17.41,845.708,0.000,20.16,937.006,0.000,28.41,999.473,0.000,30.24,768.825,0.000,24.75,670.320,0.000,20.16,732.787,0.000,22.91,691.943,0.000,22.91,1114.797,0.000,33.91,884.149,0.000,24.75,807.267,0.000,22.91,807.267,0.000,23.83,730.384,0.000,21.08,615.060,0.000,21.08,615.060,0.000,14.66
89.5853,23611.971,0.000,23.46,100.00,0.00,660.271,0.000,18.52,504.913,0.000,15.74,582.592,0.000,14.82,708.820,0.000,21.30,854.468,0.000,22.22,1009.826,0.000,31.48,1002.544,0.000,30.56,621.432,0.000,17.59,650.561,0.000,21.30,893.308,0.000,23.15,621.432,0.000,21.30,815.629,0.000,19.45,1029.246,0.000,32.41,735.522,0.000,27.78,975.842,0.000,30.56,776.789,0.000,19.45,699.110,0.000,19.45,917.583,0.000,31.48,900.590,0.000,28.71,854.468,0.000,25.93,847.186,0.000,26.85,463.646,0.000,15.74,737.950,0.000,25.00,660.271,0.000,21.30,815.629,0.000,21.30,854.468,0.000,22.22,1087.505,0.000,26.85,893.308,0.000,24.08,776.789,0.000,23.15,660.271,0.000,24.08
89.6933,26675.978,0.000,31.02,100.00,0.00,631.039,0.000,22.22,1281.495,0.000,44.44,854.330,0.000,34.26,650.456,0.000,24.07,660.164,0.000,19.44,902.872,0.000,38.89,854.330,0.000,35.18,815.497,0.000,25.92,715.987,0.000,28.70,737.831,0.000,20.37,817.924,0.000,25.00,698.998,0.000,23.15,815.497,0.000,28.70,854.330,0.000,30.55,815.497,0.000,26.85,1092.184,0.000,28.70,815.497,0.000,23.15,1126.163,0.000,37.03,885.882,0.000,34.26,737.831,0.000,30.55,1155.288,0.000,37.03,893.163,0.000,30.55,1164.996,0.000,39.81,1111.600,0.000,39.81,737.831,0.000,28.70,582.498,0.000,21.29,1164.996,0.000,37.03,1043.642,0.000,37.03,1164.996,0.000,43.52,893.163,0.000,34.26
89.8023,25190.109,0.000,28.38,99.64,0.00,875.508,0.000,33.95,654.226,0.000,24.77,846.645,0.000,28.44,615.742,0.000,21.10,692.710,0.000,19.27,798.541,0.000,24.77,577.258,0.000,15.60,962.097,0.000,31.20,1060.712,0.000,36.70,846.645,0.000,23.86,805.756,0.000,29.36,1077.549,0.000,30.28,962.097,0.000,28.44,846.645,0.000,29.36,882.724,0.000,28.44,841.835,0.000,29.36,692.710,0.000,23.86,615.742,0.000,19.27,577.258,0.000,22.02,808.162,0.000,29.36,769.678,0.000,27.53,1010.202,0.000,40.37,1269.968,0.000,40.37,938.045,0.000,30.28,885.129,0.000,32.11,885.129,0.000,33.95,846.645,0.000,33.95,928.424,0.000,32.11,962.097,0.000,30.28,654.226,0.000,21.10
89.9113,24264.248,0.000,28.16,99.64,0.00,731.054,0.000,22.93,884.960,0.000,34.86,1046.080,0.000,39.45,615.624,0.000,25.69,1115.819,0.000,28.44,923.436,0.000,31.19,1000.389,0.000,35.78,896.984,0.000,29.36,928.246,0.000,38.53,692.577,0.000,20.18,896.984,0.000,31.19,731.054,0.000,25.69,808.007,0.000,27.52,808.007,0.000,31.19,961.913,0.000,32.11,894.579,0.000,31.19,584.362,0.000,24.77,545.885,0.000,20.18,846.483,0.000,29.36,769.530,0.000,24.77,808.007,0.000,28.44,606.005,0.000,19.26,654.101,0.000,24.77,731.054,0.000,27.52,577.148,0.000,21.10,923.436,0.000,24.77,615.624,0.000,22.93,1038.866,0.000,33.02,666.125,0.000,23.85,961.913,0.000,34.86
90.0193,22986.260,0.000,24.35,100.00,0.00,660.288,0.000,22.22,1009.852,0.000,32.41,769.526,0.000,25.93,582.607,0.000,21.30,660.288,0.000,15.74,815.649,0.000,28.71,815.649,0.000,30.56,570.469,0.000,15.74,616.592,0.000,23.15,621.447,0.000,13.89,958.873,0.000,25.00,737.968,0.000,19.45,893.330,0.000,32.41,660.288,0.000,24.08,1009.852,0.000,33.34,767.099,0.000,23.15,497.643,0.000,16.67,1119.090,0.000,37.04,504.926,0.000,16.67,776.809,0.000,25.00,737.968,0.000,25.00,1087.532,0.000,31.48,737.968,0.000,25.93,893.330,0.000,27.78,686.990,0.000,22.22,893.330,0.000,26.85,504.926,0.000,17.59,543.766,0.000,15.74,1075.395,0.000,30.56,776.809,0.000,25.00
90.1248,23023.864,0.155,22.80,99.71,0.00,915.086,0.000,29.41,636.582,0.000,18.02,755.941,0.000,22.77,915.086,0.000,28.46,835.513,0.000,20.87,688.801,0.000,20.87,676.368,0.000,19.92,755.941,0.155,22.77,835.513,0.000,27.51,517.223,0.000,12.33,1017.039,0.000,33.20,795.727,0.000,24.66,370.510,0.000,9.49,954.872,0.000,23.71,795.727,0.000,20.87,915.086,0.000,25.61,865.353,0.000,24.66,850.433,0.000,21.82,427.703,0.000,15.18,656.475,0.000,18.02,1061.798,0.000,28.46,1128.938,0.000,36.05,559.496,0.000,18.97,875.300,0.000,28.46,768.374,0.000,25.61,755.941,0.000,23.71,676.368,0.000,24.66,795.727,0.000,20.87,755.941,0.000,22.77,465.003,0.000,14.23
90.2303,22243.461,0.000,22.38,99.78,0.00,623.115,0.000,22.73,556.087,0.000,15.15,794.409,0.000,22.73,754.689,0.000,23.68,754.689,0.000,17.99,662.835,0.000,19.89,1191.614,0.000,31.25,556.087,0.000,17.99,595.807,0.000,20.83,595.807,0.000,14.21,573.464,0.000,18.94,834.130,0.000,19.89,781.997,0.000,23.68,714.968,0.000,23.68,595.807,0.000,21.78,714.968,0.000,20.83,883.780,0.000,25.57,739.794,0.000,25.57,685.178,0.000,21.78,933.431,0.000,27.46,886.263,0.000,26.52,898.676,0.000,27.46,871.368,0.000,23.68,834.130,0.000,28.41,980.599,0.000,28.41,516.366,0.000,17.05,714.968,0.000,19.89,754.689,0.000,23.68,556.087,0.000,18.94,687.661,0.000,21.78
90.3374,22165.692,0.000,22.42,99.42,0.00,521.690,0.000,16.82,862.135,0.000,28.03,627.007,0.000,21.49,627.007,0.000,19.62,627.007,0.000,17.75,744.571,0.000,23.36,1058.075,0.000,30.83,1058.075,0.000,26.16,862.135,0.000,28.96,744.571,0.000,16.82,862.135,0.000,25.23,627.007,0.000,18.69,587.819,0.000,17.75,666.195,0.000,20.55,627.007,0.000,19.62,666.195,0.000,18.69,627.007,0.000,19.62,666.195,0.000,22.42,705.383,0.000,21.49,627.007,0.000,20.55,587.819,0.000,19.62,940.511,0.000,26.16,587.819,0.000,18.69,862.135,0.000,25.23,717.630,0.000,20.55,822.947,0.000,23.36,744.571,0.000,26.16,783.759,0.000,27.10,705.383,0.000,23.36,1018.887,0.000,28.03
90.4453,20252.981,0.000,20.29,99.78,0.00,466.200,0.000,13.89,893.550,0.000,24.08,621.600,0.000,19.45,658.022,0.000,18.53,660.450,0.000,15.75,738.150,0.000,22.23,505.050,0.000,15.75,699.300,0.000,19.45,738.150,0.000,22.23,505.050,0.000,12.97,543.900,0.000,16.67,543.900,0.000,13.89,971.250,0.000,31.49,621.600,0.000,22.23,582.750,0.000,22.23,854.700,0.000,23.16,738.150,0.000,23.16,621.600,0.000,22.23,789.140,0.000,22.23,769.715,0.000,22.23,660.450,0.000,22.23,893.550,0.000,23.16,631.312,0.000,22.23,543.900,0.000,17.60,466.200,0.000,14.82,738.150,0.000,21.30,660.450,0.000,20.38,621.600,0.000,18.53,738.150,0.000,21.30,777.000,0.000,23.16
90.5532,6112.502,0.000,4.79,99.55,0.00,116.636,0.000,2.78,388.787,0.000,9.27,116.636,0.000,2.78,119.066,0.000,1.85,233.272,0.000,4.63,272.151,0.000,6.49,116.636,0.000,3.71,194.394,0.000,5.56,349.908,0.000,8.34,331.722,0.000,8.34,77.757,0.000,0.93,194.394,0.000,2.78,427.666,0.000,8.34,272.151,0.000,7.42,272.151,0.000,6.49,116.636,0.000,3.71,116.636,0.000,2.78,77.757,0.000,2.78,182.244,0.000,5.56,240.562,0.000,4.63,233.272,0.000,5.56,272.151,0.000,5.56,184.674,0.000,3.71,77.757,0.000,1.85,77.757,0.000,1.85,194.394,0.000,4.63,233.272,0.000,6.49,272.151,0.000,4.63,155.515,0.000,4.63,194.394,0.000,5.56
90.6576,0.000,0.000,0.00,89.03,0.00,0.000,0.000,0.00,0.000,0.000,0.00,0.000,0.000,0.00,0.000,0.000,0.00,0.000,0.000,0.00,0.000,0.000,0.00,0.000,0.000,0.00,0.000,0.000,0.00,0.000,0.000,0.00,0.000,0.000,0.00,0.000,0.000,0.00,0.000,0.000,0.00,0.000,0.000,0.00,0.000,0.000,0.00,0.000,0.000,0.00,0.000,0.000,0.00,0.000,0.000,0.00,0.000,0.000,0.00,0.000,0.000,0.00,0.000,0.000,0.00,0.000,0.000,0.00,0.000,0.000,0.00,0.000,0.000,0.00,0.000,0.000,0.00,0.000,0.000,0.00,0.000,0.000,0.00,0.000,0.000,0.00,0.000,0.000,0.00,0.000,0.000,0.00,0.000,0.000,0.00
90.7949,0.000,0.000,0.00,98.73,0.00,0.000,0.000,0.00,0.000,0.000,0.00,0.000,0.000,0.00,0.000,0.000,0.00,0.000,0.000,0.00,0.000,0.000,0.00,0.000,0.000,0.00,0.000,0.000,0.00,0.000,0.000,0.00,0.000,0.000,0.00,0.000,0.000,0.00,0.000,0.000,0.00,0.000,0.000,0.00,0.000,0.000,0.00,0.000,0.000,0.00,0.000,0.000,0.00,0.000,0.000,0.00,0.000,0.000,0.00,0.000,0.000,0.00,0.000,0.000,0.00,0.000,0.000,0.00,0.000,0.000,0.00,0.000,0.000,0.00,0.000,0.000,0.00,0.000,0.000,0.00,0.000,0.000,0.00,0.000,0.000,0.00,0.000,0.000,0.00,0.000,0.000,0.00,0.000,0.000,0.00
90.9136,31248.934,0.000,73.14,87.35,1.11,991.014,0.000,81.67,1021.914,0.000,75.78,1041.778,0.000,79.99,1004.257,0.000,78.30,1165.379,0.000,44.62,1017.500,0.000,79.99,1074.886,0.000,80.83,1271.323,0.000,69.88,1149.929,0.000,79.99,1447.895,0.000,53.04,1008.671,0.000,77.46,635.661,0.000,37.89,803.405,0.000,59.78,1132.272,0.000,79.99,1015.292,0.000,73.25,1165.379,0.000,69.88,1096.957,0.000,60.62,1092.543,0.000,77.46,1043.985,0.000,81.67,1050.607,0.000,80.83,1002.049,0.000,81.67,993.221,0.000,77.46,918.177,0.000,73.25,942.456,0.000,73.25,867.413,0.000,70.72,1059.436,0.000,78.30,1024.121,0.000,78.30,1101.372,0.000,79.99,1141.100,0.000,79.99,968.942,0.000,78.30
91.0204,31202.337,0.000,43.54,98.63,0.07,1309.206,0.000,49.66,984.975,0.000,52.47,1316.575,0.000,62.78,1358.332,0.000,67.46,1061.120,0.000,29.05,1029.188,0.000,49.66,1633.437,0.000,59.03,864.616,0.000,36.54,1196.217,0.000,59.97,825.316,0.000,24.36,921.111,0.000,39.35,731.976,0.000,29.98,835.141,0.000,36.54,1137.265,0.000,48.72,992.344,0.000,39.35,1100.421,0.000,38.42,1215.867,0.000,44.98,867.073,0.000,35.61,1078.314,0.000,47.79,992.344,0.000,43.10,889.179,0.000,40.29,1645.719,0.000,59.97,864.616,0.000,40.29,955.499,0.000,48.72,960.412,0.000,36.54,1132.353,0.000,40.29,746.714,0.000,32.80,660.744,0.000,29.98,616.530,0.000,30.92,1279.731,0.000,51.54
91.1283,27619.779,0.000,33.71,99.14,0.00,1267.252,0.000,43.53,932.231,0.000,35.19,1165.289,0.000,41.67,738.016,0.000,26.86,738.016,0.000,17.60,886.105,0.000,35.19,776.859,0.000,30.56,699.173,0.000,27.78,738.016,0.000,27.78,932.231,0.000,26.86,699.173,0.000,28.71,1179.855,0.000,37.97,699.173,0.000,25.93,1126.446,0.000,39.82,543.802,0.000,21.30,971.074,0.000,35.19,1281.818,0.000,44.45,971.074,0.000,33.34,738.016,0.000,34.27,776.859,0.000,33.34,1014.773,0.000,40.75,854.545,0.000,32.41,980.785,0.000,38.90,971.074,0.000,37.97,1009.917,0.000,36.12,1327.944,0.000,40.75,779.287,0.000,32.41,893.388,0.000,37.04,1141.012,0.000,36.12,786.570,0.000,31.49
91.2374,26878.515,0.000,27.55,99.50,0.00,1000.399,0.000,31.19,884.969,0.000,25.69,1038.876,0.000,31.19,923.445,0.000,29.36,1127.854,0.000,25.69,896.993,0.000,25.69,577.153,0.000,18.35,961.922,0.000,27.52,808.015,0.000,22.93,769.538,0.000,19.26,808.015,0.000,28.44,680.560,0.000,19.26,1000.399,0.000,28.44,731.061,0.000,22.02,923.445,0.000,27.52,846.492,0.000,27.52,692.584,0.000,20.18,884.969,0.000,27.52,961.922,0.000,36.69,808.015,0.000,28.44,1226.451,0.000,42.20,884.969,0.000,31.19,875.349,0.000,33.94,923.445,0.000,30.27,923.445,0.000,27.52,923.445,0.000,24.77,1113.425,0.000,33.02,1012.423,0.000,33.02,870.540,0.000,22.02,798.396,0.000,25.69
91.3463,26612.683,0.000,34.16,99.21,0.00,923.651,0.000,36.70,1116.078,0.000,41.29,846.680,0.000,34.87,1036.702,0.000,41.29,1027.080,0.000,28.44,1149.753,0.000,39.46,846.680,0.000,31.20,846.680,0.000,32.11,615.767,0.000,26.61,808.194,0.000,26.61,1000.622,0.000,33.95,1166.590,0.000,39.46,962.136,0.000,35.79,692.738,0.000,30.28,962.136,0.000,39.46,423.340,0.000,21.10,846.680,0.000,30.28,1116.078,0.000,45.88,654.253,0.000,31.20,846.680,0.000,36.70,1154.563,0.000,42.21,731.223,0.000,33.03,1000.622,0.000,41.29,808.194,0.000,33.03,1000.622,0.000,39.46,615.767,0.000,28.44,808.194,0.000,30.28,911.624,0.000,35.79,1000.622,0.000,33.95,692.738,0.000,24.77
91.4544,26452.315,0.000,29.90,99.64,0.00,1048.385,0.000,32.40,1135.751,0.000,40.73,504.778,0.000,19.44,924.618,0.000,31.48,820.264,0.000,22.22,1087.214,0.000,37.96,737.753,0.000,26.85,504.778,0.000,12.96,1179.433,0.000,41.66,1376.006,0.000,29.62,582.436,0.000,19.44,698.924,0.000,14.81,1215.836,0.000,40.73,698.924,0.000,30.55,893.069,0.000,30.55,660.094,0.000,13.89,660.094,0.000,17.59,737.753,0.000,31.48,1325.043,0.000,51.84,776.582,0.000,36.10,815.411,0.000,39.81,1009.556,0.000,29.62,1004.703,0.000,41.66,698.924,0.000,21.29,854.240,0.000,28.70,1048.385,0.000,34.25,660.094,0.000,25.92,810.557,0.000,28.70,779.009,0.000,26.85,1203.702,0.000,37.96
91.5633,25139.645,0.000,30.16,99.93,0.00,731.195,0.000,28.44,1043.877,0.000,36.70,1154.519,0.000,39.45,793.732,0.000,33.95,880.321,0.000,22.02,769.679,0.000,28.44,615.743,0.000,24.77,731.195,0.000,24.77,716.764,0.000,30.28,714.358,0.000,22.02,731.195,0.000,26.61,1000.583,0.000,34.87,978.936,0.000,38.54,601.312,0.000,21.10,1173.761,0.000,41.29,1000.583,0.000,31.20,731.195,0.000,26.61,875.510,0.000,31.20,1111.224,0.000,38.54,654.227,0.000,26.61,885.131,0.000,38.54,808.163,0.000,27.53,1082.361,0.000,43.12,808.163,0.000,28.44,461.807,0.000,18.35,846.647,0.000,25.69,396.866,0.000,16.52,889.941,0.000,26.61,1219.460,0.000,41.29,731.195,0.000,31.20
91.6693,26260.584,1.237,30.26,99.55,0.00,764.295,0.000,29.25,855.813,0.000,28.31,712.353,0.155,23.59,1132.839,0.155,31.14,831.078,0.000,22.65,766.768,0.000,23.59,838.498,0.155,27.36,1108.104,0.000,36.80,704.932,0.155,23.59,870.653,0.000,27.36,1147.679,0.000,42.46,910.228,0.000,32.08,682.671,0.155,18.87,806.344,0.000,24.53,573.840,0.155,19.81,1160.047,0.000,41.52,1187.254,0.000,42.46,920.122,0.155,32.08,831.078,0.155,29.25,870.653,0.000,32.08,910.228,0.000,31.14,989.379,0.000,37.74,1028.954,0.000,33.02,949.804,0.000,39.63,751.928,0.000,30.19,712.353,0.000,28.31,1016.587,0.000,37.74,712.353,0.000,30.19,722.246,0.000,22.65,791.503,0.000,28.31
91.7743,26155.197,0.000,28.12,99.86,0.00,786.303,0.000,22.85,798.784,0.000,26.66,758.845,0.000,29.52,1278.055,0.000,42.85,1118.298,0.000,26.66,1023.443,0.000,39.04,911.113,0.000,33.33,838.724,0.000,25.71,1045.908,0.000,31.42,1118.298,0.000,27.61,1103.321,0.000,30.47,1033.427,0.000,30.47,678.967,0.000,24.76,758.845,0.000,25.71,599.088,0.000,20.95,906.121,0.000,23.81,758.845,0.000,25.71,838.724,0.000,27.61,878.663,0.000,28.57,958.541,0.000,27.61,718.906,0.000,24.76,439.331,0.000,18.09,878.663,0.000,31.42,848.708,0.000,28.57,928.587,0.000,27.61,599.088,0.000,23.81,843.716,0.000,23.81,758.845,0.000,28.57,1158.237,0.000,37.14,788.800,0.000,28.57
91.8823,23463.281,0.000,27.23,100.00,0.00,582.637,0.000,23.15,1126.432,0.000,37.97,815.692,0.000,29.63,699.165,0.000,25.00,689.454,0.000,15.74,699.165,0.000,27.78,1009.904,0.000,31.49,621.480,0.000,20.37,854.534,0.000,29.63,776.849,0.000,19.45,558.361,0.000,24.08,742.862,0.000,22.23,776.849,0.000,30.56,932.219,0.000,35.19,738.007,0.000,27.78,660.322,0.000,19.45,815.692,0.000,25.00,738.007,0.000,30.56,745.290,0.000,32.41,728.296,0.000,23.15,592.348,0.000,27.78,893.377,0.000,29.63,1009.904,0.000,38.90,1233.249,0.000,37.04,844.824,0.000,29.63,699.165,0.000,25.00,771.994,0.000,27.78,543.795,0.000,14.82,815.692,0.000,27.78,747.718,0.000,27.78
91.9907,25833.629,0.000,32.65,99.85,0.00,928.502,0.000,35.05,619.001,0.000,31.36,696.376,0.000,30.44,964.771,0.000,37.82,589.986,0.000,13.84,882.560,0.000,34.13,812.439,0.000,34.13,851.127,0.000,29.52,1080.834,0.000,40.58,580.314,0.000,14.76,957.518,0.000,35.97,928.502,0.000,31.36,735.064,0.000,26.75,735.064,0.000,27.67,812.439,0.000,30.44,1083.252,0.000,34.13,812.439,0.000,29.52,1121.940,0.000,41.51,1075.998,0.000,44.27,1054.236,0.000,45.20,918.830,0.000,37.82,691.540,0.000,29.52,889.814,0.000,41.51,1056.654,0.000,40.58,679.451,0.000,24.90,643.181,0.000,26.75,846.291,0.000,25.83,657.689,0.000,23.98,967.189,0.000,40.58,1160.627,0.000,39.66
92.0981,24857.843,0.000,28.87,99.56,0.00,546.916,0.000,24.22,664.113,0.000,24.22,859.440,0.000,28.87,861.882,0.000,25.15,546.916,0.000,15.83,983.961,0.000,35.39,742.244,0.000,25.15,976.637,0.000,31.67,1057.209,0.000,32.60,742.244,0.000,18.63,1142.665,0.000,38.19,898.506,0.000,26.08,664.113,0.000,27.01,664.113,0.000,25.15,820.375,0.000,28.87,976.637,0.000,31.67,937.571,0.000,31.67,625.047,0.000,27.01,625.047,0.000,24.22,1015.702,0.000,37.26,820.375,0.000,30.74,747.127,0.000,29.80,742.244,0.000,30.74,769.101,0.000,31.67,954.662,0.000,27.94,717.828,0.000,27.01,1294.043,0.000,40.98,859.440,0.000,31.67,898.506,0.000,30.74,703.178,0.000,26.08
92.2063,26002.615,0.000,30.61,99.57,0.00,1085.057,0.000,40.65,658.785,0.000,25.87,930.049,0.000,30.49,968.801,0.000,27.72,930.049,0.000,22.17,503.776,0.000,17.55,658.785,0.000,21.25,1046.305,0.000,29.57,697.537,0.000,24.95,503.776,0.000,12.93,775.041,0.000,29.57,1201.313,0.000,35.11,1046.305,0.000,36.96,1007.553,0.000,36.03,852.545,0.000,34.19,581.281,0.000,19.40,813.793,0.000,25.87,968.801,0.000,36.03,1085.057,0.000,36.96,891.297,0.000,36.96,813.793,0.000,32.34,852.545,0.000,29.57,697.537,0.000,28.64,813.793,0.000,32.34,968.801,0.000,36.96,930.049,0.000,37.88,1085.057,0.000,44.35,930.049,0.000,41.58,813.793,0.000,25.87,891.297,0.000,28.64
92.3116,24827.838,0.000,30.02,99.78,0.00,956.450,0.000,31.35,1076.006,0.000,36.11,829.421,0.000,31.35,677.485,0.000,22.80,797.041,0.000,19.95,916.598,0.000,36.11,876.745,0.000,35.16,876.745,0.000,29.45,876.745,0.000,30.40,717.337,0.000,20.90,468.262,0.000,20.90,677.485,0.000,25.65,637.633,0.000,24.70,864.292,0.000,31.35,851.838,0.000,30.40,1275.266,0.000,40.86,916.598,0.000,31.35,871.764,0.000,35.16,557.929,0.000,21.85,717.337,0.000,28.50,876.745,0.000,30.40,478.225,0.000,20.90,622.689,0.000,19.95,836.893,0.000,30.40,956.450,0.000,37.06,836.893,0.000,35.16,712.356,0.000,27.55,996.302,0.000,35.16,1195.562,0.000,44.66,876.745,0.000,35.16
92.4205,22127.654,0.000,29.83,100.00,0.00,575.025,0.000,25.70,885.395,0.000,34.88,892.613,0.000,36.71,962.386,0.000,37.63,885.395,0.000,27.53,615.927,0.000,28.45,885.395,0.000,38.55,654.422,0.000,28.45,659.234,0.000,27.53,692.918,0.000,22.03,818.028,0.000,29.37,577.431,0.000,24.78,731.413,0.000,31.21,935.920,0.000,40.38,793.968,0.000,38.55,731.413,0.000,25.70,538.936,0.000,23.86,890.207,0.000,37.63,423.450,0.000,17.44,808.404,0.000,31.21,692.918,0.000,26.62,384.954,0.000,16.52,553.372,0.000,23.86,962.386,0.000,32.12,654.422,0.000,28.45,923.890,0.000,32.12,582.243,0.000,29.37,1116.367,0.000,37.63,567.808,0.000,29.37,731.413,0.000,31.21
92.5295,23286.293,0.000,24.83,99.79,0.00,579.572,0.000,19.27,538.689,0.000,15.60,884.990,0.000,25.69,808.034,0.000,22.02,1000.423,0.000,24.77,923.468,0.000,30.27,577.167,0.000,20.18,923.468,0.000,26.60,803.224,0.000,25.69,769.556,0.000,18.35,769.556,0.000,29.36,846.512,0.000,24.77,846.512,0.000,30.27,615.645,0.000,27.52,731.079,0.000,32.11,577.167,0.000,16.51,808.034,0.000,24.77,1077.379,0.000,39.45,923.468,0.000,27.52,692.601,0.000,25.69,654.123,0.000,22.02,1000.423,0.000,30.27,769.556,0.000,26.60,654.123,0.000,22.93,808.034,0.000,26.60,846.512,0.000,27.52,808.034,0.000,25.69,538.689,0.000,11.93,856.131,0.000,24.77,654.123,0.000,20.18
92.6389,23199.933,0.000,29.09,100.00,0.00,690.674,0.000,23.79,383.708,0.000,16.47,498.820,0.000,16.47,537.191,0.000,15.55,652.303,0.000,20.13,959.269,0.000,33.85,1074.382,0.000,36.59,573.164,0.000,20.13,882.528,0.000,27.44,717.054,0.000,21.96,729.045,0.000,29.27,997.640,0.000,32.02,1036.011,0.000,42.08,959.269,0.000,42.08,805.786,0.000,34.76,613.932,0.000,25.62,920.899,0.000,32.93,997.640,0.000,42.08,959.269,0.000,39.34,729.045,0.000,26.53,767.416,0.000,33.85,537.191,0.000,22.87,690.674,0.000,32.93,805.786,0.000,27.44,805.786,0.000,31.10,690.674,0.000,29.27,1189.494,0.000,39.34,613.932,0.000,21.04,613.932,0.000,26.53,767.416,0.000,29.27
92.7464,25906.000,0.000,29.89,100.00,0.00,826.709,0.000,38.14,1131.543,0.000,36.28,780.375,0.000,24.19,741.356,0.000,28.84,741.356,0.000,18.61,858.412,0.000,28.84,858.412,0.000,31.63,821.832,0.000,26.05,663.318,0.000,24.19,714.531,0.000,16.75,934.011,0.000,40.00,585.281,0.000,19.54,819.393,0.000,26.05,663.318,0.000,21.40,780.375,0.000,30.70,1131.543,0.000,30.70,702.337,0.000,20.47,897.431,0.000,28.84,858.412,0.000,31.63,702.337,0.000,27.91,1248.599,0.000,38.14,860.851,0.000,40.93,975.468,0.000,33.49,1068.138,0.000,40.93,936.450,0.000,34.42,624.300,0.000,24.19,858.412,0.000,29.77,1248.599,0.000,40.00,1092.525,0.000,37.21,780.375,0.000,26.98
92.8552,24814.428,0.000,28.02,100.00,0.00,647.752,0.000,22.96,1045.071,0.000,36.74,1078.783,0.000,33.07,616.448,0.000,22.96,748.888,0.000,21.13,963.200,0.000,34.91,847.616,0.000,33.99,821.128,0.000,23.88,963.200,0.000,36.74,760.928,0.000,19.29,734.440,0.000,23.88,963.200,0.000,24.80,825.944,0.000,30.31,705.544,0.000,25.72,1117.311,0.000,36.74,809.088,0.000,27.56,500.864,0.000,15.62,847.616,0.000,26.64,693.504,0.000,29.39,770.560,0.000,28.48,732.032,0.000,29.39,806.680,0.000,28.48,1155.839,0.000,38.58,717.584,0.000,23.88,732.032,0.000,22.96,842.800,0.000,26.64,847.616,0.000,27.56,707.952,0.000,21.13,1040.255,0.000,38.58,770.560,0.000,28.48
92.9657,23730.061,0.000,23.92,100.00,0.00,683.152,0.000,21.72,982.032,0.000,29.86,948.823,0.000,28.96,683.152,0.000,19.91,666.548,0.000,17.19,768.547,0.000,21.72,709.245,0.000,21.72,799.383,0.000,20.81,834.964,0.000,28.05,844.452,0.000,21.72,759.058,0.000,20.81,948.823,0.000,26.24,780.407,0.000,26.24,974.916,0.000,31.67,910.870,0.000,27.15,884.777,0.000,28.05,493.388,0.000,13.57,607.247,0.000,19.91,638.083,0.000,22.62,896.638,0.000,30.77,607.247,0.000,22.62,948.823,0.000,24.43,1024.729,0.000,32.58,683.152,0.000,18.10,569.294,0.000,18.10,877.661,0.000,23.53,607.247,0.000,21.72,1041.333,0.000,29.86,797.011,0.000,24.43,759.058,0.000,23.53
93.0733,24311.560,0.000,24.63,100.00,0.00,662.600,0.000,21.37,623.623,0.000,22.30,733.244,0.000,26.02,467.717,0.000,20.44,896.458,0.000,19.51,925.691,0.000,29.74,1025.568,0.000,31.60,920.819,0.000,22.30,886.714,0.000,28.81,467.717,0.000,9.29,1052.364,0.000,33.45,691.832,0.000,22.30,974.411,0.000,27.88,725.936,0.000,24.16,701.576,0.000,22.30,1040.184,0.000,27.88,1030.440,0.000,26.02,701.576,0.000,20.44,591.955,0.000,17.66,794.145,0.000,25.09,857.482,0.000,26.02,1084.032,0.000,39.96,506.694,0.000,14.87,1035.312,0.000,33.45,618.751,0.000,20.44,1013.388,0.000,28.81,584.647,0.000,17.66,864.790,0.000,25.09,896.458,0.000,27.88,935.435,0.000,26.02
93.1843,22915.505,0.000,26.37,99.79,0.07,793.611,0.000,28.83,604.656,0.000,22.53,762.905,0.000,21.62,869.193,0.000,26.13,793.611,0.000,21.62,793.611,0.000,26.13,1133.729,0.000,31.54,604.656,0.000,25.23,538.521,0.000,20.72,566.865,0.000,10.81,793.611,0.000,27.03,765.267,0.000,27.03,718.029,0.000,28.83,732.200,0.000,27.93,906.984,0.000,32.44,831.402,0.000,27.03,890.450,0.000,29.73,831.402,0.000,30.63,604.656,0.000,23.43,944.774,0.000,27.93,793.611,0.000,27.03,951.860,0.000,32.44,604.656,0.000,24.33,847.935,0.000,31.54,873.916,0.000,32.44,869.193,0.000,30.63,680.238,0.000,27.93,642.447,0.000,25.23,642.447,0.000,22.53,529.074,0.000,19.82
93.2914,21846.711,0.153,21.73,99.70,0.00,665.879,0.153,22.41,783.387,0.000,18.68,626.710,0.000,19.61,665.879,0.000,20.55,587.540,0.000,14.94,744.218,0.000,23.35,900.895,0.000,21.48,744.218,0.000,21.48,783.387,0.000,21.48,783.387,0.000,15.88,861.726,0.000,23.35,548.371,0.000,14.94,548.371,0.000,19.61,705.048,0.000,25.21,822.557,0.000,30.82,861.726,0.000,22.41,822.557,0.000,21.48,861.726,0.000,26.15,548.371,0.000,17.74,822.557,0.000,28.95,942.513,0.000,31.75,837.245,0.000,24.28,795.628,0.000,24.28,705.048,0.000,22.41,822.557,0.000,26.15,509.202,0.000,14.94,587.540,0.000,19.61,665.879,0.000,23.35,744.218,0.000,18.68,548.371,0.000,15.88
93.3963,21996.175,0.000,19.60,98.76,0.00,559.648,0.000,17.16,759.523,0.000,20.01,719.548,0.000,20.01,799.497,0.000,24.78,639.598,0.000,14.30,679.573,0.000,20.01,639.598,0.000,17.16,879.447,0.000,20.01,1039.347,0.000,29.55,679.573,0.000,17.16,759.523,0.000,19.06,719.548,0.000,20.01,679.573,0.000,19.06,479.698,0.000,14.30,479.698,0.000,13.34,759.523,0.000,20.97,479.698,0.000,14.30,759.523,0.000,20.97,879.447,0.000,21.92,679.573,0.000,17.16,557.150,0.000,16.20,984.381,0.000,22.87,707.056,0.000,19.06,919.422,0.000,25.73,839.472,0.000,20.01,519.673,0.000,12.39,799.497,0.000,18.11,839.472,0.000,21.92,759.523,0.000,22.87,999.372,0.000,27.64
93.5025,19875.421,0.000,17.87,98.96,0.00,474.135,0.000,15.07,869.247,0.000,24.49,671.691,0.000,22.61,474.135,0.000,13.19,750.713,0.000,15.07,553.157,0.000,16.01,632.180,0.000,16.01,745.774,0.000,17.90,592.668,0.000,20.72,495.164,0.000,11.30,592.668,0.000,19.78,513.646,0.000,14.13,891.472,0.000,24.49,1014.945,0.000,28.26,733.427,0.000,17.90,355.601,0.000,7.54,513.646,0.000,11.30,671.691,0.000,18.84,555.627,0.000,12.25,474.135,0.000,14.13,790.225,0.000,21.67,1027.292,0.000,26.38,553.157,0.000,13.19,632.180,0.000,19.78,434.624,0.000,9.42,908.758,0.000,24.49,671.691,0.000,19.78,740.836,0.000,18.84,632.180,0.000,18.84,908.758,0.000,22.61
93.6074,7577.841,0.000,6.67,99.33,0.00,199.943,0.000,5.72,439.875,0.000,11.44,159.954,0.000,3.81,319.909,0.000,7.63,359.897,0.000,9.53,279.920,0.000,7.63,159.954,0.000,3.81,124.964,0.000,3.81,319.909,0.000,8.58,279.920,0.000,7.63,119.966,0.000,3.81,319.909,0.000,7.63,377.393,0.000,9.53,252.428,0.000,7.63,217.438,0.000,5.72,279.920,0.000,5.72,239.932,0.000,4.77,79.977,0.000,1.91,277.421,0.000,5.72,399.886,0.000,11.44,399.886,0.000,10.49,239.932,0.000,6.67,359.897,0.000,11.44,199.943,0.000,7.63,79.977,0.000,1.91,279.920,0.000,9.53,319.909,0.000,7.63,169.952,0.000,3.81,159.954,0.000,3.81,159.954,0.000,3.81
93.7111,0.000,0.000,0.00,22.11,0.00,0.000,0.000,0.00,0.000,0.000,0.00,0.000,0.000,0.00,0.000,0.000,0.00,0.000,0.000,0.00,0.000,0.000,0.00,0.000,0.000,0.00,0.000,0.000,0.00,0.000,0.000,0.00,0.000,0.000,0.00,0.000,0.000,0.00,0.000,0.000,0.00,0.000,0.000,0.00,0.000,0.000,0.00,0.000,0.000,0.00,0.000,0.000,0.00,0.000,0.000,0.00,0.000,0.000,0.00,0.000,0.000,0.00,0.000,0.000,0.00,0.000,0.000,0.00,0.000,0.000,0.00,0.000,0.000,0.00,0.000,0.000,0.00,0.000,0.000,0.00,0.000,0.000,0.00,0.000,0.000,0.00,0.000,0.000,0.00,0.000,0.000,0.00,0.000,0.000,0.00
93.8128,0.000,0.000,0.00,0.85,0.00,0.000,0.000,0.00,0.000,0.000,0.00,0.000,0.000,0.00,0.000,0.000,0.00,0.000,0.000,0.00,0.000,0.000,0.00,0.000,0.000,0.00,0.000,0.000,0.00,0.000,0.000,0.00,0.000,0.000,0.00,0.000,0.000,0.00,0.000,0.000,0.00,0.000,0.000,0.00,0.000,0.000,0.00,0.000,0.000,0.00,0.000,0.000,0.00,0.000,0.000,0.00,0.000,0.000,0.00,0.000,0.000,0.00,0.000,0.000,0.00,0.000,0.000,0.00,0.000,0.000,0.00,0.000,0.000,0.00,0.000,0.000,0.00,0.000,0.000,0.00,0.000,0.000,0.00,0.000,0.000,0.00,0.000,0.000,0.00,0.000,0.000,0.00,0.000,0.000,0.00
93.9138,0.000,0.000,0.00,0.85,0.00,0.000,0.000,0.00,0.000,0.000,0.00,0.000,0.000,0.00,0.000,0.000,0.00,0.000,0.000,0.00,0.000,0.000,0.00,0.000,0.000,0.00,0.000,0.000,0.00,0.000,0.000,0.00,0.000,0.000,0.00,0.000,0.000,0.00,0.000,0.000,0.00,0.000,0.000,0.00,0.000,0.000,0.00,0.000,0.000,0.00,0.000,0.000,0.00,0.000,0.000,0.00,0.000,0.000,0.00,0.000,0.000,0.00,0.000,0.000,0.00,0.000,0.000,0.00,0.000,0.000,0.00,0.000,0.000,0.00,0.000,0.000,0.00,0.000,0.000,0.00,0.000,0.000,0.00,0.000,0.000,0.00,0.000,0.000,0.00,0.000,0.000,0.00,0.000,0.000,0.00
94.0152,0.000,0.000,0.00,0.92,0.00,0.000,0.000,0.00,0.000,0.000,0.00,0.000,0.000,0.00,0.000,0.000,0.00,0.000,0.000,0.00,0.000,0.000,0.00,0.000,0.000,0.00,0.000,0.000,0.00,0.000,0.000,0.00,0.000,0.000,0.00,0.000,0.000,0.00,0.000,0.000,0.00,0.000,0.000,0.00,0.000,0.000,0.00,0.000,0.000,0.00,0.000,0.000,0.00,0.000,0.000,0.00,0.000,0.000,0.00,0.000,0.000,0.00,0.000,0.000,0.00,0.000,0.000,0.00,0.000,0.000,0.00,0.000,0.000,0.00,0.000,0.000,0.00,0.000,0.000,0.00,0.000,0.000,0.00,0.000,0.000,0.00,0.000,0.000,0.00,0.000,0.000,0.00,0.000,0.000,0.00
94.1170,0.000,0.000,0.00,0.77,0.00,0.000,0.000,0.00,0.000,0.000,0.00,0.000,0.000,0.00,0.000,0.000,0.00,0.000,0.000,0.00,0.000,0.000,0.00,0.000,0.000,0.00,0.000,0.000,0.00,0.000,0.000,0.00,0.000,0.000,0.00,0.000,0.000,0.00,0.000,0.000,0.00,0.000,0.000,0.00,0.000,0.000,0.00,0.000,0.000,0.00,0.000,0.000,0.00,0.000,0.000,0.00,0.000,0.000,0.00,0.000,0.000,0.00,0.000,0.000,0.00,0.000,0.000,0.00,0.000,0.000,0.00,0.000,0.000,0.00,0.000,0.000,0.00,0.000,0.000,0.00,0.000,0.000,0.00,0.000,0.000,0.00,0.000,0.000,0.00,0.000,0.000,0.00,0.000,0.000,0.00
94.2181,0.000,0.000,0.00,0.85,0.00,0.000,0.000,0.00,0.000,0.000,0.00,0.000,0.000,0.00,0.000,0.000,0.00,0.000,0.000,0.00,0.000,0.000,0.00,0.000,0.000,0.00,0.000,0.000,0.00,0.000,0.000,0.00,0.000,0.000,0.00,0.000,0.000,0.00,0.000,0.000,0.00,0.000,0.000,0.00,0.000,0.000,0.00,0.000,0.000,0.00,0.000,0.000,0.00,0.000,0.000,0.00,0.000,0.000,0.00,0.000,0.000,0.00,0.000,0.000,0.00,0.000,0.000,0.00,0.000,0.000,0.00,0.000,0.000,0.00,0.000,0.000,0.00,0.000,0.000,0.00,0.000,0.000,0.00,0.000,0.000,0.00,0.000,0.000,0.00,0.000,0.000,0.00,0.000,0.000,0.00
94.3193,0.000,0.000,0.00,33.83,0.00,0.000,0.000,0.00,0.000,0.000,0.00,0.000,0.000,0.00,0.000,0.000,0.00,0.000,0.000,0.00,0.000,0.000,0.00,0.000,0.000,0.00,0.000,0.000,0.00,0.000,0.000,0.00,0.000,0.000,0.00,0.000,0.000,0.00,0.000,0.000,0.00,0.000,0.000,0.00,0.000,0.000,0.00,0.000,0.000,0.00,0.000,0.000,0.00,0.000,0.000,0.00,0.000,0.000,0.00,0.000,0.000,0.00,0.000,0.000,0.00,0.000,0.000,0.00,0.000,0.000,0.00,0.000,0.000,0.00,0.000,0.000,0.00,0.000,0.000,0.00,0.000,0.000,0.00,0.000,0.000,0.00,0.000,0.000,0.00,0.000,0.000,0.00,0.000,0.000,0.00
94.4265,0.000,0.000,0.00,93.82,0.00,0.000,0.000,0.00,0.000,0.000,0.00,0.000,0.000,0.00,0.000,0.000,0.00,0.000,0.000,0.00,0.000,0.000,0.00,0.000,0.000,0.00,0.000,0.000,0.00,0.000,0.000,0.00,0.000,0.000,0.00,0.000,0.000,0.00,0.000,0.000,0.00,0.000,0.000,0.00,0.000,0.000,0.00,0.000,0.000,0.00,0.000,0.000,0.00,0.000,0.000,0.00,0.000,0.000,0.00,0.000,0.000,0.00,0.000,0.000,0.00,0.000,0.000,0.00,0.000,0.000,0.00,0.000,0.000,0.00,0.000,0.000,0.00,0.000,0.000,0.00,0.000,0.000,0.00,0.000,0.000,0.00,0.000,0.000,0.00,0.000,0.000,0.00,0.000,0.000,0.00
94.5304,0.000,0.000,0.00,95.80,0.00,0.000,0.000,0.00,0.000,0.000,0.00,0.000,0.000,0.00,0.000,0.000,0.00,0.000,0.000,0.00,0.000,0.000,0.00,0.000,0.000,0.00,0.000,0.000,0.00,0.000,0.000,0.00,0.000,0.000,0.00,0.000,0.000,0.00,0.000,0.000,0.00,0.000,0.000,0.00,0.000,0.000,0.00,0.000,0.000,0.00,0.000,0.000,0.00,0.000,0.000,0.00,0.000,0.000,0.00,0.000,0.000,0.00,0.000,0.000,0.00,0.000,0.000,0.00,0.000,0.000,0.00,0.000,0.000,0.00,0.000,0.000,0.00,0.000,0.000,0.00,0.000,0.000,0.00,0.000,0.000,0.00,0.000,0.000,0.00,0.000,0.000,0.00,0.000,0.000,0.00
94.6347,4282.034,0.000,10.19,89.65,0.37,110.569,0.000,12.46,163.340,0.000,11.50,103.030,0.000,9.59,65.336,0.000,9.59,193.496,0.000,11.50,233.703,0.000,10.54,170.879,0.000,11.50,190.983,0.000,11.50,221.138,0.000,11.50,148.263,0.000,10.54,128.159,0.000,8.63,165.853,0.000,9.59,165.853,0.000,10.54,138.211,0.000,10.54,115.595,0.000,10.54,70.362,0.000,10.54,125.647,0.000,8.63,135.698,0.000,9.59,246.267,0.000,11.50,133.185,0.000,11.50,90.466,0.000,12.46,108.056,0.000,8.63,85.440,0.000,6.71,160.828,0.000,8.63,80.414,0.000,7.67,133.185,0.000,10.54,178.418,0.000,9.59,203.547,0.000,10.54,175.905,0.000,10.54,40.207,0.000,8.63
94.7403,38862.208,0.000,87.04,97.03,0.36,1360.103,0.000,98.47,1263.307,0.000,95.63,1340.247,0.000,100.00,1335.283,0.000,100.00,1317.910,0.000,47.34,1238.488,0.000,89.00,1630.634,0.000,100.00,1479.236,0.000,75.74,1330.320,0.000,99.41,1561.140,0.000,51.13,1278.199,0.000,98.47,590.702,0.000,38.82,948.101,0.000,71.96,1479.236,0.000,99.41,1444.489,0.000,94.68,1518.947,0.000,75.74,1384.922,0.000,71.96,1335.283,0.000,95.63,1265.789,0.000,89.00,1298.054,0.000,93.73,1221.114,0.000,89.94,1335.283,0.000,100.00,1027.523,0.000,79.53,1151.620,0.000,89.00,1253.379,0.000,93.73,1298.054,0.000,95.63,1253.379,0.000,93.73,1307.982,0.000,97.52,1176.439,0.000,86.16,1437.043,0.000,100.00
94.8483,28993.403,0.000,37.50,97.99,0.00,1138.376,0.000,46.30,859.244,0.000,38.89,1298.574,0.000,48.15,1233.039,0.000,50.00,992.742,0.000,28.70,864.098,0.000,32.41,1230.612,0.000,38.89,701.473,0.000,35.18,1014.587,0.000,46.30,1082.550,0.000,33.33,723.318,0.000,31.48,856.816,0.000,39.81,730.600,0.000,32.41,1021.869,0.000,37.04,728.173,0.000,32.41,1101.968,0.000,41.67,1281.584,0.000,44.44,932.061,0.000,36.11,932.061,0.000,38.89,1043.714,0.000,44.44,953.906,0.000,42.59,1541.299,0.000,48.15,893.225,0.000,33.33,893.225,0.000,37.04,910.216,0.000,32.41,1060.705,0.000,36.11,689.337,0.000,27.78,507.294,0.000,22.22,657.783,0.000,26.85,1118.958,0.000,41.67
94.9573,27658.239,0.000,29.91,98.34,0.00,1257.849,0.000,35.78,923.545,0.000,32.11,1185.697,0.000,37.62,808.102,0.000,31.19,747.975,0.000,20.18,1144.811,0.000,32.11,574.810,0.000,19.27,959.621,0.000,32.11,803.291,0.000,25.69,851.393,0.000,23.85,731.140,0.000,26.61,1113.545,0.000,33.95,892.279,0.000,31.19,1038.988,0.000,35.78,615.696,0.000,20.18,947.595,0.000,25.69,1038.988,0.000,33.95,808.102,0.000,30.28,692.658,0.000,29.36,680.633,0.000,22.94,1017.342,0.000,34.86,731.140,0.000,24.77,1115.950,0.000,34.86,923.545,0.000,31.19,885.064,0.000,29.36,1373.292,0.000,41.29,779.241,0.000,22.94,844.178,0.000,32.11,1272.279,0.000,36.70,899.494,0.000,29.36
95.0653,27117.346,0.000,32.50,99.43,0.00,1048.576,0.000,34.26,970.904,0.000,30.56,987.895,0.000,31.48,776.723,0.000,27.78,1203.921,0.000,29.63,606.815,0.000,21.30,771.869,0.000,28.70,699.051,0.000,28.70,660.215,0.000,22.22,737.887,0.000,23.15,932.068,0.000,37.96,1009.740,0.000,31.48,1009.740,0.000,38.89,776.723,0.000,36.11,737.887,0.000,31.48,699.051,0.000,25.93,854.395,0.000,31.48,1165.085,0.000,41.67,912.650,0.000,33.33,910.222,0.000,30.56,1398.102,0.000,46.30,621.379,0.000,24.07,893.232,0.000,31.48,1048.576,0.000,39.81,973.331,0.000,38.89,1000.031,0.000,39.81,932.068,0.000,34.26,1252.466,0.000,48.15,997.604,0.000,32.41,529.143,0.000,23.15
95.1743,26562.884,0.000,29.82,100.00,0.00,885.029,0.000,31.19,1252.989,0.000,44.95,675.796,0.000,22.02,1115.906,0.000,41.28,961.988,0.000,21.10,1207.295,0.000,41.28,892.244,0.000,33.94,885.029,0.000,23.85,1077.426,0.000,34.86,894.649,0.000,17.43,961.988,0.000,30.27,808.070,0.000,23.85,853.764,0.000,31.19,538.713,0.000,20.18,1103.881,0.000,35.78,500.234,0.000,15.60,692.631,0.000,20.18,846.549,0.000,32.11,892.244,0.000,35.78,658.962,0.000,33.94,846.549,0.000,34.86,1077.426,0.000,37.61,1079.831,0.000,44.04,538.713,0.000,19.27,1113.501,0.000,31.19,820.094,0.000,23.85,808.070,0.000,23.85,721.491,0.000,22.02,966.798,0.000,34.86,885.029,0.000,32.11
95.2833,25356.602,0.150,28.81,100.00,0.00,909.201,0.000,32.11,901.985,0.000,28.44,901.985,0.000,33.95,808.179,0.000,33.95,894.769,0.000,22.02,1209.863,0.000,33.03,570.055,0.000,22.02,615.755,0.000,20.19,849.069,0.000,32.11,1108.840,0.000,29.36,500.301,0.150,18.35,923.633,0.000,26.61,1147.325,0.000,38.54,500.301,0.000,19.27,952.496,0.000,31.20,577.270,0.000,17.43,923.633,0.000,29.36,769.694,0.000,31.20,1183.404,0.000,46.79,957.307,0.000,34.87,952.496,0.000,41.29,1077.571,0.000,33.03,998.197,0.000,41.29,885.148,0.000,30.28,461.816,0.000,16.52,613.350,0.000,21.10,731.209,0.000,22.02,692.724,0.000,20.19,815.394,0.000,28.44,923.633,0.000,29.36
95.3913,27127.872,0.000,28.08,100.00,0.00,793.667,0.000,25.92,1203.849,0.000,36.11,932.012,0.000,29.63,932.012,0.000,31.48,922.304,0.000,20.37,682.019,0.000,25.00,783.958,0.000,21.30,737.843,0.000,20.37,774.250,0.000,23.15,774.250,0.000,18.52,902.887,0.000,29.63,815.511,0.000,23.15,893.179,0.000,32.41,815.511,0.000,32.41,798.521,0.000,30.55,1325.205,0.000,34.26,815.511,0.000,24.07,1242.683,0.000,39.81,992.690,0.000,34.26,737.843,0.000,25.00,864.053,0.000,31.48,893.179,0.000,31.48,1009.680,0.000,33.33,815.511,0.000,26.85,776.677,0.000,22.22,893.179,0.000,24.07,543.674,0.000,18.52,1359.185,0.000,36.11,1009.680,0.000,30.55,1087.348,0.000,30.55
95.4994,26096.591,0.000,27.96,100.00,0.00,696.524,0.000,23.14,970.765,0.000,32.40,893.104,0.000,29.63,1048.426,0.000,31.48,931.934,0.000,25.00,1048.426,0.000,35.18,698.951,0.000,25.92,1009.596,0.000,30.55,737.781,0.000,27.77,1126.087,0.000,27.77,1157.637,0.000,30.55,917.373,0.000,27.77,931.934,0.000,32.40,1002.315,0.000,33.33,854.273,0.000,35.18,878.542,0.000,27.77,866.408,0.000,28.70,465.967,0.000,18.52,1150.357,0.000,35.18,776.612,0.000,25.00,776.612,0.000,29.63,623.717,0.000,21.29,982.900,0.000,32.40,1055.707,0.000,28.70,1029.011,0.000,28.70,698.951,0.000,25.00,863.981,0.000,23.14,504.798,0.000,18.52,817.870,0.000,30.55,580.032,0.000,17.59
95.6083,25369.616,0.000,26.27,100.00,0.00,962.064,0.000,30.28,692.686,0.000,19.27,500.273,0.000,18.35,1077.511,0.000,33.03,885.098,0.000,20.18,500.273,0.000,15.60,846.616,0.000,24.77,1000.546,0.000,29.36,1039.029,0.000,32.11,577.238,0.000,13.76,921.176,0.000,29.36,1053.460,0.000,30.28,885.098,0.000,25.69,1007.762,0.000,30.28,769.651,0.000,22.94,817.754,0.000,24.77,873.073,0.000,28.44,846.616,0.000,29.36,707.117,0.000,26.61,923.581,0.000,32.11,654.203,0.000,28.44,844.211,0.000,25.69,1065.485,0.000,33.03,877.883,0.000,29.36,596.479,0.000,20.18,769.651,0.000,23.85,791.297,0.000,25.69,769.651,0.000,22.94,1075.106,0.000,30.28,1039.029,0.000,32.11
95.7163,24535.835,0.000,26.02,100.00,0.00,582.511,0.000,19.44,621.345,0.000,22.22,776.681,0.000,27.78,932.017,0.000,30.55,427.174,0.000,10.18,815.515,0.000,31.48,1359.192,0.000,39.81,776.681,0.000,20.37,1065.509,0.000,32.41,1087.353,0.000,25.92,776.681,0.000,27.78,1087.353,0.000,29.63,815.515,0.000,26.85,699.013,0.000,23.15,582.511,0.000,20.37,893.183,0.000,21.30,737.847,0.000,19.44,815.515,0.000,29.63,970.851,0.000,36.11,737.847,0.000,23.15,815.515,0.000,29.63,543.677,0.000,17.59,941.726,0.000,36.11,970.851,0.000,32.41,970.851,0.000,26.85,543.677,0.000,16.67,779.108,0.000,23.15,621.345,0.000,19.44,932.017,0.000,31.48,856.776,0.000,29.63
95.8243,25280.305,0.000,25.77,100.00,0.00,893.246,0.000,29.63,1009.756,0.000,35.19,932.082,0.000,31.48,1048.593,0.000,32.41,854.409,0.000,21.30,946.646,0.000,26.85,427.204,0.000,14.82,747.608,0.000,21.30,1058.302,0.000,37.04,854.409,0.000,20.37,970.919,0.000,33.33,900.527,0.000,26.85,453.905,0.000,20.37,740.326,0.000,27.78,953.928,0.000,27.78,1111.702,0.000,30.56,929.655,0.000,25.00,1099.566,0.000,36.11,737.898,0.000,21.30,932.082,0.000,26.85,660.225,0.000,20.37,737.898,0.000,21.30,609.252,0.000,22.22,1118.984,0.000,25.93,599.543,0.000,18.52,776.735,0.000,23.15,946.646,0.000,25.00,555.851,0.000,15.74,837.418,0.000,27.78,834.990,0.000,26.85
95.9333,25391.087,0.000,25.08,100.00,0.00,577.234,0.000,19.27,731.163,0.000,22.94,731.163,0.000,22.02,962.057,0.000,24.77,692.681,0.000,15.60,986.108,0.000,30.28,743.189,0.000,26.61,952.436,0.000,23.85,743.189,0.000,18.35,461.787,0.000,12.84,1154.468,0.000,30.28,877.877,0.000,23.85,820.154,0.000,23.85,805.723,0.000,28.44,747.999,0.000,21.10,1091.935,0.000,27.52,1089.529,0.000,30.28,873.067,0.000,25.69,731.163,0.000,21.10,846.610,0.000,24.77,846.610,0.000,26.61,654.199,0.000,21.10,772.051,0.000,24.77,815.343,0.000,27.52,897.118,0.000,28.44,923.575,0.000,27.52,1221.812,0.000,38.53,834.584,0.000,24.77,1055.857,0.000,31.19,750.404,0.000,28.44
96.0423,25709.302,0.000,24.77,100.00,0.00,1115.914,0.000,28.44,1077.434,0.000,32.11,923.515,0.000,29.36,769.596,0.000,23.85,654.156,0.000,13.76,731.116,0.000,24.77,1173.633,0.000,29.36,1000.474,0.000,25.69,808.075,0.000,26.61,663.776,0.000,11.93,538.717,0.000,18.35,961.994,0.000,22.94,772.001,0.000,26.61,923.515,0.000,30.28,961.994,0.000,29.36,731.116,0.000,18.35,683.016,0.000,21.10,769.596,0.000,21.10,808.075,0.000,28.44,1154.393,0.000,31.19,961.994,0.000,28.44,808.075,0.000,22.94,759.976,0.000,28.44,808.075,0.000,24.77,817.695,0.000,23.85,642.131,0.000,19.27,1038.954,0.000,24.77,726.306,0.000,22.02,961.994,0.000,28.44,961.994,0.000,26.61
96.1503,23241.586,0.000,24.85,100.00,0.00,776.823,0.000,25.93,660.300,0.000,22.23,854.506,0.000,25.00,737.982,0.000,22.23,1087.553,0.000,28.71,558.342,0.000,18.52,589.900,0.000,21.30,927.333,0.000,26.86,582.618,0.000,21.30,575.335,0.000,13.89,854.506,0.000,27.78,740.410,0.000,25.00,813.237,0.000,26.86,699.141,0.000,23.15,660.300,0.000,22.23,716.134,0.000,21.30,621.459,0.000,21.30,1150.670,0.000,34.26,621.459,0.000,23.15,427.253,0.000,20.37,815.665,0.000,27.78,893.347,0.000,28.71,631.169,0.000,22.23,776.823,0.000,25.00,844.795,0.000,28.71,983.167,0.000,30.56,893.347,0.000,24.08,1094.836,0.000,34.26,985.595,0.000,29.63,667.583,0.000,23.15
96.2594,23171.244,0.000,27.94,99.64,0.00,653.998,0.000,24.76,769.409,0.000,24.76,728.535,0.000,26.60,954.549,0.000,32.10,961.762,0.000,24.76,742.961,0.000,24.76,702.086,0.000,29.35,812.689,0.000,26.60,925.696,0.000,32.10,805.475,0.000,19.26,574.653,0.000,19.26,687.660,0.000,24.76,735.748,0.000,33.94,964.166,0.000,36.69,834.328,0.000,38.52,519.351,0.000,20.18,923.291,0.000,28.43,632.358,0.000,28.43,810.284,0.000,32.10,1173.349,0.000,41.27,807.880,0.000,33.02,545.800,0.000,18.34,557.822,0.000,24.76,714.108,0.000,27.52,985.806,0.000,31.19,884.821,0.000,31.19,502.520,0.000,19.26,894.438,0.000,31.19,488.094,0.000,21.10,877.608,0.000,32.10
96.3683,23182.427,0.000,23.18,99.14,0.00,615.697,0.000,17.43,384.810,0.000,12.84,887.469,0.000,22.94,699.874,0.000,18.35,692.659,0.000,16.51,935.571,0.000,31.19,836.963,0.000,20.18,346.329,0.000,11.93,805.697,0.000,22.02,731.140,0.000,17.43,656.583,0.000,20.18,848.988,0.000,21.10,880.254,0.000,27.52,622.912,0.000,22.02,704.684,0.000,23.85,925.950,0.000,24.77,692.659,0.000,21.10,1152.026,0.000,33.95,882.659,0.000,27.52,481.013,0.000,13.76,769.621,0.000,22.94,685.444,0.000,23.85,865.824,0.000,30.28,978.862,0.000,29.36,832.153,0.000,26.61,769.621,0.000,25.69,1058.229,0.000,33.95,928.355,0.000,28.44,817.722,0.000,25.69,692.659,0.000,22.02
96.4773,24138.228,0.000,24.01,99.21,0.00,481.081,0.000,16.52,808.216,0.000,24.77,808.216,0.000,24.77,731.243,0.000,22.94,769.729,0.000,17.43,962.162,0.000,28.45,1241.188,0.000,34.87,769.729,0.000,21.10,923.675,0.000,23.86,692.756,0.000,18.35,731.243,0.000,21.10,615.783,0.000,20.19,889.999,0.000,32.12,798.594,0.000,23.86,1005.459,0.000,33.03,923.675,0.000,21.10,808.216,0.000,21.10,923.675,0.000,31.20,832.270,0.000,26.61,1005.459,0.000,33.95,731.243,0.000,25.69,615.783,0.000,20.19,731.243,0.000,26.61,846.702,0.000,21.10,615.783,0.000,16.52,808.216,0.000,22.02,940.513,0.000,22.02,752.891,0.000,21.10,680.729,0.000,22.02,692.756,0.000,25.69
96.5863,26015.044,0.000,29.48,99.43,0.00,815.300,0.000,26.61,923.526,0.000,30.28,731.124,0.000,20.18,577.204,0.000,24.77,538.723,0.000,12.84,923.526,0.000,36.70,644.544,0.000,27.52,923.526,0.000,22.94,1038.966,0.000,30.28,654.164,0.000,17.43,962.006,0.000,26.61,962.006,0.000,25.69,658.974,0.000,29.36,1077.447,0.000,38.53,957.196,0.000,36.70,808.085,0.000,22.94,731.124,0.000,21.10,846.565,0.000,33.95,824.920,0.000,34.86,670.999,0.000,29.36,933.146,0.000,36.70,731.124,0.000,25.69,1308.328,0.000,45.87,1077.447,0.000,37.62,846.565,0.000,28.44,769.605,0.000,24.77,1154.407,0.000,35.78,1038.966,0.000,34.86,1077.447,0.000,37.62,808.085,0.000,28.44
96.6953,23830.325,0.000,22.97,99.86,0.00,973.991,0.000,27.52,846.531,0.000,26.60,961.967,0.000,27.52,615.659,0.000,19.27,827.292,0.000,22.02,885.010,0.000,20.18,529.082,0.000,18.35,923.488,0.000,23.85,615.659,0.000,19.27,971.587,0.000,24.77,846.531,0.000,27.52,846.531,0.000,22.94,1183.219,0.000,28.44,577.180,0.000,16.51,692.616,0.000,20.18,808.052,0.000,22.02,577.180,0.000,19.27,615.659,0.000,19.27,882.605,0.000,24.77,714.260,0.000,22.94,808.052,0.000,24.77,769.574,0.000,23.85,1000.446,0.000,26.60,731.095,0.000,22.94,846.531,0.000,26.60,692.616,0.000,21.10,615.659,0.000,18.35,961.967,0.000,29.36,740.715,0.000,22.02,769.574,0.000,20.18
96.8033,25062.664,0.000,26.11,99.78,0.00,737.851,0.000,25.00,1009.691,0.000,32.41,815.520,0.000,31.48,660.183,0.000,23.15,990.274,0.000,25.00,1165.028,0.000,36.11,1252.405,0.000,42.59,815.520,0.000,26.85,837.364,0.000,28.70,572.805,0.000,14.81,815.520,0.000,27.78,699.017,0.000,20.37,893.188,0.000,26.85,854.354,0.000,29.63,932.022,0.000,26.85,932.022,0.000,28.70,582.514,0.000,16.67,699.017,0.000,18.52,427.177,0.000,18.52,810.665,0.000,27.78,766.977,0.000,25.92,1087.359,0.000,29.63,621.348,0.000,22.22,854.354,0.000,25.92,621.348,0.000,15.74,1242.696,0.000,30.55,582.514,0.000,18.52,893.188,0.000,22.22,1087.359,0.000,36.11,803.384,0.000,28.70
96.9113,23128.787,0.000,23.18,100.00,0.00,466.071,0.000,15.74,776.785,0.000,28.71,776.785,0.000,26.85,776.785,0.000,25.93,854.464,0.000,21.30,427.232,0.000,12.96,776.785,0.000,24.08,893.303,0.000,23.15,677.260,0.000,22.22,660.268,0.000,16.67,1165.178,0.000,31.48,893.303,0.000,21.30,776.785,0.000,26.85,504.911,0.000,19.45,854.464,0.000,31.48,970.982,0.000,23.15,585.017,0.000,15.74,893.303,0.000,25.93,815.625,0.000,26.85,970.982,0.000,28.71,932.143,0.000,27.78,1087.500,0.000,32.41,657.840,0.000,18.52,893.303,0.000,28.71,737.946,0.000,19.45,543.750,0.000,15.74,582.589,0.000,19.45,737.946,0.000,22.22,650.558,0.000,19.45,788.923,0.000,23.15
97.0193,22849.560,0.000,22.28,99.93,0.00,815.449,0.000,25.00,749.922,0.000,23.15,846.999,0.000,25.00,543.633,0.000,20.37,660.125,0.000,14.81,660.125,0.000,20.37,1087.265,0.000,31.48,582.464,0.000,13.89,776.618,0.000,22.22,815.449,0.000,18.52,776.618,0.000,23.15,854.280,0.000,25.00,582.464,0.000,19.44,638.283,0.000,20.37,762.056,0.000,21.29,815.449,0.000,23.15,1084.838,0.000,29.63,1043.581,0.000,29.63,349.478,0.000,7.41,504.802,0.000,16.66,1048.434,0.000,29.63,893.111,0.000,30.55,662.552,0.000,18.52,839.718,0.000,26.85,854.280,0.000,28.70,698.956,0.000,23.15,776.618,0.000,19.44,582.464,0.000,18.52,922.234,0.000,26.85,621.294,0.000,15.74
97.1283,22536.050,0.000,19.94,99.28,0.00,769.723,0.000,21.10,834.669,0.000,22.02,699.967,0.000,21.10,731.237,0.000,22.02,692.751,0.000,14.68,962.154,0.000,22.94,808.209,0.000,23.86,577.292,0.000,13.76,769.723,0.000,22.02,461.834,0.000,9.18,808.209,0.000,19.27,500.320,0.000,11.93,538.806,0.000,18.35,1176.233,0.000,31.20,822.642,0.000,27.53,808.209,0.000,13.76,692.751,0.000,15.60,774.534,0.000,24.77,769.723,0.000,22.02,769.723,0.000,22.94,731.237,0.000,24.77,885.182,0.000,22.94,731.237,0.000,16.52,861.128,0.000,22.02,654.265,0.000,15.60,846.695,0.000,20.19,692.751,0.000,20.19,577.292,0.000,14.68,779.345,0.000,21.10,808.209,0.000,20.19
97.2354,21426.513,0.000,19.74,99.06,0.00,626.950,0.000,19.62,862.057,0.000,25.22,626.950,0.000,16.82,626.950,0.000,18.68,651.440,0.000,17.75,891.445,0.000,23.36,940.425,0.000,24.29,979.610,0.000,24.29,1057.978,0.000,28.96,587.766,0.000,14.01,509.397,0.000,14.95,587.766,0.000,14.95,744.503,0.000,21.49,553.479,0.000,14.01,573.072,0.000,16.82,680.829,0.000,17.75,626.950,0.000,14.95,519.193,0.000,17.75,587.766,0.000,18.68,1001.651,0.000,25.22,626.950,0.000,20.55,1057.978,0.000,26.16,793.484,0.000,25.22,744.503,0.000,22.42,626.950,0.000,16.82,744.503,0.000,20.55,626.950,0.000,17.75,636.746,0.000,19.62,587.766,0.000,14.01,744.503,0.000,19.62
97.3443,17566.162,0.000,17.41,99.00,0.00,230.959,0.000,6.42,692.877,0.000,21.11,538.905,0.000,16.52,731.371,0.000,22.94,668.819,0.000,16.52,356.062,0.000,12.85,307.945,0.000,11.93,538.905,0.000,12.85,500.411,0.000,17.44,559.392,0.000,12.85,461.918,0.000,11.93,615.891,0.000,15.60,909.402,0.000,28.45,726.559,0.000,22.94,630.326,0.000,20.19,524.470,0.000,12.85,461.918,0.000,10.10,529.281,0.000,18.35,654.384,0.000,21.11,555.745,0.000,18.35,654.384,0.000,22.03,846.850,0.000,22.94,490.788,0.000,20.19,461.918,0.000,14.68,500.411,0.000,14.68,500.411,0.000,13.77,654.384,0.000,17.44,952.706,0.000,22.94,577.398,0.000,17.44,731.371,0.000,24.78
97.4526,53.250,0.000,0.06,88.95,0.00,0.000,0.000,0.00,0.000,0.000,0.00,0.000,0.000,0.00,0.000,0.000,0.00,0.000,0.000,0.00,0.000,0.000,0.00,0.000,0.000,0.00,0.000,0.000,0.00,0.000,0.000,0.00,0.000,0.000,0.00,0.000,0.000,0.00,0.000,0.000,0.00,14.523,0.000,0.92,0.000,0.000,0.00,0.000,0.000,0.00,0.000,0.000,0.00,38.728,0.000,0.92,0.000,0.000,0.00,0.000,0.000,0.00,0.000,0.000,0.00,0.000,0.000,0.00,0.000,0.000,0.00,0.000,0.000,0.00,0.000,0.000,0.00,0.000,0.000,0.00,0.000,0.000,0.00,0.000,0.000,0.00,0.000,0.000,0.00,0.000,0.000,0.00,0.000,0.000,0.00
97.5912,0.000,0.000,0.00,99.37,0.00,0.000,0.000,0.00,0.000,0.000,0.00,0.000,0.000,0.00,0.000,0.000,0.00,0.000,0.000,0.00,0.000,0.000,0.00,0.000,0.000,0.00,0.000,0.000,0.00,0.000,0.000,0.00,0.000,0.000,0.00,0.000,0.000,0.00,0.000,0.000,0.00,0.000,0.000,0.00,0.000,0.000,0.00,0.000,0.000,0.00,0.000,0.000,0.00,0.000,0.000,0.00,0.000,0.000,0.00,0.000,0.000,0.00,0.000,0.000,0.00,0.000,0.000,0.00,0.000,0.000,0.00,0.000,0.000,0.00,0.000,0.000,0.00,0.000,0.000,0.00,0.000,0.000,0.00,0.000,0.000,0.00,0.000,0.000,0.00,0.000,0.000,0.00,0.000,0.000,0.00
97.7244,15257.025,0.000,35.58,89.53,1.00,488.351,0.000,42.07,482.443,0.000,33.80,492.289,0.000,36.81,484.413,0.000,36.81,638.007,0.000,27.79,573.025,0.000,38.31,541.518,0.000,41.31,578.932,0.000,33.80,608.469,0.000,38.31,657.698,0.000,28.54,486.382,0.000,35.31,504.104,0.000,31.55,441.091,0.000,30.80,488.351,0.000,36.81,476.536,0.000,36.81,510.012,0.000,37.56,555.302,0.000,33.80,470.628,0.000,36.81,553.333,0.000,38.31,510.012,0.000,41.31,482.443,0.000,41.31,484.413,0.000,36.06,411.554,0.000,32.30,425.338,0.000,28.54,370.201,0.000,28.54,474.567,0.000,36.81,510.012,0.000,36.06,549.395,0.000,37.56,531.672,0.000,37.56,476.536,0.000,36.06
97.8333,34522.768,0.000,61.16,98.33,0.36,1212.169,0.000,61.47,1180.903,0.000,69.73,1361.285,0.000,77.99,1467.109,0.000,85.32,990.900,0.000,27.52,1070.268,0.000,63.31,1801.418,0.000,79.82,1255.461,0.000,46.79,1142.421,0.000,71.56,1082.294,0.000,32.11,1176.093,0.000,68.81,500.260,0.000,16.51,846.594,0.000,54.13,1596.985,0.000,78.90,1111.155,0.000,69.73,1185.713,0.000,49.54,1245.840,0.000,49.54,1123.180,0.000,68.81,1094.319,0.000,63.31,1070.268,0.000,62.39,988.495,0.000,60.55,1678.758,0.000,77.99,1075.079,0.000,67.89,1058.243,0.000,64.22,1010.141,0.000,63.31,1075.079,0.000,58.72,993.305,0.000,58.72,983.685,0.000,57.80,904.317,0.000,55.05,1241.030,0.000,73.40
97.9413,28028.045,0.000,32.23,99.20,0.00,1087.525,0.000,37.97,737.963,0.000,27.78,1165.205,0.000,40.74,873.904,0.000,34.26,971.005,0.000,28.71,854.484,0.000,29.63,737.963,0.000,28.71,621.443,0.000,23.15,1009.845,0.000,36.11,1165.205,0.000,32.41,699.123,0.000,25.00,971.005,0.000,34.26,776.804,0.000,26.85,621.443,0.000,24.08,737.963,0.000,26.85,1126.365,0.000,40.74,1475.927,0.000,47.23,888.469,0.000,27.78,699.123,0.000,21.30,971.005,0.000,30.56,932.164,0.000,27.78,932.164,0.000,33.34,854.484,0.000,24.08,1048.685,0.000,37.97,1048.685,0.000,35.19,1281.726,0.000,47.23,699.123,0.000,32.41,815.644,0.000,31.48,995.280,0.000,33.34,1228.321,0.000,39.82
98.0513,26988.281,0.000,33.94,99.72,0.00,1258.373,0.000,41.82,838.915,0.000,31.82,1258.373,0.000,41.82,800.783,0.000,29.09,915.180,0.000,27.27,877.048,0.000,32.73,724.518,0.000,26.37,953.313,0.000,33.64,686.385,0.000,26.37,762.650,0.000,22.73,648.253,0.000,29.09,915.180,0.000,30.00,800.783,0.000,35.46,1143.975,0.000,39.09,724.518,0.000,33.64,838.915,0.000,24.55,610.120,0.000,22.73,877.048,0.000,38.18,1029.578,0.000,38.18,762.650,0.000,38.18,1248.840,0.000,47.28,762.650,0.000,30.91,1029.578,0.000,39.09,838.915,0.000,34.55,991.445,0.000,40.00,1143.975,0.000,42.73,991.445,0.000,41.82,838.915,0.000,33.64,1029.578,0.000,38.18,686.385,0.000,27.27
98.1586,26396.556,0.000,31.36,100.00,0.00,1095.070,0.000,34.50,1212.399,0.000,32.64,547.535,0.000,17.72,821.302,0.000,29.84,1134.179,0.000,29.84,1055.960,0.000,35.43,664.864,0.000,26.11,752.860,0.000,27.04,625.754,0.000,24.24,821.302,0.000,21.45,977.741,0.000,31.70,1055.960,0.000,30.77,938.631,0.000,37.30,596.422,0.000,23.31,716.195,0.000,34.50,625.754,0.000,20.51,899.521,0.000,27.97,1212.399,0.000,43.82,743.083,0.000,28.91,743.083,0.000,35.43,1249.064,0.000,41.03,703.973,0.000,25.18,843.301,0.000,32.64,860.412,0.000,30.77,980.185,0.000,39.16,899.521,0.000,37.30,977.741,0.000,40.10,1134.179,0.000,41.03,977.741,0.000,37.30,530.424,0.000,23.31
98.2673,27753.378,0.000,34.02,100.00,0.00,964.161,0.000,36.78,1234.126,0.000,45.97,809.895,0.000,34.94,1147.352,0.000,48.73,1041.294,0.000,27.58,1234.126,0.000,45.97,771.329,0.000,34.94,723.121,0.000,22.07,1190.739,0.000,47.81,1002.728,0.000,23.91,887.028,0.000,29.42,694.196,0.000,22.07,1118.427,0.000,40.46,645.988,0.000,25.75,1183.508,0.000,45.06,578.497,0.000,20.23,617.063,0.000,20.23,809.895,0.000,33.10,1002.728,0.000,40.46,925.595,0.000,37.70,821.947,0.000,37.70,1272.693,0.000,44.14,1034.063,0.000,38.62,925.595,0.000,32.18,961.751,0.000,32.18,925.595,0.000,32.18,617.063,0.000,23.91,771.329,0.000,24.83,935.236,0.000,36.78,906.311,0.000,34.94
98.3753,25466.899,0.152,27.53,100.00,0.00,660.217,0.000,19.44,932.071,0.000,27.78,1087.416,0.000,33.33,864.108,0.000,28.70,893.235,0.000,21.30,868.962,0.000,26.85,699.053,0.000,25.93,725.753,0.000,26.85,781.580,0.000,25.00,1029.162,0.000,27.78,427.199,0.000,13.89,1165.089,0.000,36.11,970.907,0.000,37.04,504.872,0.000,21.30,851.971,0.000,31.48,895.662,0.000,25.00,1087.416,0.000,37.96,815.562,0.000,30.56,1247.616,0.000,41.67,665.072,0.000,25.93,970.907,0.000,37.96,699.053,0.152,19.44,1072.853,0.000,39.81,699.053,0.000,20.37,504.872,0.000,17.59,786.435,0.000,21.30,699.053,0.000,19.44,776.726,0.000,20.37,1038.871,0.000,31.48,1046.153,0.000,34.26
98.4833,26213.391,0.000,30.09,100.00,0.00,932.118,0.000,31.48,1087.471,0.000,38.89,815.603,0.000,30.56,776.765,0.000,27.78,737.927,0.000,21.30,995.230,0.000,27.78,660.250,0.000,22.22,827.740,0.000,26.85,699.088,0.000,25.93,951.537,0.000,25.00,1203.986,0.000,38.89,582.574,0.000,17.59,893.280,0.000,35.19,970.956,0.000,32.41,1012.222,0.000,37.04,1162.720,0.000,35.19,893.280,0.000,29.63,1165.147,0.000,40.74,1004.940,0.000,37.97,849.587,0.000,36.11,776.765,0.000,30.56,932.118,0.000,30.56,1009.794,0.000,37.97,815.603,0.000,25.93,854.441,0.000,29.63,650.541,0.000,25.00,621.412,0.000,24.08,893.280,0.000,34.26,621.412,0.000,20.37,815.603,0.000,25.93
98.5913,25510.721,0.000,31.38,99.93,0.00,677.082,0.000,29.62,815.411,0.000,32.40,611.558,0.000,27.77,1225.544,0.000,43.51,970.728,0.000,25.92,776.582,0.000,24.07,805.704,0.000,27.77,1126.044,0.000,35.18,970.728,0.000,35.18,737.753,0.000,24.07,1126.044,0.000,38.88,1215.836,0.000,35.18,815.411,0.000,34.25,893.069,0.000,32.40,776.582,0.000,31.48,660.095,0.000,23.14,931.898,0.000,30.55,660.095,0.000,25.92,912.484,0.000,39.81,740.180,0.000,32.40,684.363,0.000,25.00,698.924,0.000,26.85,970.728,0.000,40.73,1009.557,0.000,36.10,698.924,0.000,28.70,776.582,0.000,30.55,815.411,0.000,31.48,776.582,0.000,33.33,1048.386,0.000,35.18,582.437,0.000,24.07
98.6993,24818.319,0.000,27.44,100.00,0.00,604.437,0.000,23.15,893.304,0.000,32.41,631.139,0.000,23.15,1104.493,0.000,37.97,854.465,0.000,23.15,466.072,0.000,13.89,980.693,0.000,25.93,699.108,0.000,25.00,1048.661,0.000,34.26,970.983,0.000,25.93,932.143,0.000,29.63,920.006,0.000,27.78,932.143,0.000,35.19,932.143,0.000,28.71,621.429,0.000,24.08,893.304,0.000,26.85,543.750,0.000,22.22,621.429,0.000,23.15,796.206,0.000,27.78,852.037,0.000,31.48,791.351,0.000,30.56,543.750,0.000,20.37,1087.501,0.000,37.97,932.143,0.000,27.78,932.143,0.000,30.56,737.947,0.000,27.78,776.786,0.000,25.00,699.108,0.000,22.22,932.143,0.000,26.85,1087.501,0.000,32.41
98.8073,24808.271,0.000,25.34,100.00,0.00,1126.104,0.000,29.63,650.422,0.000,24.07,1043.588,0.000,31.48,834.870,0.000,25.92,427.143,0.000,9.26,815.455,0.000,30.55,1104.262,0.000,36.11,713.523,0.000,22.22,917.387,0.000,29.63,815.455,0.000,15.74,492.671,0.000,14.81,776.624,0.000,18.52,587.322,0.000,25.00,638.288,0.000,18.52,931.948,0.000,34.25,1089.700,0.000,25.92,893.117,0.000,25.92,958.645,0.000,30.55,929.521,0.000,31.48,1048.442,0.000,34.25,698.961,0.000,25.92,698.961,0.000,24.07,893.117,0.000,27.77,1096.981,0.000,33.33,742.646,0.000,20.37,465.974,0.000,11.11,854.286,0.000,21.29,621.299,0.000,16.66,970.780,0.000,35.18,970.780,0.000,30.55
98.9153,25445.440,0.000,31.21,99.93,0.00,815.652,0.000,27.78,631.160,0.000,23.15,703.986,0.000,27.78,1184.638,0.000,39.82,776.812,0.000,19.45,1194.348,0.000,36.12,565.616,0.000,26.85,839.928,0.000,31.49,1196.776,0.000,37.97,737.971,0.000,17.59,983.152,0.000,36.12,1087.536,0.000,40.75,655.435,0.000,28.71,980.725,0.000,37.04,582.609,0.000,24.08,1046.268,0.000,36.12,854.493,0.000,33.34,1021.993,0.000,37.97,779.239,0.000,32.41,776.812,0.000,27.78,854.493,0.000,33.34,854.493,0.000,32.41,504.928,0.000,22.22,805.942,0.000,30.56,815.652,0.000,28.71,932.174,0.000,34.26,932.174,0.000,36.12,660.290,0.000,25.93,932.174,0.000,38.89,737.971,0.000,31.49
99.0243,25878.848,0.000,25.90,99.93,0.00,769.560,0.000,22.93,1000.428,0.000,30.27,906.637,0.000,26.60,808.038,0.000,24.77,731.082,0.000,20.18,586.789,0.000,20.18,961.950,0.000,32.11,1077.384,0.000,31.19,752.726,0.000,25.69,577.170,0.000,16.51,1000.428,0.000,32.11,846.516,0.000,22.93,923.472,0.000,23.85,743.106,0.000,22.02,808.038,0.000,21.10,769.560,0.000,24.77,1000.428,0.000,25.69,1038.906,0.000,29.36,731.082,0.000,23.85,884.994,0.000,26.60,846.516,0.000,22.02,731.082,0.000,24.77,692.604,0.000,21.10,1000.428,0.000,30.27,841.706,0.000,25.69,846.516,0.000,28.44,1308.251,0.000,34.86,846.516,0.000,27.52,1077.384,0.000,33.94,769.560,0.000,25.69
99.1324,24714.085,0.000,21.54,99.71,0.00,815.470,0.000,20.37,1152.822,0.000,29.63,936.820,0.000,22.22,776.638,0.000,20.37,827.605,0.000,21.29,737.806,0.000,18.52,776.638,0.000,22.22,893.134,0.000,19.44,660.143,0.000,18.52,429.578,0.000,11.11,883.426,0.000,23.15,931.966,0.000,22.22,815.470,0.000,24.07,931.966,0.000,21.29,847.021,0.000,24.07,1048.462,0.000,26.85,737.806,0.000,16.66,536.366,0.000,14.81,698.974,0.000,25.00,1087.294,0.000,32.40,970.798,0.000,31.48,698.974,0.000,13.89,912.550,0.000,23.15,504.815,0.000,12.04,660.143,0.000,16.66,737.806,0.000,19.44,970.798,0.000,24.07,907.696,0.000,24.07,893.134,0.000,24.07,931.966,0.000,23.15
99.2414,22618.787,0.000,21.47,99.50,0.00,880.127,0.000,29.35,666.107,0.000,20.18,666.107,0.000,18.35,577.133,0.000,17.43,911.388,0.000,18.35,807.986,0.000,25.69,815.200,0.000,23.85,880.127,0.000,21.10,577.133,0.000,16.51,767.105,0.000,18.35,625.227,0.000,18.35,577.133,0.000,15.59,577.133,0.000,17.43,579.537,0.000,19.26,836.842,0.000,23.85,577.133,0.000,11.93,654.084,0.000,17.43,1009.982,0.000,28.44,615.608,0.000,17.43,577.133,0.000,20.18,769.510,0.000,21.10,615.608,0.000,18.35,608.394,0.000,19.26,923.412,0.000,27.52,1038.839,0.000,28.44,971.506,0.000,28.44,654.084,0.000,22.02,1002.768,0.000,28.44,971.506,0.000,26.60,884.937,0.000,24.77
99.3503,22960.148,0.000,21.41,99.93,0.00,312.710,0.000,7.34,517.175,0.000,18.35,916.482,0.000,27.53,998.267,0.000,25.69,885.211,0.000,19.27,769.748,0.000,22.02,752.910,0.000,20.19,736.072,0.000,20.19,808.236,0.000,22.94,808.236,0.000,19.27,731.261,0.000,18.35,885.211,0.000,26.61,870.778,0.000,25.69,916.482,0.000,24.78,728.855,0.000,21.11,577.311,0.000,17.43,846.723,0.000,24.78,1053.593,0.000,27.53,820.263,0.000,23.86,1039.160,0.000,28.45,577.311,0.000,18.35,923.698,0.000,24.78,490.715,0.000,16.52,846.723,0.000,24.78,856.345,0.000,23.86,914.076,0.000,25.69,632.637,0.000,18.35,637.448,0.000,17.43,490.715,0.000,11.93,615.799,0.000,19.27
99.4593,23912.547,0.000,23.94,99.86,0.00,577.191,0.000,18.35,548.332,0.000,16.51,630.100,0.000,18.35,668.580,0.000,20.18,692.629,0.000,19.27,1038.944,0.000,30.27,1048.564,0.000,29.36,461.753,0.000,11.93,885.026,0.000,23.85,538.712,0.000,11.93,745.539,0.000,22.94,654.150,0.000,17.43,928.316,0.000,34.86,661.365,0.000,24.77,892.241,0.000,32.11,1252.986,0.000,25.69,933.126,0.000,24.77,995.655,0.000,35.78,1026.919,0.000,31.19,577.191,0.000,16.51,885.026,0.000,29.36,514.662,0.000,16.51,844.142,0.000,31.19,800.853,0.000,23.85,745.539,0.000,24.77,779.208,0.000,20.18,1180.837,0.000,29.36,1029.324,0.000,34.86,678.200,0.000,20.18,697.439,0.000,22.02
99.5683,25432.159,0.000,29.30,100.00,0.00,577.293,0.000,22.94,935.696,0.000,30.28,1108.884,0.000,33.95,757.697,0.000,27.53,731.238,0.000,21.10,846.696,0.000,36.70,731.238,0.000,31.20,962.155,0.000,27.53,906.831,0.000,33.95,885.183,0.000,25.69,870.750,0.000,33.95,808.210,0.000,22.02,894.804,0.000,32.12,615.779,0.000,24.77,1051.154,0.000,33.95,825.048,0.000,22.94,606.158,0.000,20.19,1065.587,0.000,34.87,808.210,0.000,26.61,885.183,0.000,33.03,1077.613,0.000,35.79,678.319,0.000,25.69,1000.641,0.000,34.87,1238.774,0.000,42.21,553.239,0.000,20.19,606.158,0.000,20.19,764.913,0.000,23.86,856.318,0.000,29.36,1017.479,0.000,38.54,764.913,0.000,33.03
99.6763,25556.189,0.000,25.03,100.00,0.00,815.468,0.000,20.37,776.636,0.000,23.15,660.141,0.000,17.59,543.645,0.000,16.66,660.141,0.000,17.59,1009.627,0.000,32.40,737.804,0.000,20.37,1009.627,0.000,25.92,832.457,0.000,26.85,815.468,0.000,19.44,614.028,0.000,17.59,1009.627,0.000,25.00,854.300,0.000,25.00,1240.191,0.000,37.03,776.636,0.000,24.07,815.468,0.000,16.66,660.141,0.000,22.22,543.645,0.000,21.29,815.468,0.000,26.85,815.468,0.000,29.63,660.141,0.000,24.07,893.132,0.000,25.92,1281.450,0.000,35.18,815.468,0.000,25.00,1048.459,0.000,32.40,815.468,0.000,25.92,1126.123,0.000,30.55,970.795,0.000,25.92,1123.696,0.000,37.03,815.468,0.000,23.15
99.7838,23371.363,0.000,24.20,99.64,0.00,963.642,0.000,35.36,1029.511,0.000,29.78,897.773,0.000,26.99,546.470,0.000,18.61,975.840,0.000,18.61,624.537,0.000,16.75,780.672,0.000,25.13,1053.907,0.000,27.92,914.850,0.000,27.92,780.672,0.000,17.68,905.091,0.000,30.71,780.672,0.000,28.85,1014.873,0.000,26.99,685.527,0.000,23.27,897.773,0.000,24.20,741.638,0.000,21.40,539.151,0.000,17.68,387.896,0.000,13.96,507.437,0.000,14.89,585.504,0.000,20.47,597.702,0.000,23.27,819.705,0.000,30.71,861.179,0.000,24.20,819.705,0.000,28.85,663.571,0.000,21.40,1014.873,0.000,30.71,529.393,0.000,17.68,1029.511,0.000,31.64,563.547,0.000,21.40,858.739,0.000,28.85
99.8923,24971.574,1.358,25.70,99.06,0.00,668.968,0.000,20.27,835.606,0.000,32.24,850.096,0.000,31.32,888.737,0.000,35.93,1081.941,0.000,25.80,966.018,0.000,34.09,1202.693,0.000,40.54,463.689,0.000,11.06,987.754,0.000,36.85,540.970,0.000,12.90,879.077,0.000,28.56,811.455,0.000,23.95,772.815,0.000,21.19,828.361,0.000,23.95,850.096,0.000,27.64,1197.863,0.000,31.32,702.778,0.000,15.66,1023.979,0.000,34.09,579.611,0.000,16.58,1050.545,0.000,24.87,1108.506,0.000,30.40,850.096,0.000,28.56,538.555,1.358,18.43,888.737,0.000,32.24,734.174,0.000,21.19,905.642,0.000,21.19,685.873,0.000,16.58,526.480,0.000,14.74,755.909,0.000,29.48,794.550,0.000,29.48
100.0013,21979.005,0.000,26.36,99.42,0.00,731.110,0.000,29.36,654.151,0.000,30.27,808.069,0.000,32.11,731.110,0.000,31.19,461.754,0.000,11.93,808.069,0.000,31.19,803.259,0.000,26.61,577.192,0.000,15.60,500.233,0.000,24.77,769.590,0.000,20.18,1135.145,0.000,37.61,731.110,0.000,21.10,654.151,0.000,29.36,654.151,0.000,22.94,769.590,0.000,32.11,731.110,0.000,21.10,731.110,0.000,20.18,829.714,0.000,35.78,885.028,0.000,34.86,608.457,0.000,25.69,731.110,0.000,31.19,1269.823,0.000,36.70,759.970,0.000,33.03,692.631,0.000,29.36,731.110,0.000,21.10,637.317,0.000,17.43,411.250,0.000,11.93,577.192,0.000,16.51,961.987,0.000,34.86,632.507,0.000,24.77
100.1084,22409.421,0.000,22.74,100.00,0.00,823.083,0.000,24.30,744.694,0.000,22.43,666.305,0.000,19.62,548.722,0.000,21.49,705.500,0.000,18.69,781.439,0.000,25.23,1097.444,0.000,30.84,666.305,0.000,20.56,744.694,0.000,20.56,783.889,0.000,21.49,578.118,0.000,17.75,744.694,0.000,21.49,627.111,0.000,20.56,587.917,0.000,18.69,666.305,0.000,23.36,502.179,0.000,17.75,1058.250,0.000,30.84,1019.055,0.000,28.03,391.944,0.000,12.15,744.694,0.000,21.49,940.667,0.000,25.23,705.500,0.000,24.30,597.715,0.000,15.89,862.278,0.000,23.36,979.861,0.000,29.90,509.528,0.000,15.89,979.861,0.000,30.84,862.278,0.000,28.03,783.889,0.000,25.23,705.500,0.000,26.17
100.2173,22988.587,0.000,22.33,99.93,0.00,500.275,0.000,13.76,1077.515,0.000,29.36,791.300,0.000,22.94,423.309,0.000,13.76,615.723,0.000,14.68,618.128,0.000,18.35,769.653,0.000,23.85,654.205,0.000,17.43,923.584,0.000,24.77,553.188,0.000,14.68,788.895,0.000,21.10,731.171,0.000,19.27,870.670,0.000,28.44,868.265,0.000,28.44,865.860,0.000,25.69,853.834,0.000,21.10,538.757,0.000,13.76,950.041,0.000,33.03,808.136,0.000,24.77,769.653,0.000,25.69,885.101,0.000,31.19,1154.480,0.000,29.36,856.239,0.000,30.28,846.619,0.000,26.61,461.792,0.000,13.76,769.653,0.000,19.27,810.541,0.000,23.85,808.136,0.000,20.18,846.619,0.000,23.85,577.240,0.000,16.51
100.3253,21260.236,0.000,24.11,99.93,0.00,543.733,0.000,17.59,893.275,0.000,34.26,716.077,0.000,31.48,815.599,0.000,31.48,737.923,0.000,18.52,699.085,0.000,28.71,699.085,0.000,25.00,1165.142,0.000,26.85,660.247,0.000,25.93,355.649,0.000,9.26,640.828,0.000,21.30,582.571,0.000,19.45,791.326,0.000,28.71,949.105,0.000,30.56,601.990,0.000,22.22,504.895,0.000,14.82,621.409,0.000,17.59,439.356,0.000,19.45,660.247,0.000,19.45,660.247,0.000,20.37,543.733,0.000,18.52,970.952,0.000,28.71,650.538,0.000,17.59,776.761,0.000,28.71,660.247,0.000,23.15,893.275,0.000,31.48,580.144,0.000,21.30,893.275,0.000,31.48,504.895,0.000,24.08,1048.628,0.000,35.19
100.4333,11302.328,0.000,10.68,99.42,0.07,271.877,0.000,9.26,310.717,0.000,9.26,233.038,0.000,6.48,504.915,0.000,13.89,543.755,0.000,12.04,466.075,0.000,12.04,194.198,0.000,4.63,271.877,0.000,7.41,504.915,0.000,12.04,504.915,0.000,12.04,271.877,0.000,9.26,349.557,0.000,9.26,466.075,0.000,12.96,271.877,0.000,6.48,349.557,0.000,10.19,543.755,0.000,12.96,349.557,0.000,9.26,233.038,0.000,4.63,388.396,0.000,12.04,543.755,0.000,15.74,466.075,0.000,14.82,466.075,0.000,14.82,310.717,0.000,10.19,194.198,0.000,5.56,349.557,0.000,12.96,349.557,0.000,11.11,388.396,0.000,15.74,349.557,0.000,11.11,427.236,0.000,10.19,427.236,0.000,12.04
100.5403,0.000,0.000,0.00,42.36,0.00,0.000,0.000,0.00,0.000,0.000,0.00,0.000,0.000,0.00,0.000,0.000,0.00,0.000,0.000,0.00,0.000,0.000,0.00,0.000,0.000,0.00,0.000,0.000,0.00,0.000,0.000,0.00,0.000,0.000,0.00,0.000,0.000,0.00,0.000,0.000,0.00,0.000,0.000,0.00,0.000,0.000,0.00,0.000,0.000,0.00,0.000,0.000,0.00,0.000,0.000,0.00,0.000,0.000,0.00,0.000,0.000,0.00,0.000,0.000,0.00,0.000,0.000,0.00,0.000,0.000,0.00,0.000,0.000,0.00,0.000,0.000,0.00,0.000,0.000,0.00,0.000,0.000,0.00,0.000,0.000,0.00,0.000,0.000,0.00,0.000,0.000,0.00,0.000,0.000,0.00
100.6420,0.000,0.000,0.00,0.85,0.00,0.000,0.000,0.00,0.000,0.000,0.00,0.000,0.000,0.00,0.000,0.000,0.00,0.000,0.000,0.00,0.000,0.000,0.00,0.000,0.000,0.00,0.000,0.000,0.00,0.000,0.000,0.00,0.000,0.000,0.00,0.000,0.000,0.00,0.000,0.000,0.00,0.000,0.000,0.00,0.000,0.000,0.00,0.000,0.000,0.00,0.000,0.000,0.00,0.000,0.000,0.00,0.000,0.000,0.00,0.000,0.000,0.00,0.000,0.000,0.00,0.000,0.000,0.00,0.000,0.000,0.00,0.000,0.000,0.00,0.000,0.000,0.00,0.000,0.000,0.00,0.000,0.000,0.00,0.000,0.000,0.00,0.000,0.000,0.00,0.000,0.000,0.00,0.000,0.000,0.00
100.7431,0.000,0.000,0.00,0.77,0.00,0.000,0.000,0.00,0.000,0.000,0.00,0.000,0.000,0.00,0.000,0.000,0.00,0.000,0.000,0.00,0.000,0.000,0.00,0.000,0.000,0.00,0.000,0.000,0.00,0.000,0.000,0.00,0.000,0.000,0.00,0.000,0.000,0.00,0.000,0.000,0.00,0.000,0.000,0.00,0.000,0.000,0.00,0.000,0.000,0.00,0.000,0.000,0.00,0.000,0.000,0.00,0.000,0.000,0.00,0.000,0.000,0.00,0.000,0.000,0.00,0.000,0.000,0.00,0.000,0.000,0.00,0.000,0.000,0.00,0.000,0.000,0.00,0.000,0.000,0.00,0.000,0.000,0.00,0.000,0.000,0.00,0.000,0.000,0.00,0.000,0.000,0.00,0.000,0.000,0.00
100.8443,0.000,0.000,0.00,0.85,0.00,0.000,0.000,0.00,0.000,0.000,0.00,0.000,0.000,0.00,0.000,0.000,0.00,0.000,0.000,0.00,0.000,0.000,0.00,0.000,0.000,0.00,0.000,0.000,0.00,0.000,0.000,0.00,0.000,0.000,0.00,0.000,0.000,0.00,0.000,0.000,0.00,0.000,0.000,0.00,0.000,0.000,0.00,0.000,0.000,0.00,0.000,0.000,0.00,0.000,0.000,0.00,0.000,0.000,0.00,0.000,0.000,0.00,0.000,0.000,0.00,0.000,0.000,0.00,0.000,0.000,0.00,0.000,0.000,0.00,0.000,0.000,0.00,0.000,0.000,0.00,0.000,0.000,0.00,0.000,0.000,0.00,0.000,0.000,0.00,0.000,0.000,0.00,0.000,0.000,0.00
100.9454,0.000,0.162,0.00,0.77,0.00,0.000,0.000,0.00,0.000,0.000,0.00,0.000,0.000,0.00,0.000,0.000,0.00,0.000,0.000,0.00,0.000,0.000,0.00,0.000,0.000,0.00,0.000,0.000,0.00,0.000,0.000,0.00,0.000,0.000,0.00,0.000,0.000,0.00,0.000,0.000,0.00,0.000,0.000,0.00,0.000,0.000,0.00,0.000,0.000,0.00,0.000,0.000,0.00,0.000,0.000,0.00,0.000,0.000,0.00,0.000,0.000,0.00,0.000,0.000,0.00,0.000,0.000,0.00,0.000,0.000,0.00,0.000,0.000,0.00,0.000,0.000,0.00,0.000,0.000,0.00,0.000,0.000,0.00,0.000,0.000,0.00,0.000,0.162,0.00,0.000,0.000,0.00,0.000,0.000,0.00
101.0466,0.000,0.000,0.00,0.77,0.00,0.000,0.000,0.00,0.000,0.000,0.00,0.000,0.000,0.00,0.000,0.000,0.00,0.000,0.000,0.00,0.000,0.000,0.00,0.000,0.000,0.00,0.000,0.000,0.00,0.000,0.000,0.00,0.000,0.000,0.00,0.000,0.000,0.00,0.000,0.000,0.00,0.000,0.000,0.00,0.000,0.000,0.00,0.000,0.000,0.00,0.000,0.000,0.00,0.000,0.000,0.00,0.000,0.000,0.00,0.000,0.000,0.00,0.000,0.000,0.00,0.000,0.000,0.00,0.000,0.000,0.00,0.000,0.000,0.00,0.000,0.000,0.00,0.000,0.000,0.00,0.000,0.000,0.00,0.000,0.000,0.00,0.000,0.000,0.00,0.000,0.000,0.00,0.000,0.000,0.00
101.1479,0.000,0.000,0.00,0.84,0.00,0.000,0.000,0.00,0.000,0.000,0.00,0.000,0.000,0.00,0.000,0.000,0.00,0.000,0.000,0.00,0.000,0.000,0.00,0.000,0.000,0.00,0.000,0.000,0.00,0.000,0.000,0.00,0.000,0.000,0.00,0.000,0.000,0.00,0.000,0.000,0.00,0.000,0.000,0.00,0.000,0.000,0.00,0.000,0.000,0.00,0.000,0.000,0.00,0.000,0.000,0.00,0.000,0.000,0.00,0.000,0.000,0.00,0.000,0.000,0.00,0.000,0.000,0.00,0.000,0.000,0.00,0.000,0.000,0.00,0.000,0.000,0.00,0.000,0.000,0.00,0.000,0.000,0.00,0.000,0.000,0.00,0.000,0.000,0.00,0.000,0.000,0.00,0.000,0.000,0.00
101.2514,0.000,0.000,0.00,64.66,0.00,0.000,0.000,0.00,0.000,0.000,0.00,0.000,0.000,0.00,0.000,0.000,0.00,0.000,0.000,0.00,0.000,0.000,0.00,0.000,0.000,0.00,0.000,0.000,0.00,0.000,0.000,0.00,0.000,0.000,0.00,0.000,0.000,0.00,0.000,0.000,0.00,0.000,0.000,0.00,0.000,0.000,0.00,0.000,0.000,0.00,0.000,0.000,0.00,0.000,0.000,0.00,0.000,0.000,0.00,0.000,0.000,0.00,0.000,0.000,0.00,0.000,0.000,0.00,0.000,0.000,0.00,0.000,0.000,0.00,0.000,0.000,0.00,0.000,0.000,0.00,0.000,0.000,0.00,0.000,0.000,0.00,0.000,0.000,0.00,0.000,0.000,0.00,0.000,0.000,0.00
101.3585,0.000,0.000,0.00,90.77,0.00,0.000,0.000,0.00,0.000,0.000,0.00,0.000,0.000,0.00,0.000,0.000,0.00,0.000,0.000,0.00,0.000,0.000,0.00,0.000,0.000,0.00,0.000,0.000,0.00,0.000,0.000,0.00,0.000,0.000,0.00,0.000,0.000,0.00,0.000,0.000,0.00,0.000,0.000,0.00,0.000,0.000,0.00,0.000,0.000,0.00,0.000,0.000,0.00,0.000,0.000,0.00,0.000,0.000,0.00,0.000,0.000,0.00,0.000,0.000,0.00,0.000,0.000,0.00,0.000,0.000,0.00,0.000,0.000,0.00,0.000,0.000,0.00,0.000,0.000,0.00,0.000,0.000,0.00,0.000,0.000,0.00,0.000,0.000,0.00,0.000,0.000,0.00,0.000,0.000,0.00
101.4623,0.000,0.000,0.00,92.04,0.00,0.000,0.000,0.00,0.000,0.000,0.00,0.000,0.000,0.00,0.000,0.000,0.00,0.000,0.000,0.00,0.000,0.000,0.00,0.000,0.000,0.00,0.000,0.000,0.00,0.000,0.000,0.00,0.000,0.000,0.00,0.000,0.000,0.00,0.000,0.000,0.00,0.000,0.000,0.00,0.000,0.000,0.00,0.000,0.000,0.00,0.000,0.000,0.00,0.000,0.000,0.00,0.000,0.000,0.00,0.000,0.000,0.00,0.000,0.000,0.00,0.000,0.000,0.00,0.000,0.000,0.00,0.000,0.000,0.00,0.000,0.000,0.00,0.000,0.000,0.00,0.000,0.000,0.00,0.000,0.000,0.00,0.000,0.000,0.00,0.000,0.000,0.00,0.000,0.000,0.00
101.5696,23477.576,0.000,54.57,85.82,0.75,796.678,0.000,60.60,762.465,0.000,55.00,757.578,0.000,57.80,747.802,0.000,56.87,1006.845,0.000,41.02,850.442,0.000,56.87,806.454,0.000,59.66,997.070,0.000,55.93,877.324,0.000,58.73,1075.272,0.000,42.88,735.583,0.000,55.00,625.613,0.000,38.22,650.051,0.000,46.61,804.010,0.000,57.80,752.690,0.000,57.80,911.537,0.000,57.80,860.217,0.000,51.27,762.465,0.000,55.93,786.903,0.000,58.73,791.791,0.000,59.66,701.370,0.000,60.60,713.589,0.000,55.93,615.837,0.000,50.34,664.713,0.000,48.48,591.399,0.000,50.34,747.802,0.000,58.73,735.583,0.000,56.87,801.566,0.000,57.80,850.442,0.000,57.80,696.483,0.000,55.93
101.6817,33490.897,0.000,51.68,94.82,0.00,1070.998,0.000,50.85,1215.980,0.000,68.69,1295.486,0.000,70.47,1379.670,0.000,70.47,1019.553,0.000,29.44,944.723,0.000,44.60,1660.280,0.000,60.66,1066.321,0.000,41.03,1143.489,0.000,64.23,1066.321,0.000,29.44,1129.458,0.000,54.41,500.423,0.000,24.09,799.741,0.000,41.03,1400.716,0.000,59.77,1038.260,0.000,53.52,1035.921,0.000,41.93,1272.102,0.000,44.60,1131.797,0.000,54.41,1230.011,0.000,66.01,1113.089,0.000,59.77,900.293,0.000,53.52,1786.555,0.000,69.58,982.138,0.000,53.52,1066.321,0.000,51.74,1019.553,0.000,49.06,1080.352,0.000,48.17,904.970,0.000,45.49,991.491,0.000,46.39,869.893,0.000,42.82,1374.993,0.000,60.66
101.7896,27079.651,0.000,30.47,95.94,0.00,1283.142,0.000,40.79,661.013,0.000,20.39,1322.025,0.000,38.94,816.545,0.000,27.81,816.545,0.000,25.03,855.428,0.000,25.96,777.662,0.000,25.03,583.247,0.000,25.03,972.078,0.000,32.45,1049.844,0.000,29.67,661.013,0.000,28.74,1074.146,0.000,36.15,816.545,0.000,31.52,894.311,0.000,30.59,661.013,0.000,29.67,1010.961,0.000,32.45,1360.909,0.000,43.57,787.383,0.000,29.67,622.130,0.000,25.96,855.428,0.000,30.59,1127.610,0.000,36.15,738.779,0.000,27.81,894.311,0.000,33.37,952.636,0.000,30.59,1113.029,0.000,35.23,1283.142,0.000,38.94,622.130,0.000,23.18,661.013,0.000,20.39,894.311,0.000,28.74,911.323,0.000,29.67
101.8975,27759.597,0.000,32.85,97.56,0.00,1243.257,0.000,32.42,1048.998,0.000,37.05,932.443,0.000,33.35,815.887,0.000,34.27,1087.850,0.000,27.79,1109.704,0.000,34.27,602.203,0.000,20.38,1032.000,0.000,32.42,777.036,0.000,32.42,777.036,0.000,22.23,621.628,0.000,26.86,932.443,0.000,28.72,893.591,0.000,32.42,854.739,0.000,27.79,738.184,0.000,27.79,1121.845,0.000,33.35,660.480,0.000,21.30,879.022,0.000,30.57,934.871,0.000,38.90,696.904,0.000,30.57,1328.245,0.000,52.80,777.036,0.000,27.79,1087.850,0.000,45.39,900.876,0.000,32.42,854.739,0.000,35.20,1126.702,0.000,41.68,1010.146,0.000,40.76,971.295,0.000,37.05,1126.702,0.000,37.98,815.887,0.000,29.64
102.0024,26782.121,0.000,29.79,97.91,0.00,920.073,0.000,32.43,1080.086,0.000,31.47,880.070,0.000,25.75,1040.082,0.000,30.52,1040.082,0.000,21.94,937.574,0.000,32.43,780.062,0.000,23.84,825.065,0.000,20.98,560.044,0.000,16.21,722.557,0.000,17.17,1137.590,0.000,41.01,1160.092,0.000,30.52,937.574,0.000,40.06,720.057,0.000,30.52,1040.082,0.000,38.15,325.026,0.000,7.63,760.060,0.000,20.98,1147.591,0.000,39.10,810.064,0.000,35.29,897.571,0.000,35.29,1127.589,0.000,36.24,850.067,0.000,32.43,770.061,0.000,33.38,870.069,0.000,29.57,1092.587,0.000,34.33,840.067,0.000,33.38,1080.086,0.000,37.20,1040.082,0.000,35.29,917.573,0.000,30.52,472.537,0.000,20.03
102.1083,26177.034,0.000,29.16,98.99,0.00,1078.751,0.000,35.87,1068.854,0.000,37.75,752.157,0.000,28.31,870.918,0.000,36.81,870.918,0.000,20.76,1266.790,0.000,40.58,791.744,0.000,25.48,625.973,0.000,16.99,1029.267,0.000,37.75,1303.903,0.000,30.20,616.076,0.000,24.54,791.744,0.000,21.71,1011.948,0.000,37.75,633.395,0.000,30.20,752.157,0.000,30.20,593.808,0.000,16.05,791.744,0.000,19.82,700.199,0.000,25.48,977.309,0.000,33.98,856.073,0.000,28.31,776.899,0.000,28.31,1098.545,0.000,32.09,1177.719,0.000,41.53,754.631,0.000,29.26,898.135,0.000,30.20,870.918,0.000,27.37,712.570,0.000,24.54,752.157,0.000,25.48,675.457,0.000,23.60,1076.277,0.000,33.98
102.2156,27928.030,0.000,31.06,99.20,0.00,810.995,0.000,27.96,1016.187,0.000,33.55,859.850,0.000,27.96,857.407,0.000,29.82,977.102,0.000,25.16,962.446,0.000,34.48,820.766,0.000,31.68,898.934,0.000,23.30,923.362,0.000,29.82,703.514,0.000,18.64,842.751,0.000,27.02,908.705,0.000,27.96,1250.691,0.000,43.80,781.682,0.000,32.61,1407.027,0.000,52.18,1016.187,0.000,29.82,781.682,0.000,21.43,1172.523,0.000,45.66,1485.196,0.000,47.52,586.261,0.000,21.43,859.850,0.000,29.82,938.018,0.000,27.96,938.018,0.000,32.61,820.766,0.000,29.82,432.368,0.000,18.64,859.850,0.000,27.96,508.093,0.000,19.57,1165.195,0.000,35.41,1111.454,0.000,38.21,1231.149,0.000,40.07
102.3249,24362.227,0.000,26.41,99.22,0.00,635.620,0.000,25.62,882.672,0.000,32.94,729.164,0.000,27.45,1230.464,0.000,38.43,623.627,0.000,14.64,781.932,0.000,22.87,827.505,0.000,24.70,805.918,0.000,21.96,705.178,0.000,24.70,844.295,0.000,17.38,976.216,0.000,31.11,949.832,0.000,28.36,921.049,0.000,28.36,882.672,0.000,26.53,690.787,0.000,23.79,921.049,0.000,28.36,729.164,0.000,23.79,537.279,0.000,21.04,738.758,0.000,25.62,959.426,0.000,30.19,959.426,0.000,32.94,844.295,0.000,29.28,959.426,0.000,33.85,1074.557,0.000,33.85,611.634,0.000,24.70,690.787,0.000,24.70,959.426,0.000,33.85,467.720,0.000,19.21,981.013,0.000,27.45,441.336,0.000,14.64
102.4363,25844.334,0.000,30.85,99.22,0.00,807.194,0.000,35.91,941.334,0.000,35.01,866.028,0.000,33.22,903.681,0.000,35.01,969.574,0.000,25.14,828.374,0.000,27.83,769.541,0.000,22.44,1016.641,0.000,35.91,1054.294,0.000,38.60,1129.601,0.000,26.93,1091.948,0.000,41.30,941.334,0.000,35.91,564.801,0.000,18.85,715.414,0.000,26.03,451.840,0.000,17.06,1016.641,0.000,41.30,1167.255,0.000,35.91,1054.294,0.000,32.32,931.921,0.000,35.01,828.374,0.000,33.22,866.028,0.000,34.11,564.801,0.000,23.34,1129.601,0.000,43.09,715.414,0.000,30.52,677.761,0.000,26.93,640.107,0.000,22.44,753.067,0.000,28.73,602.454,0.000,22.44,1054.294,0.000,32.32,790.721,0.000,28.73
102.5433,24745.113,0.000,24.69,99.28,0.00,745.246,0.000,23.38,931.558,0.000,28.99,784.470,0.000,23.38,1098.257,0.000,29.93,902.140,0.000,17.77,666.799,0.000,23.38,1059.034,0.000,36.47,666.799,0.000,17.77,806.533,0.000,21.51,823.693,0.000,20.57,745.246,0.000,21.51,745.246,0.000,20.57,588.352,0.000,21.51,823.693,0.000,26.18,845.756,0.000,27.12,784.470,0.000,21.51,666.799,0.000,19.64,823.693,0.000,27.12,784.470,0.000,24.31,902.140,0.000,25.25,666.799,0.000,22.44,706.023,0.000,21.51,823.693,0.000,23.38,1098.257,0.000,27.12,1059.034,0.000,28.99,745.246,0.000,25.25,941.364,0.000,24.31,588.352,0.000,19.64,980.587,0.000,36.47,941.364,0.000,33.67
102.6517,25229.269,0.000,29.54,99.20,0.00,812.366,0.000,29.51,1015.457,0.000,37.81,734.997,0.000,35.05,851.050,0.000,38.74,773.681,0.000,18.45,734.997,0.000,27.67,776.099,0.000,26.75,573.008,0.000,15.68,1061.394,0.000,38.74,541.577,0.000,11.99,906.658,0.000,34.13,851.050,0.000,22.14,812.366,0.000,33.20,657.629,0.000,23.98,906.658,0.000,38.74,1005.786,0.000,27.67,928.418,0.000,23.98,967.102,0.000,40.58,1121.838,0.000,38.74,812.366,0.000,30.44,734.997,0.000,33.20,851.050,0.000,30.44,1083.154,0.000,39.66,1104.914,0.000,34.13,812.366,0.000,26.75,657.629,0.000,21.21,773.681,0.000,23.98,696.313,0.000,21.21,812.366,0.000,30.44,858.303,0.000,31.36
102.7592,26233.661,0.000,29.98,99.21,0.00,780.111,0.000,24.18,468.066,0.000,16.74,897.127,0.000,32.55,1131.161,0.000,39.06,546.078,0.000,14.88,1053.149,0.000,37.20,738.667,0.000,30.69,826.430,0.000,20.46,1014.144,0.000,36.27,702.100,0.000,17.67,841.057,0.000,28.83,897.127,0.000,23.25,975.138,0.000,35.34,780.111,0.000,36.27,780.111,0.000,35.34,1131.161,0.000,29.76,702.100,0.000,18.60,897.127,0.000,35.34,780.111,0.000,30.69,1077.528,0.000,35.34,780.111,0.000,31.62,780.111,0.000,26.97,975.138,0.000,37.20,836.181,0.000,25.11,936.133,0.000,30.69,741.105,0.000,26.97,1131.161,0.000,38.13,1053.149,0.000,36.27,1014.144,0.000,35.34,967.825,0.000,32.55
102.8674,24174.785,0.000,24.01,99.34,0.00,814.472,0.000,28.67,775.687,0.000,21.27,775.687,0.000,21.27,969.609,0.000,27.74,775.687,0.000,16.64,659.334,0.000,21.27,736.903,0.000,20.34,1241.100,0.000,32.36,1085.962,0.000,31.44,581.766,0.000,14.80,698.119,0.000,24.97,1241.100,0.000,35.14,659.334,0.000,18.49,814.472,0.000,25.89,581.766,0.000,17.57,1008.394,0.000,27.74,1085.962,0.000,33.29,969.609,0.000,23.12,581.766,0.000,19.42,518.741,0.000,14.80,736.903,0.000,23.12,698.119,0.000,24.97,426.628,0.000,14.80,814.472,0.000,28.67,814.472,0.000,26.82,775.687,0.000,27.74,1003.546,0.000,29.59,853.256,0.000,27.74,930.825,0.000,24.04,545.405,0.000,16.64
102.9750,24121.271,0.000,21.36,99.63,0.00,740.245,0.000,19.51,1168.808,0.000,31.58,1012.967,0.000,28.80,896.086,0.000,23.22,723.200,0.000,13.00,662.324,0.000,16.72,952.091,0.000,26.01,974.006,0.000,24.15,467.523,0.000,13.00,740.245,0.000,14.86,623.364,0.000,19.51,740.245,0.000,22.29,584.404,0.000,20.44,1090.887,0.000,31.58,974.006,0.000,27.87,701.285,0.000,15.79,701.285,0.000,17.65,623.364,0.000,18.58,701.285,0.000,18.58,1207.768,0.000,31.58,898.521,0.000,26.01,506.483,0.000,14.86,779.205,0.000,20.44,584.404,0.000,17.65,740.245,0.000,16.72,1129.848,0.000,25.08,589.274,0.000,17.65,974.006,0.000,21.36,662.324,0.000,20.44,971.571,0.000,26.01
103.0813,23747.704,0.000,25.02,99.63,0.00,1025.755,0.000,40.45,552.330,0.000,19.75,946.851,0.000,22.57,552.330,0.000,15.99,727.398,0.000,17.87,749.590,0.000,28.22,732.330,0.000,30.10,552.330,0.000,14.11,710.138,0.000,21.63,631.234,0.000,13.17,1104.659,0.000,39.51,828.494,0.000,19.75,867.946,0.000,28.22,512.877,0.000,20.69,867.946,0.000,24.46,552.330,0.000,13.17,1025.755,0.000,25.40,946.851,0.000,27.28,749.590,0.000,21.63,552.330,0.000,13.17,786.576,0.000,23.52,828.494,0.000,29.16,552.330,0.000,15.99,749.590,0.000,29.16,986.303,0.000,34.80,867.946,0.000,31.04,1104.659,0.000,37.62,789.042,0.000,31.04,1065.207,0.000,30.10,828.494,0.000,31.04
103.1854,23336.841,0.000,24.06,99.32,0.00,443.503,0.000,13.46,725.733,0.000,19.23,725.733,0.000,20.19,806.370,0.000,20.19,1048.281,0.000,24.99,927.325,0.000,32.68,927.325,0.000,30.76,645.096,0.000,19.23,887.007,0.000,21.15,887.007,0.000,23.07,806.370,0.000,21.15,645.096,0.000,18.26,766.051,0.000,26.92,967.644,0.000,34.61,564.459,0.000,18.26,766.051,0.000,20.19,887.007,0.000,24.03,1018.042,0.000,29.80,766.051,0.000,28.84,1048.281,0.000,36.53,806.370,0.000,27.88,604.777,0.000,17.30,685.414,0.000,24.03,645.096,0.000,22.11,967.644,0.000,28.84,846.688,0.000,25.95,506.501,0.000,20.19,645.096,0.000,24.03,604.777,0.000,22.11,766.051,0.000,25.95
103.2893,23283.430,0.000,22.70,98.42,0.00,645.431,0.000,15.39,847.129,0.000,22.12,645.431,0.000,20.20,645.431,0.000,18.27,726.110,0.000,18.27,968.147,0.000,26.93,766.450,0.000,25.01,685.771,0.000,17.31,927.808,0.000,26.93,524.413,0.000,12.50,927.808,0.000,23.08,564.752,0.000,16.35,1048.826,0.000,37.51,927.808,0.000,27.89,1008.486,0.000,33.66,968.147,0.000,24.04,645.431,0.000,19.24,1038.741,0.000,33.66,685.771,0.000,25.01,645.431,0.000,20.20,726.110,0.000,27.89,645.431,0.000,18.27,968.147,0.000,30.78,1008.486,0.000,23.08,322.716,0.000,7.69,645.431,0.000,17.31,663.080,0.000,19.24,1048.826,0.000,25.01,766.450,0.000,25.01,645.431,0.000,23.08
103.3940,25034.882,0.000,25.63,98.32,0.00,560.894,0.000,16.24,603.461,0.000,19.10,761.213,0.000,21.97,600.957,0.000,19.10,1066.699,0.000,29.61,1081.723,0.000,35.34,811.292,0.000,27.70,841.340,0.000,24.84,721.149,0.000,23.88,776.237,0.000,21.97,641.021,0.000,19.10,881.404,0.000,25.79,1041.659,0.000,31.52,600.957,0.000,21.01,808.788,0.000,27.70,801.276,0.000,23.88,681.085,0.000,20.06,923.972,0.000,27.70,1001.596,0.000,28.66,681.085,0.000,21.01,841.340,0.000,27.70,801.276,0.000,25.79,1001.596,0.000,28.66,1161.851,0.000,29.61,841.340,0.000,28.66,721.149,0.000,24.84,1201.915,0.000,36.30,881.404,0.000,29.61,1014.116,0.000,29.61,681.085,0.000,21.97
103.5012,25746.229,0.000,26.57,99.20,0.00,626.405,0.000,25.20,981.205,0.000,28.00,1096.209,0.000,30.80,352.353,0.000,11.20,797.688,0.000,20.54,628.852,0.000,24.27,812.369,0.000,25.20,1096.209,0.000,30.80,716.940,0.000,22.40,885.776,0.000,21.47,873.542,0.000,32.67,1057.059,0.000,28.00,1027.696,0.000,32.67,861.307,0.000,28.00,971.417,0.000,28.94,1135.359,0.000,32.67,743.856,0.000,19.60,741.409,0.000,22.40,704.706,0.000,24.27,778.113,0.000,22.40,743.856,0.000,20.54,1054.612,0.000,38.27,704.706,0.000,22.40,1057.059,0.000,34.54,822.157,0.000,29.87,849.073,0.000,27.07,939.608,0.000,28.00,898.010,0.000,28.00,888.223,0.000,28.94,900.457,0.000,28.00
103.6080,22922.926,0.000,22.68,99.40,0.00,824.460,0.000,19.66,662.512,0.000,16.85,549.640,0.000,14.98,706.680,0.000,19.66,745.940,0.000,17.78,586.446,0.000,19.66,863.720,0.000,25.27,1020.760,0.000,29.02,733.671,0.000,19.66,706.680,0.000,18.72,655.151,0.000,18.72,667.420,0.000,15.91,775.385,0.000,28.08,942.240,0.000,29.95,942.240,0.000,26.21,706.680,0.000,18.72,745.940,0.000,23.40,745.940,0.000,25.27,660.059,0.000,21.53,851.451,0.000,29.95,1138.540,0.000,35.57,944.693,0.000,26.21,667.420,0.000,27.14,824.460,0.000,22.46,667.420,0.000,19.66,679.689,0.000,19.66,785.200,0.000,24.34,748.394,0.000,20.59,588.900,0.000,20.59,785.200,0.000,25.27
103.7134,23946.760,0.000,21.86,99.49,0.07,878.255,0.000,20.88,918.063,0.000,27.52,1146.956,0.000,34.17,756.344,0.000,24.68,756.344,0.000,16.13,796.152,0.000,20.88,955.382,0.000,30.37,517.499,0.000,11.39,865.815,0.000,23.73,716.537,0.000,14.24,437.884,0.000,10.44,806.104,0.000,20.88,646.874,0.000,18.03,726.489,0.000,20.88,947.918,0.000,27.52,756.344,0.000,18.03,537.403,0.000,13.29,952.894,0.000,28.47,624.482,0.000,21.83,1099.685,0.000,31.32,955.382,0.000,33.22,773.760,0.000,16.13,756.344,0.000,21.83,430.420,0.000,11.39,1007.630,0.000,21.83,557.306,0.000,16.13,835.960,0.000,23.73,796.152,0.000,20.88,995.190,0.000,29.42,995.190,0.000,26.57
103.8200,22728.180,0.000,27.81,99.63,0.00,626.696,0.000,21.56,997.799,0.000,38.44,599.662,0.000,27.19,668.476,0.000,27.19,550.510,0.000,13.13,825.764,0.000,35.63,695.510,0.000,30.00,589.832,0.000,18.75,953.561,0.000,35.63,511.187,0.000,12.19,707.798,0.000,24.38,697.967,0.000,19.69,737.290,0.000,34.69,1012.544,0.000,41.25,1029.748,0.000,43.13,707.798,0.000,19.69,452.204,0.000,15.00,946.188,0.000,38.44,609.493,0.000,23.44,661.103,0.000,23.44,707.798,0.000,29.06,1005.171,0.000,31.88,983.053,0.000,38.44,715.171,0.000,23.44,538.221,0.000,18.75,983.053,0.000,30.00,629.154,0.000,23.44,1179.663,0.000,35.63,855.256,0.000,33.75,550.510,0.000,27.19
103.9266,22925.931,0.000,23.70,99.64,0.00,550.832,0.000,20.64,454.928,0.000,19.70,587.718,0.000,25.33,769.690,0.000,24.39,826.248,0.000,21.58,944.284,0.000,29.08,838.544,0.000,25.33,668.868,0.000,21.58,868.053,0.000,30.96,668.868,0.000,17.82,956.579,0.000,28.14,1022.974,0.000,32.83,668.868,0.000,21.58,855.757,0.000,30.02,668.868,0.000,21.58,826.248,0.000,22.51,865.593,0.000,24.39,654.113,0.000,20.64,668.868,0.000,22.51,629.523,0.000,20.64,668.868,0.000,22.51,1214.782,0.000,33.77,708.213,0.000,18.76,710.672,0.000,20.64,501.651,0.000,13.13,786.903,0.000,21.58,629.523,0.000,19.70,786.903,0.000,23.45,1111.501,0.000,30.02,811.494,0.000,26.27
104.0313,20726.636,0.156,17.89,99.65,0.00,921.406,0.000,25.79,600.917,0.000,14.33,600.917,0.000,20.06,698.566,0.000,18.15,640.978,0.000,14.33,721.101,0.000,15.28,881.345,0.000,24.83,640.978,0.000,17.19,798.719,0.000,21.97,600.917,0.000,13.37,1149.254,0.000,27.70,640.978,0.000,14.33,761.162,0.000,21.97,490.749,0.000,10.51,640.978,0.000,14.33,600.917,0.000,14.33,560.856,0.000,16.24,375.573,0.000,12.42,520.795,0.000,10.51,961.468,0.000,21.01,1041.590,0.000,25.79,686.047,0.000,20.06,520.795,0.000,12.42,918.903,0.000,21.97,1011.544,0.000,27.70,721.101,0.156,20.06,520.795,0.000,14.33,560.856,0.000,17.19,520.795,0.000,17.19,415.634,0.000,11.46
104.1424,20699.296,0.000,19.87,99.72,0.00,264.407,0.000,9.91,1019.856,0.000,31.52,755.449,0.000,19.81,755.449,0.000,23.41,528.814,0.000,14.41,679.904,0.000,23.41,755.449,0.000,21.61,944.311,0.000,21.61,642.131,0.000,19.81,642.131,0.000,14.41,755.449,0.000,20.71,491.042,0.000,12.61,604.359,0.000,16.21,566.587,0.000,18.91,453.269,0.000,15.31,642.131,0.000,18.01,830.994,0.000,22.51,604.359,0.000,17.11,793.221,0.000,21.61,453.269,0.000,15.31,415.497,0.000,14.41,868.766,0.000,26.12,679.904,0.000,19.81,1019.856,0.000,27.92,830.994,0.000,20.71,604.359,0.000,18.01,755.449,0.000,20.71,679.904,0.000,21.61,679.904,0.000,21.61,982.083,0.000,27.02
104.2563,16947.864,0.000,14.21,99.64,0.00,552.009,0.000,14.92,699.211,0.000,14.92,588.810,0.000,16.67,515.208,0.000,12.28,699.211,0.000,16.67,662.411,0.000,15.79,588.810,0.000,14.92,625.610,0.000,14.04,552.009,0.000,14.04,534.795,0.000,11.41,368.006,0.000,9.65,478.408,0.000,13.16,736.012,0.000,21.06,515.208,0.000,12.28,478.408,0.000,12.28,772.813,0.000,20.18,404.807,0.000,13.16,662.411,0.000,18.43,552.009,0.000,13.16,588.810,0.000,14.92,588.810,0.000,16.67,552.009,0.000,13.16,588.810,0.000,14.92,515.208,0.000,12.28,368.006,0.000,9.65,736.012,0.000,16.67,515.208,0.000,11.41,515.208,0.000,11.41,368.006,0.000,9.65,625.610,0.000,16.67
104.3616,0.000,0.000,0.00,88.12,0.00,0.000,0.000,0.00,0.000,0.000,0.00,0.000,0.000,0.00,0.000,0.000,0.00,0.000,0.000,0.00,0.000,0.000,0.00,0.000,0.000,0.00,0.000,0.000,0.00,0.000,0.000,0.00,0.000,0.000,0.00,0.000,0.000,0.00,0.000,0.000,0.00,0.000,0.000,0.00,0.000,0.000,0.00,0.000,0.000,0.00,0.000,0.000,0.00,0.000,0.000,0.00,0.000,0.000,0.00,0.000,0.000,0.00,0.000,0.000,0.00,0.000,0.000,0.00,0.000,0.000,0.00,0.000,0.000,0.00,0.000,0.000,0.00,0.000,0.000,0.00,0.000,0.000,0.00,0.000,0.000,0.00,0.000,0.000,0.00,0.000,0.000,0.00,0.000,0.000,0.00
104.4946,0.000,0.000,0.00,95.22,0.00,0.000,0.000,0.00,0.000,0.000,0.00,0.000,0.000,0.00,0.000,0.000,0.00,0.000,0.000,0.00,0.000,0.000,0.00,0.000,0.000,0.00,0.000,0.000,0.00,0.000,0.000,0.00,0.000,0.000,0.00,0.000,0.000,0.00,0.000,0.000,0.00,0.000,0.000,0.00,0.000,0.000,0.00,0.000,0.000,0.00,0.000,0.000,0.00,0.000,0.000,0.00,0.000,0.000,0.00,0.000,0.000,0.00,0.000,0.000,0.00,0.000,0.000,0.00,0.000,0.000,0.00,0.000,0.000,0.00,0.000,0.000,0.00,0.000,0.000,0.00,0.000,0.000,0.00,0.000,0.000,0.00,0.000,0.000,0.00,0.000,0.000,0.00,0.000,0.000,0.00
104.6284,17944.844,0.000,42.70,87.27,0.59,578.234,0.000,47.11,574.313,0.000,42.62,578.234,0.000,44.86,560.593,0.000,44.86,784.046,0.000,32.15,678.199,0.000,46.36,656.638,0.000,47.11,748.764,0.000,46.36,662.519,0.000,46.36,793.846,0.000,32.15,554.712,0.000,41.87,509.630,0.000,34.40,491.989,0.000,36.64,623.316,0.000,45.61,562.553,0.000,44.86,672.319,0.000,45.61,631.157,0.000,40.38,599.795,0.000,44.12,609.595,0.000,43.37,588.034,0.000,47.11,556.672,0.000,47.11,531.191,0.000,44.12,478.268,0.000,39.63,495.909,0.000,35.14,433.185,0.000,36.64,578.234,0.000,44.86,627.236,0.000,44.12,635.077,0.000,45.61,625.276,0.000,45.61,525.311,0.000,44.12
104.7347,33258.226,0.000,59.20,97.84,0.22,1271.674,0.000,68.63,1109.018,0.000,74.27,1350.538,0.000,79.91,1330.822,0.000,78.97,1074.515,0.000,35.72,961.149,0.000,52.65,1717.746,0.000,76.15,1069.587,0.000,40.43,1163.237,0.000,73.33,1160.772,0.000,34.78,1195.275,0.000,67.69,483.039,0.000,21.62,828.067,0.000,54.53,1441.724,0.000,76.15,1086.838,0.000,65.81,968.543,0.000,39.49,1242.100,0.000,47.95,1091.767,0.000,66.75,1153.379,0.000,68.63,1074.515,0.000,60.17,958.685,0.000,61.11,1641.347,0.000,75.21,995.652,0.000,62.05,1015.368,0.000,61.11,1042.477,0.000,54.53,1047.406,0.000,58.29,810.816,0.000,49.83,1015.368,0.000,54.53,837.925,0.000,51.71,1118.876,0.000,63.93
104.8400,29018.996,0.000,39.90,98.74,0.00,1165.442,0.000,47.50,739.607,0.000,31.35,1088.243,0.000,46.55,971.201,0.000,43.70,839.218,0.000,27.55,956.260,0.000,41.80,752.058,0.000,29.45,717.195,0.000,32.30,971.201,0.000,35.15,1045.909,0.000,33.25,644.977,0.000,31.35,1182.873,0.000,48.45,769.490,0.000,35.15,799.373,0.000,38.95,657.429,0.000,29.45,1195.325,0.000,42.75,1419.448,0.000,55.10,884.042,0.000,36.10,769.490,0.000,37.05,976.182,0.000,41.80,1033.458,0.000,41.80,1053.380,0.000,42.75,941.318,0.000,43.70,1023.497,0.000,45.60,1065.831,0.000,48.45,1354.701,0.000,52.25,854.159,0.000,38.00,757.039,0.000,29.45,1080.773,0.000,41.80,1309.877,0.000,48.45
104.9474,27388.384,0.000,29.77,98.83,0.00,1291.652,0.000,34.46,1015.741,0.000,36.33,1367.344,0.000,47.50,898.540,0.000,33.53,925.399,0.000,20.49,976.674,0.000,30.74,688.555,0.000,24.22,820.406,0.000,24.22,781.339,0.000,32.60,781.339,0.000,17.70,539.612,0.000,17.70,617.746,0.000,21.42,898.540,0.000,34.46,1113.409,0.000,37.26,664.138,0.000,27.94,1093.875,0.000,31.67,810.640,0.000,22.35,859.473,0.000,30.74,937.607,0.000,33.53,800.873,0.000,31.67,1367.344,0.000,41.91,742.272,0.000,21.42,932.724,0.000,37.26,966.907,0.000,29.81,1054.808,0.000,33.53,1015.741,0.000,31.67,859.473,0.000,23.29,859.473,0.000,28.87,964.466,0.000,29.81,742.272,0.000,25.15
105.0520,26778.340,0.000,29.52,99.36,0.00,931.595,0.000,29.61,1121.921,0.000,31.53,681.166,0.000,21.02,841.440,0.000,25.79,1121.921,0.000,25.79,1001.715,0.000,28.66,641.097,0.000,21.02,881.509,0.000,27.70,641.097,0.000,22.93,801.372,0.000,20.06,1202.058,0.000,43.94,1282.195,0.000,35.35,841.440,0.000,27.70,520.892,0.000,21.02,921.578,0.000,32.48,360.617,0.000,14.33,703.705,0.000,24.84,1121.921,0.000,36.30,841.440,0.000,35.35,721.235,0.000,32.48,1282.195,0.000,39.17,796.363,0.000,30.57,1001.715,0.000,35.35,881.509,0.000,29.61,961.646,0.000,33.44,884.013,0.000,36.30,1081.852,0.000,35.35,1081.852,0.000,36.30,1041.783,0.000,30.57,583.499,0.000,21.02
105.1622,26861.568,0.000,29.68,100.00,0.00,942.344,0.000,29.96,966.141,0.000,39.94,837.639,0.000,35.40,875.714,0.000,35.40,1166.032,0.000,27.23,1268.357,0.000,39.03,801.944,0.000,32.68,837.639,0.000,29.05,1028.012,0.000,40.85,1123.198,0.000,24.51,723.416,0.000,25.42,799.565,0.000,23.60,1142.235,0.000,37.22,685.341,0.000,24.51,1028.012,0.000,34.50,694.860,0.000,19.06,663.924,0.000,20.88,799.565,0.000,29.96,899.510,0.000,32.68,830.500,0.000,29.96,937.585,0.000,35.40,1146.995,0.000,35.40,1118.439,0.000,33.59,799.565,0.000,28.14,723.416,0.000,18.16,920.927,0.000,26.33,533.043,0.000,18.16,799.565,0.000,19.06,837.639,0.000,32.68,930.446,0.000,31.77
105.2728,24639.623,0.000,26.66,100.00,0.00,606.514,0.000,21.69,1236.720,0.000,29.82,796.049,0.000,27.11,871.864,0.000,28.02,734.450,0.000,19.88,670.482,0.000,24.40,831.587,0.000,28.02,606.514,0.000,19.88,758.142,0.000,26.21,928.724,0.000,21.69,679.959,0.000,23.50,909.771,0.000,32.54,644.421,0.000,20.79,530.700,0.000,20.79,1099.306,0.000,29.82,1014.015,0.000,36.15,1061.399,0.000,36.15,871.864,0.000,29.82,1151.429,0.000,35.25,651.529,0.000,26.21,620.729,0.000,23.50,796.049,0.000,24.40,819.741,0.000,32.54,796.049,0.000,25.31,644.421,0.000,20.79,672.851,0.000,20.79,796.049,0.000,22.59,909.771,0.000,27.11,947.678,0.000,29.82,980.847,0.000,35.25
105.3784,27491.455,0.000,37.08,100.00,0.00,953.719,0.000,37.90,906.530,0.000,41.69,913.981,0.000,42.63,1177.247,0.000,44.53,993.458,0.000,25.58,1048.098,0.000,40.74,794.766,0.000,35.06,981.039,0.000,35.06,817.119,0.000,36.00,834.504,0.000,22.74,1172.280,0.000,42.63,794.766,0.000,33.16,1033.196,0.000,48.32,1149.927,0.000,49.27,923.916,0.000,43.58,938.817,0.000,33.16,727.708,0.000,32.21,916.465,0.000,38.84,1172.280,0.000,48.32,953.719,0.000,39.79,747.577,0.000,40.74,675.551,0.000,29.37,1043.130,0.000,49.27,990.974,0.000,40.74,891.628,0.000,29.37,953.719,0.000,34.11,715.289,0.000,24.63,755.028,0.000,27.48,819.603,0.000,34.11,695.420,0.000,31.27
105.4905,24806.881,0.000,28.25,100.00,0.00,734.360,0.000,24.98,923.797,0.000,33.01,689.925,0.000,25.87,874.684,0.000,32.12,673.553,0.000,15.17,771.780,0.000,23.20,748.393,0.000,24.98,1059.443,0.000,25.87,1218.477,0.000,44.61,673.553,0.000,17.84,919.120,0.000,29.44,860.652,0.000,23.20,1138.960,0.000,42.82,825.571,0.000,35.69,832.587,0.000,33.90,687.586,0.000,19.63,1036.056,0.000,31.23,783.474,0.000,35.69,767.103,0.000,35.69,750.731,0.000,34.79,1017.346,0.000,38.36,860.652,0.000,27.66,1188.073,0.000,42.82,825.571,0.000,24.09,507.504,0.000,15.17,561.295,0.000,16.95,636.134,0.000,17.84,486.455,0.000,14.27,1033.717,0.000,34.79,720.328,0.000,25.87
105.5971,25506.820,0.000,25.48,100.00,0.00,840.884,0.000,22.51,885.141,0.000,28.14,806.462,0.000,23.45,1180.188,0.000,37.52,629.434,0.000,16.88,786.792,0.000,24.39,944.151,0.000,30.01,708.113,0.000,20.63,860.554,0.000,24.39,1022.830,0.000,27.20,904.811,0.000,29.08,983.490,0.000,28.14,690.902,0.000,16.88,590.094,0.000,18.76,491.745,0.000,16.88,1101.509,0.000,30.01,668.773,0.000,21.57,865.471,0.000,26.26,904.811,0.000,28.14,823.673,0.000,28.14,786.792,0.000,28.14,472.075,0.000,15.94,865.471,0.000,30.95,1062.169,0.000,30.01,1101.509,0.000,28.14,747.453,0.000,23.45,983.490,0.000,27.20,747.453,0.000,22.51,894.976,0.000,25.32,1155.601,0.000,33.77
105.7053,24933.073,0.000,25.69,99.93,0.00,891.332,0.000,29.57,775.071,0.000,24.95,777.493,0.000,23.10,1162.607,0.000,35.11,852.578,0.000,20.33,542.550,0.000,15.71,658.811,0.000,22.17,736.318,0.000,23.10,1007.593,0.000,33.26,930.085,0.000,25.87,852.578,0.000,26.79,1123.853,0.000,33.26,620.057,0.000,18.48,852.578,0.000,22.17,852.578,0.000,25.87,891.332,0.000,27.72,930.085,0.000,25.87,1046.346,0.000,31.41,813.825,0.000,24.02,825.935,0.000,23.10,503.796,0.000,17.56,697.564,0.000,24.95,852.578,0.000,27.72,930.085,0.000,29.57,697.564,0.000,23.10,736.318,0.000,24.95,852.578,0.000,24.95,813.825,0.000,27.72,775.071,0.000,26.79,930.085,0.000,31.41
105.8134,25423.252,0.000,28.45,100.00,0.00,970.631,0.000,26.84,582.379,0.000,20.36,737.680,0.000,27.77,815.330,0.000,29.62,698.854,0.000,18.51,970.631,0.000,34.25,1048.281,0.000,43.51,698.854,0.000,21.29,892.981,0.000,32.40,504.728,0.000,13.88,660.029,0.000,18.51,815.330,0.000,28.70,815.330,0.000,27.77,897.834,0.000,30.55,727.973,0.000,24.99,946.365,0.000,24.99,1087.107,0.000,32.40,1203.582,0.000,39.80,1048.281,0.000,36.10,803.197,0.000,27.77,737.680,0.000,32.40,740.106,0.000,23.14,616.351,0.000,26.84,769.225,0.000,21.29,1009.456,0.000,30.55,956.072,0.000,32.40,1048.281,0.000,31.47,776.505,0.000,22.22,1174.463,0.000,42.58,669.735,0.000,30.55
105.9214,24347.563,0.000,30.40,99.64,0.00,737.878,0.000,26.85,1009.728,0.000,36.11,844.677,0.000,33.33,582.536,0.000,27.78,660.207,0.000,18.52,599.526,0.000,22.22,958.757,0.000,34.26,808.268,0.000,28.70,961.184,0.000,37.04,699.043,0.000,17.59,815.550,0.000,30.56,1029.146,0.000,37.96,638.362,0.000,26.85,810.695,0.000,28.70,747.587,0.000,26.85,1123.808,0.000,39.81,701.470,0.000,26.85,701.470,0.000,27.78,543.700,0.000,25.00,970.893,0.000,37.96,932.057,0.000,38.89,1031.574,0.000,37.96,900.503,0.000,38.89,939.339,0.000,32.41,708.752,0.000,24.07,550.982,0.000,25.93,805.841,0.000,31.48,885.940,0.000,36.11,1026.719,0.000,32.41,621.371,0.000,23.15
106.0304,24899.232,0.014,29.85,99.57,0.07,577.206,0.000,19.27,1154.412,0.000,38.53,868.214,0.000,34.86,1190.488,0.000,44.95,808.089,0.000,19.27,829.734,0.000,35.78,743.153,0.000,29.36,1161.627,0.000,32.11,509.865,0.000,25.69,615.687,0.000,15.60,668.597,0.000,21.10,808.089,0.000,25.69,791.253,0.000,27.52,846.569,0.000,31.19,808.089,0.000,28.44,834.544,0.000,23.85,613.282,0.000,22.94,882.644,0.000,33.95,808.089,0.000,30.28,692.647,0.000,31.19,769.608,0.000,33.03,695.052,0.000,20.18,642.142,0.000,27.52,577.206,0.000,19.27,846.569,0.000,33.95,1079.857,0.000,34.86,918.720,0.014,33.95,1046.186,0.000,36.70,974.035,0.000,41.29,1137.577,0.000,43.12
106.1383,23774.223,0.000,26.64,99.71,0.00,699.099,0.000,28.71,582.583,0.000,15.74,803.478,0.000,19.45,701.526,0.000,17.59,699.099,0.000,13.89,815.616,0.000,25.00,621.421,0.000,24.08,1048.649,0.000,29.63,737.938,0.000,19.45,504.905,0.000,12.04,1422.472,0.000,46.30,796.196,0.000,23.15,893.293,0.000,34.26,699.099,0.000,28.71,854.454,0.000,36.11,427.227,0.000,15.74,582.583,0.000,19.45,893.293,0.000,32.41,388.388,0.000,14.82,1048.649,0.000,35.19,660.260,0.000,24.08,944.269,0.000,35.19,864.164,0.000,30.56,854.454,0.000,31.48,1048.649,0.000,37.04,859.309,0.000,29.63,1024.374,0.000,38.89,660.260,0.000,27.78,970.971,0.000,29.63,667.543,0.000,23.15
106.2464,22541.196,0.000,23.09,100.00,0.00,614.076,0.000,17.59,427.183,0.000,11.11,1165.045,0.000,29.63,466.018,0.000,13.89,660.192,0.000,17.59,1009.706,0.000,31.48,1048.541,0.000,29.63,483.008,0.000,17.59,737.862,0.000,19.44,932.036,0.000,21.30,660.192,0.000,19.44,762.134,0.000,30.55,679.610,0.000,26.85,766.988,0.000,27.78,820.386,0.000,29.63,917.473,0.000,29.63,934.463,0.000,29.63,791.260,0.000,22.22,866.502,0.000,27.78,970.871,0.000,25.93,970.871,0.000,27.78,504.853,0.000,17.59,400.484,0.000,14.81,699.027,0.000,23.15,766.988,0.000,21.30,815.532,0.000,24.07,703.881,0.000,15.74,645.629,0.000,22.22,582.523,0.000,22.22,737.862,0.000,25.00
106.3543,24834.440,0.000,28.67,99.93,0.00,473.337,0.000,17.59,939.393,0.000,37.04,665.100,0.000,26.85,849.580,0.000,28.71,1203.976,0.000,27.78,733.066,0.000,29.63,893.273,0.000,34.26,565.578,0.000,15.74,881.136,0.000,33.33,737.921,0.000,18.52,699.083,0.000,25.00,470.910,0.000,15.74,873.854,0.000,29.63,669.955,0.000,23.15,1004.932,0.000,36.11,946.675,0.000,25.00,958.812,0.000,27.78,1111.736,0.000,37.96,764.622,0.000,28.71,1009.787,0.000,36.11,1009.787,0.000,36.11,575.287,0.000,22.22,987.940,0.000,36.11,939.393,0.000,29.63,517.030,0.000,24.08,621.407,0.000,25.93,1201.549,0.000,38.89,946.675,0.000,35.19,835.016,0.000,30.56,747.630,0.000,26.85
106.4634,25227.547,0.000,25.72,100.00,0.00,500.222,0.000,16.51,762.358,0.000,22.02,918.677,0.000,32.11,839.315,0.000,31.19,731.094,0.000,16.51,1005.254,0.000,32.11,808.051,0.000,24.77,846.530,0.000,23.85,774.382,0.000,27.52,692.615,0.000,17.43,654.137,0.000,22.02,1048.542,0.000,31.19,829.695,0.000,24.77,909.057,0.000,29.36,733.499,0.000,22.94,1038.923,0.000,26.60,892.223,0.000,25.69,731.094,0.000,26.60,961.966,0.000,26.60,692.615,0.000,21.10,692.615,0.000,22.02,699.830,0.000,23.85,1180.813,0.000,34.86,1315.488,0.000,33.94,728.689,0.000,28.44,769.572,0.000,22.94,860.959,0.000,30.27,1099.046,0.000,28.44,865.769,0.000,23.85,644.517,0.000,22.02
106.5713,24167.881,0.000,26.76,100.00,0.00,699.111,0.000,25.00,699.111,0.000,23.15,504.914,0.000,17.59,478.211,0.000,14.82,737.951,0.000,19.45,1009.827,0.000,29.63,699.111,0.000,20.37,1048.667,0.000,28.71,1094.789,0.000,30.56,854.469,0.000,20.37,699.111,0.000,25.00,815.630,0.000,21.30,1221.017,0.000,47.23,907.873,0.000,38.89,929.721,0.000,39.82,776.790,0.000,21.30,390.823,0.000,12.96,699.111,0.000,28.71,893.309,0.000,31.48,737.951,0.000,26.85,504.914,0.000,24.08,854.469,0.000,27.78,1070.514,0.000,35.19,839.904,0.000,27.78,767.080,0.000,27.78,893.309,0.000,29.63,682.119,0.000,25.93,1065.659,0.000,33.34,660.272,0.000,21.30,932.148,0.000,26.85
106.6803,23891.456,0.000,23.33,99.93,0.00,1038.968,0.000,27.52,923.527,0.000,24.77,923.527,0.000,23.85,731.126,0.000,25.69,1000.488,0.000,23.85,769.606,0.000,22.02,846.567,0.000,22.94,846.567,0.000,22.02,731.126,0.000,22.94,577.204,0.000,15.60,808.086,0.000,28.44,885.047,0.000,27.52,1000.488,0.000,26.61,808.086,0.000,25.69,923.527,0.000,25.69,923.527,0.000,25.69,639.735,0.000,20.18,538.724,0.000,18.35,692.645,0.000,21.10,731.126,0.000,18.35,923.527,0.000,27.52,577.204,0.000,21.10,432.903,0.000,13.76,846.567,0.000,25.69,808.086,0.000,22.02,962.007,0.000,28.44,692.645,0.000,21.10,769.606,0.000,25.69,769.606,0.000,22.02,769.606,0.000,23.85
106.7873,24336.597,0.000,24.02,99.93,0.00,1063.440,0.000,33.65,668.938,0.000,19.63,749.799,0.000,18.69,784.103,0.000,22.43,901.718,0.000,23.37,739.997,0.000,22.43,862.513,0.000,26.17,862.513,0.000,21.50,590.528,0.000,16.83,588.077,0.000,18.69,1097.744,0.000,34.58,980.129,0.000,28.98,627.282,0.000,19.63,705.693,0.000,19.63,705.693,0.000,20.56,1019.334,0.000,30.85,838.010,0.000,26.17,703.242,0.000,18.69,705.693,0.000,19.63,548.872,0.000,14.02,940.924,0.000,23.37,1136.949,0.000,39.26,869.864,0.000,23.37,940.924,0.000,33.65,823.308,0.000,25.24,862.513,0.000,27.11,823.308,0.000,24.30,627.282,0.000,20.56,980.129,0.000,28.98,588.077,0.000,18.69
106.8963,22732.726,0.000,26.63,99.57,0.00,649.232,0.000,25.68,959.420,0.000,33.02,726.178,0.000,22.93,632.400,0.000,23.85,692.514,0.000,17.43,735.796,0.000,24.77,961.825,0.000,34.86,538.622,0.000,14.68,920.947,0.000,29.35,997.893,0.000,22.01,1000.298,0.000,33.02,577.095,0.000,16.51,718.964,0.000,29.35,615.568,0.000,28.44,870.451,0.000,33.02,500.149,0.000,15.59,769.460,0.000,20.18,1014.725,0.000,35.77,654.041,0.000,32.10,1000.298,0.000,38.53,961.825,0.000,40.36,769.460,0.000,25.68,637.209,0.000,24.77,730.987,0.000,27.52,807.933,0.000,24.77,500.149,0.000,15.59,577.095,0.000,22.93,730.987,0.000,27.52,596.331,0.000,24.77,884.879,0.000,33.94
107.0043,22625.103,0.000,22.65,99.78,0.00,582.558,0.000,17.59,893.256,0.000,30.56,932.093,0.000,28.70,701.497,0.000,23.15,601.977,0.000,13.89,737.907,0.000,26.85,893.256,0.000,29.63,854.419,0.000,21.30,801.017,0.000,25.93,779.172,0.000,16.67,854.419,0.000,25.00,737.907,0.000,21.30,672.369,0.000,20.37,854.419,0.000,25.93,713.634,0.000,25.93,699.070,0.000,18.52,427.209,0.000,15.74,919.956,0.000,25.93,582.558,0.000,14.82,815.581,0.000,25.93,815.581,0.000,26.85,1048.605,0.000,27.78,699.070,0.000,23.15,776.744,0.000,21.30,621.395,0.000,19.44,716.061,0.000,20.37,699.070,0.000,21.30,504.884,0.000,12.04,679.651,0.000,21.30,1009.768,0.000,32.41
107.1123,21845.680,0.000,22.41,100.00,0.00,638.379,0.000,19.44,970.919,0.000,29.63,701.489,0.000,23.15,524.296,0.000,13.89,706.344,0.000,18.52,776.735,0.000,23.15,893.246,0.000,30.56,466.041,0.000,14.82,699.062,0.000,27.78,543.715,0.000,14.82,582.551,0.000,15.74,699.062,0.000,21.30,868.973,0.000,32.41,582.551,0.000,24.07,737.899,0.000,23.15,699.062,0.000,15.74,737.899,0.000,21.30,1009.756,0.000,29.63,737.899,0.000,19.44,582.551,0.000,18.52,776.735,0.000,24.07,1048.593,0.000,25.93,754.890,0.000,23.15,660.225,0.000,22.22,582.551,0.000,18.52,614.106,0.000,17.59,776.735,0.000,24.07,725.762,0.000,24.07,1048.593,0.000,31.48,699.062,0.000,24.07
107.2213,19512.732,0.000,17.34,100.00,0.00,560.357,0.000,13.76,923.507,0.000,25.69,613.266,0.000,20.18,500.233,0.000,15.60,550.737,0.000,10.09,808.069,0.000,22.02,577.192,0.000,15.60,731.110,0.000,17.43,976.416,0.000,25.69,366.795,0.000,7.34,461.754,0.000,15.60,384.795,0.000,6.42,678.200,0.000,16.51,846.548,0.000,20.18,692.630,0.000,16.51,538.712,0.000,13.76,654.151,0.000,19.27,423.274,0.000,11.01,500.233,0.000,16.51,654.151,0.000,21.10,846.548,0.000,22.94,1000.466,0.000,26.61,560.357,0.000,15.60,731.110,0.000,22.94,582.002,0.000,12.84,836.928,0.000,22.94,692.630,0.000,17.43,781.614,0.000,18.35,654.151,0.000,18.35,384.795,0.000,11.93
107.3303,13271.775,0.000,11.65,100.00,0.00,230.897,0.000,8.26,115.449,0.000,2.75,346.346,0.000,8.26,692.691,0.000,13.76,500.277,0.000,12.85,384.829,0.000,11.93,384.829,0.000,11.01,577.243,0.000,13.76,346.346,0.000,11.01,384.829,0.000,8.26,307.863,0.000,8.26,538.760,0.000,12.85,461.794,0.000,11.93,538.760,0.000,13.76,307.863,0.000,11.93,577.243,0.000,13.76,500.277,0.000,11.93,346.346,0.000,10.09,423.311,0.000,11.93,538.760,0.000,15.60,269.380,0.000,5.51,577.243,0.000,14.68,384.829,0.000,10.09,384.829,0.000,8.26,572.432,0.000,14.68,461.794,0.000,16.52,307.863,0.000,11.01,731.174,0.000,18.35,384.829,0.000,11.93,692.691,0.000,14.68
107.4373,0.000,0.000,0.00,43.65,0.00,0.000,0.000,0.00,0.000,0.000,0.00,0.000,0.000,0.00,0.000,0.000,0.00,0.000,0.000,0.00,0.000,0.000,0.00,0.000,0.000,0.00,0.000,0.000,0.00,0.000,0.000,0.00,0.000,0.000,0.00,0.000,0.000,0.00,0.000,0.000,0.00,0.000,0.000,0.00,0.000,0.000,0.00,0.000,0.000,0.00,0.000,0.000,0.00,0.000,0.000,0.00,0.000,0.000,0.00,0.000,0.000,0.00,0.000,0.000,0.00,0.000,0.000,0.00,0.000,0.000,0.00,0.000,0.000,0.00,0.000,0.000,0.00,0.000,0.000,0.00,0.000,0.000,0.00,0.000,0.000,0.00,0.000,0.000,0.00,0.000,0.000,0.00,0.000,0.000,0.00
107.5390,0.000,0.000,0.00,0.93,0.00,0.000,0.000,0.00,0.000,0.000,0.00,0.000,0.000,0.00,0.000,0.000,0.00,0.000,0.000,0.00,0.000,0.000,0.00,0.000,0.000,0.00,0.000,0.000,0.00,0.000,0.000,0.00,0.000,0.000,0.00,0.000,0.000,0.00,0.000,0.000,0.00,0.000,0.000,0.00,0.000,0.000,0.00,0.000,0.000,0.00,0.000,0.000,0.00,0.000,0.000,0.00,0.000,0.000,0.00,0.000,0.000,0.00,0.000,0.000,0.00,0.000,0.000,0.00,0.000,0.000,0.00,0.000,0.000,0.00,0.000,0.000,0.00,0.000,0.000,0.00,0.000,0.000,0.00,0.000,0.000,0.00,0.000,0.000,0.00,0.000,0.000,0.00,0.000,0.000,0.00
107.6401,0.000,0.000,0.00,0.77,0.00,0.000,0.000,0.00,0.000,0.000,0.00,0.000,0.000,0.00,0.000,0.000,0.00,0.000,0.000,0.00,0.000,0.000,0.00,0.000,0.000,0.00,0.000,0.000,0.00,0.000,0.000,0.00,0.000,0.000,0.00,0.000,0.000,0.00,0.000,0.000,0.00,0.000,0.000,0.00,0.000,0.000,0.00,0.000,0.000,0.00,0.000,0.000,0.00,0.000,0.000,0.00,0.000,0.000,0.00,0.000,0.000,0.00,0.000,0.000,0.00,0.000,0.000,0.00,0.000,0.000,0.00,0.000,0.000,0.00,0.000,0.000,0.00,0.000,0.000,0.00,0.000,0.000,0.00,0.000,0.000,0.00,0.000,0.000,0.00,0.000,0.000,0.00,0.000,0.000,0.00
107.7421,0.000,0.000,0.00,0.92,0.00,0.000,0.000,0.00,0.000,0.000,0.00,0.000,0.000,0.00,0.000,0.000,0.00,0.000,0.000,0.00,0.000,0.000,0.00,0.000,0.000,0.00,0.000,0.000,0.00,0.000,0.000,0.00,0.000,0.000,0.00,0.000,0.000,0.00,0.000,0.000,0.00,0.000,0.000,0.00,0.000,0.000,0.00,0.000,0.000,0.00,0.000,0.000,0.00,0.000,0.000,0.00,0.000,0.000,0.00,0.000,0.000,0.00,0.000,0.000,0.00,0.000,0.000,0.00,0.000,0.000,0.00,0.000,0.000,0.00,0.000,0.000,0.00,0.000,0.000,0.00,0.000,0.000,0.00,0.000,0.000,0.00,0.000,0.000,0.00,0.000,0.000,0.00,0.000,0.000,0.00
107.8435,0.000,0.000,0.00,0.77,0.00,0.000,0.000,0.00,0.000,0.000,0.00,0.000,0.000,0.00,0.000,0.000,0.00,0.000,0.000,0.00,0.000,0.000,0.00,0.000,0.000,0.00,0.000,0.000,0.00,0.000,0.000,0.00,0.000,0.000,0.00,0.000,0.000,0.00,0.000,0.000,0.00,0.000,0.000,0.00,0.000,0.000,0.00,0.000,0.000,0.00,0.000,0.000,0.00,0.000,0.000,0.00,0.000,0.000,0.00,0.000,0.000,0.00,0.000,0.000,0.00,0.000,0.000,0.00,0.000,0.000,0.00,0.000,0.000,0.00,0.000,0.000,0.00,0.000,0.000,0.00,0.000,0.000,0.00,0.000,0.000,0.00,0.000,0.000,0.00,0.000,0.000,0.00,0.000,0.000,0.00
107.9448,0.000,0.000,0.00,0.77,0.00,0.000,0.000,0.00,0.000,0.000,0.00,0.000,0.000,0.00,0.000,0.000,0.00,0.000,0.000,0.00,0.000,0.000,0.00,0.000,0.000,0.00,0.000,0.000,0.00,0.000,0.000,0.00,0.000,0.000,0.00,0.000,0.000,0.00,0.000,0.000,0.00,0.000,0.000,0.00,0.000,0.000,0.00,0.000,0.000,0.00,0.000,0.000,0.00,0.000,0.000,0.00,0.000,0.000,0.00,0.000,0.000,0.00,0.000,0.000,0.00,0.000,0.000,0.00,0.000,0.000,0.00,0.000,0.000,0.00,0.000,0.000,0.00,0.000,0.000,0.00,0.000,0.000,0.00,0.000,0.000,0.00,0.000,0.000,0.00,0.000,0.000,0.00,0.000,0.000,0.00
108.0542,0.000,0.000,0.00,31.10,0.00,0.000,0.000,0.00,0.000,0.000,0.00,0.000,0.000,0.00,0.000,0.000,0.00,0.000,0.000,0.00,0.000,0.000,0.00,0.000,0.000,0.00,0.000,0.000,0.00,0.000,0.000,0.00,0.000,0.000,0.00,0.000,0.000,0.00,0.000,0.000,0.00,0.000,0.000,0.00,0.000,0.000,0.00,0.000,0.000,0.00,0.000,0.000,0.00,0.000,0.000,0.00,0.000,0.000,0.00,0.000,0.000,0.00,0.000,0.000,0.00,0.000,0.000,0.00,0.000,0.000,0.00,0.000,0.000,0.00,0.000,0.000,0.00,0.000,0.000,0.00,0.000,0.000,0.00,0.000,0.000,0.00,0.000,0.000,0.00,0.000,0.000,0.00,0.000,0.000,0.00
108.1576,0.000,0.000,0.00,91.63,0.00,0.000,0.000,0.00,0.000,0.000,0.00,0.000,0.000,0.00,0.000,0.000,0.00,0.000,0.000,0.00,0.000,0.000,0.00,0.000,0.000,0.00,0.000,0.000,0.00,0.000,0.000,0.00,0.000,0.000,0.00,0.000,0.000,0.00,0.000,0.000,0.00,0.000,0.000,0.00,0.000,0.000,0.00,0.000,0.000,0.00,0.000,0.000,0.00,0.000,0.000,0.00,0.000,0.000,0.00,0.000,0.000,0.00,0.000,0.000,0.00,0.000,0.000,0.00,0.000,0.000,0.00,0.000,0.000,0.00,0.000,0.000,0.00,0.000,0.000,0.00,0.000,0.000,0.00,0.000,0.000,0.00,0.000,0.000,0.00,0.000,0.000,0.00,0.000,0.000,0.00
108.2614,0.000,0.000,0.00,93.87,0.00,0.000,0.000,0.00,0.000,0.000,0.00,0.000,0.000,0.00,0.000,0.000,0.00,0.000,0.000,0.00,0.000,0.000,0.00,0.000,0.000,0.00,0.000,0.000,0.00,0.000,0.000,0.00,0.000,0.000,0.00,0.000,0.000,0.00,0.000,0.000,0.00,0.000,0.000,0.00,0.000,0.000,0.00,0.000,0.000,0.00,0.000,0.000,0.00,0.000,0.000,0.00,0.000,0.000,0.00,0.000,0.000,0.00,0.000,0.000,0.00,0.000,0.000,0.00,0.000,0.000,0.00,0.000,0.000,0.00,0.000,0.000,0.00,0.000,0.000,0.00,0.000,0.000,0.00,0.000,0.000,0.00,0.000,0.000,0.00,0.000,0.000,0.00,0.000,0.000,0.00
108.3650,4526.812,0.000,11.01,86.29,0.38,245.582,0.000,12.56,146.843,0.000,10.62,111.398,0.000,10.62,75.953,0.000,10.62,205.074,0.000,12.56,162.034,0.000,11.59,108.866,0.000,11.59,273.432,0.000,12.56,253.177,0.000,11.59,151.906,0.000,10.62,154.438,0.000,10.62,162.034,0.000,9.66,189.883,0.000,11.59,162.034,0.000,11.59,118.993,0.000,10.62,75.953,0.000,11.59,126.589,0.000,9.66,162.034,0.000,10.62,230.391,0.000,12.56,141.779,0.000,12.56,96.207,0.000,12.56,53.167,0.000,9.66,70.890,0.000,8.69,103.803,0.000,10.62,81.017,0.000,7.73,159.502,0.000,10.62,174.692,0.000,10.62,194.947,0.000,11.59,265.836,0.000,11.59,68.358,0.000,10.62
108.4693,39360.845,0.000,85.42,94.05,0.29,1243.371,0.000,91.99,1336.309,0.000,97.74,1376.499,0.000,100.00,1373.987,0.000,100.00,1283.560,0.000,41.20,1366.452,0.000,94.86,1813.563,0.000,100.00,1416.689,0.000,66.12,1356.404,0.000,99.65,1577.448,0.000,54.62,1414.177,0.000,95.82,602.846,0.000,36.41,896.734,0.000,68.99,1657.828,0.000,99.65,1449.343,0.000,94.86,1492.045,0.000,73.78,1361.428,0.000,72.82,1245.883,0.000,89.11,1178.062,0.000,88.15,1306.167,0.000,93.90,1190.622,0.000,90.07,1569.912,0.000,100.00,1054.981,0.000,82.41,1142.896,0.000,87.20,1245.883,0.000,91.03,1248.394,0.000,90.07,1233.323,0.000,89.11,1333.798,0.000,93.90,1102.707,0.000,79.53,1489.533,0.000,99.65
108.5773,27646.301,0.000,30.68,98.27,0.00,1165.179,0.000,40.74,900.586,0.000,32.41,1242.858,0.000,41.67,1123.912,0.000,37.97,970.983,0.000,23.15,699.107,0.000,25.93,1060.798,0.000,36.11,740.374,0.000,30.56,1087.500,0.000,30.56,825.335,0.000,24.08,660.268,0.000,25.93,815.625,0.000,34.26,628.711,0.000,16.67,767.076,0.000,21.30,708.817,0.000,21.30,1051.089,0.000,35.19,1281.697,0.000,45.37,932.143,0.000,24.08,956.418,0.000,35.19,934.571,0.000,33.34,1070.508,0.000,37.04,1383.650,0.000,44.45,854.465,0.000,29.63,893.304,0.000,37.04,854.465,0.000,28.71,1138.477,0.000,35.19,582.590,0.000,18.52,543.750,0.000,18.52,674.833,0.000,21.30,1097.210,0.000,34.26
108.6853,28849.713,0.000,39.56,98.42,0.00,1203.791,0.000,41.66,851.876,0.000,38.88,1126.127,0.000,49.99,1048.463,0.000,50.92,893.135,0.000,25.00,1048.463,0.000,44.44,655.289,0.000,29.63,774.212,0.000,31.48,698.975,0.000,31.48,1116.419,0.000,28.70,660.143,0.000,27.77,1164.959,0.000,37.03,1157.678,0.000,49.07,1048.463,0.000,42.59,728.099,0.000,36.11,1084.868,0.000,36.11,1048.463,0.000,37.96,854.303,0.000,38.88,868.865,0.000,45.37,696.548,0.000,39.81,948.956,0.000,38.88,776.639,0.000,33.33,1242.622,0.000,56.48,1009.631,0.000,38.88,931.967,0.000,41.66,1191.656,0.000,46.29,854.303,0.000,36.11,893.135,0.000,37.96,1266.892,0.000,52.77,1004.777,0.000,41.66
108.7943,26851.691,0.000,29.94,98.48,0.00,961.995,0.000,32.11,846.556,0.000,22.94,1000.475,0.000,29.36,731.116,0.000,23.85,1077.435,0.000,24.77,1026.930,0.000,32.11,731.116,0.000,24.77,808.076,0.000,23.85,692.637,0.000,20.18,663.777,0.000,16.51,887.441,0.000,31.19,836.936,0.000,25.69,885.036,0.000,32.11,904.275,0.000,34.86,769.596,0.000,33.03,577.197,0.000,20.18,885.036,0.000,25.69,1154.394,0.000,40.37,808.076,0.000,30.28,1038.955,0.000,37.61,1346.793,0.000,44.95,731.116,0.000,25.69,774.406,0.000,33.03,1010.095,0.000,38.53,964.400,0.000,31.19,961.995,0.000,35.78,1115.914,0.000,37.61,1077.435,0.000,39.45,1000.475,0.000,33.03,582.007,0.000,17.43
108.9023,26996.151,0.000,31.76,98.71,0.00,970.997,0.000,36.11,1126.357,0.000,34.26,815.638,0.000,29.63,893.317,0.000,27.78,1009.837,0.000,25.00,1255.014,0.000,37.97,776.798,0.000,30.56,932.157,0.000,25.93,970.997,0.000,32.41,1155.487,0.000,27.78,852.050,0.000,36.11,1058.387,0.000,30.56,970.997,0.000,32.41,563.178,0.000,22.22,1048.677,0.000,33.34,543.758,0.000,17.59,660.278,0.000,21.30,900.600,0.000,32.41,970.997,0.000,41.67,776.798,0.000,35.19,815.638,0.000,37.04,1242.876,0.000,40.74,871.470,0.000,38.89,650.568,0.000,26.85,1201.609,0.000,43.52,932.157,0.000,35.19,582.598,0.000,24.08,854.478,0.000,35.19,854.478,0.000,30.56,737.958,0.000,30.56
109.0113,25084.744,0.000,28.66,99.42,0.00,808.177,0.000,24.77,808.177,0.000,24.77,1039.084,0.000,32.11,808.177,0.000,28.44,901.983,0.000,24.77,899.578,0.000,30.28,885.146,0.000,26.61,692.723,0.000,27.53,781.718,0.000,22.94,853.877,0.000,24.77,538.784,0.000,21.10,846.661,0.000,30.28,1043.895,0.000,36.70,500.300,0.000,21.10,863.498,0.000,33.95,832.229,0.000,29.36,1000.600,0.000,32.11,800.961,0.000,32.11,1000.600,0.000,40.37,731.207,0.000,32.11,962.115,0.000,39.45,769.692,0.000,23.86,1171.375,0.000,40.37,769.692,0.000,26.61,307.877,0.000,11.93,579.674,0.000,19.27,769.692,0.000,23.86,923.630,0.000,24.77,1039.084,0.000,35.78,1154.538,0.000,37.62
109.1193,27257.914,0.000,31.51,100.00,0.00,854.237,0.000,25.92,1514.329,0.000,47.21,764.445,0.000,32.40,931.895,0.000,30.55,914.907,0.000,23.14,917.334,0.000,34.25,854.237,0.000,33.33,660.092,0.000,23.14,764.445,0.000,28.70,1002.272,0.000,25.92,1121.186,0.000,39.81,931.895,0.000,25.00,771.725,0.000,34.25,815.408,0.000,33.33,1070.223,0.000,39.81,1257.087,0.000,34.25,815.408,0.000,22.22,854.237,0.000,35.18,1087.210,0.000,41.66,776.579,0.000,30.55,931.895,0.000,36.10,766.872,0.000,27.77,893.066,0.000,37.96,970.723,0.000,34.25,893.066,0.000,27.77,735.323,0.000,24.07,1009.552,0.000,31.48,854.237,0.000,25.00,747.457,0.000,26.85,776.579,0.000,33.33
109.2273,26010.417,0.000,28.43,99.93,0.00,854.392,0.000,26.85,893.228,0.000,31.48,750.020,0.000,25.00,1126.244,0.000,35.19,980.609,0.000,24.07,854.392,0.000,27.78,543.704,0.000,19.44,970.900,0.000,25.93,1203.916,0.000,39.81,737.884,0.000,17.59,1135.953,0.000,36.11,970.900,0.000,29.63,1050.999,0.000,37.96,1002.454,0.000,32.41,737.884,0.000,27.78,776.720,0.000,24.07,684.485,0.000,19.44,767.011,0.000,27.78,1281.588,0.000,45.37,699.048,0.000,35.19,776.720,0.000,32.41,669.921,0.000,25.00,1065.563,0.000,39.81,902.937,0.000,32.41,776.720,0.000,24.07,859.247,0.000,22.22,616.522,0.000,19.44,699.048,0.000,19.44,961.191,0.000,30.56,660.212,0.000,18.52
109.3363,24015.289,0.000,23.46,99.28,0.00,654.263,0.000,22.02,769.721,0.000,24.77,538.805,0.000,16.52,962.151,0.000,27.53,413.725,0.000,9.18,577.291,0.000,15.60,846.693,0.000,25.69,923.665,0.000,29.36,846.693,0.000,27.53,808.207,0.000,18.35,764.910,0.000,22.94,885.179,0.000,26.61,882.774,0.000,25.69,892.395,0.000,29.36,615.777,0.000,21.10,731.235,0.000,17.43,822.639,0.000,27.53,894.800,0.000,27.53,654.263,0.000,24.77,897.206,0.000,21.10,846.693,0.000,23.86,846.693,0.000,28.44,1099.258,0.000,29.36,1183.446,0.000,30.28,577.291,0.000,18.35,726.424,0.000,17.43,736.046,0.000,21.10,500.319,0.000,11.01,1116.095,0.000,32.12,1000.637,0.000,31.20
109.4443,25439.375,0.000,27.47,99.86,0.00,970.783,0.000,25.00,660.133,0.000,29.63,1009.615,0.000,37.03,1242.603,0.000,45.36,776.627,0.000,15.74,1009.615,0.000,34.26,970.783,0.000,37.03,815.458,0.000,19.44,1164.940,0.000,37.96,1048.446,0.000,24.07,893.121,0.000,25.92,808.177,0.000,24.07,582.470,0.000,20.37,621.301,0.000,22.22,737.795,0.000,24.07,1087.277,0.000,28.70,776.627,0.000,24.07,815.458,0.000,25.00,854.289,0.000,34.26,1036.311,0.000,37.96,737.795,0.000,29.63,737.795,0.000,19.44,776.627,0.000,28.70,698.964,0.000,21.29,924.671,0.000,27.77,582.470,0.000,19.44,769.346,0.000,23.15,582.470,0.000,21.29,854.289,0.000,31.48,893.121,0.000,29.63
109.5523,25799.564,0.000,28.80,100.00,0.00,815.566,0.000,31.48,932.076,0.000,30.56,699.057,0.000,26.85,1165.095,0.000,38.89,854.403,0.000,16.67,645.657,0.000,25.00,737.893,0.000,23.15,890.812,0.000,25.00,893.239,0.000,35.19,815.566,0.000,24.07,878.676,0.000,28.70,900.521,0.000,32.41,582.547,0.000,19.44,893.239,0.000,31.48,854.403,0.000,28.70,932.076,0.000,31.48,1087.422,0.000,34.26,1009.749,0.000,35.19,932.076,0.000,28.70,815.566,0.000,25.93,621.384,0.000,18.52,582.547,0.000,21.30,854.403,0.000,25.93,1087.422,0.000,37.04,873.821,0.000,35.19,987.903,0.000,35.19,978.194,0.000,33.33,730.611,0.000,28.70,815.566,0.000,25.93,932.076,0.000,29.63
109.6583,25015.087,0.000,25.72,100.00,0.00,870.434,0.000,30.19,712.173,0.000,21.70,712.173,0.000,16.04,791.304,0.000,22.64,791.304,0.000,20.75,806.141,0.000,25.47,870.434,0.000,27.36,754.211,0.000,19.81,830.869,0.000,23.58,474.782,0.000,11.32,1003.967,0.000,30.19,989.130,0.000,26.41,909.999,0.000,27.36,791.304,0.000,29.24,791.304,0.000,25.47,870.434,0.000,24.53,909.999,0.000,28.30,1068.260,0.000,33.96,633.043,0.000,18.87,672.608,0.000,20.75,909.999,0.000,25.47,989.130,0.000,33.02,474.782,0.000,14.15,1068.260,0.000,37.73,976.765,0.000,33.02,932.255,0.000,30.19,949.564,0.000,33.96,877.853,0.000,28.30,949.564,0.000,31.13,633.043,0.000,20.75
109.7673,25246.611,0.000,26.79,100.00,0.00,654.257,0.000,15.60,1116.085,0.000,37.62,923.656,0.000,27.53,769.714,0.000,28.44,692.742,0.000,17.43,923.656,0.000,28.44,808.199,0.000,28.44,1039.114,0.000,29.36,923.656,0.000,30.28,769.714,0.000,18.35,538.800,0.000,14.68,1039.114,0.000,31.20,692.742,0.000,24.77,962.142,0.000,31.20,808.199,0.000,24.77,1000.628,0.000,31.20,923.656,0.000,27.53,692.742,0.000,20.19,731.228,0.000,32.11,923.656,0.000,35.79,923.656,0.000,35.79,654.257,0.000,17.43,962.142,0.000,31.20,615.771,0.000,19.27,615.771,0.000,18.35,808.199,0.000,25.69,1039.114,0.000,32.11,962.142,0.000,28.44,885.171,0.000,30.28,846.685,0.000,30.28
109.8753,23611.752,0.000,24.72,99.93,0.00,776.702,0.000,25.93,1009.713,0.000,30.55,737.867,0.000,24.07,815.537,0.000,25.93,932.043,0.000,20.37,737.867,0.000,23.15,660.197,0.000,22.22,854.373,0.000,23.15,466.021,0.000,13.89,543.692,0.000,11.11,854.373,0.000,25.00,699.032,0.000,18.52,815.537,0.000,32.41,815.537,0.000,28.70,621.362,0.000,23.15,543.692,0.000,13.89,660.197,0.000,17.59,1087.383,0.000,37.96,854.373,0.000,28.70,737.867,0.000,31.48,776.702,0.000,29.63,815.537,0.000,21.30,737.867,0.000,28.70,815.537,0.000,25.93,815.537,0.000,22.22,854.373,0.000,26.85,737.867,0.000,25.00,970.878,0.000,29.63,970.878,0.000,25.93,893.208,0.000,28.70
109.9833,23615.332,0.000,22.71,99.78,0.00,686.859,0.000,22.22,504.829,0.000,14.81,839.764,0.000,25.92,788.796,0.000,21.29,854.326,0.000,19.44,672.297,0.000,21.29,970.826,0.000,28.70,815.493,0.000,19.44,893.160,0.000,25.00,854.326,0.000,18.52,1140.720,0.000,29.63,929.565,0.000,26.85,798.504,0.000,24.07,737.827,0.000,20.37,958.690,0.000,27.78,660.161,0.000,19.44,643.172,0.000,14.81,1024.221,0.000,32.40,660.161,0.000,19.44,854.326,0.000,24.07,582.495,0.000,18.52,660.161,0.000,21.29,580.068,0.000,18.52,737.827,0.000,21.29,931.993,0.000,25.92,749.963,0.000,25.00,815.493,0.000,23.15,665.016,0.000,25.00,902.868,0.000,26.85,701.421,0.000,20.37
110.0913,23067.765,0.000,23.67,99.93,0.00,749.994,0.000,17.59,271.842,0.000,10.18,791.255,0.000,25.92,803.391,0.000,23.15,504.850,0.000,11.11,919.895,0.000,30.55,1009.700,0.000,31.48,621.354,0.000,16.67,737.858,0.000,21.30,621.354,0.000,13.89,567.956,0.000,17.59,749.994,0.000,21.30,871.352,0.000,28.70,776.692,0.000,26.85,788.828,0.000,29.63,854.362,0.000,25.92,861.643,0.000,27.78,917.468,0.000,30.55,815.527,0.000,28.70,1048.535,0.000,29.63,796.110,0.000,25.92,543.685,0.000,18.52,701.450,0.000,21.30,638.344,0.000,24.07,868.925,0.000,23.15,842.226,0.000,24.07,1131.058,0.000,29.63,966.011,0.000,30.55,611.645,0.000,23.15,684.460,0.000,21.30
110.1994,25573.584,0.000,26.44,99.49,0.00,465.812,0.000,18.51,1009.260,0.000,29.62,1242.166,0.000,34.24,621.083,0.000,18.51,892.807,0.000,20.36,853.989,0.000,23.14,815.172,0.000,24.06,737.536,0.000,18.51,621.083,0.000,17.58,465.812,0.000,11.11,815.172,0.000,27.76,727.832,0.000,18.51,815.172,0.000,28.69,582.265,0.000,16.66,931.625,0.000,28.69,853.989,0.000,20.36,863.694,0.000,24.06,970.442,0.000,32.39,853.989,0.000,33.32,776.354,0.000,29.62,1183.940,0.000,39.80,875.824,0.000,30.54,1048.078,0.000,38.87,992.277,0.000,33.32,931.625,0.000,30.54,582.265,0.000,20.36,1082.043,0.000,36.09,1048.078,0.000,32.39,1164.531,0.000,30.54,749.667,0.000,24.99
110.3073,24450.662,0.000,28.47,99.57,0.07,582.910,0.000,19.46,971.517,0.000,32.43,621.771,0.000,23.16,505.189,0.000,20.38,782.071,0.000,22.24,854.935,0.000,32.43,699.492,0.000,27.80,777.214,0.000,22.24,893.796,0.000,28.72,1088.099,0.000,28.72,699.492,0.000,19.46,660.632,0.000,21.31,971.517,0.000,38.91,854.935,0.000,38.91,893.796,0.000,38.91,1049.239,0.000,32.43,738.353,0.000,22.24,660.632,0.000,28.72,893.796,0.000,36.13,699.492,0.000,28.72,544.050,0.000,24.09,716.494,0.000,24.09,1321.264,0.000,42.62,1126.960,0.000,29.65,723.780,0.000,26.87,738.353,0.000,27.80,854.935,0.000,29.65,893.796,0.000,28.72,854.935,0.000,28.72,777.214,0.000,28.72
110.4163,24311.976,0.000,27.28,99.57,0.00,769.595,0.000,24.77,586.816,0.000,22.02,697.445,0.000,26.61,808.074,0.000,31.19,829.719,0.000,20.18,923.514,0.000,29.36,913.894,0.000,31.19,1231.351,0.000,30.28,1115.912,0.000,34.86,808.074,0.000,18.35,577.196,0.000,21.10,923.514,0.000,27.52,928.324,0.000,33.03,885.034,0.000,33.94,1154.392,0.000,40.37,1000.473,0.000,30.28,500.237,0.000,18.35,384.797,0.000,16.51,731.115,0.000,28.44,1154.392,0.000,43.12,1000.473,0.000,40.37,500.237,0.000,19.27,731.115,0.000,26.61,808.074,0.000,22.02,615.676,0.000,22.94,923.514,0.000,30.28,615.676,0.000,22.94,846.554,0.000,28.44,654.155,0.000,25.69,692.635,0.000,18.35
110.5243,24079.488,0.000,24.10,99.64,0.00,1087.351,0.000,30.55,766.971,0.000,17.59,810.659,0.000,25.00,699.011,0.000,22.22,944.151,0.000,20.37,932.015,0.000,29.63,747.554,0.000,22.22,466.008,0.000,14.81,776.679,0.000,25.00,543.676,0.000,12.96,970.849,0.000,30.55,893.181,0.000,26.85,965.995,0.000,24.07,854.347,0.000,26.85,854.347,0.000,27.78,970.849,0.000,22.22,621.344,0.000,20.37,543.676,0.000,17.59,815.513,0.000,24.07,582.510,0.000,20.37,543.676,0.000,14.81,893.181,0.000,27.78,776.679,0.000,24.07,1087.351,0.000,31.48,776.679,0.000,24.07,1087.351,0.000,31.48,582.510,0.000,23.15,854.347,0.000,29.63,737.845,0.000,25.92,893.181,0.000,29.63
110.6336,23240.825,0.000,25.53,99.71,0.00,882.897,0.000,31.12,899.691,0.000,29.29,882.897,0.000,26.54,575.802,0.000,22.88,844.510,0.000,22.88,806.123,0.000,31.12,844.510,0.000,32.95,652.576,0.000,21.05,784.531,0.000,25.63,806.123,0.000,21.97,959.671,0.000,36.61,806.123,0.000,25.63,690.963,0.000,21.97,729.350,0.000,22.88,537.416,0.000,17.39,767.737,0.000,24.71,767.737,0.000,22.88,957.272,0.000,26.54,460.642,0.000,18.30,499.029,0.000,19.22,844.510,0.000,25.63,983.662,0.000,34.78,767.737,0.000,24.71,806.123,0.000,30.20,959.671,0.000,28.37,844.510,0.000,21.97,537.416,0.000,17.39,537.416,0.000,17.39,844.510,0.000,32.03,959.671,0.000,32.03
110.7413,23342.136,0.000,24.29,99.63,0.00,583.979,0.000,23.21,917.334,0.000,23.21,773.772,0.000,20.42,661.843,0.000,17.64,778.639,0.000,19.49,620.478,0.000,24.13,973.299,0.000,31.56,817.571,0.000,25.06,496.382,0.000,12.99,622.911,0.000,13.92,907.601,0.000,34.34,878.402,0.000,25.06,700.775,0.000,25.06,856.503,0.000,25.99,856.503,0.000,30.63,817.571,0.000,25.06,861.369,0.000,24.13,936.800,0.000,29.70,545.047,0.000,19.49,661.843,0.000,24.13,1206.890,0.000,33.42,987.898,0.000,29.70,661.843,0.000,21.35,778.639,0.000,25.99,622.911,0.000,22.28,1090.095,0.000,32.49,622.911,0.000,18.56,817.571,0.000,24.13,739.707,0.000,23.21,545.047,0.000,22.28
110.8493,20954.433,0.000,23.43,99.14,0.00,388.360,0.000,13.89,1087.407,0.000,37.04,817.983,0.000,32.41,660.211,0.000,25.00,582.540,0.000,14.81,623.803,0.000,18.52,660.211,0.000,22.22,699.047,0.000,25.00,847.110,0.000,29.63,567.976,0.000,13.89,919.927,0.000,25.93,754.874,0.000,25.00,854.391,0.000,32.41,621.376,0.000,20.37,504.868,0.000,20.37,737.883,0.000,21.30,694.193,0.000,21.30,932.063,0.000,32.41,660.211,0.000,23.15,776.719,0.000,29.63,660.211,0.000,28.70,1087.407,0.000,29.63,621.376,0.000,25.00,543.704,0.000,14.81,776.719,0.000,25.00,310.688,0.000,11.11,699.047,0.000,20.37,660.211,0.000,21.30,621.376,0.000,21.30,582.540,0.000,21.30
110.9583,20811.681,0.000,20.28,99.20,0.00,461.759,0.000,12.84,731.119,0.000,23.85,618.084,0.000,19.27,692.639,0.000,24.77,615.679,0.000,11.93,808.079,0.000,29.36,1038.959,0.000,33.03,654.159,0.000,15.60,731.119,0.000,22.02,727.549,0.000,15.60,500.239,0.000,11.93,538.719,0.000,14.68,500.239,0.000,20.18,692.639,0.000,21.10,615.679,0.000,21.10,577.199,0.000,13.76,461.759,0.000,10.09,846.559,0.000,29.36,757.574,0.000,20.18,786.434,0.000,20.18,615.679,0.000,20.18,885.039,0.000,24.77,500.239,0.000,12.84,808.079,0.000,20.18,654.159,0.000,19.27,615.679,0.000,17.43,769.599,0.000,23.85,808.079,0.000,22.94,1000.479,0.000,29.36,798.459,0.000,26.61
111.0664,18815.122,0.000,18.73,99.78,0.00,621.265,0.000,20.37,621.265,0.000,19.44,465.949,0.000,15.74,429.547,0.000,12.96,660.095,0.000,13.89,698.924,0.000,18.52,660.095,0.000,19.44,795.996,0.000,20.37,854.240,0.000,22.22,310.633,0.000,6.48,465.949,0.000,15.74,327.620,0.000,7.41,698.924,0.000,22.22,737.753,0.000,21.29,776.582,0.000,25.92,521.766,0.000,12.96,621.265,0.000,15.74,465.949,0.000,15.74,478.083,0.000,16.66,876.081,0.000,30.55,776.582,0.000,29.62,970.727,0.000,28.70,660.095,0.000,25.00,582.436,0.000,19.44,427.120,0.000,12.96,582.436,0.000,18.52,815.411,0.000,19.44,776.582,0.000,21.29,504.778,0.000,17.59,630.973,0.000,15.74
111.1745,2697.196,0.000,1.76,90.08,0.00,38.774,0.000,0.92,38.774,0.000,0.00,116.321,0.000,2.77,268.993,0.000,4.62,155.095,0.000,3.70,116.321,0.000,1.85,0.000,0.000,0.00,96.934,0.000,1.85,77.547,0.000,2.77,116.321,0.000,1.85,38.774,0.000,0.92,99.358,0.000,2.77,155.095,0.000,3.70,38.774,0.000,0.92,77.547,0.000,1.85,99.358,0.000,0.00,116.321,0.000,1.85,77.547,0.000,1.85,38.774,0.000,0.92,38.774,0.000,0.92,38.774,0.000,0.92,77.547,0.000,1.85,77.547,0.000,1.85,77.547,0.000,0.00,77.547,0.000,1.85,38.774,0.000,0.92,38.774,0.000,0.92,155.095,0.000,1.85,77.547,0.000,1.85,232.642,0.000,4.62
111.2806,0.000,0.000,0.00,99.82,0.00,0.000,0.000,0.00,0.000,0.000,0.00,0.000,0.000,0.00,0.000,0.000,0.00,0.000,0.000,0.00,0.000,0.000,0.00,0.000,0.000,0.00,0.000,0.000,0.00,0.000,0.000,0.00,0.000,0.000,0.00,0.000,0.000,0.00,0.000,0.000,0.00,0.000,0.000,0.00,0.000,0.000,0.00,0.000,0.000,0.00,0.000,0.000,0.00,0.000,0.000,0.00,0.000,0.000,0.00,0.000,0.000,0.00,0.000,0.000,0.00,0.000,0.000,0.00,0.000,0.000,0.00,0.000,0.000,0.00,0.000,0.000,0.00,0.000,0.000,0.00,0.000,0.000,0.00,0.000,0.000,0.00,0.000,0.000,0.00,0.000,0.000,0.00,0.000,0.000,0.00
111.4165,0.000,0.000,0.00,99.86,0.00,0.000,0.000,0.00,0.000,0.000,0.00,0.000,0.000,0.00,0.000,0.000,0.00,0.000,0.000,0.00,0.000,0.000,0.00,0.000,0.000,0.00,0.000,0.000,0.00,0.000,0.000,0.00,0.000,0.000,0.00,0.000,0.000,0.00,0.000,0.000,0.00,0.000,0.000,0.00,0.000,0.000,0.00,0.000,0.000,0.00,0.000,0.000,0.00,0.000,0.000,0.00,0.000,0.000,0.00,0.000,0.000,0.00,0.000,0.000,0.00,0.000,0.000,0.00,0.000,0.000,0.00,0.000,0.000,0.00,0.000,0.000,0.00,0.000,0.000,0.00,0.000,0.000,0.00,0.000,0.000,0.00,0.000,0.000,0.00,0.000,0.000,0.00,0.000,0.000,0.00
111.5194,37418.173,0.000,88.75,86.42,1.09,1223.399,0.000,100.00,1256.533,0.000,91.39,1287.118,0.000,94.31,1218.302,0.000,94.31,1417.104,0.000,57.36,1294.764,0.000,95.28,1391.617,0.000,100.00,1508.859,0.000,84.59,1220.850,0.000,95.28,1712.759,0.000,69.03,1185.168,0.000,91.39,774.819,0.000,48.61,986.366,0.000,81.67,1243.789,0.000,95.28,1205.558,0.000,93.34,1386.519,0.000,87.50,1371.227,0.000,81.67,1225.948,0.000,94.31,1294.764,0.000,97.23,1261.630,0.000,100.00,1197.912,0.000,100.00,1213.204,0.000,93.34,1065.377,0.000,86.53,1101.059,0.000,81.67,1032.243,0.000,82.64,1274.374,0.000,94.31,1220.850,0.000,90.42,1302.410,0.000,92.37,1363.580,0.000,95.28,1180.070,0.000,93.34
111.6293,29699.259,0.000,37.79,98.18,0.07,1144.113,0.000,42.74,960.578,0.000,43.64,1046.386,0.000,48.19,1189.401,0.000,50.92,934.359,0.000,27.28,886.687,0.000,38.19,1482.579,0.000,43.64,877.153,0.000,35.46,1241.839,0.000,50.92,870.002,0.000,25.46,891.454,0.000,40.92,672.166,0.000,29.10,793.728,0.000,31.82,1163.181,0.000,43.64,970.112,0.000,34.55,1039.236,0.000,42.74,1234.688,0.000,43.64,989.181,0.000,38.19,898.605,0.000,33.64,993.948,0.000,38.19,788.961,0.000,33.64,1649.429,0.000,53.65,719.838,0.000,30.01,991.564,0.000,40.01,1017.784,0.000,39.10,982.030,0.000,37.28,726.988,0.000,30.01,688.851,0.000,26.37,593.508,0.000,20.00,1260.908,0.000,40.92
111.7353,27827.055,0.000,36.58,98.70,0.00,1385.046,0.000,50.95,791.455,0.000,34.91,1370.206,0.000,48.12,986.845,0.000,40.57,811.241,0.000,21.70,831.028,0.000,28.30,672.737,0.000,26.42,549.072,0.000,22.64,850.814,0.000,32.08,942.326,0.000,25.47,655.423,0.000,29.25,1162.449,0.000,36.80,751.882,0.000,31.14,1068.464,0.000,41.51,633.164,0.000,26.42,1036.311,0.000,35.85,1068.464,0.000,40.57,860.707,0.000,39.63,897.806,0.000,43.40,712.309,0.000,36.80,1145.136,0.000,50.00,593.591,0.000,31.14,1108.037,0.000,50.95,870.600,0.000,40.57,949.746,0.000,39.63,1464.191,0.000,50.00,791.455,0.000,36.80,712.309,0.000,26.42,1204.495,0.000,44.34,949.746,0.000,34.91
111.8444,28046.180,0.000,34.15,99.43,0.00,961.803,0.000,34.86,1000.275,0.000,36.69,1053.174,0.000,31.19,807.915,0.000,32.10,1086.838,0.000,25.68,1077.220,0.000,35.77,730.970,0.000,28.43,1082.029,0.000,32.10,817.533,0.000,30.27,629.981,0.000,18.34,884.859,0.000,33.94,846.387,0.000,27.52,1077.220,0.000,37.61,884.859,0.000,33.94,769.443,0.000,32.10,829.555,0.000,31.19,961.803,0.000,31.19,961.803,0.000,34.86,846.387,0.000,31.19,1038.747,0.000,41.28,1231.108,0.000,44.03,964.208,0.000,34.86,1000.275,0.000,39.44,1019.511,0.000,35.77,911.309,0.000,40.36,1038.747,0.000,44.95,969.017,0.000,44.03,1115.692,0.000,46.78,868.027,0.000,31.19,579.486,0.000,22.93
111.9533,26634.220,0.000,32.26,99.43,0.00,1051.034,0.000,43.12,1269.900,0.000,43.12,796.092,0.000,29.36,923.563,0.000,34.86,1039.009,0.000,24.77,1039.009,0.000,35.78,654.191,0.000,29.36,731.154,0.000,24.77,505.074,0.000,20.18,1152.049,0.000,29.36,913.943,0.000,38.53,1039.009,0.000,33.03,841.790,0.000,30.28,538.745,0.000,21.10,885.082,0.000,32.11,423.300,0.000,20.18,620.519,0.000,22.02,971.666,0.000,29.36,1000.527,0.000,33.03,735.965,0.000,28.44,1115.972,0.000,36.70,998.122,0.000,42.20,1067.870,0.000,35.78,827.359,0.000,34.86,1096.731,0.000,39.45,671.026,0.000,32.11,959.640,0.000,37.62,921.158,0.000,40.37,1000.527,0.000,34.86,844.195,0.000,31.19
112.0623,25867.825,0.000,31.13,99.79,0.00,834.524,0.000,22.02,1005.276,0.000,43.12,781.614,0.000,33.94,940.342,0.000,36.70,1077.425,0.000,29.36,1147.169,0.000,44.95,846.548,0.000,33.94,721.490,0.000,22.02,1329.947,0.000,52.29,810.474,0.000,22.02,625.291,0.000,19.27,846.548,0.000,26.61,1159.194,0.000,38.53,577.192,0.000,23.85,1077.425,0.000,39.45,654.151,0.000,23.85,747.945,0.000,25.69,925.912,0.000,34.86,1038.946,0.000,41.28,668.581,0.000,31.19,940.342,0.000,41.28,918.697,0.000,27.52,971.607,0.000,39.45,774.399,0.000,22.94,608.457,0.000,22.02,764.779,0.000,22.94,548.332,0.000,19.27,815.284,0.000,26.61,887.433,0.000,33.94,822.499,0.000,33.03
112.1713,26181.624,0.000,26.95,100.00,0.00,808.253,0.000,26.61,995.883,0.000,30.28,923.718,0.000,24.78,906.879,0.000,27.53,654.300,0.000,15.60,776.981,0.000,23.86,803.442,0.000,29.36,781.792,0.000,24.78,524.402,0.000,16.52,1154.647,0.000,28.45,769.765,0.000,25.69,1039.182,0.000,28.45,846.741,0.000,28.45,615.812,0.000,18.35,1039.182,0.000,31.20,1039.182,0.000,31.20,1209.974,0.000,33.03,882.824,0.000,31.20,1099.320,0.000,34.87,673.544,0.000,18.35,947.773,0.000,29.36,774.576,0.000,26.61,962.206,0.000,31.20,687.977,0.000,25.69,654.300,0.000,14.68,834.714,0.000,23.86,639.867,0.000,20.19,918.907,0.000,28.45,1036.777,0.000,36.71,1178.702,0.000,43.13
112.2793,26033.209,0.000,25.09,100.00,0.00,854.344,0.000,27.78,776.676,0.000,24.07,776.676,0.000,21.30,1099.482,0.000,30.55,970.845,0.000,21.30,970.845,0.000,26.85,703.863,0.000,23.15,813.083,0.000,20.37,754.832,0.000,21.30,815.510,0.000,19.44,1283.943,0.000,35.18,932.011,0.000,26.85,815.510,0.000,28.70,1165.014,0.000,32.41,621.341,0.000,19.44,1165.014,0.000,31.48,737.842,0.000,20.37,932.011,0.000,22.22,910.167,0.000,25.00,970.845,0.000,25.00,541.246,0.000,17.59,815.510,0.000,25.92,893.177,0.000,26.85,890.750,0.000,27.78,839.781,0.000,30.55,815.510,0.000,26.85,992.689,0.000,30.55,854.344,0.000,26.85,699.008,0.000,17.59,621.341,0.000,19.44
112.3883,25977.890,0.000,29.78,99.42,0.00,557.889,0.000,19.26,1115.777,0.000,43.11,654.076,0.000,28.44,1026.804,0.000,40.36,807.977,0.000,18.35,807.977,0.000,31.19,654.076,0.000,22.02,1000.352,0.000,29.35,1038.827,0.000,40.36,884.927,0.000,22.93,959.472,0.000,28.44,923.402,0.000,26.60,961.877,0.000,37.61,923.402,0.000,33.94,769.502,0.000,33.94,538.651,0.000,18.35,884.927,0.000,24.77,692.551,0.000,26.60,1000.352,0.000,40.36,829.619,0.000,35.78,923.402,0.000,37.61,613.197,0.000,24.77,1269.677,0.000,46.78,1233.607,0.000,36.69,899.355,0.000,23.85,769.502,0.000,21.10,670.909,0.000,19.26,615.601,0.000,17.43,1228.798,0.000,37.61,721.408,0.000,26.60
112.4963,23200.940,0.000,28.43,99.86,0.00,873.950,0.000,31.49,699.160,0.000,32.41,932.213,0.000,36.12,1009.898,0.000,37.04,738.002,0.000,18.52,582.633,0.000,25.93,1242.951,0.000,40.75,660.318,0.000,23.15,1281.793,0.000,44.45,815.686,0.000,21.30,699.160,0.000,25.93,621.475,0.000,20.37,660.318,0.000,22.23,660.318,0.000,26.86,660.318,0.000,25.00,893.371,0.000,25.00,466.107,0.000,14.82,776.844,0.000,29.63,699.160,0.000,29.63,832.680,0.000,33.34,738.002,0.000,34.26,818.114,0.000,27.78,699.160,0.000,27.78,893.371,0.000,34.26,699.160,0.000,25.00,388.422,0.000,16.67,738.002,0.000,25.93,582.633,0.000,22.23,779.272,0.000,35.19,1058.450,0.000,39.82
112.6044,26200.311,0.000,28.94,99.86,0.00,931.825,0.000,34.25,854.173,0.000,25.92,621.217,0.000,20.37,970.652,0.000,28.70,776.521,0.000,19.44,776.521,0.000,22.22,854.173,0.000,27.77,890.573,0.000,24.99,854.173,0.000,24.99,660.043,0.000,17.59,880.866,0.000,31.47,892.999,0.000,27.77,803.214,0.000,29.62,660.043,0.000,27.77,815.347,0.000,26.84,1242.434,0.000,36.10,1009.478,0.000,26.84,1087.130,0.000,37.95,1009.478,0.000,38.88,1164.782,0.000,48.14,698.869,0.000,30.55,776.521,0.000,30.55,1009.478,0.000,45.36,1031.317,0.000,34.25,919.692,0.000,29.62,669.750,0.000,21.29,892.999,0.000,22.22,660.043,0.000,20.37,970.652,0.000,29.62,815.347,0.000,26.84
112.7120,25128.263,0.014,33.41,99.26,0.00,827.869,0.000,37.15,662.295,0.000,28.79,1012.922,0.000,39.01,1012.922,0.000,37.15,701.254,0.000,19.51,1120.058,0.000,40.87,701.254,0.000,31.58,898.482,0.000,39.01,973.964,0.000,41.80,818.130,0.000,22.29,796.215,0.000,35.30,1061.620,0.000,40.87,596.553,0.000,26.94,857.088,0.000,36.22,857.088,0.000,34.37,857.088,0.000,37.15,983.703,0.000,40.87,1025.097,0.000,39.94,762.127,0.000,26.94,535.680,0.000,20.43,757.257,0.000,27.87,662.295,0.000,31.58,530.810,0.000,20.43,715.863,0.000,31.58,723.168,0.014,32.51,1081.100,0.000,40.87,1234.499,0.000,47.37,623.337,0.000,26.94,964.224,0.000,38.08,774.301,0.000,28.79
112.8172,25529.626,0.000,29.14,99.55,0.00,707.495,0.000,26.61,996.473,0.000,37.06,837.037,0.000,35.16,837.037,0.000,32.31,597.884,0.000,16.16,647.707,0.000,25.66,747.354,0.000,32.31,1135.979,0.000,28.51,797.178,0.000,28.51,558.025,0.000,18.06,911.772,0.000,27.56,1026.367,0.000,28.51,759.810,0.000,27.56,876.896,0.000,32.31,876.896,0.000,31.36,916.755,0.000,29.46,866.931,0.000,27.56,744.863,0.000,25.66,535.604,0.000,19.96,707.495,0.000,23.76,1018.893,0.000,31.36,797.178,0.000,30.41,931.702,0.000,29.46,1038.823,0.000,33.26,787.213,0.000,25.66,1036.331,0.000,36.11,769.775,0.000,27.56,1255.555,0.000,38.01,807.143,0.000,31.36,1001.455,0.000,37.06
112.9224,23906.929,0.000,27.04,99.63,0.00,718.105,0.000,22.83,877.684,0.000,33.29,678.211,0.000,26.63,718.105,0.000,26.63,837.790,0.000,20.93,718.105,0.000,30.44,847.763,0.000,33.29,777.948,0.000,24.73,837.790,0.000,29.49,638.316,0.000,16.17,1117.053,0.000,35.19,877.684,0.000,23.78,755.507,0.000,25.68,877.684,0.000,31.39,797.895,0.000,31.39,758.000,0.000,25.68,511.151,0.000,16.17,1037.263,0.000,34.24,678.211,0.000,23.78,897.632,0.000,26.63,917.579,0.000,27.58,668.237,0.000,23.78,718.105,0.000,23.78,518.632,0.000,19.02,638.316,0.000,24.73,758.000,0.000,22.83,957.474,0.000,33.29,937.527,0.000,35.19,1117.053,0.000,35.19,718.105,0.000,27.58
113.0284,23032.340,0.000,25.82,100.00,0.00,712.417,0.000,24.53,709.943,0.000,20.76,875.679,0.000,26.42,853.416,0.000,24.53,927.626,0.000,22.65,870.732,0.000,30.20,989.468,0.000,32.08,700.049,0.000,21.70,499.681,0.000,20.76,712.417,0.000,17.93,672.838,0.000,24.53,638.207,0.000,18.87,818.785,0.000,35.86,794.048,0.000,31.14,875.679,0.000,37.75,586.260,0.000,18.87,969.679,0.000,24.53,655.523,0.000,28.31,808.890,0.000,30.20,1108.204,0.000,38.69,717.364,0.000,25.48,685.207,0.000,26.42,348.787,0.000,11.32,865.784,0.000,29.25,1145.309,0.000,33.03,860.837,0.000,27.37,593.681,0.000,19.82,549.155,0.000,18.87,853.416,0.000,29.25,633.259,0.000,23.59
113.1373,24135.580,0.000,27.43,99.93,0.00,538.751,0.000,20.18,577.234,0.000,22.94,849.014,0.000,27.52,671.034,0.000,24.77,829.773,0.000,18.35,687.870,0.000,25.69,885.092,0.000,27.52,820.153,0.000,24.77,779.265,0.000,26.61,538.751,0.000,11.93,577.234,0.000,22.02,726.352,0.000,21.10,1065.477,0.000,41.29,805.722,0.000,32.11,582.044,0.000,25.69,892.307,0.000,29.36,849.014,0.000,27.52,1005.349,0.000,33.95,868.256,0.000,30.28,962.056,0.000,31.19,764.835,0.000,24.77,805.722,0.000,24.77,661.414,0.000,25.69,851.420,0.000,31.19,887.497,0.000,33.03,856.230,0.000,29.36,1303.586,0.000,43.12,889.902,0.000,31.19,671.034,0.000,22.02,933.194,0.000,33.03
113.2453,23858.880,0.000,25.09,100.00,0.00,699.090,0.000,22.22,691.808,0.000,26.85,1080.191,0.000,35.19,776.767,0.000,26.85,737.929,0.000,17.59,1014.652,0.000,33.34,582.575,0.000,21.30,466.060,0.000,10.19,859.298,0.000,29.63,854.444,0.000,19.45,893.282,0.000,27.78,747.638,0.000,14.82,762.202,0.000,29.63,504.898,0.000,20.37,844.734,0.000,28.71,970.959,0.000,23.15,801.041,0.000,20.37,1177.287,0.000,37.04,932.120,0.000,31.48,427.222,0.000,20.37,699.090,0.000,25.00,621.413,0.000,18.52,1048.635,0.000,35.19,1087.474,0.000,30.56,660.252,0.000,23.15,388.383,0.000,13.89,898.137,0.000,27.78,1087.474,0.000,34.26,815.605,0.000,25.93,728.219,0.000,22.22
113.3533,24724.029,0.000,27.56,100.00,0.00,699.050,0.000,25.93,815.558,0.000,22.22,466.033,0.000,14.81,621.378,0.000,19.44,737.886,0.000,16.67,861.676,0.000,33.33,893.230,0.000,32.41,970.902,0.000,28.70,708.759,0.000,23.15,776.722,0.000,13.89,660.214,0.000,24.07,1000.029,0.000,23.15,893.230,0.000,33.33,895.657,0.000,35.19,1097.120,0.000,41.67,1009.738,0.000,30.56,621.378,0.000,18.52,776.722,0.000,27.78,854.394,0.000,32.41,827.694,0.000,30.56,932.066,0.000,36.11,699.050,0.000,26.85,1000.029,0.000,34.26,893.230,0.000,29.63,776.722,0.000,24.07,815.558,0.000,26.85,699.050,0.000,23.15,907.794,0.000,30.56,1036.438,0.000,37.04,776.722,0.000,30.56
113.4624,25117.793,0.000,28.90,100.00,0.00,615.620,0.000,28.44,933.050,0.000,35.78,940.264,0.000,31.19,692.573,0.000,28.44,884.954,0.000,18.35,762.311,0.000,22.02,808.002,0.000,29.36,1154.288,0.000,32.11,858.502,0.000,33.94,808.002,0.000,17.43,541.073,0.000,23.85,887.359,0.000,28.44,1192.765,0.000,39.45,997.978,0.000,39.45,1029.240,0.000,36.69,923.431,0.000,29.36,538.668,0.000,18.35,577.144,0.000,22.93,615.620,0.000,24.77,1103.788,0.000,33.94,692.573,0.000,29.36,771.930,0.000,30.27,1125.431,0.000,38.53,562.716,0.000,22.93,808.002,0.000,30.27,923.431,0.000,26.60,832.049,0.000,28.44,1024.431,0.000,33.02,627.644,0.000,21.10,884.954,0.000,32.11
113.5713,23237.942,0.000,24.99,99.35,0.00,769.787,0.000,28.45,885.255,0.000,30.28,906.905,0.000,32.12,577.340,0.000,22.02,808.276,0.000,19.27,808.276,0.000,28.45,846.766,0.000,26.61,846.766,0.000,24.78,979.073,0.000,29.37,769.787,0.000,20.19,844.360,0.000,26.61,690.403,0.000,22.02,577.340,0.000,19.27,923.744,0.000,22.02,654.319,0.000,19.27,731.298,0.000,22.02,808.276,0.000,25.69,500.361,0.000,15.60,596.585,0.000,22.02,541.256,0.000,23.86,841.954,0.000,31.20,921.339,0.000,33.04,654.319,0.000,22.02,1092.135,0.000,33.95,654.319,0.000,23.86,1029.590,0.000,32.12,707.242,0.000,22.94,769.787,0.000,26.61,731.298,0.000,22.94,769.787,0.000,21.11
113.6793,23098.787,0.000,25.15,99.20,0.00,699.007,0.000,25.00,815.508,0.000,29.63,543.672,0.000,20.37,660.173,0.000,26.85,776.675,0.000,19.44,815.508,0.000,25.92,970.843,0.000,29.63,504.838,0.000,11.11,893.176,0.000,30.55,543.672,0.000,12.96,1126.178,0.000,34.26,1009.677,0.000,27.78,854.342,0.000,30.55,621.340,0.000,26.85,621.340,0.000,28.70,854.342,0.000,25.00,737.841,0.000,22.22,815.508,0.000,30.55,834.925,0.000,23.15,929.582,0.000,28.70,665.028,0.000,24.07,970.843,0.000,34.26,815.508,0.000,31.48,970.843,0.000,29.63,854.342,0.000,26.85,669.882,0.000,20.37,504.838,0.000,16.67,543.672,0.000,14.81,932.009,0.000,26.85,543.672,0.000,20.37
113.7873,22370.985,0.000,23.67,99.57,0.00,621.416,0.000,20.37,854.447,0.000,18.52,854.447,0.000,25.00,621.416,0.000,18.52,621.416,0.000,14.82,893.286,0.000,30.56,1087.478,0.000,35.19,504.901,0.000,10.19,504.901,0.000,15.74,815.609,0.000,23.15,737.932,0.000,28.71,427.224,0.000,12.96,582.578,0.000,20.37,815.609,0.000,28.71,1048.640,0.000,35.19,854.447,0.000,24.08,621.416,0.000,20.37,1320.510,0.000,41.67,543.739,0.000,19.45,660.255,0.000,19.45,854.447,0.000,25.00,932.124,0.000,31.48,582.578,0.000,16.67,660.255,0.000,23.15,815.609,0.000,25.00,543.739,0.000,20.37,854.447,0.000,29.63,621.416,0.000,21.30,815.609,0.000,28.71,699.093,0.000,25.93
113.8954,24083.728,0.000,24.44,100.00,0.00,931.804,0.000,26.84,815.328,0.000,25.92,1009.454,0.000,30.55,660.028,0.000,22.22,660.028,0.000,16.66,892.979,0.000,27.77,776.503,0.000,23.14,776.503,0.000,24.07,939.083,0.000,26.84,660.028,0.000,13.88,892.979,0.000,23.14,892.979,0.000,23.14,803.195,0.000,25.92,698.853,0.000,26.84,698.853,0.000,24.07,737.678,0.000,18.51,776.503,0.000,21.29,854.153,0.000,29.62,582.377,0.000,23.14,776.503,0.000,24.99,1164.755,0.000,38.88,892.979,0.000,24.07,698.853,0.000,25.92,815.328,0.000,20.36,677.014,0.000,21.29,776.503,0.000,24.99,776.503,0.000,23.14,892.979,0.000,24.07,931.804,0.000,30.55,621.202,0.000,21.29
114.0034,20622.242,0.000,20.46,99.79,0.00,699.059,0.000,22.22,815.569,0.000,30.56,461.185,0.000,15.74,660.222,0.000,22.22,815.569,0.000,18.52,504.876,0.000,14.81,885.960,0.000,23.15,582.549,0.000,17.59,745.178,0.000,25.93,427.203,0.000,10.19,582.549,0.000,14.81,660.222,0.000,19.44,742.750,0.000,22.22,662.650,0.000,20.37,633.522,0.000,22.22,621.386,0.000,18.52,582.549,0.000,17.59,699.059,0.000,19.44,699.059,0.000,24.07,716.050,0.000,22.22,696.632,0.000,25.93,1165.098,0.000,28.70,597.113,0.000,15.74,815.569,0.000,19.44,565.558,0.000,16.67,594.686,0.000,21.30,582.549,0.000,16.67,927.224,0.000,26.85,699.059,0.000,17.59,781.587,0.000,23.15
114.1123,19713.853,0.000,19.06,99.64,0.00,423.358,0.000,16.52,615.794,0.000,13.76,620.605,0.000,20.19,615.794,0.000,17.43,615.794,0.000,15.60,769.742,0.000,20.19,469.062,0.000,13.76,1039.152,0.000,22.94,755.309,0.000,19.27,443.842,0.000,10.09,808.229,0.000,23.86,423.358,0.000,11.93,584.523,0.000,22.94,882.798,0.000,26.61,565.279,0.000,15.60,500.332,0.000,11.93,615.794,0.000,15.60,346.384,0.000,12.85,615.794,0.000,16.52,598.956,0.000,20.19,656.686,0.000,19.27,808.229,0.000,25.69,716.822,0.000,24.78,615.794,0.000,20.19,692.768,0.000,19.27,1065.612,0.000,28.45,808.229,0.000,25.69,659.092,0.000,21.10,500.332,0.000,14.68,880.392,0.000,24.78
114.2205,6089.554,0.000,4.96,97.54,0.00,116.361,0.000,2.77,271.509,0.000,7.40,193.935,0.000,6.47,349.083,0.000,11.10,310.296,0.000,6.47,232.722,0.000,5.55,155.148,0.000,3.70,155.148,0.000,3.70,232.722,0.000,7.40,310.296,0.000,6.47,38.787,0.000,0.00,232.722,0.000,2.77,349.083,0.000,8.32,77.574,0.000,3.70,271.509,0.000,8.32,349.083,0.000,7.40,232.722,0.000,4.62,155.148,0.000,6.47,155.148,0.000,3.70,310.296,0.000,6.47,155.148,0.000,6.47,232.722,0.000,3.70,193.935,0.000,4.62,116.361,0.000,2.77,116.361,0.000,1.85,77.574,0.000,1.85,77.574,0.000,0.92,193.935,0.000,3.70,155.148,0.000,3.70,271.509,0.000,6.47
114.3225,0.000,0.000,0.00,17.57,0.00,0.000,0.000,0.00,0.000,0.000,0.00,0.000,0.000,0.00,0.000,0.000,0.00,0.000,0.000,0.00,0.000,0.000,0.00,0.000,0.000,0.00,0.000,0.000,0.00,0.000,0.000,0.00,0.000,0.000,0.00,0.000,0.000,0.00,0.000,0.000,0.00,0.000,0.000,0.00,0.000,0.000,0.00,0.000,0.000,0.00,0.000,0.000,0.00,0.000,0.000,0.00,0.000,0.000,0.00,0.000,0.000,0.00,0.000,0.000,0.00,0.000,0.000,0.00,0.000,0.000,0.00,0.000,0.000,0.00,0.000,0.000,0.00,0.000,0.000,0.00,0.000,0.000,0.00,0.000,0.000,0.00,0.000,0.000,0.00,0.000,0.000,0.00,0.000,0.000,0.00
114.4243,0.000,0.000,0.00,0.77,0.00,0.000,0.000,0.00,0.000,0.000,0.00,0.000,0.000,0.00,0.000,0.000,0.00,0.000,0.000,0.00,0.000,0.000,0.00,0.000,0.000,0.00,0.000,0.000,0.00,0.000,0.000,0.00,0.000,0.000,0.00,0.000,0.000,0.00,0.000,0.000,0.00,0.000,0.000,0.00,0.000,0.000,0.00,0.000,0.000,0.00,0.000,0.000,0.00,0.000,0.000,0.00,0.000,0.000,0.00,0.000,0.000,0.00,0.000,0.000,0.00,0.000,0.000,0.00,0.000,0.000,0.00,0.000,0.000,0.00,0.000,0.000,0.00,0.000,0.000,0.00,0.000,0.000,0.00,0.000,0.000,0.00,0.000,0.000,0.00,0.000,0.000,0.00,0.000,0.000,0.00
114.5262,0.000,0.000,0.00,0.77,0.00,0.000,0.000,0.00,0.000,0.000,0.00,0.000,0.000,0.00,0.000,0.000,0.00,0.000,0.000,0.00,0.000,0.000,0.00,0.000,0.000,0.00,0.000,0.000,0.00,0.000,0.000,0.00,0.000,0.000,0.00,0.000,0.000,0.00,0.000,0.000,0.00,0.000,0.000,0.00,0.000,0.000,0.00,0.000,0.000,0.00,0.000,0.000,0.00,0.000,0.000,0.00,0.000,0.000,0.00,0.000,0.000,0.00,0.000,0.000,0.00,0.000,0.000,0.00,0.000,0.000,0.00,0.000,0.000,0.00,0.000,0.000,0.00,0.000,0.000,0.00,0.000,0.000,0.00,0.000,0.000,0.00,0.000,0.000,0.00,0.000,0.000,0.00,0.000,0.000,0.00
114.6281,0.000,0.000,0.00,0.92,0.00,0.000,0.000,0.00,0.000,0.000,0.00,0.000,0.000,0.00,0.000,0.000,0.00,0.000,0.000,0.00,0.000,0.000,0.00,0.000,0.000,0.00,0.000,0.000,0.00,0.000,0.000,0.00,0.000,0.000,0.00,0.000,0.000,0.00,0.000,0.000,0.00,0.000,0.000,0.00,0.000,0.000,0.00,0.000,0.000,0.00,0.000,0.000,0.00,0.000,0.000,0.00,0.000,0.000,0.00,0.000,0.000,0.00,0.000,0.000,0.00,0.000,0.000,0.00,0.000,0.000,0.00,0.000,0.000,0.00,0.000,0.000,0.00,0.000,0.000,0.00,0.000,0.000,0.00,0.000,0.000,0.00,0.000,0.000,0.00,0.000,0.000,0.00,0.000,0.000,0.00
114.7301,0.000,0.000,0.00,0.77,0.00,0.000,0.000,0.00,0.000,0.000,0.00,0.000,0.000,0.00,0.000,0.000,0.00,0.000,0.000,0.00,0.000,0.000,0.00,0.000,0.000,0.00,0.000,0.000,0.00,0.000,0.000,0.00,0.000,0.000,0.00,0.000,0.000,0.00,0.000,0.000,0.00,0.000,0.000,0.00,0.000,0.000,0.00,0.000,0.000,0.00,0.000,0.000,0.00,0.000,0.000,0.00,0.000,0.000,0.00,0.000,0.000,0.00,0.000,0.000,0.00,0.000,0.000,0.00,0.000,0.000,0.00,0.000,0.000,0.00,0.000,0.000,0.00,0.000,0.000,0.00,0.000,0.000,0.00,0.000,0.000,0.00,0.000,0.000,0.00,0.000,0.000,0.00,0.000,0.000,0.00
114.8321,0.000,0.000,0.00,0.77,0.00,0.000,0.000,0.00,0.000,0.000,0.00,0.000,0.000,0.00,0.000,0.000,0.00,0.000,0.000,0.00,0.000,0.000,0.00,0.000,0.000,0.00,0.000,0.000,0.00,0.000,0.000,0.00,0.000,0.000,0.00,0.000,0.000,0.00,0.000,0.000,0.00,0.000,0.000,0.00,0.000,0.000,0.00,0.000,0.000,0.00,0.000,0.000,0.00,0.000,0.000,0.00,0.000,0.000,0.00,0.000,0.000,0.00,0.000,0.000,0.00,0.000,0.000,0.00,0.000,0.000,0.00,0.000,0.000,0.00,0.000,0.000,0.00,0.000,0.000,0.00,0.000,0.000,0.00,0.000,0.000,0.00,0.000,0.000,0.00,0.000,0.000,0.00,0.000,0.000,0.00
114.9343,0.000,0.000,0.00,73.52,0.00,0.000,0.000,0.00,0.000,0.000,0.00,0.000,0.000,0.00,0.000,0.000,0.00,0.000,0.000,0.00,0.000,0.000,0.00,0.000,0.000,0.00,0.000,0.000,0.00,0.000,0.000,0.00,0.000,0.000,0.00,0.000,0.000,0.00,0.000,0.000,0.00,0.000,0.000,0.00,0.000,0.000,0.00,0.000,0.000,0.00,0.000,0.000,0.00,0.000,0.000,0.00,0.000,0.000,0.00,0.000,0.000,0.00,0.000,0.000,0.00,0.000,0.000,0.00,0.000,0.000,0.00,0.000,0.000,0.00,0.000,0.000,0.00,0.000,0.000,0.00,0.000,0.000,0.00,0.000,0.000,0.00,0.000,0.000,0.00,0.000,0.000,0.00,0.000,0.000,0.00
115.0416,0.000,0.000,0.00,95.64,0.00,0.000,0.000,0.00,0.000,0.000,0.00,0.000,0.000,0.00,0.000,0.000,0.00,0.000,0.000,0.00,0.000,0.000,0.00,0.000,0.000,0.00,0.000,0.000,0.00,0.000,0.000,0.00,0.000,0.000,0.00,0.000,0.000,0.00,0.000,0.000,0.00,0.000,0.000,0.00,0.000,0.000,0.00,0.000,0.000,0.00,0.000,0.000,0.00,0.000,0.000,0.00,0.000,0.000,0.00,0.000,0.000,0.00,0.000,0.000,0.00,0.000,0.000,0.00,0.000,0.000,0.00,0.000,0.000,0.00,0.000,0.000,0.00,0.000,0.000,0.00,0.000,0.000,0.00,0.000,0.000,0.00,0.000,0.000,0.00,0.000,0.000,0.00,0.000,0.000,0.00
115.1452,0.000,0.000,0.00,97.28,0.00,0.000,0.000,0.00,0.000,0.000,0.00,0.000,0.000,0.00,0.000,0.000,0.00,0.000,0.000,0.00,0.000,0.000,0.00,0.000,0.000,0.00,0.000,0.000,0.00,0.000,0.000,0.00,0.000,0.000,0.00,0.000,0.000,0.00,0.000,0.000,0.00,0.000,0.000,0.00,0.000,0.000,0.00,0.000,0.000,0.00,0.000,0.000,0.00,0.000,0.000,0.00,0.000,0.000,0.00,0.000,0.000,0.00,0.000,0.000,0.00,0.000,0.000,0.00,0.000,0.000,0.00,0.000,0.000,0.00,0.000,0.000,0.00,0.000,0.000,0.00,0.000,0.000,0.00,0.000,0.000,0.00,0.000,0.000,0.00,0.000,0.000,0.00,0.000,0.000,0.00
115.2525,22335.899,0.177,54.11,87.54,0.85,666.926,0.000,59.64,718.228,0.000,54.05,725.556,0.000,55.91,693.798,0.000,55.91,977.180,0.000,41.94,830.603,0.000,56.85,801.288,0.000,59.64,852.590,0.000,54.98,850.147,0.000,57.78,1016.268,0.000,43.80,684.026,0.000,54.98,625.395,0.000,44.73,610.738,0.000,43.80,808.617,0.000,56.85,749.986,0.000,56.85,749.986,0.000,56.85,798.845,0.000,53.12,745.100,0.000,53.12,781.744,0.000,58.71,732.885,0.000,59.64,701.127,0.000,59.64,684.026,0.000,54.98,591.194,0.177,50.32,618.067,0.000,52.19,569.208,0.000,46.60,732.885,0.000,56.85,747.543,0.000,54.98,784.187,0.000,56.85,818.389,0.000,56.85,669.369,0.000,54.98
115.3598,34227.728,0.010,55.69,97.91,0.22,1366.176,0.000,63.40,1236.646,0.000,74.58,1307.521,0.000,76.45,1378.396,0.000,78.31,977.586,0.000,30.77,967.810,0.000,55.01,1796.314,0.000,73.65,1219.538,0.000,42.89,1182.879,0.000,69.92,1094.896,0.000,27.04,1180.435,0.000,62.46,400.810,0.000,15.85,865.164,0.000,46.61,1302.633,0.000,65.26,1048.461,0.000,57.80,1165.771,0.000,41.95,1390.616,0.000,45.68,1092.452,0.000,61.53,1251.310,0.000,57.80,1094.896,0.000,58.73,901.823,0.000,54.07,1744.991,0.000,71.79,1050.905,0.010,52.21,1011.801,0.000,55.01,1033.797,0.000,55.01,1026.465,0.000,54.07,933.595,0.000,52.21,1014.245,0.000,54.07,865.164,0.000,48.48,1324.629,0.000,68.06
115.4654,29084.648,0.000,33.65,98.62,0.00,1231.201,0.000,40.72,774.465,0.000,23.67,1238.648,0.000,42.61,1112.053,0.000,38.82,953.188,0.000,23.67,888.649,0.000,35.04,816.664,0.000,33.14,556.026,0.000,19.89,881.203,0.000,28.41,1032.620,0.000,27.46,729.785,0.000,27.46,1181.556,0.000,37.88,704.962,0.000,24.62,1045.032,0.000,36.93,719.856,0.000,26.51,1256.024,0.000,37.88,1151.769,0.000,34.09,873.756,0.000,32.19,714.891,0.000,33.14,923.401,0.000,37.88,1231.201,0.000,43.56,963.117,0.000,31.25,913.472,0.000,38.82,1084.748,0.000,38.82,1191.485,0.000,40.72,1429.782,0.000,46.40,754.607,0.000,28.41,675.175,0.000,22.73,930.848,0.000,37.88,1124.464,0.000,38.82
115.5730,25708.235,0.000,29.65,99.63,0.00,935.642,0.000,32.53,916.150,0.000,32.53,1123.258,0.000,35.32,740.717,0.000,31.60,935.642,0.000,27.88,1076.963,0.000,33.46,389.851,0.000,13.94,974.627,0.000,27.88,772.392,0.000,28.81,779.702,0.000,21.38,660.310,0.000,23.24,896.657,0.000,27.88,916.150,0.000,30.67,845.489,0.000,30.67,716.351,0.000,21.38,755.336,0.000,26.03,818.687,0.000,27.88,935.642,0.000,29.74,740.717,0.000,29.74,818.687,0.000,28.81,857.672,0.000,31.60,648.127,0.000,22.31,1013.613,0.000,38.11,896.657,0.000,33.46,701.732,0.000,25.10,1247.523,0.000,45.54,857.672,0.000,35.32,1013.613,0.000,31.60,994.120,0.000,34.39,728.534,0.000,30.67
115.6800,27732.990,0.000,32.77,99.72,0.00,1175.957,0.000,43.92,1156.358,0.000,40.19,823.170,0.000,25.23,913.817,0.000,31.78,1097.560,0.000,28.04,970.165,0.000,31.78,869.718,0.000,33.64,901.567,0.000,32.71,744.773,0.000,27.10,705.574,0.000,19.63,940.766,0.000,34.58,1107.360,0.000,31.78,1019.163,0.000,42.06,744.773,0.000,30.84,1038.762,0.000,40.19,521.831,0.000,21.50,725.174,0.000,24.30,1058.361,0.000,41.12,862.369,0.000,28.97,940.766,0.000,33.64,1489.546,0.000,46.73,764.372,0.000,28.97,783.971,0.000,29.91,928.516,0.000,33.64,1097.560,0.000,39.25,744.773,0.000,28.97,886.868,0.000,31.78,1092.660,0.000,42.99,940.766,0.000,31.78,685.975,0.000,26.17
115.7876,26145.429,0.014,32.82,99.55,0.00,896.192,0.000,30.66,1071.534,0.000,38.09,701.368,0.000,29.73,1039.875,0.000,39.95,740.333,0.000,19.51,1178.687,0.000,43.66,733.027,0.000,26.01,662.403,0.000,21.37,1091.016,0.000,37.16,1246.876,0.000,28.80,584.473,0.000,20.44,769.556,0.000,29.73,1168.946,0.000,43.66,662.403,0.000,29.73,896.192,0.000,35.30,611.261,0.000,22.30,759.815,0.000,27.87,896.192,0.000,39.02,1129.981,0.000,47.38,545.508,0.000,31.59,740.333,0.000,36.23,1227.393,0.000,41.80,1207.911,0.000,51.09,596.650,0.014,26.01,857.227,0.000,34.37,818.262,0.000,24.15,677.015,0.000,28.80,706.238,0.000,26.01,974.122,0.000,35.30,954.639,0.000,39.02
115.8918,25657.116,0.000,29.91,99.64,0.00,764.758,0.000,29.75,966.010,0.000,35.51,966.010,0.000,31.67,845.258,0.000,30.71,1006.260,0.000,25.91,966.010,0.000,35.51,925.759,0.000,31.67,764.758,0.000,26.87,764.758,0.000,31.67,966.010,0.000,27.83,905.634,0.000,33.59,845.258,0.000,28.79,885.509,0.000,30.71,523.255,0.000,22.07,764.758,0.000,29.75,764.758,0.000,27.83,966.010,0.000,28.79,805.008,0.000,27.83,1046.510,0.000,32.63,805.008,0.000,32.63,1127.011,0.000,39.35,802.492,0.000,29.75,1247.762,0.000,41.26,805.008,0.000,29.75,563.506,0.000,21.11,684.257,0.000,24.95,764.758,0.000,24.95,644.006,0.000,22.07,1086.761,0.000,36.47,684.257,0.000,25.91
116.0034,26458.062,0.000,31.11,100.00,0.00,676.244,0.000,29.56,873.482,0.000,36.72,864.090,0.000,31.35,826.521,0.000,29.56,894.615,0.000,22.39,713.814,0.000,24.18,788.952,0.000,30.45,622.239,0.000,25.08,864.090,0.000,32.25,873.482,0.000,22.39,958.013,0.000,32.25,1051.936,0.000,33.14,901.659,0.000,36.72,864.090,0.000,29.56,1089.505,0.000,39.41,1162.295,0.000,37.62,939.228,0.000,34.04,901.659,0.000,34.93,976.797,0.000,32.25,864.090,0.000,27.77,826.521,0.000,25.98,716.162,0.000,25.98,676.244,0.000,25.08,976.797,0.000,32.25,751.383,0.000,24.18,911.051,0.000,34.93,788.952,0.000,31.35,1127.074,0.000,43.89,850.002,0.000,29.56,1127.074,0.000,38.52
116.1146,26136.861,0.000,31.64,100.00,0.00,919.980,0.000,29.70,1122.847,0.000,42.29,792.598,0.000,32.39,1170.026,0.000,41.39,1177.102,0.000,28.80,981.312,0.000,32.39,641.627,0.000,27.90,1111.052,0.000,33.29,868.083,0.000,32.39,934.133,0.000,24.30,1056.797,0.000,39.59,868.083,0.000,30.60,681.729,0.000,30.60,953.005,0.000,35.99,526.040,0.000,22.50,1021.413,0.000,32.39,717.112,0.000,24.30,717.112,0.000,31.50,1096.899,0.000,41.39,792.598,0.000,31.50,679.370,0.000,27.90,754.855,0.000,31.50,903.467,0.000,33.29,1056.797,0.000,37.79,868.083,0.000,30.60,669.934,0.000,25.20,905.826,0.000,33.29,528.399,0.000,23.40,957.723,0.000,34.19,662.857,0.000,27.00
116.2243,24736.127,0.000,25.81,99.93,0.00,902.709,0.000,32.80,802.408,0.000,22.77,611.358,0.000,22.77,1069.877,0.000,31.88,649.568,0.000,17.31,611.358,0.000,20.95,809.572,0.000,26.42,725.988,0.000,19.13,993.457,0.000,30.06,611.358,0.000,18.22,725.988,0.000,25.51,917.037,0.000,21.86,723.600,0.000,23.69,792.855,0.000,21.86,804.796,0.000,26.42,649.568,0.000,18.22,802.408,0.000,24.60,993.457,0.000,30.97,800.020,0.000,30.97,917.037,0.000,30.97,764.198,0.000,28.24,955.247,0.000,31.88,1263.314,0.000,36.44,993.457,0.000,31.88,649.568,0.000,19.13,687.778,0.000,20.04,764.198,0.000,22.77,725.988,0.000,21.86,1031.667,0.000,32.80,986.293,0.000,31.88
116.3313,23464.929,0.000,28.78,99.64,0.00,668.817,0.000,27.10,676.166,0.000,32.71,705.565,0.000,26.17,820.709,0.000,28.97,548.773,0.000,16.82,715.364,0.000,28.97,1288.636,0.000,43.92,823.159,0.000,27.10,1019.149,0.000,36.45,979.951,0.000,24.30,979.951,0.000,33.64,823.159,0.000,29.91,798.660,0.000,29.91,445.878,0.000,18.69,624.719,0.000,26.17,972.601,0.000,31.77,744.763,0.000,24.30,823.159,0.000,29.91,823.159,0.000,38.32,975.051,0.000,41.12,901.555,0.000,40.19,627.169,0.000,23.36,627.169,0.000,27.10,666.367,0.000,22.43,979.951,0.000,27.10,509.575,0.000,18.69,859.907,0.000,27.10,521.824,0.000,20.56,744.763,0.000,30.84,769.262,0.000,29.91
116.4403,26482.846,0.000,35.81,100.00,0.00,971.671,0.000,43.12,738.374,0.000,31.19,885.086,0.000,36.70,1257.881,0.000,47.71,808.122,0.000,19.27,723.943,0.000,32.11,613.307,0.000,25.69,846.604,0.000,33.95,808.122,0.000,33.03,808.122,0.000,20.18,923.569,0.000,35.78,906.733,0.000,37.62,832.174,0.000,42.20,901.922,0.000,44.96,911.543,0.000,44.96,1055.850,0.000,41.29,1115.979,0.000,42.20,1197.753,0.000,51.38,1041.420,0.000,38.53,834.579,0.000,37.62,622.928,0.000,31.19,615.712,0.000,32.11,851.415,0.000,34.86,1077.497,0.000,43.12,885.086,0.000,33.03,769.640,0.000,28.44,964.456,0.000,35.78,680.651,0.000,29.36,1024.584,0.000,37.62,808.122,0.000,29.36
116.5504,25983.314,0.000,30.26,99.57,0.00,750.274,0.000,19.99,821.729,0.000,29.98,990.839,0.000,36.34,662.147,0.000,28.17,571.638,0.000,14.54,1102.784,0.000,35.44,762.184,0.000,29.07,1028.948,0.000,29.98,1028.948,0.000,34.53,381.092,0.000,11.81,993.220,0.000,28.17,1121.839,0.000,31.80,685.965,0.000,24.53,1074.202,0.000,35.44,1005.130,0.000,37.25,1095.639,0.000,34.53,1028.948,0.000,33.62,681.202,0.000,24.53,569.256,0.000,24.53,778.856,0.000,31.80,716.929,0.000,29.07,762.184,0.000,25.44,909.857,0.000,34.53,919.384,0.000,29.07,800.293,0.000,31.80,914.620,0.000,35.44,952.729,0.000,36.34,1143.275,0.000,41.80,852.693,0.000,33.62,876.511,0.000,34.53
116.6580,24475.665,0.000,25.83,99.00,0.00,896.223,0.000,26.94,1207.953,0.000,32.52,740.358,0.000,25.08,818.291,0.000,24.15,742.794,0.000,19.51,701.392,0.000,32.52,818.291,0.000,27.87,1052.088,0.000,29.73,779.325,0.000,26.01,662.426,0.000,15.79,698.957,0.000,20.44,1052.088,0.000,28.80,857.257,0.000,28.80,896.223,0.000,25.08,740.358,0.000,26.01,818.291,0.000,26.01,857.257,0.000,28.80,818.291,0.000,27.87,662.426,0.000,22.30,1039.911,0.000,32.52,1130.021,0.000,34.37,545.527,0.000,18.58,428.629,0.000,17.65,657.555,0.000,22.30,701.392,0.000,23.23,662.426,0.000,21.37,974.156,0.000,29.73,645.378,0.000,21.37,974.156,0.000,29.73,896.223,0.000,29.73
116.7673,23280.750,0.000,25.28,99.57,0.07,575.603,0.000,21.96,690.724,0.000,21.96,844.218,0.000,26.53,844.218,0.000,25.62,1072.061,0.000,27.45,729.097,0.000,28.36,729.097,0.000,23.79,882.592,0.000,26.53,652.350,0.000,17.38,652.350,0.000,18.30,690.724,0.000,22.87,613.977,0.000,19.21,690.724,0.000,22.87,690.724,0.000,19.21,844.218,0.000,25.62,537.230,0.000,21.04,537.230,0.000,18.30,805.844,0.000,26.53,652.350,0.000,24.70,817.836,0.000,28.36,690.724,0.000,24.70,767.471,0.000,24.70,729.097,0.000,28.36,729.097,0.000,24.70,997.712,0.000,33.85,1151.206,0.000,35.68,729.097,0.000,26.53,1206.368,0.000,41.17,882.592,0.000,26.53,844.218,0.000,25.62
116.8757,23035.762,0.000,23.06,99.71,0.00,657.819,0.000,21.22,425.648,0.000,18.45,812.600,0.000,27.68,580.429,0.000,21.22,802.926,0.000,17.53,851.295,0.000,27.68,851.295,0.000,25.83,541.733,0.000,14.76,698.933,0.000,23.99,812.600,0.000,19.37,735.210,0.000,20.30,541.733,0.000,14.76,1160.857,0.000,32.29,619.124,0.000,17.53,769.068,0.000,25.83,889.991,0.000,21.22,812.600,0.000,20.30,1006.076,0.000,27.68,991.566,0.000,29.52,636.053,0.000,20.30,575.592,0.000,17.53,812.600,0.000,23.06,541.733,0.000,19.37,1122.162,0.000,28.60,1006.076,0.000,30.44,928.686,0.000,30.44,800.508,0.000,23.99,696.514,0.000,22.14,735.210,0.000,23.99,619.124,0.000,24.91
116.9884,23198.715,0.000,24.68,99.93,0.00,595.734,0.000,18.64,595.734,0.000,21.31,1005.301,0.000,33.73,879.638,0.000,30.18,456.109,0.000,11.54,819.134,0.000,29.29,1005.301,0.000,34.62,670.201,0.000,13.32,844.732,0.000,29.29,670.201,0.000,14.20,819.134,0.000,20.42,788.882,0.000,17.75,744.667,0.000,34.62,856.367,0.000,30.18,712.088,0.000,31.07,828.442,0.000,22.19,700.453,0.000,19.53,1061.151,0.000,35.51,795.863,0.000,30.18,770.265,0.000,25.74,1049.516,0.000,35.51,744.667,0.000,21.31,632.967,0.000,24.86,781.901,0.000,19.53,521.267,0.000,14.20,707.434,0.000,22.19,1033.226,0.000,24.86,744.667,0.000,22.19,730.705,0.000,25.74,632.967,0.000,26.63
117.0986,26114.552,0.000,27.29,100.00,0.00,456.773,0.000,15.43,1065.803,0.000,30.86,609.030,0.000,21.78,699.433,0.000,20.87,951.610,0.000,23.60,1065.803,0.000,34.49,761.288,0.000,27.23,761.288,0.000,19.97,846.933,0.000,25.41,875.481,0.000,20.87,789.836,0.000,22.69,754.151,0.000,25.41,830.280,0.000,31.76,818.384,0.000,30.86,1122.900,0.000,35.39,904.029,0.000,23.60,920.682,0.000,28.13,1061.045,0.000,34.49,989.674,0.000,39.93,846.933,0.000,30.86,949.231,0.000,32.67,647.095,0.000,19.97,1239.472,0.000,42.65,1027.739,0.000,29.04,770.804,0.000,26.32,532.901,0.000,16.34,830.280,0.000,23.60,1144.311,0.000,29.04,927.820,0.000,28.13,913.545,0.000,27.23
117.2083,25132.675,0.000,27.96,100.00,0.00,817.362,0.000,28.26,803.022,0.000,26.44,841.261,0.000,28.26,611.826,0.000,20.97,647.675,0.000,19.15,805.412,0.000,29.17,726.544,0.000,25.53,927.299,0.000,30.09,602.266,0.000,20.97,994.218,0.000,24.62,618.996,0.000,22.79,1010.947,0.000,30.09,979.878,0.000,31.00,1089.816,0.000,35.56,1089.816,0.000,35.56,917.739,0.000,28.26,497.109,0.000,14.59,482.769,0.000,20.06,590.317,0.000,25.53,1030.067,0.000,38.29,726.544,0.000,30.09,1032.457,0.000,29.17,1077.866,0.000,40.11,826.921,0.000,26.44,843.651,0.000,28.26,996.608,0.000,35.56,908.180,0.000,29.17,795.852,0.000,25.53,1075.476,0.000,35.56,764.783,0.000,23.70
117.3201,24405.331,0.014,24.61,99.44,0.00,848.351,0.000,28.61,738.206,0.000,23.24,1012.397,0.000,28.61,524.947,0.000,20.56,1352.206,0.000,30.40,710.084,0.000,19.67,1003.023,0.000,30.40,890.534,0.000,27.71,1096.763,0.000,28.61,674.931,0.000,19.67,864.756,0.000,24.14,846.008,0.000,26.82,921.000,0.000,21.46,712.428,0.000,19.67,618.687,0.000,17.88,780.389,0.000,26.82,599.939,0.014,18.77,756.954,0.000,21.46,621.031,0.000,20.56,588.221,0.000,20.56,700.710,0.000,25.03,787.420,0.000,25.93,1017.084,0.000,28.61,763.985,0.000,19.67,885.847,0.000,31.29,827.260,0.000,30.40,738.206,0.000,25.03,942.092,0.000,29.50,681.962,0.000,21.46,899.908,0.000,25.93
117.4293,23177.138,0.000,25.36,99.71,0.00,768.091,0.000,24.72,1087.328,0.000,38.46,806.495,0.000,28.38,729.686,0.000,25.64,499.259,0.000,11.90,921.709,0.000,30.22,700.883,0.000,25.64,729.686,0.000,18.31,960.113,0.000,33.88,384.045,0.000,10.99,960.113,0.000,32.96,652.877,0.000,15.57,422.450,0.000,15.57,892.905,0.000,31.13,943.311,0.000,36.63,883.304,0.000,21.98,806.495,0.000,20.14,876.103,0.000,32.05,595.270,0.000,22.89,691.282,0.000,23.81,758.490,0.000,27.47,883.304,0.000,29.30,811.296,0.000,25.64,960.113,0.000,29.30,655.277,0.000,21.98,1032.122,0.000,31.13,588.069,0.000,22.89,614.473,0.000,21.06,948.112,0.000,31.13,614.473,0.000,20.14
117.5376,23884.123,0.000,26.09,100.00,0.00,736.387,0.000,24.03,465.086,0.000,17.56,813.901,0.000,25.87,891.416,0.000,27.72,736.387,0.000,18.48,1007.687,0.000,36.04,1162.716,0.000,36.96,503.844,0.000,12.94,658.872,0.000,24.95,736.387,0.000,18.48,736.387,0.000,26.80,968.930,0.000,24.95,891.416,0.000,32.34,687.940,0.000,24.03,888.993,0.000,27.72,1053.711,0.000,30.49,658.872,0.000,19.40,852.658,0.000,31.42,717.008,0.000,28.65,813.901,0.000,28.65,1029.488,0.000,32.34,1099.735,0.000,29.57,540.178,0.000,24.03,697.630,0.000,24.03,852.658,0.000,26.80,620.115,0.000,23.10,581.358,0.000,20.33,968.930,0.000,30.49,891.416,0.000,29.57,620.115,0.000,24.95
117.6465,21122.744,0.000,20.68,99.70,0.00,692.943,0.000,22.95,731.440,0.000,21.11,538.956,0.000,16.52,538.956,0.000,16.52,731.440,0.000,20.19,538.956,0.000,16.52,885.428,0.000,23.86,731.440,0.000,22.03,808.434,0.000,19.27,769.937,0.000,18.36,923.925,0.000,28.45,846.931,0.000,23.86,731.440,0.000,22.03,731.440,0.000,22.03,538.956,0.000,19.27,500.459,0.000,15.60,885.428,0.000,25.70,885.428,0.000,23.86,615.950,0.000,19.27,885.428,0.000,23.86,692.943,0.000,20.19,870.991,0.000,25.70,502.865,0.000,13.77,769.937,0.000,23.86,885.428,0.000,23.86,461.962,0.000,16.52,769.937,0.000,24.78,577.453,0.000,18.36,461.962,0.000,14.69,615.950,0.000,17.44
117.7506,23323.064,0.000,25.93,99.71,0.00,644.506,0.000,26.89,1087.604,0.000,31.69,604.224,0.000,21.13,604.224,0.000,22.09,644.506,0.000,15.37,563.943,0.000,22.09,845.914,0.000,29.77,886.196,0.000,22.09,805.633,0.000,25.93,563.943,0.000,13.45,886.196,0.000,30.73,725.069,0.000,19.21,725.069,0.000,29.77,755.281,0.000,24.97,815.703,0.000,27.85,765.351,0.000,21.13,563.943,0.000,15.37,845.914,0.000,30.73,725.069,0.000,30.73,725.069,0.000,28.81,886.196,0.000,32.65,1007.041,0.000,31.69,805.633,0.000,29.77,886.196,0.000,34.57,402.816,0.000,12.49,845.914,0.000,26.89,845.914,0.000,29.77,926.477,0.000,28.81,966.759,0.000,30.73,966.759,0.000,30.73
117.8594,19358.230,0.000,17.48,100.00,0.00,361.678,0.000,11.96,848.737,0.000,22.99,848.737,0.000,21.16,655.842,0.000,18.40,694.421,0.000,14.72,733.000,0.000,17.48,617.263,0.000,18.40,925.895,0.000,21.16,578.684,0.000,17.48,444.901,0.000,11.04,578.684,0.000,15.64,385.789,0.000,8.28,771.579,0.000,22.99,754.701,0.000,23.91,530.461,0.000,15.64,602.796,0.000,13.80,617.263,0.000,11.96,511.171,0.000,16.56,655.842,0.000,18.40,617.263,0.000,18.40,593.151,0.000,19.32,822.214,0.000,22.99,501.526,0.000,17.48,655.842,0.000,17.48,501.526,0.000,13.80,848.737,0.000,21.16,578.684,0.000,17.48,694.421,0.000,17.48,578.684,0.000,13.80,848.737,0.000,22.99
117.9648,8741.082,0.000,8.57,100.00,0.00,303.303,0.000,8.54,318.219,0.000,9.48,198.887,0.000,5.69,357.997,0.000,10.43,357.997,0.000,8.54,477.329,0.000,12.33,198.887,0.000,4.74,198.887,0.000,5.69,437.551,0.000,14.23,318.219,0.000,4.74,159.110,0.000,3.79,198.887,0.000,5.69,397.774,0.000,13.28,146.679,0.000,4.74,238.664,0.000,8.54,372.913,0.000,8.54,278.442,0.000,6.64,149.165,0.000,6.64,198.887,0.000,9.48,357.997,0.000,11.38,343.080,0.000,11.38,385.343,0.000,10.43,397.774,0.000,12.33,278.442,0.000,6.64,318.219,0.000,6.64,238.664,0.000,9.48,357.997,0.000,10.43,278.442,0.000,9.48,198.887,0.000,6.64,278.442,0.000,10.43
118.0696,0.000,0.000,0.00,91.49,0.00,0.000,0.000,0.00,0.000,0.000,0.00,0.000,0.000,0.00,0.000,0.000,0.00,0.000,0.000,0.00,0.000,0.000,0.00,0.000,0.000,0.00,0.000,0.000,0.00,0.000,0.000,0.00,0.000,0.000,0.00,0.000,0.000,0.00,0.000,0.000,0.00,0.000,0.000,0.00,0.000,0.000,0.00,0.000,0.000,0.00,0.000,0.000,0.00,0.000,0.000,0.00,0.000,0.000,0.00,0.000,0.000,0.00,0.000,0.000,0.00,0.000,0.000,0.00,0.000,0.000,0.00,0.000,0.000,0.00,0.000,0.000,0.00,0.000,0.000,0.00,0.000,0.000,0.00,0.000,0.000,0.00,0.000,0.000,0.00,0.000,0.000,0.00,0.000,0.000,0.00
118.2068,0.000,0.000,0.00,100.00,0.00,0.000,0.000,0.00,0.000,0.000,0.00,0.000,0.000,0.00,0.000,0.000,0.00,0.000,0.000,0.00,0.000,0.000,0.00,0.000,0.000,0.00,0.000,0.000,0.00,0.000,0.000,0.00,0.000,0.000,0.00,0.000,0.000,0.00,0.000,0.000,0.00,0.000,0.000,0.00,0.000,0.000,0.00,0.000,0.000,0.00,0.000,0.000,0.00,0.000,0.000,0.00,0.000,0.000,0.00,0.000,0.000,0.00,0.000,0.000,0.00,0.000,0.000,0.00,0.000,0.000,0.00,0.000,0.000,0.00,0.000,0.000,0.00,0.000,0.000,0.00,0.000,0.000,0.00,0.000,0.000,0.00,0.000,0.000,0.00,0.000,0.000,0.00,0.000,0.000,0.00
118.3423,20982.704,0.000,49.85,89.24,0.82,690.462,0.000,56.81,698.199,0.000,52.38,702.067,0.000,52.38,667.253,0.000,52.38,866.462,0.000,36.89,717.539,0.000,53.12,781.364,0.000,56.07,806.506,0.000,50.91,779.429,0.000,53.12,959.298,0.000,37.63,663.385,0.000,48.69,526.067,0.000,36.89,557.012,0.000,39.84,736.880,0.000,53.12,674.990,0.000,48.69,705.935,0.000,53.12,771.693,0.000,51.65,707.869,0.000,50.91,721.407,0.000,53.12,713.671,0.000,56.81,667.253,0.000,56.81,622.770,0.000,50.91,586.023,0.000,48.69,599.561,0.000,43.53,543.473,0.000,42.79,705.935,0.000,52.38,690.462,0.000,47.96,738.814,0.000,53.12,742.682,0.000,53.12,638.242,0.000,51.65
118.4513,32512.505,0.000,55.54,98.77,0.22,1257.974,0.000,61.48,1171.383,0.000,70.65,1243.543,0.000,71.57,1325.323,0.000,77.07,971.743,0.000,31.20,954.906,0.000,54.14,1568.259,0.000,67.90,1075.171,0.000,40.37,1108.846,0.000,69.73,962.122,0.000,31.20,1022.255,0.000,53.22,577.273,0.000,24.77,812.993,0.000,54.14,1315.702,0.000,68.82,1046.308,0.000,61.48,1200.247,0.000,48.63,1233.921,0.000,45.88,1043.902,0.000,63.31,1079.982,0.000,57.81,1096.819,0.000,59.64,885.152,0.000,55.05,1803.979,0.000,76.16,849.073,0.000,45.88,1024.660,0.000,55.97,1055.929,0.000,56.89,1046.308,0.000,55.05,911.611,0.000,53.22,889.963,0.000,48.63,769.698,0.000,44.04,1207.463,0.000,62.39
118.5603,27775.285,0.000,39.94,99.20,0.00,1077.438,0.000,44.95,769.598,0.000,31.19,1192.877,0.000,48.62,1000.478,0.000,44.95,836.938,0.000,24.77,846.558,0.000,42.20,873.013,0.000,46.79,577.199,0.000,29.36,1000.478,0.000,44.95,1077.438,0.000,32.11,731.118,0.000,40.37,1192.877,0.000,43.12,726.308,0.000,32.11,961.998,0.000,39.45,731.118,0.000,30.28,1077.438,0.000,39.45,1231.357,0.000,45.87,731.118,0.000,34.86,793.648,0.000,39.45,670.994,0.000,33.03,1055.793,0.000,44.04,692.639,0.000,38.53,1038.958,0.000,48.62,1000.478,0.000,45.87,1038.958,0.000,44.04,1269.837,0.000,49.54,615.679,0.000,31.19,769.598,0.000,32.11,1077.438,0.000,47.71,1115.918,0.000,48.62
118.6684,27576.092,0.000,32.19,99.28,0.00,1242.538,0.000,39.81,893.074,0.000,25.00,1164.879,0.000,28.70,815.416,0.000,27.77,987.721,0.000,27.77,1048.391,0.000,36.10,594.574,0.000,25.00,924.623,0.000,30.55,660.098,0.000,21.29,643.110,0.000,19.44,698.928,0.000,23.14,698.928,0.000,25.00,970.733,0.000,39.81,1009.562,0.000,37.96,621.269,0.000,25.92,970.733,0.000,32.40,854.245,0.000,28.70,1036.257,0.000,37.96,931.903,0.000,37.96,970.733,0.000,37.96,1359.026,0.000,49.99,854.245,0.000,31.48,1048.391,0.000,37.96,931.903,0.000,29.62,829.977,0.000,36.10,1164.879,0.000,38.88,931.903,0.000,39.81,1048.391,0.000,37.03,970.733,0.000,31.48,698.928,0.000,25.00
118.7773,26871.409,0.000,31.26,99.20,0.00,885.210,0.000,34.87,1195.514,0.000,36.70,846.722,0.000,29.36,885.210,0.000,29.36,1214.758,0.000,29.36,959.779,0.000,33.95,769.748,0.000,32.12,966.995,0.000,29.36,647.069,0.000,22.94,786.586,0.000,22.94,1116.134,0.000,41.29,1154.621,0.000,35.79,962.185,0.000,32.12,538.823,0.000,20.19,1003.077,0.000,36.70,346.386,0.000,14.68,615.798,0.000,22.94,1089.674,0.000,38.54,885.210,0.000,30.28,923.697,0.000,34.87,1039.159,0.000,39.46,923.697,0.000,33.03,885.210,0.000,33.95,808.235,0.000,29.36,1084.863,0.000,33.95,750.504,0.000,27.53,1077.647,0.000,36.70,885.210,0.000,31.20,1007.888,0.000,38.54,615.798,0.000,25.69
118.8853,26125.068,0.142,27.90,99.21,0.00,1126.164,0.000,31.48,813.071,0.000,27.78,698.998,0.000,28.70,1087.331,0.000,39.81,815.498,0.014,21.29,1245.091,0.014,36.11,543.665,0.000,18.52,584.926,0.000,16.67,1288.778,0.000,39.81,1242.664,0.014,32.40,504.832,0.000,15.74,737.832,0.014,19.44,1164.997,0.000,37.03,582.499,0.014,23.15,968.404,0.000,33.33,465.999,0.014,14.81,815.498,0.000,20.37,854.331,0.000,32.40,1048.498,0.000,35.18,582.499,0.014,21.29,893.165,0.014,30.55,1087.331,0.000,29.63,1048.498,0.000,37.03,776.665,0.000,25.92,715.988,0.000,21.29,951.415,0.000,31.48,660.165,0.000,26.85,815.498,0.000,23.15,924.717,0.014,27.78,1080.050,0.014,37.96
118.9943,26382.631,0.000,33.24,99.20,0.00,731.114,0.000,27.52,1154.390,0.000,38.53,692.634,0.000,31.19,808.073,0.000,33.94,808.073,0.000,22.94,885.033,0.000,37.61,923.512,0.000,38.53,846.553,0.000,31.19,577.195,0.000,28.44,885.033,0.000,24.77,885.033,0.000,31.19,1115.911,0.000,37.61,1038.951,0.000,44.04,654.155,0.000,31.19,961.992,0.000,38.53,1115.911,0.000,35.78,885.033,0.000,33.03,966.802,0.000,42.20,1192.870,0.000,48.62,769.594,0.000,32.11,923.512,0.000,41.28,731.114,0.000,28.44,1038.951,0.000,39.45,731.114,0.000,26.61,666.179,0.000,23.85,885.033,0.000,26.61,577.195,0.000,20.18,923.512,0.000,30.28,1000.472,0.000,35.78,1007.687,0.000,35.78
119.1023,25854.804,0.000,27.38,99.71,0.00,776.785,0.000,28.71,1009.821,0.000,30.56,893.303,0.000,21.30,1048.660,0.000,25.00,854.464,0.000,25.00,871.456,0.000,25.00,854.464,0.000,25.00,815.624,0.000,27.78,776.785,0.000,22.22,1009.821,0.000,26.85,932.142,0.000,32.41,932.142,0.000,34.26,815.624,0.000,28.71,1048.660,0.000,37.04,815.624,0.000,29.63,893.303,0.000,32.41,776.785,0.000,29.63,733.091,0.000,23.15,776.785,0.000,25.93,893.303,0.000,28.71,737.946,0.000,24.08,932.142,0.000,31.48,1009.821,0.000,31.48,1048.660,0.000,27.78,842.326,0.000,24.08,745.228,0.000,26.85,815.624,0.000,25.93,679.687,0.000,25.00,854.464,0.000,25.00,660.267,0.000,20.37
119.2113,25777.263,0.000,28.50,100.00,0.00,731.133,0.000,23.85,1000.498,0.000,34.86,769.614,0.000,27.52,923.537,0.000,33.95,1192.902,0.000,31.19,675.817,0.000,24.77,885.056,0.000,32.11,1077.460,0.000,30.28,846.576,0.000,35.78,885.056,0.000,24.77,1154.421,0.000,35.78,846.576,0.000,28.44,769.614,0.000,25.69,769.614,0.000,24.77,654.172,0.000,20.18,962.018,0.000,33.03,1154.421,0.000,37.62,962.018,0.000,31.19,923.537,0.000,33.03,923.537,0.000,35.78,769.614,0.000,32.11,654.172,0.000,22.94,962.018,0.000,33.95,769.614,0.000,28.44,769.614,0.000,18.35,608.476,0.000,14.68,615.691,0.000,16.51,750.374,0.000,20.18,1038.979,0.000,35.78,731.133,0.000,27.52
119.3175,23680.864,5.724,26.25,99.93,0.00,711.093,0.000,24.49,632.082,0.014,24.49,671.587,0.000,26.37,1007.381,0.000,33.91,713.562,0.000,17.90,908.618,0.000,34.85,832.077,0.000,28.26,634.551,0.000,18.84,1106.144,0.000,33.91,869.113,0.000,21.66,829.608,0.000,29.20,790.103,0.000,20.72,711.093,0.000,21.66,829.608,0.000,22.61,595.046,0.000,16.95,711.093,0.000,18.84,474.062,0.000,16.95,716.031,0.000,21.66,898.742,0.000,29.20,829.608,0.000,29.20,762.943,0.000,28.26,671.587,0.000,20.72,908.618,5.710,40.50,1027.134,0.000,35.79,948.123,0.000,29.20,513.567,0.000,21.66,1148.118,0.000,33.91,592.577,0.000,23.55,925.902,0.000,33.91,711.093,0.000,28.26
119.4273,25653.868,167.645,28.86,99.78,0.00,651.489,0.000,27.31,1042.860,0.000,30.95,1069.110,0.000,33.68,995.131,0.000,28.22,570.351,0.000,12.74,878.198,0.000,30.95,854.333,0.000,26.40,837.629,0.000,24.58,894.902,0.000,28.22,763.650,0.000,19.12,758.877,0.000,29.13,992.745,0.000,29.13,725.468,0.000,26.40,563.192,0.000,22.76,1045.246,0.000,35.50,1145.475,0.000,30.95,1069.110,0.000,30.95,859.106,0.000,34.59,964.108,0.000,33.68,911.607,0.000,30.95,828.083,0.000,30.04,696.831,0.000,27.31,909.221,167.645,53.71,1126.384,0.000,39.14,534.555,0.000,20.94,649.103,0.000,20.94,966.495,0.000,32.77,534.555,0.000,17.30,861.493,0.000,27.31,954.563,0.000,30.04
119.5354,25919.490,0.000,28.98,100.00,0.00,968.431,0.000,35.18,604.359,0.000,18.52,699.018,0.000,25.00,1211.146,0.000,38.89,699.018,0.000,17.59,932.024,0.000,32.41,798.531,0.000,29.63,939.305,0.000,32.41,958.723,0.000,31.48,660.184,0.000,15.74,1169.884,0.000,33.33,749.988,0.000,25.92,871.345,0.000,28.70,893.190,0.000,31.48,643.194,0.000,24.07,1167.457,0.000,39.81,825.230,0.000,24.07,830.084,0.000,29.63,737.852,0.000,25.00,936.878,0.000,35.18,815.521,0.000,30.55,575.234,0.000,18.52,900.471,0.000,29.63,774.260,0.000,22.22,932.024,0.000,30.55,803.385,0.000,26.85,922.315,0.000,33.33,876.200,0.000,29.63,868.918,0.000,35.18,1155.321,0.000,38.89
119.6443,24408.741,0.000,25.27,100.00,0.00,962.205,0.000,32.12,659.111,0.000,23.86,923.717,0.000,23.86,509.969,0.000,17.43,586.945,0.000,14.68,615.811,0.000,19.27,791.414,0.000,24.78,1070.453,0.000,26.61,995.882,0.000,27.53,445.020,0.000,11.93,731.276,0.000,27.53,1142.619,0.000,32.12,637.461,0.000,22.02,856.363,0.000,29.36,979.044,0.000,26.61,690.382,0.000,20.19,952.583,0.000,28.45,885.229,0.000,25.69,731.276,0.000,22.02,962.205,0.000,25.69,928.528,0.000,29.36,882.823,0.000,34.87,654.300,0.000,18.35,868.390,0.000,32.12,731.276,0.000,25.69,781.792,0.000,23.86,1188.323,0.000,39.46,825.091,0.000,28.45,755.331,0.000,23.86,663.922,0.000,20.19
119.7534,25423.344,0.000,25.71,100.00,0.00,884.876,0.000,25.68,1144.567,0.000,31.19,692.511,0.000,22.01,1000.294,0.000,26.60,1106.095,0.000,27.52,730.984,0.000,22.01,709.343,0.000,22.93,807.930,0.000,23.85,884.876,0.000,25.68,709.343,0.000,20.18,384.729,0.000,14.68,961.821,0.000,29.35,692.511,0.000,20.18,923.349,0.000,27.52,560.261,0.000,20.18,923.349,0.000,29.35,961.821,0.000,25.68,846.403,0.000,24.77,884.876,0.000,25.68,730.984,0.000,21.10,841.594,0.000,23.85,654.039,0.000,25.68,654.039,0.000,20.18,923.349,0.000,30.27,1115.713,0.000,33.94,961.821,0.000,31.19,654.039,0.000,22.01,1192.659,0.000,36.69,1000.294,0.000,30.27,884.876,0.000,31.19
119.8613,22339.518,0.000,21.73,100.00,0.00,699.096,0.000,16.67,708.806,0.000,22.22,776.773,0.000,21.30,893.289,0.000,23.15,660.257,0.000,16.67,696.669,0.000,22.22,854.451,0.000,26.85,621.419,0.000,13.89,543.741,0.000,20.37,660.257,0.000,15.74,803.475,0.000,22.22,601.999,0.000,16.67,970.967,0.000,33.34,699.096,0.000,29.63,1009.805,0.000,33.34,776.773,0.000,20.37,466.064,0.000,11.11,970.967,0.000,27.78,737.935,0.000,23.15,798.620,0.000,21.30,631.128,0.000,20.37,543.741,0.000,14.82,466.064,0.000,17.59,660.257,0.000,19.45,815.612,0.000,25.93,1126.321,0.000,28.71,699.096,0.000,18.52,932.128,0.000,25.00,737.935,0.000,19.45,776.773,0.000,24.08
119.9693,23311.768,0.000,22.19,99.93,0.00,660.225,0.000,16.67,582.551,0.000,17.59,1009.756,0.000,28.70,699.062,0.000,22.22,699.062,0.000,19.44,934.510,0.000,27.78,737.899,0.000,22.22,737.899,0.000,19.44,1009.756,0.000,29.63,737.899,0.000,17.59,1021.892,0.000,26.85,485.460,0.000,12.04,815.572,0.000,24.07,932.082,0.000,27.78,815.572,0.000,27.78,660.225,0.000,16.67,815.572,0.000,19.44,1281.613,0.000,37.04,582.551,0.000,20.37,677.216,0.000,23.15,689.353,0.000,20.37,706.344,0.000,19.44,776.735,0.000,22.22,932.082,0.000,24.07,815.572,0.000,21.30,737.899,0.000,21.30,543.715,0.000,13.89,621.388,0.000,16.67,893.246,0.000,29.63,699.062,0.000,20.37
120.0783,23738.028,0.000,27.55,100.00,0.00,500.254,0.000,20.18,500.254,0.000,17.43,726.331,0.000,18.35,654.179,0.000,21.10,1002.914,0.000,28.44,1103.927,0.000,37.62,1077.471,0.000,36.70,716.710,0.000,24.77,731.141,0.000,27.52,861.015,0.000,25.69,731.141,0.000,23.85,870.635,0.000,29.36,1038.990,0.000,38.53,618.103,0.000,22.02,738.356,0.000,29.36,702.280,0.000,23.85,774.432,0.000,25.69,762.407,0.000,30.28,962.027,0.000,33.03,885.065,0.000,30.28,788.863,0.000,24.77,762.407,0.000,23.85,567.596,0.000,22.94,769.622,0.000,27.52,885.065,0.000,33.03,846.584,0.000,32.11,1231.395,0.000,36.70,692.660,0.000,28.44,632.533,0.000,26.61,603.672,0.000,26.61
120.1893,25826.069,0.000,27.15,100.00,0.00,528.990,0.000,18.92,1133.551,0.000,33.33,873.779,0.000,23.42,453.420,0.000,17.12,715.554,0.000,16.22,880.864,0.000,32.43,781.678,0.000,25.22,883.225,0.000,25.22,732.085,0.000,24.32,665.961,0.000,15.31,835.994,0.000,23.42,845.440,0.000,21.62,755.701,0.000,27.93,998.942,0.000,34.23,824.186,0.000,30.63,1086.320,0.000,27.03,895.033,0.000,23.42,1065.066,0.000,36.94,869.056,0.000,31.53,717.916,0.000,24.32,1001.303,0.000,31.53,906.841,0.000,28.83,1074.512,0.000,36.94,1017.834,0.000,30.63,635.261,0.000,19.82,453.420,0.000,15.31,1133.551,0.000,34.23,1086.320,0.000,34.23,1079.235,0.000,39.64,895.033,0.000,30.63
120.2981,24667.816,0.000,23.24,100.00,0.00,964.340,0.000,24.83,694.325,0.000,17.47,718.433,0.000,20.23,718.433,0.000,21.15,810.046,0.000,16.55,650.929,0.000,20.23,744.953,0.000,23.91,887.193,0.000,24.83,911.301,0.000,23.91,964.340,0.000,21.15,711.201,0.000,22.99,908.890,0.000,21.15,824.511,0.000,22.07,790.759,0.000,25.75,1157.208,0.000,33.11,805.224,0.000,22.07,559.317,0.000,15.63,590.658,0.000,17.47,694.325,0.000,24.83,747.363,0.000,24.83,1002.914,0.000,30.35,889.604,0.000,27.59,988.448,0.000,25.75,1007.735,0.000,26.67,807.635,0.000,23.91,749.774,0.000,20.23,602.712,0.000,21.15,805.224,0.000,22.07,993.270,0.000,25.75,966.751,0.000,29.43
120.4063,23669.741,0.014,29.03,99.71,0.00,813.526,0.000,28.63,1009.644,0.000,37.87,1157.338,0.000,42.49,692.466,0.000,29.56,619.830,0.000,16.63,755.417,0.000,29.56,929.744,0.000,31.40,619.830,0.014,20.32,728.784,0.000,34.17,658.569,0.000,14.78,702.151,0.000,27.71,733.626,0.000,24.94,915.217,0.000,30.48,784.472,0.000,35.10,891.005,0.000,36.02,779.629,0.000,23.09,452.766,0.000,15.70,1033.856,0.000,37.87,581.090,0.000,24.01,682.781,0.000,24.94,619.830,0.000,26.78,1043.541,0.000,34.17,953.956,0.000,34.17,501.190,0.000,20.32,784.472,0.000,33.25,719.099,0.000,25.86,750.575,0.000,32.33,1099.229,0.000,34.17,1012.065,0.000,36.94,644.042,0.000,27.71
120.5143,23112.760,0.000,24.17,99.49,0.00,582.675,0.000,22.23,774.472,0.000,24.08,835.167,0.000,26.86,446.717,0.000,12.97,699.210,0.000,15.74,840.023,0.000,25.01,621.520,0.000,24.08,893.434,0.000,23.15,823.028,0.000,25.01,504.985,0.000,11.11,944.418,0.000,31.49,718.632,0.000,23.15,504.985,0.000,18.52,961.413,0.000,30.56,854.589,0.000,25.01,893.434,0.000,25.01,815.744,0.000,23.15,776.899,0.000,25.01,466.140,0.000,14.82,543.830,0.000,16.67,546.257,0.000,13.89,971.124,0.000,33.34,915.285,0.000,23.15,932.279,0.000,27.78,543.830,0.000,22.23,1165.349,0.000,37.97,699.210,0.000,27.78,1009.969,0.000,33.34,937.135,0.000,31.49,891.007,0.000,30.56
120.6223,23061.223,0.000,21.23,99.71,0.00,582.477,0.000,19.44,582.477,0.000,12.96,737.804,0.000,20.37,815.467,0.000,25.92,1067.874,0.000,25.00,815.467,0.000,16.66,1087.290,0.000,28.70,698.972,0.000,23.15,854.299,0.000,25.92,388.318,0.000,6.48,747.512,0.000,24.07,931.963,0.000,25.00,776.636,0.000,23.15,698.972,0.000,15.74,621.308,0.000,19.44,931.963,0.000,25.00,970.794,0.000,25.00,776.636,0.000,17.59,504.813,0.000,15.74,1164.953,0.000,32.40,1123.695,0.000,29.63,970.794,0.000,27.77,465.981,0.000,14.81,815.467,0.000,23.15,822.748,0.000,25.92,893.131,0.000,23.15,621.308,0.000,19.44,737.804,0.000,23.15,504.813,0.000,12.96,349.486,0.000,9.26
120.7303,21319.085,0.000,20.86,100.00,0.00,582.555,0.000,13.89,815.577,0.000,25.93,427.207,0.000,12.96,776.740,0.000,23.15,446.625,0.000,12.96,737.903,0.000,19.44,917.524,0.000,29.63,660.229,0.000,16.67,669.938,0.000,21.30,660.229,0.000,13.89,961.216,0.000,27.78,815.577,0.000,21.30,660.229,0.000,19.44,543.718,0.000,16.67,893.251,0.000,26.85,776.740,0.000,17.59,621.392,0.000,17.59,582.555,0.000,18.52,893.251,0.000,25.93,776.740,0.000,24.07,660.229,0.000,23.15,893.251,0.000,24.07,699.066,0.000,25.00,815.577,0.000,19.44,652.947,0.000,25.00,582.555,0.000,15.74,621.392,0.000,21.30,621.392,0.000,17.59,776.740,0.000,25.00,776.740,0.000,24.07
120.8393,22359.972,0.000,28.62,100.00,0.00,692.661,0.000,25.69,538.737,0.000,23.85,885.067,0.000,32.11,923.548,0.000,35.78,692.661,0.000,21.10,846.586,0.000,36.70,1063.043,0.000,35.78,885.067,0.000,24.77,721.522,0.000,30.28,808.105,0.000,22.94,654.180,0.000,23.85,615.699,0.000,22.02,654.180,0.000,27.52,731.142,0.000,28.44,577.218,0.000,27.52,654.180,0.000,22.02,577.218,0.000,24.77,692.661,0.000,29.36,642.155,0.000,32.11,846.586,0.000,35.78,692.661,0.000,32.11,808.105,0.000,27.52,692.661,0.000,32.11,808.105,0.000,28.44,923.548,0.000,33.03,654.180,0.000,26.61,731.142,0.000,26.61,654.180,0.000,28.44,615.699,0.000,23.85,1077.473,0.000,37.62
120.9476,20466.273,0.000,18.85,100.00,0.00,658.718,0.000,16.63,852.459,0.000,22.17,566.691,0.000,17.55,581.222,0.000,14.78,891.207,0.000,21.25,619.970,0.000,16.63,571.535,0.000,17.55,697.466,0.000,17.55,983.234,0.000,25.87,658.718,0.000,16.63,697.466,0.000,19.40,542.474,0.000,16.63,813.711,0.000,24.02,619.970,0.000,17.55,619.970,0.000,18.48,697.466,0.000,19.40,503.726,0.000,14.78,658.718,0.000,16.63,593.331,0.000,15.71,581.222,0.000,17.55,852.459,0.000,23.10,813.711,0.000,24.02,774.962,0.000,23.10,741.058,0.000,21.25,581.222,0.000,16.63,658.718,0.000,18.48,774.962,0.000,17.55,658.718,0.000,18.48,658.718,0.000,20.32,542.474,0.000,15.71
121.0566,8828.614,0.000,7.16,99.93,0.00,115.453,0.000,2.75,731.205,0.000,16.52,245.338,0.000,4.59,153.938,0.000,3.67,269.391,0.000,5.51,307.876,0.000,8.26,153.938,0.000,2.75,307.876,0.000,6.42,216.475,0.000,4.59,251.389,0.000,3.67,230.907,0.000,5.51,269.391,0.000,5.51,577.267,0.000,16.52,384.845,0.000,11.01,269.391,0.000,7.34,307.876,0.000,5.51,384.845,0.000,9.18,192.422,0.000,6.42,346.360,0.000,9.18,307.876,0.000,9.18,346.360,0.000,9.18,384.845,0.000,8.26,230.907,0.000,6.42,226.096,0.000,6.42,76.969,0.000,1.84,384.845,0.000,7.34,230.907,0.000,5.51,269.391,0.000,7.34,269.391,0.000,7.34,384.845,0.000,11.01
121.1615,0.000,0.000,0.00,89.93,0.00,0.000,0.000,0.00,0.000,0.000,0.00,0.000,0.000,0.00,0.000,0.000,0.00,0.000,0.000,0.00,0.000,0.000,0.00,0.000,0.000,0.00,0.000,0.000,0.00,0.000,0.000,0.00,0.000,0.000,0.00,0.000,0.000,0.00,0.000,0.000,0.00,0.000,0.000,0.00,0.000,0.000,0.00,0.000,0.000,0.00,0.000,0.000,0.00,0.000,0.000,0.00,0.000,0.000,0.00,0.000,0.000,0.00,0.000,0.000,0.00,0.000,0.000,0.00,0.000,0.000,0.00,0.000,0.000,0.00,0.000,0.000,0.00,0.000,0.000,0.00,0.000,0.000,0.00,0.000,0.000,0.00,0.000,0.000,0.00,0.000,0.000,0.00,0.000,0.000,0.00
121.2993,0.000,0.000,0.00,100.00,0.00,0.000,0.000,0.00,0.000,0.000,0.00,0.000,0.000,0.00,0.000,0.000,0.00,0.000,0.000,0.00,0.000,0.000,0.00,0.000,0.000,0.00,0.000,0.000,0.00,0.000,0.000,0.00,0.000,0.000,0.00,0.000,0.000,0.00,0.000,0.000,0.00,0.000,0.000,0.00,0.000,0.000,0.00,0.000,0.000,0.00,0.000,0.000,0.00,0.000,0.000,0.00,0.000,0.000,0.00,0.000,0.000,0.00,0.000,0.000,0.00,0.000,0.000,0.00,0.000,0.000,0.00,0.000,0.000,0.00,0.000,0.000,0.00,0.000,0.000,0.00,0.000,0.000,0.00,0.000,0.000,0.00,0.000,0.000,0.00,0.000,0.000,0.00,0.000,0.000,0.00
121.4205,0.000,0.000,0.00,99.05,0.00,0.000,0.000,0.00,0.000,0.000,0.00,0.000,0.000,0.00,0.000,0.000,0.00,0.000,0.000,0.00,0.000,0.000,0.00,0.000,0.000,0.00,0.000,0.000,0.00,0.000,0.000,0.00,0.000,0.000,0.00,0.000,0.000,0.00,0.000,0.000,0.00,0.000,0.000,0.00,0.000,0.000,0.00,0.000,0.000,0.00,0.000,0.000,0.00,0.000,0.000,0.00,0.000,0.000,0.00,0.000,0.000,0.00,0.000,0.000,0.00,0.000,0.000,0.00,0.000,0.000,0.00,0.000,0.000,0.00,0.000,0.000,0.00,0.000,0.000,0.00,0.000,0.000,0.00,0.000,0.000,0.00,0.000,0.000,0.00,0.000,0.000,0.00,0.000,0.000,0.00
121.5495,0.000,0.000,0.00,99.23,0.00,0.000,0.000,0.00,0.000,0.000,0.00,0.000,0.000,0.00,0.000,0.000,0.00,0.000,0.000,0.00,0.000,0.000,0.00,0.000,0.000,0.00,0.000,0.000,0.00,0.000,0.000,0.00,0.000,0.000,0.00,0.000,0.000,0.00,0.000,0.000,0.00,0.000,0.000,0.00,0.000,0.000,0.00,0.000,0.000,0.00,0.000,0.000,0.00,0.000,0.000,0.00,0.000,0.000,0.00,0.000,0.000,0.00,0.000,0.000,0.00,0.000,0.000,0.00,0.000,0.000,0.00,0.000,0.000,0.00,0.000,0.000,0.00,0.000,0.000,0.00,0.000,0.000,0.00,0.000,0.000,0.00,0.000,0.000,0.00,0.000,0.000,0.00,0.000,0.000,0.00
121.6564,0.000,0.000,0.00,65.19,0.00,0.000,0.000,0.00,0.000,0.000,0.00,0.000,0.000,0.00,0.000,0.000,0.00,0.000,0.000,0.00,0.000,0.000,0.00,0.000,0.000,0.00,0.000,0.000,0.00,0.000,0.000,0.00,0.000,0.000,0.00,0.000,0.000,0.00,0.000,0.000,0.00,0.000,0.000,0.00,0.000,0.000,0.00,0.000,0.000,0.00,0.000,0.000,0.00,0.000,0.000,0.00,0.000,0.000,0.00,0.000,0.000,0.00,0.000,0.000,0.00,0.000,0.000,0.00,0.000,0.000,0.00,0.000,0.000,0.00,0.000,0.000,0.00,0.000,0.000,0.00,0.000,0.000,0.00,0.000,0.000,0.00,0.000,0.000,0.00,0.000,0.000,0.00,0.000,0.000,0.00
121.7582,0.000,0.000,0.00,0.77,0.00,0.000,0.000,0.00,0.000,0.000,0.00,0.000,0.000,0.00,0.000,0.000,0.00,0.000,0.000,0.00,0.000,0.000,0.00,0.000,0.000,0.00,0.000,0.000,0.00,0.000,0.000,0.00,0.000,0.000,0.00,0.000,0.000,0.00,0.000,0.000,0.00,0.000,0.000,0.00,0.000,0.000,0.00,0.000,0.000,0.00,0.000,0.000,0.00,0.000,0.000,0.00,0.000,0.000,0.00,0.000,0.000,0.00,0.000,0.000,0.00,0.000,0.000,0.00,0.000,0.000,0.00,0.000,0.000,0.00,0.000,0.000,0.00,0.000,0.000,0.00,0.000,0.000,0.00,0.000,0.000,0.00,0.000,0.000,0.00,0.000,0.000,0.00,0.000,0.000,0.00
121.8593,0.000,0.000,0.00,0.85,0.00,0.000,0.000,0.00,0.000,0.000,0.00,0.000,0.000,0.00,0.000,0.000,0.00,0.000,0.000,0.00,0.000,0.000,0.00,0.000,0.000,0.00,0.000,0.000,0.00,0.000,0.000,0.00,0.000,0.000,0.00,0.000,0.000,0.00,0.000,0.000,0.00,0.000,0.000,0.00,0.000,0.000,0.00,0.000,0.000,0.00,0.000,0.000,0.00,0.000,0.000,0.00,0.000,0.000,0.00,0.000,0.000,0.00,0.000,0.000,0.00,0.000,0.000,0.00,0.000,0.000,0.00,0.000,0.000,0.00,0.000,0.000,0.00,0.000,0.000,0.00,0.000,0.000,0.00,0.000,0.000,0.00,0.000,0.000,0.00,0.000,0.000,0.00,0.000,0.000,0.00
121.9604,0.000,3.211,0.63,0.77,0.00,0.000,0.000,0.00,0.000,0.000,0.00,0.000,0.405,1.98,0.000,0.400,2.97,0.000,0.000,0.00,0.000,0.000,0.00,0.000,0.405,1.98,0.000,0.000,0.00,0.000,0.400,1.98,0.000,0.000,0.00,0.000,0.000,0.00,0.000,0.000,0.00,0.000,0.400,1.98,0.000,0.000,0.00,0.000,0.400,1.98,0.000,0.000,0.00,0.000,0.000,0.00,0.000,0.400,2.97,0.000,0.400,2.97,0.000,0.000,0.00,0.000,0.000,0.00,0.000,0.000,0.00,0.000,0.000,0.00,0.000,0.000,0.00,0.000,0.000,0.00,0.000,0.000,0.00,0.000,0.000,0.00,0.000,0.000,0.00,0.000,0.000,0.00,0.000,0.000,0.00
122.0614,0.000,0.000,0.00,0.85,0.00,0.000,0.000,0.00,0.000,0.000,0.00,0.000,0.000,0.00,0.000,0.000,0.00,0.000,0.000,0.00,0.000,0.000,0.00,0.000,0.000,0.00,0.000,0.000,0.00,0.000,0.000,0.00,0.000,0.000,0.00,0.000,0.000,0.00,0.000,0.000,0.00,0.000,0.000,0.00,0.000,0.000,0.00,0.000,0.000,0.00,0.000,0.000,0.00,0.000,0.000,0.00,0.000,0.000,0.00,0.000,0.000,0.00,0.000,0.000,0.00,0.000,0.000,0.00,0.000,0.000,0.00,0.000,0.000,0.00,0.000,0.000,0.00,0.000,0.000,0.00,0.000,0.000,0.00,0.000,0.000,0.00,0.000,0.000,0.00,0.000,0.000,0.00,0.000,0.000,0.00
122.1625,0.000,0.000,0.00,0.77,0.00,0.000,0.000,0.00,0.000,0.000,0.00,0.000,0.000,0.00,0.000,0.000,0.00,0.000,0.000,0.00,0.000,0.000,0.00,0.000,0.000,0.00,0.000,0.000,0.00,0.000,0.000,0.00,0.000,0.000,0.00,0.000,0.000,0.00,0.000,0.000,0.00,0.000,0.000,0.00,0.000,0.000,0.00,0.000,0.000,0.00,0.000,0.000,0.00,0.000,0.000,0.00,0.000,0.000,0.00,0.000,0.000,0.00,0.000,0.000,0.00,0.000,0.000,0.00,0.000,0.000,0.00,0.000,0.000,0.00,0.000,0.000,0.00,0.000,0.000,0.00,0.000,0.000,0.00,0.000,0.000,0.00,0.000,0.000,0.00,0.000,0.000,0.00,0.000,0.000,0.00
122.2636,0.000,0.000,0.00,0.93,0.00,0.000,0.000,0.00,0.000,0.000,0.00,0.000,0.000,0.00,0.000,0.000,0.00,0.000,0.000,0.00,0.000,0.000,0.00,0.000,0.000,0.00,0.000,0.000,0.00,0.000,0.000,0.00,0.000,0.000,0.00,0.000,0.000,0.00,0.000,0.000,0.00,0.000,0.000,0.00,0.000,0.000,0.00,0.000,0.000,0.00,0.000,0.000,0.00,0.000,0.000,0.00,0.000,0.000,0.00,0.000,0.000,0.00,0.000,0.000,0.00,0.000,0.000,0.00,0.000,0.000,0.00,0.000,0.000,0.00,0.000,0.000,0.00,0.000,0.000,0.00,0.000,0.000,0.00,0.000,0.000,0.00,0.000,0.000,0.00,0.000,0.000,0.00,0.000,0.000,0.00
122.3648,0.000,0.000,0.00,0.85,0.00,0.000,0.000,0.00,0.000,0.000,0.00,0.000,0.000,0.00,0.000,0.000,0.00,0.000,0.000,0.00,0.000,0.000,0.00,0.000,0.000,0.00,0.000,0.000,0.00,0.000,0.000,0.00,0.000,0.000,0.00,0.000,0.000,0.00,0.000,0.000,0.00,0.000,0.000,0.00,0.000,0.000,0.00,0.000,0.000,0.00,0.000,0.000,0.00,0.000,0.000,0.00,0.000,0.000,0.00,0.000,0.000,0.00,0.000,0.000,0.00,0.000,0.000,0.00,0.000,0.000,0.00,0.000,0.000,0.00,0.000,0.000,0.00,0.000,0.000,0.00,0.000,0.000,0.00,0.000,0.000,0.00,0.000,0.000,0.00,0.000,0.000,0.00,0.000,0.000,0.00
122.4663,0.000,0.000,0.00,0.77,0.00,0.000,0.000,0.00,0.000,0.000,0.00,0.000,0.000,0.00,0.000,0.000,0.00,0.000,0.000,0.00,0.000,0.000,0.00,0.000,0.000,0.00,0.000,0.000,0.00,0.000,0.000,0.00,0.000,0.000,0.00,0.000,0.000,0.00,0.000,0.000,0.00,0.000,0.000,0.00,0.000,0.000,0.00,0.000,0.000,0.00,0.000,0.000,0.00,0.000,0.000,0.00,0.000,0.000,0.00,0.000,0.000,0.00,0.000,0.000,0.00,0.000,0.000,0.00,0.000,0.000,0.00,0.000,0.000,0.00,0.000,0.000,0.00,0.000,0.000,0.00,0.000,0.000,0.00,0.000,0.000,0.00,0.000,0.000,0.00,0.000,0.000,0.00,0.000,0.000,0.00
122.5682,0.000,0.000,0.00,0.77,0.00,0.000,0.000,0.00,0.000,0.000,0.00,0.000,0.000,0.00,0.000,0.000,0.00,0.000,0.000,0.00,0.000,0.000,0.00,0.000,0.000,0.00,0.000,0.000,0.00,0.000,0.000,0.00,0.000,0.000,0.00,0.000,0.000,0.00,0.000,0.000,0.00,0.000,0.000,0.00,0.000,0.000,0.00,0.000,0.000,0.00,0.000,0.000,0.00,0.000,0.000,0.00,0.000,0.000,0.00,0.000,0.000,0.00,0.000,0.000,0.00,0.000,0.000,0.00,0.000,0.000,0.00,0.000,0.000,0.00,0.000,0.000,0.00,0.000,0.000,0.00,0.000,0.000,0.00,0.000,0.000,0.00,0.000,0.000,0.00,0.000,0.000,0.00,0.000,0.000,0.00
122.6701,0.000,0.000,0.00,0.77,0.00,0.000,0.000,0.00,0.000,0.000,0.00,0.000,0.000,0.00,0.000,0.000,0.00,0.000,0.000,0.00,0.000,0.000,0.00,0.000,0.000,0.00,0.000,0.000,0.00,0.000,0.000,0.00,0.000,0.000,0.00,0.000,0.000,0.00,0.000,0.000,0.00,0.000,0.000,0.00,0.000,0.000,0.00,0.000,0.000,0.00,0.000,0.000,0.00,0.000,0.000,0.00,0.000,0.000,0.00,0.000,0.000,0.00,0.000,0.000,0.00,0.000,0.000,0.00,0.000,0.000,0.00,0.000,0.000,0.00,0.000,0.000,0.00,0.000,0.000,0.00,0.000,0.000,0.00,0.000,0.000,0.00,0.000,0.000,0.00,0.000,0.000,0.00,0.000,0.000,0.00
122.7719,0.000,0.000,0.00,0.77,0.00,0.000,0.000,0.00,0.000,0.000,0.00,0.000,0.000,0.00,0.000,0.000,0.00,0.000,0.000,0.00,0.000,0.000,0.00,0.000,0.000,0.00,0.000,0.000,0.00,0.000,0.000,0.00,0.000,0.000,0.00,0.000,0.000,0.00,0.000,0.000,0.00,0.000,0.000,0.00,0.000,0.000,0.00,0.000,0.000,0.00,0.000,0.000,0.00,0.000,0.000,0.00,0.000,0.000,0.00,0.000,0.000,0.00,0.000,0.000,0.00,0.000,0.000,0.00,0.000,0.000,0.00,0.000,0.000,0.00,0.000,0.000,0.00,0.000,0.000,0.00,0.000,0.000,0.00,0.000,0.000,0.00,0.000,0.000,0.00,0.000,0.000,0.00,0.000,0.000,0.00
122.8737,0.000,0.000,0.00,0.92,0.00,0.000,0.000,0.00,0.000,0.000,0.00,0.000,0.000,0.00,0.000,0.000,0.00,0.000,0.000,0.00,0.000,0.000,0.00,0.000,0.000,0.00,0.000,0.000,0.00,0.000,0.000,0.00,0.000,0.000,0.00,0.000,0.000,0.00,0.000,0.000,0.00,0.000,0.000,0.00,0.000,0.000,0.00,0.000,0.000,0.00,0.000,0.000,0.00,0.000,0.000,0.00,0.000,0.000,0.00,0.000,0.000,0.00,0.000,0.000,0.00,0.000,0.000,0.00,0.000,0.000,0.00,0.000,0.000,0.00,0.000,0.000,0.00,0.000,0.000,0.00,0.000,0.000,0.00,0.000,0.000,0.00,0.000,0.000,0.00,0.000,0.000,0.00,0.000,0.000,0.00
122.9756,0.000,0.241,0.00,0.84,0.00,0.000,0.000,0.00,0.000,0.000,0.00,0.000,0.000,0.00,0.000,0.000,0.00,0.000,0.000,0.00,0.000,0.000,0.00,0.000,0.000,0.00,0.000,0.000,0.00,0.000,0.000,0.00,0.000,0.000,0.00,0.000,0.000,0.00,0.000,0.000,0.00,0.000,0.000,0.00,0.000,0.000,0.00,0.000,0.000,0.00,0.000,0.000,0.00,0.000,0.000,0.00,0.000,0.000,0.00,0.000,0.000,0.00,0.000,0.000,0.00,0.000,0.000,0.00,0.000,0.000,0.00,0.000,0.241,0.00,0.000,0.000,0.00,0.000,0.000,0.00,0.000,0.000,0.00,0.000,0.000,0.00,0.000,0.000,0.00,0.000,0.000,0.00,0.000,0.000,0.00
123.0784,0.000,0.000,0.00,90.16,0.00,0.000,0.000,0.00,0.000,0.000,0.00,0.000,0.000,0.00,0.000,0.000,0.00,0.000,0.000,0.00,0.000,0.000,0.00,0.000,0.000,0.00,0.000,0.000,0.00,0.000,0.000,0.00,0.000,0.000,0.00,0.000,0.000,0.00,0.000,0.000,0.00,0.000,0.000,0.00,0.000,0.000,0.00,0.000,0.000,0.00,0.000,0.000,0.00,0.000,0.000,0.00,0.000,0.000,0.00,0.000,0.000,0.00,0.000,0.000,0.00,0.000,0.000,0.00,0.000,0.000,0.00,0.000,0.000,0.00,0.000,0.000,0.00,0.000,0.000,0.00,0.000,0.000,0.00,0.000,0.000,0.00,0.000,0.000,0.00,0.000,0.000,0.00,0.000,0.000,0.00
123.1894,0.000,0.000,0.00,95.93,0.00,0.000,0.000,0.00,0.000,0.000,0.00,0.000,0.000,0.00,0.000,0.000,0.00,0.000,0.000,0.00,0.000,0.000,0.00,0.000,0.000,0.00,0.000,0.000,0.00,0.000,0.000,0.00,0.000,0.000,0.00,0.000,0.000,0.00,0.000,0.000,0.00,0.000,0.000,0.00,0.000,0.000,0.00,0.000,0.000,0.00,0.000,0.000,0.00,0.000,0.000,0.00,0.000,0.000,0.00,0.000,0.000,0.00,0.000,0.000,0.00,0.000,0.000,0.00,0.000,0.000,0.00,0.000,0.000,0.00,0.000,0.000,0.00,0.000,0.000,0.00,0.000,0.000,0.00,0.000,0.000,0.00,0.000,0.000,0.00,0.000,0.000,0.00,0.000,0.000,0.00
123.3115,0.000,0.000,0.00,96.84,0.00,0.000,0.000,0.00,0.000,0.000,0.00,0.000,0.000,0.00,0.000,0.000,0.00,0.000,0.000,0.00,0.000,0.000,0.00,0.000,0.000,0.00,0.000,0.000,0.00,0.000,0.000,0.00,0.000,0.000,0.00,0.000,0.000,0.00,0.000,0.000,0.00,0.000,0.000,0.00,0.000,0.000,0.00,0.000,0.000,0.00,0.000,0.000,0.00,0.000,0.000,0.00,0.000,0.000,0.00,0.000,0.000,0.00,0.000,0.000,0.00,0.000,0.000,0.00,0.000,0.000,0.00,0.000,0.000,0.00,0.000,0.000,0.00,0.000,0.000,0.00,0.000,0.000,0.00,0.000,0.000,0.00,0.000,0.000,0.00,0.000,0.000,0.00,0.000,0.000,0.00
123.4275,0.000,0.349,0.03,97.98,0.00,0.000,0.349,0.86,0.000,0.000,0.00,0.000,0.000,0.00,0.000,0.000,0.00,0.000,0.000,0.00,0.000,0.000,0.00,0.000,0.000,0.00,0.000,0.000,0.00,0.000,0.000,0.00,0.000,0.000,0.00,0.000,0.000,0.00,0.000,0.000,0.00,0.000,0.000,0.00,0.000,0.000,0.00,0.000,0.000,0.00,0.000,0.000,0.00,0.000,0.000,0.00,0.000,0.000,0.00,0.000,0.000,0.00,0.000,0.000,0.00,0.000,0.000,0.00,0.000,0.000,0.00,0.000,0.000,0.00,0.000,0.000,0.00,0.000,0.000,0.00,0.000,0.000,0.00,0.000,0.000,0.00,0.000,0.000,0.00,0.000,0.000,0.00,0.000,0.000,0.00
123.5469,0.000,0.000,0.00,98.42,0.00,0.000,0.000,0.00,0.000,0.000,0.00,0.000,0.000,0.00,0.000,0.000,0.00,0.000,0.000,0.00,0.000,0.000,0.00,0.000,0.000,0.00,0.000,0.000,0.00,0.000,0.000,0.00,0.000,0.000,0.00,0.000,0.000,0.00,0.000,0.000,0.00,0.000,0.000,0.00,0.000,0.000,0.00,0.000,0.000,0.00,0.000,0.000,0.00,0.000,0.000,0.00,0.000,0.000,0.00,0.000,0.000,0.00,0.000,0.000,0.00,0.000,0.000,0.00,0.000,0.000,0.00,0.000,0.000,0.00,0.000,0.000,0.00,0.000,0.000,0.00,0.000,0.000,0.00,0.000,0.000,0.00,0.000,0.000,0.00,0.000,0.000,0.00,0.000,0.000,0.00
123.6624,0.000,0.000,0.00,98.45,0.00,0.000,0.000,0.00,0.000,0.000,0.00,0.000,0.000,0.00,0.000,0.000,0.00,0.000,0.000,0.00,0.000,0.000,0.00,0.000,0.000,0.00,0.000,0.000,0.00,0.000,0.000,0.00,0.000,0.000,0.00,0.000,0.000,0.00,0.000,0.000,0.00,0.000,0.000,0.00,0.000,0.000,0.00,0.000,0.000,0.00,0.000,0.000,0.00,0.000,0.000,0.00,0.000,0.000,0.00,0.000,0.000,0.00,0.000,0.000,0.00,0.000,0.000,0.00,0.000,0.000,0.00,0.000,0.000,0.00,0.000,0.000,0.00,0.000,0.000,0.00,0.000,0.000,0.00,0.000,0.000,0.00,0.000,0.000,0.00,0.000,0.000,0.00,0.000,0.000,0.00
123.7828,0.000,0.000,0.00,68.01,0.00,0.000,0.000,0.00,0.000,0.000,0.00,0.000,0.000,0.00,0.000,0.000,0.00,0.000,0.000,0.00,0.000,0.000,0.00,0.000,0.000,0.00,0.000,0.000,0.00,0.000,0.000,0.00,0.000,0.000,0.00,0.000,0.000,0.00,0.000,0.000,0.00,0.000,0.000,0.00,0.000,0.000,0.00,0.000,0.000,0.00,0.000,0.000,0.00,0.000,0.000,0.00,0.000,0.000,0.00,0.000,0.000,0.00,0.000,0.000,0.00,0.000,0.000,0.00,0.000,0.000,0.00,0.000,0.000,0.00,0.000,0.000,0.00,0.000,0.000,0.00,0.000,0.000,0.00,0.000,0.000,0.00,0.000,0.000,0.00,0.000,0.000,0.00,0.000,0.000,0.00
123.8847,0.000,0.000,0.00,0.84,0.00,0.000,0.000,0.00,0.000,0.000,0.00,0.000,0.000,0.00,0.000,0.000,0.00,0.000,0.000,0.00,0.000,0.000,0.00,0.000,0.000,0.00,0.000,0.000,0.00,0.000,0.000,0.00,0.000,0.000,0.00,0.000,0.000,0.00,0.000,0.000,0.00,0.000,0.000,0.00,0.000,0.000,0.00,0.000,0.000,0.00,0.000,0.000,0.00,0.000,0.000,0.00,0.000,0.000,0.00,0.000,0.000,0.00,0.000,0.000,0.00,0.000,0.000,0.00,0.000,0.000,0.00,0.000,0.000,0.00,0.000,0.000,0.00,0.000,0.000,0.00,0.000,0.000,0.00,0.000,0.000,0.00,0.000,0.000,0.00,0.000,0.000,0.00,0.000,0.000,0.00
123.9865,0.000,0.000,0.00,0.84,0.00,0.000,0.000,0.00,0.000,0.000,0.00,0.000,0.000,0.00,0.000,0.000,0.00,0.000,0.000,0.00,0.000,0.000,0.00,0.000,0.000,0.00,0.000,0.000,0.00,0.000,0.000,0.00,0.000,0.000,0.00,0.000,0.000,0.00,0.000,0.000,0.00,0.000,0.000,0.00,0.000,0.000,0.00,0.000,0.000,0.00,0.000,0.000,0.00,0.000,0.000,0.00,0.000,0.000,0.00,0.000,0.000,0.00,0.000,0.000,0.00,0.000,0.000,0.00,0.000,0.000,0.00,0.000,0.000,0.00,0.000,0.000,0.00,0.000,0.000,0.00,0.000,0.000,0.00,0.000,0.000,0.00,0.000,0.000,0.00,0.000,0.000,0.00,0.000,0.000,0.00
124.0883,0.000,0.000,0.00,0.77,0.00,0.000,0.000,0.00,0.000,0.000,0.00,0.000,0.000,0.00,0.000,0.000,0.00,0.000,0.000,0.00,0.000,0.000,0.00,0.000,0.000,0.00,0.000,0.000,0.00,0.000,0.000,0.00,0.000,0.000,0.00,0.000,0.000,0.00,0.000,0.000,0.00,0.000,0.000,0.00,0.000,0.000,0.00,0.000,0.000,0.00,0.000,0.000,0.00,0.000,0.000,0.00,0.000,0.000,0.00,0.000,0.000,0.00,0.000,0.000,0.00,0.000,0.000,0.00,0.000,0.000,0.00,0.000,0.000,0.00,0.000,0.000,0.00,0.000,0.000,0.00,0.000,0.000,0.00,0.000,0.000,0.00,0.000,0.000,0.00,0.000,0.000,0.00,0.000,0.000,0.00
124.1900,0.000,0.000,0.00,0.77,0.00,0.000,0.000,0.00,0.000,0.000,0.00,0.000,0.000,0.00,0.000,0.000,0.00,0.000,0.000,0.00,0.000,0.000,0.00,0.000,0.000,0.00,0.000,0.000,0.00,0.000,0.000,0.00,0.000,0.000,0.00,0.000,0.000,0.00,0.000,0.000,0.00,0.000,0.000,0.00,0.000,0.000,0.00,0.000,0.000,0.00,0.000,0.000,0.00,0.000,0.000,0.00,0.000,0.000,0.00,0.000,0.000,0.00,0.000,0.000,0.00,0.000,0.000,0.00,0.000,0.000,0.00,0.000,0.000,0.00,0.000,0.000,0.00,0.000,0.000,0.00,0.000,0.000,0.00,0.000,0.000,0.00,0.000,0.000,0.00,0.000,0.000,0.00,0.000,0.000,0.00
124.2918,0.000,0.000,0.00,1.00,0.00,0.000,0.000,0.00,0.000,0.000,0.00,0.000,0.000,0.00,0.000,0.000,0.00,0.000,0.000,0.00,0.000,0.000,0.00,0.000,0.000,0.00,0.000,0.000,0.00,0.000,0.000,0.00,0.000,0.000,0.00,0.000,0.000,0.00,0.000,0.000,0.00,0.000,0.000,0.00,0.000,0.000,0.00,0.000,0.000,0.00,0.000,0.000,0.00,0.000,0.000,0.00,0.000,0.000,0.00,0.000,0.000,0.00,0.000,0.000,0.00,0.000,0.000,0.00,0.000,0.000,0.00,0.000,0.000,0.00,0.000,0.000,0.00,0.000,0.000,0.00,0.000,0.000,0.00,0.000,0.000,0.00,0.000,0.000,0.00,0.000,0.000,0.00,0.000,0.000,0.00
124.3936,0.000,0.000,0.00,0.77,0.00,0.000,0.000,0.00,0.000,0.000,0.00,0.000,0.000,0.00,0.000,0.000,0.00,0.000,0.000,0.00,0.000,0.000,0.00,0.000,0.000,0.00,0.000,0.000,0.00,0.000,0.000,0.00,0.000,0.000,0.00,0.000,0.000,0.00,0.000,0.000,0.00,0.000,0.000,0.00,0.000,0.000,0.00,0.000,0.000,0.00,0.000,0.000,0.00,0.000,0.000,0.00,0.000,0.000,0.00,0.000,0.000,0.00,0.000,0.000,0.00,0.000,0.000,0.00,0.000,0.000,0.00,0.000,0.000,0.00,0.000,0.000,0.00,0.000,0.000,0.00,0.000,0.000,0.00,0.000,0.000,0.00,0.000,0.000,0.00,0.000,0.000,0.00,0.000,0.000,0.00
124.4954,0.000,0.000,0.00,0.92,0.00,0.000,0.000,0.00,0.000,0.000,0.00,0.000,0.000,0.00,0.000,0.000,0.00,0.000,0.000,0.00,0.000,0.000,0.00,0.000,0.000,0.00,0.000,0.000,0.00,0.000,0.000,0.00,0.000,0.000,0.00,0.000,0.000,0.00,0.000,0.000,0.00,0.000,0.000,0.00,0.000,0.000,0.00,0.000,0.000,0.00,0.000,0.000,0.00,0.000,0.000,0.00,0.000,0.000,0.00,0.000,0.000,0.00,0.000,0.000,0.00,0.000,0.000,0.00,0.000,0.000,0.00,0.000,0.000,0.00,0.000,0.000,0.00,0.000,0.000,0.00,0.000,0.000,0.00,0.000,0.000,0.00,0.000,0.000,0.00,0.000,0.000,0.00,0.000,0.000,0.00
124.5973,0.000,0.000,0.00,0.69,0.00,0.000,0.000,0.00,0.000,0.000,0.00,0.000,0.000,0.00,0.000,0.000,0.00,0.000,0.000,0.00,0.000,0.000,0.00,0.000,0.000,0.00,0.000,0.000,0.00,0.000,0.000,0.00,0.000,0.000,0.00,0.000,0.000,0.00,0.000,0.000,0.00,0.000,0.000,0.00,0.000,0.000,0.00,0.000,0.000,0.00,0.000,0.000,0.00,0.000,0.000,0.00,0.000,0.000,0.00,0.000,0.000,0.00,0.000,0.000,0.00,0.000,0.000,0.00,0.000,0.000,0.00,0.000,0.000,0.00,0.000,0.000,0.00,0.000,0.000,0.00,0.000,0.000,0.00,0.000,0.000,0.00,0.000,0.000,0.00,0.000,0.000,0.00,0.000,0.000,0.00
124.6992,0.000,0.000,0.00,1.07,0.00,0.000,0.000,0.00,0.000,0.000,0.00,0.000,0.000,0.00,0.000,0.000,0.00,0.000,0.000,0.00,0.000,0.000,0.00,0.000,0.000,0.00,0.000,0.000,0.00,0.000,0.000,0.00,0.000,0.000,0.00,0.000,0.000,0.00,0.000,0.000,0.00,0.000,0.000,0.00,0.000,0.000,0.00,0.000,0.000,0.00,0.000,0.000,0.00,0.000,0.000,0.00,0.000,0.000,0.00,0.000,0.000,0.00,0.000,0.000,0.00,0.000,0.000,0.00,0.000,0.000,0.00,0.000,0.000,0.00,0.000,0.000,0.00,0.000,0.000,0.00,0.000,0.000,0.00,0.000,0.000,0.00,0.000,0.000,0.00,0.000,0.000,0.00,0.000,0.000,0.00
124.8011,0.000,0.000,0.00,0.77,0.00,0.000,0.000,0.00,0.000,0.000,0.00,0.000,0.000,0.00,0.000,0.000,0.00,0.000,0.000,0.00,0.000,0.000,0.00,0.000,0.000,0.00,0.000,0.000,0.00,0.000,0.000,0.00,0.000,0.000,0.00,0.000,0.000,0.00,0.000,0.000,0.00,0.000,0.000,0.00,0.000,0.000,0.00,0.000,0.000,0.00,0.000,0.000,0.00,0.000,0.000,0.00,0.000,0.000,0.00,0.000,0.000,0.00,0.000,0.000,0.00,0.000,0.000,0.00,0.000,0.000,0.00,0.000,0.000,0.00,0.000,0.000,0.00,0.000,0.000,0.00,0.000,0.000,0.00,0.000,0.000,0.00,0.000,0.000,0.00,0.000,0.000,0.00,0.000,0.000,0.00
124.9029,0.000,0.000,0.00,0.77,0.00,0.000,0.000,0.00,0.000,0.000,0.00,0.000,0.000,0.00,0.000,0.000,0.00,0.000,0.000,0.00,0.000,0.000,0.00,0.000,0.000,0.00,0.000,0.000,0.00,0.000,0.000,0.00,0.000,0.000,0.00,0.000,0.000,0.00,0.000,0.000,0.00,0.000,0.000,0.00,0.000,0.000,0.00,0.000,0.000,0.00,0.000,0.000,0.00,0.000,0.000,0.00,0.000,0.000,0.00,0.000,0.000,0.00,0.000,0.000,0.00,0.000,0.000,0.00,0.000,0.000,0.00,0.000,0.000,0.00,0.000,0.000,0.00,0.000,0.000,0.00,0.000,0.000,0.00,0.000,0.000,0.00,0.000,0.000,0.00,0.000,0.000,0.00,0.000,0.000,0.00
125.0046,0.000,0.000,0.00,0.77,0.00,0.000,0.000,0.00,0.000,0.000,0.00,0.000,0.000,0.00,0.000,0.000,0.00,0.000,0.000,0.00,0.000,0.000,0.00,0.000,0.000,0.00,0.000,0.000,0.00,0.000,0.000,0.00,0.000,0.000,0.00,0.000,0.000,0.00,0.000,0.000,0.00,0.000,0.000,0.00,0.000,0.000,0.00,0.000,0.000,0.00,0.000,0.000,0.00,0.000,0.000,0.00,0.000,0.000,0.00,0.000,0.000,0.00,0.000,0.000,0.00,0.000,0.000,0.00,0.000,0.000,0.00,0.000,0.000,0.00,0.000,0.000,0.00,0.000,0.000,0.00,0.000,0.000,0.00,0.000,0.000,0.00,0.000,0.000,0.00,0.000,0.000,0.00,0.000,0.000,0.00
125.1063,0.000,0.000,0.00,0.84,0.00,0.000,0.000,0.00,0.000,0.000,0.00,0.000,0.000,0.00,0.000,0.000,0.00,0.000,0.000,0.00,0.000,0.000,0.00,0.000,0.000,0.00,0.000,0.000,0.00,0.000,0.000,0.00,0.000,0.000,0.00,0.000,0.000,0.00,0.000,0.000,0.00,0.000,0.000,0.00,0.000,0.000,0.00,0.000,0.000,0.00,0.000,0.000,0.00,0.000,0.000,0.00,0.000,0.000,0.00,0.000,0.000,0.00,0.000,0.000,0.00,0.000,0.000,0.00,0.000,0.000,0.00,0.000,0.000,0.00,0.000,0.000,0.00,0.000,0.000,0.00,0.000,0.000,0.00,0.000,0.000,0.00,0.000,0.000,0.00,0.000,0.000,0.00,0.000,0.000,0.00
125.2081,0.000,0.000,0.00,0.77,0.00,0.000,0.000,0.00,0.000,0.000,0.00,0.000,0.000,0.00,0.000,0.000,0.00,0.000,0.000,0.00,0.000,0.000,0.00,0.000,0.000,0.00,0.000,0.000,0.00,0.000,0.000,0.00,0.000,0.000,0.00,0.000,0.000,0.00,0.000,0.000,0.00,0.000,0.000,0.00,0.000,0.000,0.00,0.000,0.000,0.00,0.000,0.000,0.00,0.000,0.000,0.00,0.000,0.000,0.00,0.000,0.000,0.00,0.000,0.000,0.00,0.000,0.000,0.00,0.000,0.000,0.00,0.000,0.000,0.00,0.000,0.000,0.00,0.000,0.000,0.00,0.000,0.000,0.00,0.000,0.000,0.00,0.000,0.000,0.00,0.000,0.000,0.00,0.000,0.000,0.00
125.3098,0.000,0.000,0.00,0.84,0.00,0.000,0.000,0.00,0.000,0.000,0.00,0.000,0.000,0.00,0.000,0.000,0.00,0.000,0.000,0.00,0.000,0.000,0.00,0.000,0.000,0.00,0.000,0.000,0.00,0.000,0.000,0.00,0.000,0.000,0.00,0.000,0.000,0.00,0.000,0.000,0.00,0.000,0.000,0.00,0.000,0.000,0.00,0.000,0.000,0.00,0.000,0.000,0.00,0.000,0.000,0.00,0.000,0.000,0.00,0.000,0.000,0.00,0.000,0.000,0.00,0.000,0.000,0.00,0.000,0.000,0.00,0.000,0.000,0.00,0.000,0.000,0.00,0.000,0.000,0.00,0.000,0.000,0.00,0.000,0.000,0.00,0.000,0.000,0.00,0.000,0.000,0.00,0.000,0.000,0.00
125.4116,0.000,0.000,0.00,0.84,0.00,0.000,0.000,0.00,0.000,0.000,0.00,0.000,0.000,0.00,0.000,0.000,0.00,0.000,0.000,0.00,0.000,0.000,0.00,0.000,0.000,0.00,0.000,0.000,0.00,0.000,0.000,0.00,0.000,0.000,0.00,0.000,0.000,0.00,0.000,0.000,0.00,0.000,0.000,0.00,0.000,0.000,0.00,0.000,0.000,0.00,0.000,0.000,0.00,0.000,0.000,0.00,0.000,0.000,0.00,0.000,0.000,0.00,0.000,0.000,0.00,0.000,0.000,0.00,0.000,0.000,0.00,0.000,0.000,0.00,0.000,0.000,0.00,0.000,0.000,0.00,0.000,0.000,0.00,0.000,0.000,0.00,0.000,0.000,0.00,0.000,0.000,0.00,0.000,0.000,0.00
125.5134,0.000,0.402,0.10,9.18,0.00,0.000,0.000,0.00,0.000,0.000,0.00,0.000,0.000,0.00,0.000,0.000,0.00,0.000,0.000,0.00,0.000,0.000,0.00,0.000,0.000,0.00,0.000,0.000,0.00,0.000,0.000,0.00,0.000,0.000,0.00,0.000,0.402,2.95,0.000,0.000,0.00,0.000,0.000,0.00,0.000,0.000,0.00,0.000,0.000,0.00,0.000,0.000,0.00,0.000,0.000,0.00,0.000,0.000,0.00,0.000,0.000,0.00,0.000,0.000,0.00,0.000,0.000,0.00,0.000,0.000,0.00,0.000,0.000,0.00,0.000,0.000,0.00,0.000,0.000,0.00,0.000,0.000,0.00,0.000,0.000,0.00,0.000,0.000,0.00,0.000,0.000,0.00,0.000,0.000,0.00
125.6152,0.000,0.000,0.00,2.07,0.00,0.000,0.000,0.00,0.000,0.000,0.00,0.000,0.000,0.00,0.000,0.000,0.00,0.000,0.000,0.00,0.000,0.000,0.00,0.000,0.000,0.00,0.000,0.000,0.00,0.000,0.000,0.00,0.000,0.000,0.00,0.000,0.000,0.00,0.000,0.000,0.00,0.000,0.000,0.00,0.000,0.000,0.00,0.000,0.000,0.00,0.000,0.000,0.00,0.000,0.000,0.00,0.000,0.000,0.00,0.000,0.000,0.00,0.000,0.000,0.00,0.000,0.000,0.00,0.000,0.000,0.00,0.000,0.000,0.00,0.000,0.000,0.00,0.000,0.000,0.00,0.000,0.000,0.00,0.000,0.000,0.00,0.000,0.000,0.00,0.000,0.000,0.00,0.000,0.000,0.00
125.7170,0.000,0.000,0.00,1.08,0.00,0.000,0.000,0.00,0.000,0.000,0.00,0.000,0.000,0.00,0.000,0.000,0.00,0.000,0.000,0.00,0.000,0.000,0.00,0.000,0.000,0.00,0.000,0.000,0.00,0.000,0.000,0.00,0.000,0.000,0.00,0.000,0.000,0.00,0.000,0.000,0.00,0.000,0.000,0.00,0.000,0.000,0.00,0.000,0.000,0.00,0.000,0.000,0.00,0.000,0.000,0.00,0.000,0.000,0.00,0.000,0.000,0.00,0.000,0.000,0.00,0.000,0.000,0.00,0.000,0.000,0.00,0.000,0.000,0.00,0.000,0.000,0.00,0.000,0.000,0.00,0.000,0.000,0.00,0.000,0.000,0.00,0.000,0.000,0.00,0.000,0.000,0.00,0.000,0.000,0.00
125.8188,0.000,0.000,0.00,1.46,0.00,0.000,0.000,0.00,0.000,0.000,0.00,0.000,0.000,0.00,0.000,0.000,0.00,0.000,0.000,0.00,0.000,0.000,0.00,0.000,0.000,0.00,0.000,0.000,0.00,0.000,0.000,0.00,0.000,0.000,0.00,0.000,0.000,0.00,0.000,0.000,0.00,0.000,0.000,0.00,0.000,0.000,0.00,0.000,0.000,0.00,0.000,0.000,0.00,0.000,0.000,0.00,0.000,0.000,0.00,0.000,0.000,0.00,0.000,0.000,0.00,0.000,0.000,0.00,0.000,0.000,0.00,0.000,0.000,0.00,0.000,0.000,0.00,0.000,0.000,0.00,0.000,0.000,0.00,0.000,0.000,0.00,0.000,0.000,0.00,0.000,0.000,0.00,0.000,0.000,0.00
125.9206,0.000,0.000,0.00,0.92,0.00,0.000,0.000,0.00,0.000,0.000,0.00,0.000,0.000,0.00,0.000,0.000,0.00,0.000,0.000,0.00,0.000,0.000,0.00,0.000,0.000,0.00,0.000,0.000,0.00,0.000,0.000,0.00,0.000,0.000,0.00,0.000,0.000,0.00,0.000,0.000,0.00,0.000,0.000,0.00,0.000,0.000,0.00,0.000,0.000,0.00,0.000,0.000,0.00,0.000,0.000,0.00,0.000,0.000,0.00,0.000,0.000,0.00,0.000,0.000,0.00,0.000,0.000,0.00,0.000,0.000,0.00,0.000,0.000,0.00,0.000,0.000,0.00,0.000,0.000,0.00,0.000,0.000,0.00,0.000,0.000,0.00,0.000,0.000,0.00,0.000,0.000,0.00,0.000,0.000,0.00
126.0225,0.000,0.000,0.00,1.61,0.00,0.000,0.000,0.00,0.000,0.000,0.00,0.000,0.000,0.00,0.000,0.000,0.00,0.000,0.000,0.00,0.000,0.000,0.00,0.000,0.000,0.00,0.000,0.000,0.00,0.000,0.000,0.00,0.000,0.000,0.00,0.000,0.000,0.00,0.000,0.000,0.00,0.000,0.000,0.00,0.000,0.000,0.00,0.000,0.000,0.00,0.000,0.000,0.00,0.000,0.000,0.00,0.000,0.000,0.00,0.000,0.000,0.00,0.000,0.000,0.00,0.000,0.000,0.00,0.000,0.000,0.00,0.000,0.000,0.00,0.000,0.000,0.00,0.000,0.000,0.00,0.000,0.000,0.00,0.000,0.000,0.00,0.000,0.000,0.00,0.000,0.000,0.00,0.000,0.000,0.00
126.1242,0.000,0.000,0.00,1.00,0.00,0.000,0.000,0.00,0.000,0.000,0.00,0.000,0.000,0.00,0.000,0.000,0.00,0.000,0.000,0.00,0.000,0.000,0.00,0.000,0.000,0.00,0.000,0.000,0.00,0.000,0.000,0.00,0.000,0.000,0.00,0.000,0.000,0.00,0.000,0.000,0.00,0.000,0.000,0.00,0.000,0.000,0.00,0.000,0.000,0.00,0.000,0.000,0.00,0.000,0.000,0.00,0.000,0.000,0.00,0.000,0.000,0.00,0.000,0.000,0.00,0.000,0.000,0.00,0.000,0.000,0.00,0.000,0.000,0.00,0.000,0.000,0.00,0.000,0.000,0.00,0.000,0.000,0.00,0.000,0.000,0.00,0.000,0.000,0.00,0.000,0.000,0.00,0.000,0.000,0.00
126.2260,0.000,0.000,0.00,1.31,0.00,0.000,0.000,0.00,0.000,0.000,0.00,0.000,0.000,0.00,0.000,0.000,0.00,0.000,0.000,0.00,0.000,0.000,0.00,0.000,0.000,0.00,0.000,0.000,0.00,0.000,0.000,0.00,0.000,0.000,0.00,0.000,0.000,0.00,0.000,0.000,0.00,0.000,0.000,0.00,0.000,0.000,0.00,0.000,0.000,0.00,0.000,0.000,0.00,0.000,0.000,0.00,0.000,0.000,0.00,0.000,0.000,0.00,0.000,0.000,0.00,0.000,0.000,0.00,0.000,0.000,0.00,0.000,0.000,0.00,0.000,0.000,0.00,0.000,0.000,0.00,0.000,0.000,0.00,0.000,0.000,0.00,0.000,0.000,0.00,0.000,0.000,0.00,0.000,0.000,0.00
126.3277,0.000,0.000,0.00,1.23,0.00,0.000,0.000,0.00,0.000,0.000,0.00,0.000,0.000,0.00,0.000,0.000,0.00,0.000,0.000,0.00,0.000,0.000,0.00,0.000,0.000,0.00,0.000,0.000,0.00,0.000,0.000,0.00,0.000,0.000,0.00,0.000,0.000,0.00,0.000,0.000,0.00,0.000,0.000,0.00,0.000,0.000,0.00,0.000,0.000,0.00,0.000,0.000,0.00,0.000,0.000,0.00,0.000,0.000,0.00,0.000,0.000,0.00,0.000,0.000,0.00,0.000,0.000,0.00,0.000,0.000,0.00,0.000,0.000,0.00,0.000,0.000,0.00,0.000,0.000,0.00,0.000,0.000,0.00,0.000,0.000,0.00,0.000,0.000,0.00,0.000,0.000,0.00,0.000,0.000,0.00
126.4294,0.000,0.000,0.00,1.23,0.00,0.000,0.000,0.00,0.000,0.000,0.00,0.000,0.000,0.00,0.000,0.000,0.00,0.000,0.000,0.00,0.000,0.000,0.00,0.000,0.000,0.00,0.000,0.000,0.00,0.000,0.000,0.00,0.000,0.000,0.00,0.000,0.000,0.00,0.000,0.000,0.00,0.000,0.000,0.00,0.000,0.000,0.00,0.000,0.000,0.00,0.000,0.000,0.00,0.000,0.000,0.00,0.000,0.000,0.00,0.000,0.000,0.00,0.000,0.000,0.00,0.000,0.000,0.00,0.000,0.000,0.00,0.000,0.000,0.00,0.000,0.000,0.00,0.000,0.000,0.00,0.000,0.000,0.00,0.000,0.000,0.00,0.000,0.000,0.00,0.000,0.000,0.00,0.000,0.000,0.00
126.5312,0.000,0.000,0.00,1.61,0.00,0.000,0.000,0.00,0.000,0.000,0.00,0.000,0.000,0.00,0.000,0.000,0.00,0.000,0.000,0.00,0.000,0.000,0.00,0.000,0.000,0.00,0.000,0.000,0.00,0.000,0.000,0.00,0.000,0.000,0.00,0.000,0.000,0.00,0.000,0.000,0.00,0.000,0.000,0.00,0.000,0.000,0.00,0.000,0.000,0.00,0.000,0.000,0.00,0.000,0.000,0.00,0.000,0.000,0.00,0.000,0.000,0.00,0.000,0.000,0.00,0.000,0.000,0.00,0.000,0.000,0.00,0.000,0.000,0.00,0.000,0.000,0.00,0.000,0.000,0.00,0.000,0.000,0.00,0.000,0.000,0.00,0.000,0.000,0.00,0.000,0.000,0.00,0.000,0.000,0.00
126.6330,0.000,0.000,0.00,1.15,0.00,0.000,0.000,0.00,0.000,0.000,0.00,0.000,0.000,0.00,0.000,0.000,0.00,0.000,0.000,0.00,0.000,0.000,0.00,0.000,0.000,0.00,0.000,0.000,0.00,0.000,0.000,0.00,0.000,0.000,0.00,0.000,0.000,0.00,0.000,0.000,0.00,0.000,0.000,0.00,0.000,0.000,0.00,0.000,0.000,0.00,0.000,0.000,0.00,0.000,0.000,0.00,0.000,0.000,0.00,0.000,0.000,0.00,0.000,0.000,0.00,0.000,0.000,0.00,0.000,0.000,0.00,0.000,0.000,0.00,0.000,0.000,0.00,0.000,0.000,0.00,0.000,0.000,0.00,0.000,0.000,0.00,0.000,0.000,0.00,0.000,0.000,0.00,0.000,0.000,0.00
126.7348,0.000,0.000,0.00,1.69,0.00,0.000,0.000,0.00,0.000,0.000,0.00,0.000,0.000,0.00,0.000,0.000,0.00,0.000,0.000,0.00,0.000,0.000,0.00,0.000,0.000,0.00,0.000,0.000,0.00,0.000,0.000,0.00,0.000,0.000,0.00,0.000,0.000,0.00,0.000,0.000,0.00,0.000,0.000,0.00,0.000,0.000,0.00,0.000,0.000,0.00,0.000,0.000,0.00,0.000,0.000,0.00,0.000,0.000,0.00,0.000,0.000,0.00,0.000,0.000,0.00,0.000,0.000,0.00,0.000,0.000,0.00,0.000,0.000,0.00,0.000,0.000,0.00,0.000,0.000,0.00,0.000,0.000,0.00,0.000,0.000,0.00,0.000,0.000,0.00,0.000,0.000,0.00,0.000,0.000,0.00
126.8366,0.000,0.000,0.00,1.54,0.00,0.000,0.000,0.00,0.000,0.000,0.00,0.000,0.000,0.00,0.000,0.000,0.00,0.000,0.000,0.00,0.000,0.000,0.00,0.000,0.000,0.00,0.000,0.000,0.00,0.000,0.000,0.00,0.000,0.000,0.00,0.000,0.000,0.00,0.000,0.000,0.00,0.000,0.000,0.00,0.000,0.000,0.00,0.000,0.000,0.00,0.000,0.000,0.00,0.000,0.000,0.00,0.000,0.000,0.00,0.000,0.000,0.00,0.000,0.000,0.00,0.000,0.000,0.00,0.000,0.000,0.00,0.000,0.000,0.00,0.000,0.000,0.00,0.000,0.000,0.00,0.000,0.000,0.00,0.000,0.000,0.00,0.000,0.000,0.00,0.000,0.000,0.00,0.000,0.000,0.00
126.9384,0.000,0.000,0.00,1.76,0.00,0.000,0.000,0.00,0.000,0.000,0.00,0.000,0.000,0.00,0.000,0.000,0.00,0.000,0.000,0.00,0.000,0.000,0.00,0.000,0.000,0.00,0.000,0.000,0.00,0.000,0.000,0.00,0.000,0.000,0.00,0.000,0.000,0.00,0.000,0.000,0.00,0.000,0.000,0.00,0.000,0.000,0.00,0.000,0.000,0.00,0.000,0.000,0.00,0.000,0.000,0.00,0.000,0.000,0.00,0.000,0.000,0.00,0.000,0.000,0.00,0.000,0.000,0.00,0.000,0.000,0.00,0.000,0.000,0.00,0.000,0.000,0.00,0.000,0.000,0.00,0.000,0.000,0.00,0.000,0.000,0.00,0.000,0.000,0.00,0.000,0.000,0.00,0.000,0.000,0.00
127.0401,0.000,0.000,0.00,1.68,0.00,0.000,0.000,0.00,0.000,0.000,0.00,0.000,0.000,0.00,0.000,0.000,0.00,0.000,0.000,0.00,0.000,0.000,0.00,0.000,0.000,0.00,0.000,0.000,0.00,0.000,0.000,0.00,0.000,0.000,0.00,0.000,0.000,0.00,0.000,0.000,0.00,0.000,0.000,0.00,0.000,0.000,0.00,0.000,0.000,0.00,0.000,0.000,0.00,0.000,0.000,0.00,0.000,0.000,0.00,0.000,0.000,0.00,0.000,0.000,0.00,0.000,0.000,0.00,0.000,0.000,0.00,0.000,0.000,0.00,0.000,0.000,0.00,0.000,0.000,0.00,0.000,0.000,0.00,0.000,0.000,0.00,0.000,0.000,0.00,0.000,0.000,0.00,0.000,0.000,0.00
127.1422,0.000,0.000,0.00,1.69,0.00,0.000,0.000,0.00,0.000,0.000,0.00,0.000,0.000,0.00,0.000,0.000,0.00,0.000,0.000,0.00,0.000,0.000,0.00,0.000,0.000,0.00,0.000,0.000,0.00,0.000,0.000,0.00,0.000,0.000,0.00,0.000,0.000,0.00,0.000,0.000,0.00,0.000,0.000,0.00,0.000,0.000,0.00,0.000,0.000,0.00,0.000,0.000,0.00,0.000,0.000,0.00,0.000,0.000,0.00,0.000,0.000,0.00,0.000,0.000,0.00,0.000,0.000,0.00,0.000,0.000,0.00,0.000,0.000,0.00,0.000,0.000,0.00,0.000,0.000,0.00,0.000,0.000,0.00,0.000,0.000,0.00,0.000,0.000,0.00,0.000,0.000,0.00,0.000,0.000,0.00
127.2439,0.000,0.000,0.00,1.46,0.00,0.000,0.000,0.00,0.000,0.000,0.00,0.000,0.000,0.00,0.000,0.000,0.00,0.000,0.000,0.00,0.000,0.000,0.00,0.000,0.000,0.00,0.000,0.000,0.00,0.000,0.000,0.00,0.000,0.000,0.00,0.000,0.000,0.00,0.000,0.000,0.00,0.000,0.000,0.00,0.000,0.000,0.00,0.000,0.000,0.00,0.000,0.000,0.00,0.000,0.000,0.00,0.000,0.000,0.00,0.000,0.000,0.00,0.000,0.000,0.00,0.000,0.000,0.00,0.000,0.000,0.00,0.000,0.000,0.00,0.000,0.000,0.00,0.000,0.000,0.00,0.000,0.000,0.00,0.000,0.000,0.00,0.000,0.000,0.00,0.000,0.000,0.00,0.000,0.000,0.00
127.3457,0.000,0.000,0.00,1.84,0.00,0.000,0.000,0.00,0.000,0.000,0.00,0.000,0.000,0.00,0.000,0.000,0.00,0.000,0.000,0.00,0.000,0.000,0.00,0.000,0.000,0.00,0.000,0.000,0.00,0.000,0.000,0.00,0.000,0.000,0.00,0.000,0.000,0.00,0.000,0.000,0.00,0.000,0.000,0.00,0.000,0.000,0.00,0.000,0.000,0.00,0.000,0.000,0.00,0.000,0.000,0.00,0.000,0.000,0.00,0.000,0.000,0.00,0.000,0.000,0.00,0.000,0.000,0.00,0.000,0.000,0.00,0.000,0.000,0.00,0.000,0.000,0.00,0.000,0.000,0.00,0.000,0.000,0.00,0.000,0.000,0.00,0.000,0.000,0.00,0.000,0.000,0.00,0.000,0.000,0.00
127.4476,0.000,0.000,0.00,1.69,0.00,0.000,0.000,0.00,0.000,0.000,0.00,0.000,0.000,0.00,0.000,0.000,0.00,0.000,0.000,0.00,0.000,0.000,0.00,0.000,0.000,0.00,0.000,0.000,0.00,0.000,0.000,0.00,0.000,0.000,0.00,0.000,0.000,0.00,0.000,0.000,0.00,0.000,0.000,0.00,0.000,0.000,0.00,0.000,0.000,0.00,0.000,0.000,0.00,0.000,0.000,0.00,0.000,0.000,0.00,0.000,0.000,0.00,0.000,0.000,0.00,0.000,0.000,0.00,0.000,0.000,0.00,0.000,0.000,0.00,0.000,0.000,0.00,0.000,0.000,0.00,0.000,0.000,0.00,0.000,0.000,0.00,0.000,0.000,0.00,0.000,0.000,0.00,0.000,0.000,0.00
127.5500,0.000,0.000,0.00,2.67,0.00,0.000,0.000,0.00,0.000,0.000,0.00,0.000,0.000,0.00,0.000,0.000,0.00,0.000,0.000,0.00,0.000,0.000,0.00,0.000,0.000,0.00,0.000,0.000,0.00,0.000,0.000,0.00,0.000,0.000,0.00,0.000,0.000,0.00,0.000,0.000,0.00,0.000,0.000,0.00,0.000,0.000,0.00,0.000,0.000,0.00,0.000,0.000,0.00,0.000,0.000,0.00,0.000,0.000,0.00,0.000,0.000,0.00,0.000,0.000,0.00,0.000,0.000,0.00,0.000,0.000,0.00,0.000,0.000,0.00,0.000,0.000,0.00,0.000,0.000,0.00,0.000,0.000,0.00,0.000,0.000,0.00,0.000,0.000,0.00,0.000,0.000,0.00,0.000,0.000,0.00
127.6518,0.000,0.000,0.00,3.22,0.00,0.000,0.000,0.00,0.000,0.000,0.00,0.000,0.000,0.00,0.000,0.000,0.00,0.000,0.000,0.00,0.000,0.000,0.00,0.000,0.000,0.00,0.000,0.000,0.00,0.000,0.000,0.00,0.000,0.000,0.00,0.000,0.000,0.00,0.000,0.000,0.00,0.000,0.000,0.00,0.000,0.000,0.00,0.000,0.000,0.00,0.000,0.000,0.00,0.000,0.000,0.00,0.000,0.000,0.00,0.000,0.000,0.00,0.000,0.000,0.00,0.000,0.000,0.00,0.000,0.000,0.00,0.000,0.000,0.00,0.000,0.000,0.00,0.000,0.000,0.00,0.000,0.000,0.00,0.000,0.000,0.00,0.000,0.000,0.00,0.000,0.000,0.00,0.000,0.000,0.00
127.7537,0.000,0.000,0.00,3.60,0.00,0.000,0.000,0.00,0.000,0.000,0.00,0.000,0.000,0.00,0.000,0.000,0.00,0.000,0.000,0.00,0.000,0.000,0.00,0.000,0.000,0.00,0.000,0.000,0.00,0.000,0.000,0.00,0.000,0.000,0.00,0.000,0.000,0.00,0.000,0.000,0.00,0.000,0.000,0.00,0.000,0.000,0.00,0.000,0.000,0.00,0.000,0.000,0.00,0.000,0.000,0.00,0.000,0.000,0.00,0.000,0.000,0.00,0.000,0.000,0.00,0.000,0.000,0.00,0.000,0.000,0.00,0.000,0.000,0.00,0.000,0.000,0.00,0.000,0.000,0.00,0.000,0.000,0.00,0.000,0.000,0.00,0.000,0.000,0.00,0.000,0.000,0.00,0.000,0.000,0.00
127.8555,0.000,0.000,0.00,1.46,0.00,0.000,0.000,0.00,0.000,0.000,0.00,0.000,0.000,0.00,0.000,0.000,0.00,0.000,0.000,0.00,0.000,0.000,0.00,0.000,0.000,0.00,0.000,0.000,0.00,0.000,0.000,0.00,0.000,0.000,0.00,0.000,0.000,0.00,0.000,0.000,0.00,0.000,0.000,0.00,0.000,0.000,0.00,0.000,0.000,0.00,0.000,0.000,0.00,0.000,0.000,0.00,0.000,0.000,0.00,0.000,0.000,0.00,0.000,0.000,0.00,0.000,0.000,0.00,0.000,0.000,0.00,0.000,0.000,0.00,0.000,0.000,0.00,0.000,0.000,0.00,0.000,0.000,0.00,0.000,0.000,0.00,0.000,0.000,0.00,0.000,0.000,0.00,0.000,0.000,0.00
127.9573,0.000,0.000,0.00,0.77,0.00,0.000,0.000,0.00,0.000,0.000,0.00,0.000,0.000,0.00,0.000,0.000,0.00,0.000,0.000,0.00,0.000,0.000,0.00,0.000,0.000,0.00,0.000,0.000,0.00,0.000,0.000,0.00,0.000,0.000,0.00,0.000,0.000,0.00,0.000,0.000,0.00,0.000,0.000,0.00,0.000,0.000,0.00,0.000,0.000,0.00,0.000,0.000,0.00,0.000,0.000,0.00,0.000,0.000,0.00,0.000,0.000,0.00,0.000,0.000,0.00,0.000,0.000,0.00,0.000,0.000,0.00,0.000,0.000,0.00,0.000,0.000,0.00,0.000,0.000,0.00,0.000,0.000,0.00,0.000,0.000,0.00,0.000,0.000,0.00,0.000,0.000,0.00,0.000,0.000,0.00
128.0591,0.000,0.000,0.00,1.00,0.00,0.000,0.000,0.00,0.000,0.000,0.00,0.000,0.000,0.00,0.000,0.000,0.00,0.000,0.000,0.00,0.000,0.000,0.00,0.000,0.000,0.00,0.000,0.000,0.00,0.000,0.000,0.00,0.000,0.000,0.00,0.000,0.000,0.00,0.000,0.000,0.00,0.000,0.000,0.00,0.000,0.000,0.00,0.000,0.000,0.00,0.000,0.000,0.00,0.000,0.000,0.00,0.000,0.000,0.00,0.000,0.000,0.00,0.000,0.000,0.00,0.000,0.000,0.00,0.000,0.000,0.00,0.000,0.000,0.00,0.000,0.000,0.00,0.000,0.000,0.00,0.000,0.000,0.00,0.000,0.000,0.00,0.000,0.000,0.00,0.000,0.000,0.00,0.000,0.000,0.00
128.1608,0.000,0.000,0.00,0.77,0.00,0.000,0.000,0.00,0.000,0.000,0.00,0.000,0.000,0.00,0.000,0.000,0.00,0.000,0.000,0.00,0.000,0.000,0.00,0.000,0.000,0.00,0.000,0.000,0.00,0.000,0.000,0.00,0.000,0.000,0.00,0.000,0.000,0.00,0.000,0.000,0.00,0.000,0.000,0.00,0.000,0.000,0.00,0.000,0.000,0.00,0.000,0.000,0.00,0.000,0.000,0.00,0.000,0.000,0.00,0.000,0.000,0.00,0.000,0.000,0.00,0.000,0.000,0.00,0.000,0.000,0.00,0.000,0.000,0.00,0.000,0.000,0.00,0.000,0.000,0.00,0.000,0.000,0.00,0.000,0.000,0.00,0.000,0.000,0.00,0.000,0.000,0.00,0.000,0.000,0.00
128.2626,0.000,0.000,0.00,1.08,0.00,0.000,0.000,0.00,0.000,0.000,0.00,0.000,0.000,0.00,0.000,0.000,0.00,0.000,0.000,0.00,0.000,0.000,0.00,0.000,0.000,0.00,0.000,0.000,0.00,0.000,0.000,0.00,0.000,0.000,0.00,0.000,0.000,0.00,0.000,0.000,0.00,0.000,0.000,0.00,0.000,0.000,0.00,0.000,0.000,0.00,0.000,0.000,0.00,0.000,0.000,0.00,0.000,0.000,0.00,0.000,0.000,0.00,0.000,0.000,0.00,0.000,0.000,0.00,0.000,0.000,0.00,0.000,0.000,0.00,0.000,0.000,0.00,0.000,0.000,0.00,0.000,0.000,0.00,0.000,0.000,0.00,0.000,0.000,0.00,0.000,0.000,0.00,0.000,0.000,0.00
128.3643,0.000,0.000,0.00,0.92,0.00,0.000,0.000,0.00,0.000,0.000,0.00,0.000,0.000,0.00,0.000,0.000,0.00,0.000,0.000,0.00,0.000,0.000,0.00,0.000,0.000,0.00,0.000,0.000,0.00,0.000,0.000,0.00,0.000,0.000,0.00,0.000,0.000,0.00,0.000,0.000,0.00,0.000,0.000,0.00,0.000,0.000,0.00,0.000,0.000,0.00,0.000,0.000,0.00,0.000,0.000,0.00,0.000,0.000,0.00,0.000,0.000,0.00,0.000,0.000,0.00,0.000,0.000,0.00,0.000,0.000,0.00,0.000,0.000,0.00,0.000,0.000,0.00,0.000,0.000,0.00,0.000,0.000,0.00,0.000,0.000,0.00,0.000,0.000,0.00,0.000,0.000,0.00,0.000,0.000,0.00
128.4660,0.000,0.000,0.00,0.77,0.00,0.000,0.000,0.00,0.000,0.000,0.00,0.000,0.000,0.00,0.000,0.000,0.00,0.000,0.000,0.00,0.000,0.000,0.00,0.000,0.000,0.00,0.000,0.000,0.00,0.000,0.000,0.00,0.000,0.000,0.00,0.000,0.000,0.00,0.000,0.000,0.00,0.000,0.000,0.00,0.000,0.000,0.00,0.000,0.000,0.00,0.000,0.000,0.00,0.000,0.000,0.00,0.000,0.000,0.00,0.000,0.000,0.00,0.000,0.000,0.00,0.000,0.000,0.00,0.000,0.000,0.00,0.000,0.000,0.00,0.000,0.000,0.00,0.000,0.000,0.00,0.000,0.000,0.00,0.000,0.000,0.00,0.000,0.000,0.00,0.000,0.000,0.00,0.000,0.000,0.00
128.5674,0.000,0.404,0.07,0.93,0.00,0.000,0.000,0.00,0.000,0.000,0.00,0.000,0.000,0.00,0.000,0.000,0.00,0.000,0.000,0.00,0.000,0.000,0.00,0.000,0.000,0.00,0.000,0.000,0.00,0.000,0.000,0.00,0.000,0.000,0.00,0.000,0.000,0.00,0.000,0.000,0.00,0.000,0.000,0.00,0.000,0.000,0.00,0.000,0.000,0.00,0.000,0.000,0.00,0.000,0.000,0.00,0.000,0.000,0.00,0.000,0.000,0.00,0.000,0.000,0.00,0.000,0.000,0.00,0.000,0.404,1.97,0.000,0.000,0.00,0.000,0.000,0.00,0.000,0.000,0.00,0.000,0.000,0.00,0.000,0.000,0.00,0.000,0.000,0.00,0.000,0.000,0.00,0.000,0.000,0.00
128.6685,0.000,0.000,0.00,0.77,0.00,0.000,0.000,0.00,0.000,0.000,0.00,0.000,0.000,0.00,0.000,0.000,0.00,0.000,0.000,0.00,0.000,0.000,0.00,0.000,0.000,0.00,0.000,0.000,0.00,0.000,0.000,0.00,0.000,0.000,0.00,0.000,0.000,0.00,0.000,0.000,0.00,0.000,0.000,0.00,0.000,0.000,0.00,0.000,0.000,0.00,0.000,0.000,0.00,0.000,0.000,0.00,0.000,0.000,0.00,0.000,0.000,0.00,0.000,0.000,0.00,0.000,0.000,0.00,0.000,0.000,0.00,0.000,0.000,0.00,0.000,0.000,0.00,0.000,0.000,0.00,0.000,0.000,0.00,0.000,0.000,0.00,0.000,0.000,0.00,0.000,0.000,0.00,0.000,0.000,0.00
128.7701,0.000,0.000,0.00,0.84,0.00,0.000,0.000,0.00,0.000,0.000,0.00,0.000,0.000,0.00,0.000,0.000,0.00,0.000,0.000,0.00,0.000,0.000,0.00,0.000,0.000,0.00,0.000,0.000,0.00,0.000,0.000,0.00,0.000,0.000,0.00,0.000,0.000,0.00,0.000,0.000,0.00,0.000,0.000,0.00,0.000,0.000,0.00,0.000,0.000,0.00,0.000,0.000,0.00,0.000,0.000,0.00,0.000,0.000,0.00,0.000,0.000,0.00,0.000,0.000,0.00,0.000,0.000,0.00,0.000,0.000,0.00,0.000,0.000,0.00,0.000,0.000,0.00,0.000,0.000,0.00,0.000,0.000,0.00,0.000,0.000,0.00,0.000,0.000,0.00,0.000,0.000,0.00,0.000,0.000,0.00
128.8719,0.000,0.000,0.00,0.84,0.00,0.000,0.000,0.00,0.000,0.000,0.00,0.000,0.000,0.00,0.000,0.000,0.00,0.000,0.000,0.00,0.000,0.000,0.00,0.000,0.000,0.00,0.000,0.000,0.00,0.000,0.000,0.00,0.000,0.000,0.00,0.000,0.000,0.00,0.000,0.000,0.00,0.000,0.000,0.00,0.000,0.000,0.00,0.000,0.000,0.00,0.000,0.000,0.00,0.000,0.000,0.00,0.000,0.000,0.00,0.000,0.000,0.00,0.000,0.000,0.00,0.000,0.000,0.00,0.000,0.000,0.00,0.000,0.000,0.00,0.000,0.000,0.00,0.000,0.000,0.00,0.000,0.000,0.00,0.000,0.000,0.00,0.000,0.000,0.00,0.000,0.000,0.00,0.000,0.000,0.00
128.9737,0.000,0.000,0.00,0.92,0.00,0.000,0.000,0.00,0.000,0.000,0.00,0.000,0.000,0.00,0.000,0.000,0.00,0.000,0.000,0.00,0.000,0.000,0.00,0.000,0.000,0.00,0.000,0.000,0.00,0.000,0.000,0.00,0.000,0.000,0.00,0.000,0.000,0.00,0.000,0.000,0.00,0.000,0.000,0.00,0.000,0.000,0.00,0.000,0.000,0.00,0.000,0.000,0.00,0.000,0.000,0.00,0.000,0.000,0.00,0.000,0.000,0.00,0.000,0.000,0.00,0.000,0.000,0.00,0.000,0.000,0.00,0.000,0.000,0.00,0.000,0.000,0.00,0.000,0.000,0.00,0.000,0.000,0.00,0.000,0.000,0.00,0.000,0.000,0.00,0.000,0.000,0.00,0.000,0.000,0.00
129.0752,0.000,0.000,0.00,1.61,0.00,0.000,0.000,0.00,0.000,0.000,0.00,0.000,0.000,0.00,0.000,0.000,0.00,0.000,0.000,0.00,0.000,0.000,0.00,0.000,0.000,0.00,0.000,0.000,0.00,0.000,0.000,0.00,0.000,0.000,0.00,0.000,0.000,0.00,0.000,0.000,0.00,0.000,0.000,0.00,0.000,0.000,0.00,0.000,0.000,0.00,0.000,0.000,0.00,0.000,0.000,0.00,0.000,0.000,0.00,0.000,0.000,0.00,0.000,0.000,0.00,0.000,0.000,0.00,0.000,0.000,0.00,0.000,0.000,0.00,0.000,0.000,0.00,0.000,0.000,0.00,0.000,0.000,0.00,0.000,0.000,0.00,0.000,0.000,0.00,0.000,0.000,0.00,0.000,0.000,0.00
129.1771,0.000,0.000,0.00,0.92,0.00,0.000,0.000,0.00,0.000,0.000,0.00,0.000,0.000,0.00,0.000,0.000,0.00,0.000,0.000,0.00,0.000,0.000,0.00,0.000,0.000,0.00,0.000,0.000,0.00,0.000,0.000,0.00,0.000,0.000,0.00,0.000,0.000,0.00,0.000,0.000,0.00,0.000,0.000,0.00,0.000,0.000,0.00,0.000,0.000,0.00,0.000,0.000,0.00,0.000,0.000,0.00,0.000,0.000,0.00,0.000,0.000,0.00,0.000,0.000,0.00,0.000,0.000,0.00,0.000,0.000,0.00,0.000,0.000,0.00,0.000,0.000,0.00,0.000,0.000,0.00,0.000,0.000,0.00,0.000,0.000,0.00,0.000,0.000,0.00,0.000,0.000,0.00,0.000,0.000,0.00
129.2789,0.000,0.000,0.00,0.92,0.00,0.000,0.000,0.00,0.000,0.000,0.00,0.000,0.000,0.00,0.000,0.000,0.00,0.000,0.000,0.00,0.000,0.000,0.00,0.000,0.000,0.00,0.000,0.000,0.00,0.000,0.000,0.00,0.000,0.000,0.00,0.000,0.000,0.00,0.000,0.000,0.00,0.000,0.000,0.00,0.000,0.000,0.00,0.000,0.000,0.00,0.000,0.000,0.00,0.000,0.000,0.00,0.000,0.000,0.00,0.000,0.000,0.00,0.000,0.000,0.00,0.000,0.000,0.00,0.000,0.000,0.00,0.000,0.000,0.00,0.000,0.000,0.00,0.000,0.000,0.00,0.000,0.000,0.00,0.000,0.000,0.00,0.000,0.000,0.00,0.000,0.000,0.00,0.000,0.000,0.00
129.3811,0.000,0.000,0.00,0.84,0.00,0.000,0.000,0.00,0.000,0.000,0.00,0.000,0.000,0.00,0.000,0.000,0.00,0.000,0.000,0.00,0.000,0.000,0.00,0.000,0.000,0.00,0.000,0.000,0.00,0.000,0.000,0.00,0.000,0.000,0.00,0.000,0.000,0.00,0.000,0.000,0.00,0.000,0.000,0.00,0.000,0.000,0.00,0.000,0.000,0.00,0.000,0.000,0.00,0.000,0.000,0.00,0.000,0.000,0.00,0.000,0.000,0.00,0.000,0.000,0.00,0.000,0.000,0.00,0.000,0.000,0.00,0.000,0.000,0.00,0.000,0.000,0.00,0.000,0.000,0.00,0.000,0.000,0.00,0.000,0.000,0.00,0.000,0.000,0.00,0.000,0.000,0.00,0.000,0.000,0.00
129.4829,0.000,0.000,0.00,0.84,0.00,0.000,0.000,0.00,0.000,0.000,0.00,0.000,0.000,0.00,0.000,0.000,0.00,0.000,0.000,0.00,0.000,0.000,0.00,0.000,0.000,0.00,0.000,0.000,0.00,0.000,0.000,0.00,0.000,0.000,0.00,0.000,0.000,0.00,0.000,0.000,0.00,0.000,0.000,0.00,0.000,0.000,0.00,0.000,0.000,0.00,0.000,0.000,0.00,0.000,0.000,0.00,0.000,0.000,0.00,0.000,0.000,0.00,0.000,0.000,0.00,0.000,0.000,0.00,0.000,0.000,0.00,0.000,0.000,0.00,0.000,0.000,0.00,0.000,0.000,0.00,0.000,0.000,0.00,0.000,0.000,0.00,0.000,0.000,0.00,0.000,0.000,0.00,0.000,0.000,0.00
129.5847,0.000,0.000,0.00,0.84,0.00,0.000,0.000,0.00,0.000,0.000,0.00,0.000,0.000,0.00,0.000,0.000,0.00,0.000,0.000,0.00,0.000,0.000,0.00,0.000,0.000,0.00,0.000,0.000,0.00,0.000,0.000,0.00,0.000,0.000,0.00,0.000,0.000,0.00,0.000,0.000,0.00,0.000,0.000,0.00,0.000,0.000,0.00,0.000,0.000,0.00,0.000,0.000,0.00,0.000,0.000,0.00,0.000,0.000,0.00,0.000,0.000,0.00,0.000,0.000,0.00,0.000,0.000,0.00,0.000,0.000,0.00,0.000,0.000,0.00,0.000,0.000,0.00,0.000,0.000,0.00,0.000,0.000,0.00,0.000,0.000,0.00,0.000,0.000,0.00,0.000,0.000,0.00,0.000,0.000,0.00
129.6865,0.000,0.000,0.00,0.84,0.00,0.000,0.000,0.00,0.000,0.000,0.00,0.000,0.000,0.00,0.000,0.000,0.00,0.000,0.000,0.00,0.000,0.000,0.00,0.000,0.000,0.00,0.000,0.000,0.00,0.000,0.000,0.00,0.000,0.000,0.00,0.000,0.000,0.00,0.000,0.000,0.00,0.000,0.000,0.00,0.000,0.000,0.00,0.000,0.000,0.00,0.000,0.000,0.00,0.000,0.000,0.00,0.000,0.000,0.00,0.000,0.000,0.00,0.000,0.000,0.00,0.000,0.000,0.00,0.000,0.000,0.00,0.000,0.000,0.00,0.000,0.000,0.00,0.000,0.000,0.00,0.000,0.000,0.00,0.000,0.000,0.00,0.000,0.000,0.00,0.000,0.000,0.00,0.000,0.000,0.00
129.7883,0.000,0.000,0.00,0.84,0.00,0.000,0.000,0.00,0.000,0.000,0.00,0.000,0.000,0.00,0.000,0.000,0.00,0.000,0.000,0.00,0.000,0.000,0.00,0.000,0.000,0.00,0.000,0.000,0.00,0.000,0.000,0.00,0.000,0.000,0.00,0.000,0.000,0.00,0.000,0.000,0.00,0.000,0.000,0.00,0.000,0.000,0.00,0.000,0.000,0.00,0.000,0.000,0.00,0.000,0.000,0.00,0.000,0.000,0.00,0.000,0.000,0.00,0.000,0.000,0.00,0.000,0.000,0.00,0.000,0.000,0.00,0.000,0.000,0.00,0.000,0.000,0.00,0.000,0.000,0.00,0.000,0.000,0.00,0.000,0.000,0.00,0.000,0.000,0.00,0.000,0.000,0.00,0.000,0.000,0.00
129.8900,0.000,0.000,0.00,0.84,0.00,0.000,0.000,0.00,0.000,0.000,0.00,0.000,0.000,0.00,0.000,0.000,0.00,0.000,0.000,0.00,0.000,0.000,0.00,0.000,0.000,0.00,0.000,0.000,0.00,0.000,0.000,0.00,0.000,0.000,0.00,0.000,0.000,0.00,0.000,0.000,0.00,0.000,0.000,0.00,0.000,0.000,0.00,0.000,0.000,0.00,0.000,0.000,0.00,0.000,0.000,0.00,0.000,0.000,0.00,0.000,0.000,0.00,0.000,0.000,0.00,0.000,0.000,0.00,0.000,0.000,0.00,0.000,0.000,0.00,0.000,0.000,0.00,0.000,0.000,0.00,0.000,0.000,0.00,0.000,0.000,0.00,0.000,0.000,0.00,0.000,0.000,0.00,0.000,0.000,0.00
129.9919,0.000,0.000,0.00,0.77,0.00,0.000,0.000,0.00,0.000,0.000,0.00,0.000,0.000,0.00,0.000,0.000,0.00,0.000,0.000,0.00,0.000,0.000,0.00,0.000,0.000,0.00,0.000,0.000,0.00,0.000,0.000,0.00,0.000,0.000,0.00,0.000,0.000,0.00,0.000,0.000,0.00,0.000,0.000,0.00,0.000,0.000,0.00,0.000,0.000,0.00,0.000,0.000,0.00,0.000,0.000,0.00,0.000,0.000,0.00,0.000,0.000,0.00,0.000,0.000,0.00,0.000,0.000,0.00,0.000,0.000,0.00,0.000,0.000,0.00,0.000,0.000,0.00,0.000,0.000,0.00,0.000,0.000,0.00,0.000,0.000,0.00,0.000,0.000,0.00,0.000,0.000,0.00,0.000,0.000,0.00
130.0936,0.000,0.040,0.00,0.84,0.00,0.000,0.000,0.00,0.000,0.000,0.00,0.000,0.000,0.00,0.000,0.000,0.00,0.000,0.000,0.00,0.000,0.000,0.00,0.000,0.000,0.00,0.000,0.000,0.00,0.000,0.000,0.00,0.000,0.000,0.00,0.000,0.000,0.00,0.000,0.000,0.00,0.000,0.000,0.00,0.000,0.000,0.00,0.000,0.000,0.00,0.000,0.000,0.00,0.000,0.000,0.00,0.000,0.000,0.00,0.000,0.000,0.00,0.000,0.000,0.00,0.000,0.000,0.00,0.000,0.000,0.00,0.000,0.040,0.00,0.000,0.000,0.00,0.000,0.000,0.00,0.000,0.000,0.00,0.000,0.000,0.00,0.000,0.000,0.00,0.000,0.000,0.00,0.000,0.000,0.00
130.1954,0.000,0.000,0.00,0.92,0.00,0.000,0.000,0.00,0.000,0.000,0.00,0.000,0.000,0.00,0.000,0.000,0.00,0.000,0.000,0.00,0.000,0.000,0.00,0.000,0.000,0.00,0.000,0.000,0.00,0.000,0.000,0.00,0.000,0.000,0.00,0.000,0.000,0.00,0.000,0.000,0.00,0.000,0.000,0.00,0.000,0.000,0.00,0.000,0.000,0.00,0.000,0.000,0.00,0.000,0.000,0.00,0.000,0.000,0.00,0.000,0.000,0.00,0.000,0.000,0.00,0.000,0.000,0.00,0.000,0.000,0.00,0.000,0.000,0.00,0.000,0.000,0.00,0.000,0.000,0.00,0.000,0.000,0.00,0.000,0.000,0.00,0.000,0.000,0.00,0.000,0.000,0.00,0.000,0.000,0.00
130.2972,0.000,0.000,0.00,0.84,0.00,0.000,0.000,0.00,0.000,0.000,0.00,0.000,0.000,0.00,0.000,0.000,0.00,0.000,0.000,0.00,0.000,0.000,0.00,0.000,0.000,0.00,0.000,0.000,0.00,0.000,0.000,0.00,0.000,0.000,0.00,0.000,0.000,0.00,0.000,0.000,0.00,0.000,0.000,0.00,0.000,0.000,0.00,0.000,0.000,0.00,0.000,0.000,0.00,0.000,0.000,0.00,0.000,0.000,0.00,0.000,0.000,0.00,0.000,0.000,0.00,0.000,0.000,0.00,0.000,0.000,0.00,0.000,0.000,0.00,0.000,0.000,0.00,0.000,0.000,0.00,0.000,0.000,0.00,0.000,0.000,0.00,0.000,0.000,0.00,0.000,0.000,0.00,0.000,0.000,0.00
130.3991,0.000,0.000,0.00,0.92,0.00,0.000,0.000,0.00,0.000,0.000,0.00,0.000,0.000,0.00,0.000,0.000,0.00,0.000,0.000,0.00,0.000,0.000,0.00,0.000,0.000,0.00,0.000,0.000,0.00,0.000,0.000,0.00,0.000,0.000,0.00,0.000,0.000,0.00,0.000,0.000,0.00,0.000,0.000,0.00,0.000,0.000,0.00,0.000,0.000,0.00,0.000,0.000,0.00,0.000,0.000,0.00,0.000,0.000,0.00,0.000,0.000,0.00,0.000,0.000,0.00,0.000,0.000,0.00,0.000,0.000,0.00,0.000,0.000,0.00,0.000,0.000,0.00,0.000,0.000,0.00,0.000,0.000,0.00,0.000,0.000,0.00,0.000,0.000,0.00,0.000,0.000,0.00,0.000,0.000,0.00
130.5010,0.000,0.000,0.00,0.77,0.00,0.000,0.000,0.00,0.000,0.000,0.00,0.000,0.000,0.00,0.000,0.000,0.00,0.000,0.000,0.00,0.000,0.000,0.00,0.000,0.000,0.00,0.000,0.000,0.00,0.000,0.000,0.00,0.000,0.000,0.00,0.000,0.000,0.00,0.000,0.000,0.00,0.000,0.000,0.00,0.000,0.000,0.00,0.000,0.000,0.00,0.000,0.000,0.00,0.000,0.000,0.00,0.000,0.000,0.00,0.000,0.000,0.00,0.000,0.000,0.00,0.000,0.000,0.00,0.000,0.000,0.00,0.000,0.000,0.00,0.000,0.000,0.00,0.000,0.000,0.00,0.000,0.000,0.00,0.000,0.000,0.00,0.000,0.000,0.00,0.000,0.000,0.00,0.000,0.000,0.00
130.6028,0.000,0.000,0.00,1.00,0.00,0.000,0.000,0.00,0.000,0.000,0.00,0.000,0.000,0.00,0.000,0.000,0.00,0.000,0.000,0.00,0.000,0.000,0.00,0.000,0.000,0.00,0.000,0.000,0.00,0.000,0.000,0.00,0.000,0.000,0.00,0.000,0.000,0.00,0.000,0.000,0.00,0.000,0.000,0.00,0.000,0.000,0.00,0.000,0.000,0.00,0.000,0.000,0.00,0.000,0.000,0.00,0.000,0.000,0.00,0.000,0.000,0.00,0.000,0.000,0.00,0.000,0.000,0.00,0.000,0.000,0.00,0.000,0.000,0.00,0.000,0.000,0.00,0.000,0.000,0.00,0.000,0.000,0.00,0.000,0.000,0.00,0.000,0.000,0.00,0.000,0.000,0.00,0.000,0.000,0.00
130.7045,0.000,0.000,0.00,0.77,0.00,0.000,0.000,0.00,0.000,0.000,0.00,0.000,0.000,0.00,0.000,0.000,0.00,0.000,0.000,0.00,0.000,0.000,0.00,0.000,0.000,0.00,0.000,0.000,0.00,0.000,0.000,0.00,0.000,0.000,0.00,0.000,0.000,0.00,0.000,0.000,0.00,0.000,0.000,0.00,0.000,0.000,0.00,0.000,0.000,0.00,0.000,0.000,0.00,0.000,0.000,0.00,0.000,0.000,0.00,0.000,0.000,0.00,0.000,0.000,0.00,0.000,0.000,0.00,0.000,0.000,0.00,0.000,0.000,0.00,0.000,0.000,0.00,0.000,0.000,0.00,0.000,0.000,0.00,0.000,0.000,0.00,0.000,0.000,0.00,0.000,0.000,0.00,0.000,0.000,0.00
130.8067,0.000,0.000,0.00,0.99,0.00,0.000,0.000,0.00,0.000,0.000,0.00,0.000,0.000,0.00,0.000,0.000,0.00,0.000,0.000,0.00,0.000,0.000,0.00,0.000,0.000,0.00,0.000,0.000,0.00,0.000,0.000,0.00,0.000,0.000,0.00,0.000,0.000,0.00,0.000,0.000,0.00,0.000,0.000,0.00,0.000,0.000,0.00,0.000,0.000,0.00,0.000,0.000,0.00,0.000,0.000,0.00,0.000,0.000,0.00,0.000,0.000,0.00,0.000,0.000,0.00,0.000,0.000,0.00,0.000,0.000,0.00,0.000,0.000,0.00,0.000,0.000,0.00,0.000,0.000,0.00,0.000,0.000,0.00,0.000,0.000,0.00,0.000,0.000,0.00,0.000,0.000,0.00,0.000,0.000,0.00
130.9089,0.000,0.000,0.00,0.84,0.00,0.000,0.000,0.00,0.000,0.000,0.00,0.000,0.000,0.00,0.000,0.000,0.00,0.000,0.000,0.00,0.000,0.000,0.00,0.000,0.000,0.00,0.000,0.000,0.00,0.000,0.000,0.00,0.000,0.000,0.00,0.000,0.000,0.00,0.000,0.000,0.00,0.000,0.000,0.00,0.000,0.000,0.00,0.000,0.000,0.00,0.000,0.000,0.00,0.000,0.000,0.00,0.000,0.000,0.00,0.000,0.000,0.00,0.000,0.000,0.00,0.000,0.000,0.00,0.000,0.000,0.00,0.000,0.000,0.00,0.000,0.000,0.00,0.000,0.000,0.00,0.000,0.000,0.00,0.000,0.000,0.00,0.000,0.000,0.00,0.000,0.000,0.00,0.000,0.000,0.00
131.0107,0.000,0.000,0.00,0.84,0.00,0.000,0.000,0.00,0.000,0.000,0.00,0.000,0.000,0.00,0.000,0.000,0.00,0.000,0.000,0.00,0.000,0.000,0.00,0.000,0.000,0.00,0.000,0.000,0.00,0.000,0.000,0.00,0.000,0.000,0.00,0.000,0.000,0.00,0.000,0.000,0.00,0.000,0.000,0.00,0.000,0.000,0.00,0.000,0.000,0.00,0.000,0.000,0.00,0.000,0.000,0.00,0.000,0.000,0.00,0.000,0.000,0.00,0.000,0.000,0.00,0.000,0.000,0.00,0.000,0.000,0.00,0.000,0.000,0.00,0.000,0.000,0.00,0.000,0.000,0.00,0.000,0.000,0.00,0.000,0.000,0.00,0.000,0.000,0.00,0.000,0.000,0.00,0.000,0.000,0.00
131.1125,0.000,0.402,0.10,0.92,0.00,0.000,0.000,0.00,0.000,0.000,0.00,0.000,0.000,0.00,0.000,0.000,0.00,0.000,0.000,0.00,0.000,0.000,0.00,0.000,0.000,0.00,0.000,0.000,0.00,0.000,0.000,0.00,0.000,0.000,0.00,0.000,0.000,0.00,0.000,0.000,0.00,0.000,0.000,0.00,0.000,0.000,0.00,0.000,0.000,0.00,0.000,0.000,0.00,0.000,0.000,0.00,0.000,0.000,0.00,0.000,0.000,0.00,0.000,0.000,0.00,0.000,0.000,0.00,0.000,0.000,0.00,0.000,0.000,0.00,0.000,0.000,0.00,0.000,0.000,0.00,0.000,0.000,0.00,0.000,0.000,0.00,0.000,0.402,2.95,0.000,0.000,0.00,0.000,0.000,0.00
131.2143,0.000,0.000,0.00,0.77,0.00,0.000,0.000,0.00,0.000,0.000,0.00,0.000,0.000,0.00,0.000,0.000,0.00,0.000,0.000,0.00,0.000,0.000,0.00,0.000,0.000,0.00,0.000,0.000,0.00,0.000,0.000,0.00,0.000,0.000,0.00,0.000,0.000,0.00,0.000,0.000,0.00,0.000,0.000,0.00,0.000,0.000,0.00,0.000,0.000,0.00,0.000,0.000,0.00,0.000,0.000,0.00,0.000,0.000,0.00,0.000,0.000,0.00,0.000,0.000,0.00,0.000,0.000,0.00,0.000,0.000,0.00,0.000,0.000,0.00,0.000,0.000,0.00,0.000,0.000,0.00,0.000,0.000,0.00,0.000,0.000,0.00,0.000,0.000,0.00,0.000,0.000,0.00,0.000,0.000,0.00
131.3161,0.000,0.000,0.00,0.84,0.00,0.000,0.000,0.00,0.000,0.000,0.00,0.000,0.000,0.00,0.000,0.000,0.00,0.000,0.000,0.00,0.000,0.000,0.00,0.000,0.000,0.00,0.000,0.000,0.00,0.000,0.000,0.00,0.000,0.000,0.00,0.000,0.000,0.00,0.000,0.000,0.00,0.000,0.000,0.00,0.000,0.000,0.00,0.000,0.000,0.00,0.000,0.000,0.00,0.000,0.000,0.00,0.000,0.000,0.00,0.000,0.000,0.00,0.000,0.000,0.00,0.000,0.000,0.00,0.000,0.000,0.00,0.000,0.000,0.00,0.000,0.000,0.00,0.000,0.000,0.00,0.000,0.000,0.00,0.000,0.000,0.00,0.000,0.000,0.00,0.000,0.000,0.00,0.000,0.000,0.00
131.4180,0.000,0.000,0.00,0.84,0.00,0.000,0.000,0.00,0.000,0.000,0.00,0.000,0.000,0.00,0.000,0.000,0.00,0.000,0.000,0.00,0.000,0.000,0.00,0.000,0.000,0.00,0.000,0.000,0.00,0.000,0.000,0.00,0.000,0.000,0.00,0.000,0.000,0.00,0.000,0.000,0.00,0.000,0.000,0.00,0.000,0.000,0.00,0.000,0.000,0.00,0.000,0.000,0.00,0.000,0.000,0.00,0.000,0.000,0.00,0.000,0.000,0.00,0.000,0.000,0.00,0.000,0.000,0.00,0.000,0.000,0.00,0.000,0.000,0.00,0.000,0.000,0.00,0.000,0.000,0.00,0.000,0.000,0.00,0.000,0.000,0.00,0.000,0.000,0.00,0.000,0.000,0.00,0.000,0.000,0.00
131.5200,0.000,0.000,0.00,0.77,0.00,0.000,0.000,0.00,0.000,0.000,0.00,0.000,0.000,0.00,0.000,0.000,0.00,0.000,0.000,0.00,0.000,0.000,0.00,0.000,0.000,0.00,0.000,0.000,0.00,0.000,0.000,0.00,0.000,0.000,0.00,0.000,0.000,0.00,0.000,0.000,0.00,0.000,0.000,0.00,0.000,0.000,0.00,0.000,0.000,0.00,0.000,0.000,0.00,0.000,0.000,0.00,0.000,0.000,0.00,0.000,0.000,0.00,0.000,0.000,0.00,0.000,0.000,0.00,0.000,0.000,0.00,0.000,0.000,0.00,0.000,0.000,0.00,0.000,0.000,0.00,0.000,0.000,0.00,0.000,0.000,0.00,0.000,0.000,0.00,0.000,0.000,0.00,0.000,0.000,0.00
131.6218,0.000,0.000,0.00,0.92,0.00,0.000,0.000,0.00,0.000,0.000,0.00,0.000,0.000,0.00,0.000,0.000,0.00,0.000,0.000,0.00,0.000,0.000,0.00,0.000,0.000,0.00,0.000,0.000,0.00,0.000,0.000,0.00,0.000,0.000,0.00,0.000,0.000,0.00,0.000,0.000,0.00,0.000,0.000,0.00,0.000,0.000,0.00,0.000,0.000,0.00,0.000,0.000,0.00,0.000,0.000,0.00,0.000,0.000,0.00,0.000,0.000,0.00,0.000,0.000,0.00,0.000,0.000,0.00,0.000,0.000,0.00,0.000,0.000,0.00,0.000,0.000,0.00,0.000,0.000,0.00,0.000,0.000,0.00,0.000,0.000,0.00,0.000,0.000,0.00,0.000,0.000,0.00,0.000,0.000,0.00
131.7235,0.000,0.000,0.00,0.84,0.00,0.000,0.000,0.00,0.000,0.000,0.00,0.000,0.000,0.00,0.000,0.000,0.00,0.000,0.000,0.00,0.000,0.000,0.00,0.000,0.000,0.00,0.000,0.000,0.00,0.000,0.000,0.00,0.000,0.000,0.00,0.000,0.000,0.00,0.000,0.000,0.00,0.000,0.000,0.00,0.000,0.000,0.00,0.000,0.000,0.00,0.000,0.000,0.00,0.000,0.000,0.00,0.000,0.000,0.00,0.000,0.000,0.00,0.000,0.000,0.00,0.000,0.000,0.00,0.000,0.000,0.00,0.000,0.000,0.00,0.000,0.000,0.00,0.000,0.000,0.00,0.000,0.000,0.00,0.000,0.000,0.00,0.000,0.000,0.00,0.000,0.000,0.00,0.000,0.000,0.00
131.8254,0.000,0.000,0.00,0.84,0.00,0.000,0.000,0.00,0.000,0.000,0.00,0.000,0.000,0.00,0.000,0.000,0.00,0.000,0.000,0.00,0.000,0.000,0.00,0.000,0.000,0.00,0.000,0.000,0.00,0.000,0.000,0.00,0.000,0.000,0.00,0.000,0.000,0.00,0.000,0.000,0.00,0.000,0.000,0.00,0.000,0.000,0.00,0.000,0.000,0.00,0.000,0.000,0.00,0.000,0.000,0.00,0.000,0.000,0.00,0.000,0.000,0.00,0.000,0.000,0.00,0.000,0.000,0.00,0.000,0.000,0.00,0.000,0.000,0.00,0.000,0.000,0.00,0.000,0.000,0.00,0.000,0.000,0.00,0.000,0.000,0.00,0.000,0.000,0.00,0.000,0.000,0.00,0.000,0.000,0.00
131.9272,0.000,0.000,0.00,0.77,0.00,0.000,0.000,0.00,0.000,0.000,0.00,0.000,0.000,0.00,0.000,0.000,0.00,0.000,0.000,0.00,0.000,0.000,0.00,0.000,0.000,0.00,0.000,0.000,0.00,0.000,0.000,0.00,0.000,0.000,0.00,0.000,0.000,0.00,0.000,0.000,0.00,0.000,0.000,0.00,0.000,0.000,0.00,0.000,0.000,0.00,0.000,0.000,0.00,0.000,0.000,0.00,0.000,0.000,0.00,0.000,0.000,0.00,0.000,0.000,0.00,0.000,0.000,0.00,0.000,0.000,0.00,0.000,0.000,0.00,0.000,0.000,0.00,0.000,0.000,0.00,0.000,0.000,0.00,0.000,0.000,0.00,0.000,0.000,0.00,0.000,0.000,0.00,0.000,0.000,0.00
132.0290,0.000,0.000,0.00,0.84,0.00,0.000,0.000,0.00,0.000,0.000,0.00,0.000,0.000,0.00,0.000,0.000,0.00,0.000,0.000,0.00,0.000,0.000,0.00,0.000,0.000,0.00,0.000,0.000,0.00,0.000,0.000,0.00,0.000,0.000,0.00,0.000,0.000,0.00,0.000,0.000,0.00,0.000,0.000,0.00,0.000,0.000,0.00,0.000,0.000,0.00,0.000,0.000,0.00,0.000,0.000,0.00,0.000,0.000,0.00,0.000,0.000,0.00,0.000,0.000,0.00,0.000,0.000,0.00,0.000,0.000,0.00,0.000,0.000,0.00,0.000,0.000,0.00,0.000,0.000,0.00,0.000,0.000,0.00,0.000,0.000,0.00,0.000,0.000,0.00,0.000,0.000,0.00,0.000,0.000,0.00
132.1309,0.000,0.000,0.00,1.00,0.00,0.000,0.000,0.00,0.000,0.000,0.00,0.000,0.000,0.00,0.000,0.000,0.00,0.000,0.000,0.00,0.000,0.000,0.00,0.000,0.000,0.00,0.000,0.000,0.00,0.000,0.000,0.00,0.000,0.000,0.00,0.000,0.000,0.00,0.000,0.000,0.00,0.000,0.000,0.00,0.000,0.000,0.00,0.000,0.000,0.00,0.000,0.000,0.00,0.000,0.000,0.00,0.000,0.000,0.00,0.000,0.000,0.00,0.000,0.000,0.00,0.000,0.000,0.00,0.000,0.000,0.00,0.000,0.000,0.00,0.000,0.000,0.00,0.000,0.000,0.00,0.000,0.000,0.00,0.000,0.000,0.00,0.000,0.000,0.00,0.000,0.000,0.00,0.000,0.000,0.00
132.2328,0.000,0.000,0.00,0.84,0.00,0.000,0.000,0.00,0.000,0.000,0.00,0.000,0.000,0.00,0.000,0.000,0.00,0.000,0.000,0.00,0.000,0.000,0.00,0.000,0.000,0.00,0.000,0.000,0.00,0.000,0.000,0.00,0.000,0.000,0.00,0.000,0.000,0.00,0.000,0.000,0.00,0.000,0.000,0.00,0.000,0.000,0.00,0.000,0.000,0.00,0.000,0.000,0.00,0.000,0.000,0.00,0.000,0.000,0.00,0.000,0.000,0.00,0.000,0.000,0.00,0.000,0.000,0.00,0.000,0.000,0.00,0.000,0.000,0.00,0.000,0.000,0.00,0.000,0.000,0.00,0.000,0.000,0.00,0.000,0.000,0.00,0.000,0.000,0.00,0.000,0.000,0.00,0.000,0.000,0.00
132.3347,0.000,0.000,0.00,1.00,0.00,0.000,0.000,0.00,0.000,0.000,0.00,0.000,0.000,0.00,0.000,0.000,0.00,0.000,0.000,0.00,0.000,0.000,0.00,0.000,0.000,0.00,0.000,0.000,0.00,0.000,0.000,0.00,0.000,0.000,0.00,0.000,0.000,0.00,0.000,0.000,0.00,0.000,0.000,0.00,0.000,0.000,0.00,0.000,0.000,0.00,0.000,0.000,0.00,0.000,0.000,0.00,0.000,0.000,0.00,0.000,0.000,0.00,0.000,0.000,0.00,0.000,0.000,0.00,0.000,0.000,0.00,0.000,0.000,0.00,0.000,0.000,0.00,0.000,0.000,0.00,0.000,0.000,0.00,0.000,0.000,0.00,0.000,0.000,0.00,0.000,0.000,0.00,0.000,0.000,0.00
132.4365,0.000,0.000,0.00,0.77,0.00,0.000,0.000,0.00,0.000,0.000,0.00,0.000,0.000,0.00,0.000,0.000,0.00,0.000,0.000,0.00,0.000,0.000,0.00,0.000,0.000,0.00,0.000,0.000,0.00,0.000,0.000,0.00,0.000,0.000,0.00,0.000,0.000,0.00,0.000,0.000,0.00,0.000,0.000,0.00,0.000,0.000,0.00,0.000,0.000,0.00,0.000,0.000,0.00,0.000,0.000,0.00,0.000,0.000,0.00,0.000,0.000,0.00,0.000,0.000,0.00,0.000,0.000,0.00,0.000,0.000,0.00,0.000,0.000,0.00,0.000,0.000,0.00,0.000,0.000,0.00,0.000,0.000,0.00,0.000,0.000,0.00,0.000,0.000,0.00,0.000,0.000,0.00,0.000,0.000,0.00
132.5382,0.000,0.000,0.00,1.00,0.00,0.000,0.000,0.00,0.000,0.000,0.00,0.000,0.000,0.00,0.000,0.000,0.00,0.000,0.000,0.00,0.000,0.000,0.00,0.000,0.000,0.00,0.000,0.000,0.00,0.000,0.000,0.00,0.000,0.000,0.00,0.000,0.000,0.00,0.000,0.000,0.00,0.000,0.000,0.00,0.000,0.000,0.00,0.000,0.000,0.00,0.000,0.000,0.00,0.000,0.000,0.00,0.000,0.000,0.00,0.000,0.000,0.00,0.000,0.000,0.00,0.000,0.000,0.00,0.000,0.000,0.00,0.000,0.000,0.00,0.000,0.000,0.00,0.000,0.000,0.00,0.000,0.000,0.00,0.000,0.000,0.00,0.000,0.000,0.00,0.000,0.000,0.00,0.000,0.000,0.00
132.6400,0.000,0.000,0.00,0.84,0.00,0.000,0.000,0.00,0.000,0.000,0.00,0.000,0.000,0.00,0.000,0.000,0.00,0.000,0.000,0.00,0.000,0.000,0.00,0.000,0.000,0.00,0.000,0.000,0.00,0.000,0.000,0.00,0.000,0.000,0.00,0.000,0.000,0.00,0.000,0.000,0.00,0.000,0.000,0.00,0.000,0.000,0.00,0.000,0.000,0.00,0.000,0.000,0.00,0.000,0.000,0.00,0.000,0.000,0.00,0.000,0.000,0.00,0.000,0.000,0.00,0.000,0.000,0.00,0.000,0.000,0.00,0.000,0.000,0.00,0.000,0.000,0.00,0.000,0.000,0.00,0.000,0.000,0.00,0.000,0.000,0.00,0.000,0.000,0.00,0.000,0.000,0.00,0.000,0.000,0.00
132.7419,0.000,0.000,0.00,0.84,0.00,0.000,0.000,0.00,0.000,0.000,0.00,0.000,0.000,0.00,0.000,0.000,0.00,0.000,0.000,0.00,0.000,0.000,0.00,0.000,0.000,0.00,0.000,0.000,0.00,0.000,0.000,0.00,0.000,0.000,0.00,0.000,0.000,0.00,0.000,0.000,0.00,0.000,0.000,0.00,0.000,0.000,0.00,0.000,0.000,0.00,0.000,0.000,0.00,0.000,0.000,0.00,0.000,0.000,0.00,0.000,0.000,0.00,0.000,0.000,0.00,0.000,0.000,0.00,0.000,0.000,0.00,0.000,0.000,0.00,0.000,0.000,0.00,0.000,0.000,0.00,0.000,0.000,0.00,0.000,0.000,0.00,0.000,0.000,0.00,0.000,0.000,0.00,0.000,0.000,0.00
132.8438,0.000,0.000,0.00,0.77,0.00,0.000,0.000,0.00,0.000,0.000,0.00,0.000,0.000,0.00,0.000,0.000,0.00,0.000,0.000,0.00,0.000,0.000,0.00,0.000,0.000,0.00,0.000,0.000,0.00,0.000,0.000,0.00,0.000,0.000,0.00,0.000,0.000,0.00,0.000,0.000,0.00,0.000,0.000,0.00,0.000,0.000,0.00,0.000,0.000,0.00,0.000,0.000,0.00,0.000,0.000,0.00,0.000,0.000,0.00,0.000,0.000,0.00,0.000,0.000,0.00,0.000,0.000,0.00,0.000,0.000,0.00,0.000,0.000,0.00,0.000,0.000,0.00,0.000,0.000,0.00,0.000,0.000,0.00,0.000,0.000,0.00,0.000,0.000,0.00,0.000,0.000,0.00,0.000,0.000,0.00
132.9455,0.000,0.000,0.00,0.77,0.00,0.000,0.000,0.00,0.000,0.000,0.00,0.000,0.000,0.00,0.000,0.000,0.00,0.000,0.000,0.00,0.000,0.000,0.00,0.000,0.000,0.00,0.000,0.000,0.00,0.000,0.000,0.00,0.000,0.000,0.00,0.000,0.000,0.00,0.000,0.000,0.00,0.000,0.000,0.00,0.000,0.000,0.00,0.000,0.000,0.00,0.000,0.000,0.00,0.000,0.000,0.00,0.000,0.000,0.00,0.000,0.000,0.00,0.000,0.000,0.00,0.000,0.000,0.00,0.000,0.000,0.00,0.000,0.000,0.00,0.000,0.000,0.00,0.000,0.000,0.00,0.000,0.000,0.00,0.000,0.000,0.00,0.000,0.000,0.00,0.000,0.000,0.00,0.000,0.000,0.00
133.0473,0.000,0.000,0.00,0.92,0.00,0.000,0.000,0.00,0.000,0.000,0.00,0.000,0.000,0.00,0.000,0.000,0.00,0.000,0.000,0.00,0.000,0.000,0.00,0.000,0.000,0.00,0.000,0.000,0.00,0.000,0.000,0.00,0.000,0.000,0.00,0.000,0.000,0.00,0.000,0.000,0.00,0.000,0.000,0.00,0.000,0.000,0.00,0.000,0.000,0.00,0.000,0.000,0.00,0.000,0.000,0.00,0.000,0.000,0.00,0.000,0.000,0.00,0.000,0.000,0.00,0.000,0.000,0.00,0.000,0.000,0.00,0.000,0.000,0.00,0.000,0.000,0.00,0.000,0.000,0.00,0.000,0.000,0.00,0.000,0.000,0.00,0.000,0.000,0.00,0.000,0.000,0.00,0.000,0.000,0.00
133.1489,0.000,0.000,0.00,0.84,0.00,0.000,0.000,0.00,0.000,0.000,0.00,0.000,0.000,0.00,0.000,0.000,0.00,0.000,0.000,0.00,0.000,0.000,0.00,0.000,0.000,0.00,0.000,0.000,0.00,0.000,0.000,0.00,0.000,0.000,0.00,0.000,0.000,0.00,0.000,0.000,0.00,0.000,0.000,0.00,0.000,0.000,0.00,0.000,0.000,0.00,0.000,0.000,0.00,0.000,0.000,0.00,0.000,0.000,0.00,0.000,0.000,0.00,0.000,0.000,0.00,0.000,0.000,0.00,0.000,0.000,0.00,0.000,0.000,0.00,0.000,0.000,0.00,0.000,0.000,0.00,0.000,0.000,0.00,0.000,0.000,0.00,0.000,0.000,0.00,0.000,0.000,0.00,0.000,0.000,0.00
133.2506,0.000,0.000,0.00,0.92,0.00,0.000,0.000,0.00,0.000,0.000,0.00,0.000,0.000,0.00,0.000,0.000,0.00,0.000,0.000,0.00,0.000,0.000,0.00,0.000,0.000,0.00,0.000,0.000,0.00,0.000,0.000,0.00,0.000,0.000,0.00,0.000,0.000,0.00,0.000,0.000,0.00,0.000,0.000,0.00,0.000,0.000,0.00,0.000,0.000,0.00,0.000,0.000,0.00,0.000,0.000,0.00,0.000,0.000,0.00,0.000,0.000,0.00,0.000,0.000,0.00,0.000,0.000,0.00,0.000,0.000,0.00,0.000,0.000,0.00,0.000,0.000,0.00,0.000,0.000,0.00,0.000,0.000,0.00,0.000,0.000,0.00,0.000,0.000,0.00,0.000,0.000,0.00,0.000,0.000,0.00
133.3522,0.000,0.000,0.00,0.77,0.00,0.000,0.000,0.00,0.000,0.000,0.00,0.000,0.000,0.00,0.000,0.000,0.00,0.000,0.000,0.00,0.000,0.000,0.00,0.000,0.000,0.00,0.000,0.000,0.00,0.000,0.000,0.00,0.000,0.000,0.00,0.000,0.000,0.00,0.000,0.000,0.00,0.000,0.000,0.00,0.000,0.000,0.00,0.000,0.000,0.00,0.000,0.000,0.00,0.000,0.000,0.00,0.000,0.000,0.00,0.000,0.000,0.00,0.000,0.000,0.00,0.000,0.000,0.00,0.000,0.000,0.00,0.000,0.000,0.00,0.000,0.000,0.00,0.000,0.000,0.00,0.000,0.000,0.00,0.000,0.000,0.00,0.000,0.000,0.00,0.000,0.000,0.00,0.000,0.000,0.00
133.4537,0.000,0.000,0.00,0.92,0.00,0.000,0.000,0.00,0.000,0.000,0.00,0.000,0.000,0.00,0.000,0.000,0.00,0.000,0.000,0.00,0.000,0.000,0.00,0.000,0.000,0.00,0.000,0.000,0.00,0.000,0.000,0.00,0.000,0.000,0.00,0.000,0.000,0.00,0.000,0.000,0.00,0.000,0.000,0.00,0.000,0.000,0.00,0.000,0.000,0.00,0.000,0.000,0.00,0.000,0.000,0.00,0.000,0.000,0.00,0.000,0.000,0.00,0.000,0.000,0.00,0.000,0.000,0.00,0.000,0.000,0.00,0.000,0.000,0.00,0.000,0.000,0.00,0.000,0.000,0.00,0.000,0.000,0.00,0.000,0.000,0.00,0.000,0.000,0.00,0.000,0.000,0.00,0.000,0.000,0.00
133.5554,0.000,0.000,0.00,0.77,0.00,0.000,0.000,0.00,0.000,0.000,0.00,0.000,0.000,0.00,0.000,0.000,0.00,0.000,0.000,0.00,0.000,0.000,0.00,0.000,0.000,0.00,0.000,0.000,0.00,0.000,0.000,0.00,0.000,0.000,0.00,0.000,0.000,0.00,0.000,0.000,0.00,0.000,0.000,0.00,0.000,0.000,0.00,0.000,0.000,0.00,0.000,0.000,0.00,0.000,0.000,0.00,0.000,0.000,0.00,0.000,0.000,0.00,0.000,0.000,0.00,0.000,0.000,0.00,0.000,0.000,0.00,0.000,0.000,0.00,0.000,0.000,0.00,0.000,0.000,0.00,0.000,0.000,0.00,0.000,0.000,0.00,0.000,0.000,0.00,0.000,0.000,0.00,0.000,0.000,0.00
133.6570,0.000,0.000,0.00,1.07,0.00,0.000,0.000,0.00,0.000,0.000,0.00,0.000,0.000,0.00,0.000,0.000,0.00,0.000,0.000,0.00,0.000,0.000,0.00,0.000,0.000,0.00,0.000,0.000,0.00,0.000,0.000,0.00,0.000,0.000,0.00,0.000,0.000,0.00,0.000,0.000,0.00,0.000,0.000,0.00,0.000,0.000,0.00,0.000,0.000,0.00,0.000,0.000,0.00,0.000,0.000,0.00,0.000,0.000,0.00,0.000,0.000,0.00,0.000,0.000,0.00,0.000,0.000,0.00,0.000,0.000,0.00,0.000,0.000,0.00,0.000,0.000,0.00,0.000,0.000,0.00,0.000,0.000,0.00,0.000,0.000,0.00,0.000,0.000,0.00,0.000,0.000,0.00,0.000,0.000,0.00
133.7589,0.000,0.000,0.00,0.84,0.00,0.000,0.000,0.00,0.000,0.000,0.00,0.000,0.000,0.00,0.000,0.000,0.00,0.000,0.000,0.00,0.000,0.000,0.00,0.000,0.000,0.00,0.000,0.000,0.00,0.000,0.000,0.00,0.000,0.000,0.00,0.000,0.000,0.00,0.000,0.000,0.00,0.000,0.000,0.00,0.000,0.000,0.00,0.000,0.000,0.00,0.000,0.000,0.00,0.000,0.000,0.00,0.000,0.000,0.00,0.000,0.000,0.00,0.000,0.000,0.00,0.000,0.000,0.00,0.000,0.000,0.00,0.000,0.000,0.00,0.000,0.000,0.00,0.000,0.000,0.00,0.000,0.000,0.00,0.000,0.000,0.00,0.000,0.000,0.00,0.000,0.000,0.00,0.000,0.000,0.00
133.8608,0.000,0.000,0.00,0.84,0.00,0.000,0.000,0.00,0.000,0.000,0.00,0.000,0.000,0.00,0.000,0.000,0.00,0.000,0.000,0.00,0.000,0.000,0.00,0.000,0.000,0.00,0.000,0.000,0.00,0.000,0.000,0.00,0.000,0.000,0.00,0.000,0.000,0.00,0.000,0.000,0.00,0.000,0.000,0.00,0.000,0.000,0.00,0.000,0.000,0.00,0.000,0.000,0.00,0.000,0.000,0.00,0.000,0.000,0.00,0.000,0.000,0.00,0.000,0.000,0.00,0.000,0.000,0.00,0.000,0.000,0.00,0.000,0.000,0.00,0.000,0.000,0.00,0.000,0.000,0.00,0.000,0.000,0.00,0.000,0.000,0.00,0.000,0.000,0.00,0.000,0.000,0.00,0.000,0.000,0.00
133.9626,0.000,0.000,0.00,0.77,0.00,0.000,0.000,0.00,0.000,0.000,0.00,0.000,0.000,0.00,0.000,0.000,0.00,0.000,0.000,0.00,0.000,0.000,0.00,0.000,0.000,0.00,0.000,0.000,0.00,0.000,0.000,0.00,0.000,0.000,0.00,0.000,0.000,0.00,0.000,0.000,0.00,0.000,0.000,0.00,0.000,0.000,0.00,0.000,0.000,0.00,0.000,0.000,0.00,0.000,0.000,0.00,0.000,0.000,0.00,0.000,0.000,0.00,0.000,0.000,0.00,0.000,0.000,0.00,0.000,0.000,0.00,0.000,0.000,0.00,0.000,0.000,0.00,0.000,0.000,0.00,0.000,0.000,0.00,0.000,0.000,0.00,0.000,0.000,0.00,0.000,0.000,0.00,0.000,0.000,0.00
134.0645,0.000,0.000,0.00,0.77,0.00,0.000,0.000,0.00,0.000,0.000,0.00,0.000,0.000,0.00,0.000,0.000,0.00,0.000,0.000,0.00,0.000,0.000,0.00,0.000,0.000,0.00,0.000,0.000,0.00,0.000,0.000,0.00,0.000,0.000,0.00,0.000,0.000,0.00,0.000,0.000,0.00,0.000,0.000,0.00,0.000,0.000,0.00,0.000,0.000,0.00,0.000,0.000,0.00,0.000,0.000,0.00,0.000,0.000,0.00,0.000,0.000,0.00,0.000,0.000,0.00,0.000,0.000,0.00,0.000,0.000,0.00,0.000,0.000,0.00,0.000,0.000,0.00,0.000,0.000,0.00,0.000,0.000,0.00,0.000,0.000,0.00,0.000,0.000,0.00,0.000,0.000,0.00,0.000,0.000,0.00
134.1664,0.000,0.402,0.10,0.84,0.00,0.000,0.000,0.00,0.000,0.000,0.00,0.000,0.000,0.00,0.000,0.000,0.00,0.000,0.000,0.00,0.000,0.000,0.00,0.000,0.000,0.00,0.000,0.000,0.00,0.000,0.000,0.00,0.000,0.000,0.00,0.000,0.000,0.00,0.000,0.000,0.00,0.000,0.000,0.00,0.000,0.000,0.00,0.000,0.000,0.00,0.000,0.000,0.00,0.000,0.000,0.00,0.000,0.000,0.00,0.000,0.000,0.00,0.000,0.000,0.00,0.000,0.000,0.00,0.000,0.000,0.00,0.000,0.000,0.00,0.000,0.000,0.00,0.000,0.000,0.00,0.000,0.402,2.94,0.000,0.000,0.00,0.000,0.000,0.00,0.000,0.000,0.00,0.000,0.000,0.00
134.2682,0.000,0.000,0.00,1.00,0.00,0.000,0.000,0.00,0.000,0.000,0.00,0.000,0.000,0.00,0.000,0.000,0.00,0.000,0.000,0.00,0.000,0.000,0.00,0.000,0.000,0.00,0.000,0.000,0.00,0.000,0.000,0.00,0.000,0.000,0.00,0.000,0.000,0.00,0.000,0.000,0.00,0.000,0.000,0.00,0.000,0.000,0.00,0.000,0.000,0.00,0.000,0.000,0.00,0.000,0.000,0.00,0.000,0.000,0.00,0.000,0.000,0.00,0.000,0.000,0.00,0.000,0.000,0.00,0.000,0.000,0.00,0.000,0.000,0.00,0.000,0.000,0.00,0.000,0.000,0.00,0.000,0.000,0.00,0.000,0.000,0.00,0.000,0.000,0.00,0.000,0.000,0.00,0.000,0.000,0.00
134.3701,0.000,0.000,0.00,0.77,0.00,0.000,0.000,0.00,0.000,0.000,0.00,0.000,0.000,0.00,0.000,0.000,0.00,0.000,0.000,0.00,0.000,0.000,0.00,0.000,0.000,0.00,0.000,0.000,0.00,0.000,0.000,0.00,0.000,0.000,0.00,0.000,0.000,0.00,0.000,0.000,0.00,0.000,0.000,0.00,0.000,0.000,0.00,0.000,0.000,0.00,0.000,0.000,0.00,0.000,0.000,0.00,0.000,0.000,0.00,0.000,0.000,0.00,0.000,0.000,0.00,0.000,0.000,0.00,0.000,0.000,0.00,0.000,0.000,0.00,0.000,0.000,0.00,0.000,0.000,0.00,0.000,0.000,0.00,0.000,0.000,0.00,0.000,0.000,0.00,0.000,0.000,0.00,0.000,0.000,0.00
134.4720,0.000,0.000,0.00,0.77,0.00,0.000,0.000,0.00,0.000,0.000,0.00,0.000,0.000,0.00,0.000,0.000,0.00,0.000,0.000,0.00,0.000,0.000,0.00,0.000,0.000,0.00,0.000,0.000,0.00,0.000,0.000,0.00,0.000,0.000,0.00,0.000,0.000,0.00,0.000,0.000,0.00,0.000,0.000,0.00,0.000,0.000,0.00,0.000,0.000,0.00,0.000,0.000,0.00,0.000,0.000,0.00,0.000,0.000,0.00,0.000,0.000,0.00,0.000,0.000,0.00,0.000,0.000,0.00,0.000,0.000,0.00,0.000,0.000,0.00,0.000,0.000,0.00,0.000,0.000,0.00,0.000,0.000,0.00,0.000,0.000,0.00,0.000,0.000,0.00,0.000,0.000,0.00,0.000,0.000,0.00
134.5738,0.000,0.000,0.00,0.77,0.00,0.000,0.000,0.00,0.000,0.000,0.00,0.000,0.000,0.00,0.000,0.000,0.00,0.000,0.000,0.00,0.000,0.000,0.00,0.000,0.000,0.00,0.000,0.000,0.00,0.000,0.000,0.00,0.000,0.000,0.00,0.000,0.000,0.00,0.000,0.000,0.00,0.000,0.000,0.00,0.000,0.000,0.00,0.000,0.000,0.00,0.000,0.000,0.00,0.000,0.000,0.00,0.000,0.000,0.00,0.000,0.000,0.00,0.000,0.000,0.00,0.000,0.000,0.00,0.000,0.000,0.00,0.000,0.000,0.00,0.000,0.000,0.00,0.000,0.000,0.00,0.000,0.000,0.00,0.000,0.000,0.00,0.000,0.000,0.00,0.000,0.000,0.00,0.000,0.000,0.00
134.6757,0.000,0.000,0.00,0.84,0.00,0.000,0.000,0.00,0.000,0.000,0.00,0.000,0.000,0.00,0.000,0.000,0.00,0.000,0.000,0.00,0.000,0.000,0.00,0.000,0.000,0.00,0.000,0.000,0.00,0.000,0.000,0.00,0.000,0.000,0.00,0.000,0.000,0.00,0.000,0.000,0.00,0.000,0.000,0.00,0.000,0.000,0.00,0.000,0.000,0.00,0.000,0.000,0.00,0.000,0.000,0.00,0.000,0.000,0.00,0.000,0.000,0.00,0.000,0.000,0.00,0.000,0.000,0.00,0.000,0.000,0.00,0.000,0.000,0.00,0.000,0.000,0.00,0.000,0.000,0.00,0.000,0.000,0.00,0.000,0.000,0.00,0.000,0.000,0.00,0.000,0.000,0.00,0.000,0.000,0.00
134.7776,0.000,0.000,0.00,0.77,0.00,0.000,0.000,0.00,0.000,0.000,0.00,0.000,0.000,0.00,0.000,0.000,0.00,0.000,0.000,0.00,0.000,0.000,0.00,0.000,0.000,0.00,0.000,0.000,0.00,0.000,0.000,0.00,0.000,0.000,0.00,0.000,0.000,0.00,0.000,0.000,0.00,0.000,0.000,0.00,0.000,0.000,0.00,0.000,0.000,0.00,0.000,0.000,0.00,0.000,0.000,0.00,0.000,0.000,0.00,0.000,0.000,0.00,0.000,0.000,0.00,0.000,0.000,0.00,0.000,0.000,0.00,0.000,0.000,0.00,0.000,0.000,0.00,0.000,0.000,0.00,0.000,0.000,0.00,0.000,0.000,0.00,0.000,0.000,0.00,0.000,0.000,0.00,0.000,0.000,0.00
134.8795,0.000,0.000,0.00,0.84,0.00,0.000,0.000,0.00,0.000,0.000,0.00,0.000,0.000,0.00,0.000,0.000,0.00,0.000,0.000,0.00,0.000,0.000,0.00,0.000,0.000,0.00,0.000,0.000,0.00,0.000,0.000,0.00,0.000,0.000,0.00,0.000,0.000,0.00,0.000,0.000,0.00,0.000,0.000,0.00,0.000,0.000,0.00,0.000,0.000,0.00,0.000,0.000,0.00,0.000,0.000,0.00,0.000,0.000,0.00,0.000,0.000,0.00,0.000,0.000,0.00,0.000,0.000,0.00,0.000,0.000,0.00,0.000,0.000,0.00,0.000,0.000,0.00,0.000,0.000,0.00,0.000,0.000,0.00,0.000,0.000,0.00,0.000,0.000,0.00,0.000,0.000,0.00,0.000,0.000,0.00
134.9813,0.000,0.000,0.00,0.77,0.00,0.000,0.000,0.00,0.000,0.000,0.00,0.000,0.000,0.00,0.000,0.000,0.00,0.000,0.000,0.00,0.000,0.000,0.00,0.000,0.000,0.00,0.000,0.000,0.00,0.000,0.000,0.00,0.000,0.000,0.00,0.000,0.000,0.00,0.000,0.000,0.00,0.000,0.000,0.00,0.000,0.000,0.00,0.000,0.000,0.00,0.000,0.000,0.00,0.000,0.000,0.00,0.000,0.000,0.00,0.000,0.000,0.00,0.000,0.000,0.00,0.000,0.000,0.00,0.000,0.000,0.00,0.000,0.000,0.00,0.000,0.000,0.00,0.000,0.000,0.00,0.000,0.000,0.00,0.000,0.000,0.00,0.000,0.000,0.00,0.000,0.000,0.00,0.000,0.000,0.00
135.0833,0.000,0.000,0.00,0.77,0.00,0.000,0.000,0.00,0.000,0.000,0.00,0.000,0.000,0.00,0.000,0.000,0.00,0.000,0.000,0.00,0.000,0.000,0.00,0.000,0.000,0.00,0.000,0.000,0.00,0.000,0.000,0.00,0.000,0.000,0.00,0.000,0.000,0.00,0.000,0.000,0.00,0.000,0.000,0.00,0.000,0.000,0.00,0.000,0.000,0.00,0.000,0.000,0.00,0.000,0.000,0.00,0.000,0.000,0.00,0.000,0.000,0.00,0.000,0.000,0.00,0.000,0.000,0.00,0.000,0.000,0.00,0.000,0.000,0.00,0.000,0.000,0.00,0.000,0.000,0.00,0.000,0.000,0.00,0.000,0.000,0.00,0.000,0.000,0.00,0.000,0.000,0.00,0.000,0.000,0.00
135.1851,0.000,0.000,0.00,0.92,0.00,0.000,0.000,0.00,0.000,0.000,0.00,0.000,0.000,0.00,0.000,0.000,0.00,0.000,0.000,0.00,0.000,0.000,0.00,0.000,0.000,0.00,0.000,0.000,0.00,0.000,0.000,0.00,0.000,0.000,0.00,0.000,0.000,0.00,0.000,0.000,0.00,0.000,0.000,0.00,0.000,0.000,0.00,0.000,0.000,0.00,0.000,0.000,0.00,0.000,0.000,0.00,0.000,0.000,0.00,0.000,0.000,0.00,0.000,0.000,0.00,0.000,0.000,0.00,0.000,0.000,0.00,0.000,0.000,0.00,0.000,0.000,0.00,0.000,0.000,0.00,0.000,0.000,0.00,0.000,0.000,0.00,0.000,0.000,0.00,0.000,0.000,0.00,0.000,0.000,0.00
135.2869,0.000,0.000,0.00,0.92,0.00,0.000,0.000,0.00,0.000,0.000,0.00,0.000,0.000,0.00,0.000,0.000,0.00,0.000,0.000,0.00,0.000,0.000,0.00,0.000,0.000,0.00,0.000,0.000,0.00,0.000,0.000,0.00,0.000,0.000,0.00,0.000,0.000,0.00,0.000,0.000,0.00,0.000,0.000,0.00,0.000,0.000,0.00,0.000,0.000,0.00,0.000,0.000,0.00,0.000,0.000,0.00,0.000,0.000,0.00,0.000,0.000,0.00,0.000,0.000,0.00,0.000,0.000,0.00,0.000,0.000,0.00,0.000,0.000,0.00,0.000,0.000,0.00,0.000,0.000,0.00,0.000,0.000,0.00,0.000,0.000,0.00,0.000,0.000,0.00,0.000,0.000,0.00,0.000,0.000,0.00
135.3889,0.000,0.000,0.00,0.84,0.00,0.000,0.000,0.00,0.000,0.000,0.00,0.000,0.000,0.00,0.000,0.000,0.00,0.000,0.000,0.00,0.000,0.000,0.00,0.000,0.000,0.00,0.000,0.000,0.00,0.000,0.000,0.00,0.000,0.000,0.00,0.000,0.000,0.00,0.000,0.000,0.00,0.000,0.000,0.00,0.000,0.000,0.00,0.000,0.000,0.00,0.000,0.000,0.00,0.000,0.000,0.00,0.000,0.000,0.00,0.000,0.000,0.00,0.000,0.000,0.00,0.000,0.000,0.00,0.000,0.000,0.00,0.000,0.000,0.00,0.000,0.000,0.00,0.000,0.000,0.00,0.000,0.000,0.00,0.000,0.000,0.00,0.000,0.000,0.00,0.000,0.000,0.00,0.000,0.000,0.00
135.4907,0.000,0.000,0.00,0.77,0.00,0.000,0.000,0.00,0.000,0.000,0.00,0.000,0.000,0.00,0.000,0.000,0.00,0.000,0.000,0.00,0.000,0.000,0.00,0.000,0.000,0.00,0.000,0.000,0.00,0.000,0.000,0.00,0.000,0.000,0.00,0.000,0.000,0.00,0.000,0.000,0.00,0.000,0.000,0.00,0.000,0.000,0.00,0.000,0.000,0.00,0.000,0.000,0.00,0.000,0.000,0.00,0.000,0.000,0.00,0.000,0.000,0.00,0.000,0.000,0.00,0.000,0.000,0.00,0.000,0.000,0.00,0.000,0.000,0.00,0.000,0.000,0.00,0.000,0.000,0.00,0.000,0.000,0.00,0.000,0.000,0.00,0.000,0.000,0.00,0.000,0.000,0.00,0.000,0.000,0.00
135.5926,0.000,0.000,0.00,0.77,0.00,0.000,0.000,0.00,0.000,0.000,0.00,0.000,0.000,0.00,0.000,0.000,0.00,0.000,0.000,0.00,0.000,0.000,0.00,0.000,0.000,0.00,0.000,0.000,0.00,0.000,0.000,0.00,0.000,0.000,0.00,0.000,0.000,0.00,0.000,0.000,0.00,0.000,0.000,0.00,0.000,0.000,0.00,0.000,0.000,0.00,0.000,0.000,0.00,0.000,0.000,0.00,0.000,0.000,0.00,0.000,0.000,0.00,0.000,0.000,0.00,0.000,0.000,0.00,0.000,0.000,0.00,0.000,0.000,0.00,0.000,0.000,0.00,0.000,0.000,0.00,0.000,0.000,0.00,0.000,0.000,0.00,0.000,0.000,0.00,0.000,0.000,0.00,0.000,0.000,0.00
135.6947,0.000,0.000,0.00,0.84,0.00,0.000,0.000,0.00,0.000,0.000,0.00,0.000,0.000,0.00,0.000,0.000,0.00,0.000,0.000,0.00,0.000,0.000,0.00,0.000,0.000,0.00,0.000,0.000,0.00,0.000,0.000,0.00,0.000,0.000,0.00,0.000,0.000,0.00,0.000,0.000,0.00,0.000,0.000,0.00,0.000,0.000,0.00,0.000,0.000,0.00,0.000,0.000,0.00,0.000,0.000,0.00,0.000,0.000,0.00,0.000,0.000,0.00,0.000,0.000,0.00,0.000,0.000,0.00,0.000,0.000,0.00,0.000,0.000,0.00,0.000,0.000,0.00,0.000,0.000,0.00,0.000,0.000,0.00,0.000,0.000,0.00,0.000,0.000,0.00,0.000,0.000,0.00,0.000,0.000,0.00
135.7966,0.000,0.000,0.00,0.77,0.00,0.000,0.000,0.00,0.000,0.000,0.00,0.000,0.000,0.00,0.000,0.000,0.00,0.000,0.000,0.00,0.000,0.000,0.00,0.000,0.000,0.00,0.000,0.000,0.00,0.000,0.000,0.00,0.000,0.000,0.00,0.000,0.000,0.00,0.000,0.000,0.00,0.000,0.000,0.00,0.000,0.000,0.00,0.000,0.000,0.00,0.000,0.000,0.00,0.000,0.000,0.00,0.000,0.000,0.00,0.000,0.000,0.00,0.000,0.000,0.00,0.000,0.000,0.00,0.000,0.000,0.00,0.000,0.000,0.00,0.000,0.000,0.00,0.000,0.000,0.00,0.000,0.000,0.00,0.000,0.000,0.00,0.000,0.000,0.00,0.000,0.000,0.00,0.000,0.000,0.00
135.8985,0.000,0.000,0.00,0.84,0.00,0.000,0.000,0.00,0.000,0.000,0.00,0.000,0.000,0.00,0.000,0.000,0.00,0.000,0.000,0.00,0.000,0.000,0.00,0.000,0.000,0.00,0.000,0.000,0.00,0.000,0.000,0.00,0.000,0.000,0.00,0.000,0.000,0.00,0.000,0.000,0.00,0.000,0.000,0.00,0.000,0.000,0.00,0.000,0.000,0.00,0.000,0.000,0.00,0.000,0.000,0.00,0.000,0.000,0.00,0.000,0.000,0.00,0.000,0.000,0.00,0.000,0.000,0.00,0.000,0.000,0.00,0.000,0.000,0.00,0.000,0.000,0.00,0.000,0.000,0.00,0.000,0.000,0.00,0.000,0.000,0.00,0.000,0.000,0.00,0.000,0.000,0.00,0.000,0.000,0.00
136.0005,0.000,0.000,0.00,0.77,0.00,0.000,0.000,0.00,0.000,0.000,0.00,0.000,0.000,0.00,0.000,0.000,0.00,0.000,0.000,0.00,0.000,0.000,0.00,0.000,0.000,0.00,0.000,0.000,0.00,0.000,0.000,0.00,0.000,0.000,0.00,0.000,0.000,0.00,0.000,0.000,0.00,0.000,0.000,0.00,0.000,0.000,0.00,0.000,0.000,0.00,0.000,0.000,0.00,0.000,0.000,0.00,0.000,0.000,0.00,0.000,0.000,0.00,0.000,0.000,0.00,0.000,0.000,0.00,0.000,0.000,0.00,0.000,0.000,0.00,0.000,0.000,0.00,0.000,0.000,0.00,0.000,0.000,0.00,0.000,0.000,0.00,0.000,0.000,0.00,0.000,0.000,0.00,0.000,0.000,0.00
136.1025,0.000,0.000,0.00,0.92,0.00,0.000,0.000,0.00,0.000,0.000,0.00,0.000,0.000,0.00,0.000,0.000,0.00,0.000,0.000,0.00,0.000,0.000,0.00,0.000,0.000,0.00,0.000,0.000,0.00,0.000,0.000,0.00,0.000,0.000,0.00,0.000,0.000,0.00,0.000,0.000,0.00,0.000,0.000,0.00,0.000,0.000,0.00,0.000,0.000,0.00,0.000,0.000,0.00,0.000,0.000,0.00,0.000,0.000,0.00,0.000,0.000,0.00,0.000,0.000,0.00,0.000,0.000,0.00,0.000,0.000,0.00,0.000,0.000,0.00,0.000,0.000,0.00,0.000,0.000,0.00,0.000,0.000,0.00,0.000,0.000,0.00,0.000,0.000,0.00,0.000,0.000,0.00,0.000,0.000,0.00
136.2045,0.000,0.030,0.07,0.77,0.00,0.000,0.000,0.00,0.000,0.000,0.00,0.000,0.000,0.00,0.000,0.000,0.00,0.000,0.000,0.00,0.000,0.000,0.00,0.000,0.000,0.00,0.000,0.000,0.00,0.000,0.000,0.00,0.000,0.000,0.00,0.000,0.000,0.00,0.000,0.000,0.00,0.000,0.000,0.00,0.000,0.000,0.00,0.000,0.000,0.00,0.000,0.000,0.00,0.000,0.000,0.00,0.000,0.000,0.00,0.000,0.000,0.00,0.000,0.000,0.00,0.000,0.000,0.00,0.000,0.000,0.00,0.000,0.000,0.00,0.000,0.000,0.00,0.000,0.000,0.00,0.000,0.000,0.00,0.000,0.030,1.96,0.000,0.000,0.00,0.000,0.000,0.00,0.000,0.000,0.00
136.3065,0.000,0.371,0.00,0.92,0.00,0.000,0.000,0.00,0.000,0.000,0.00,0.000,0.000,0.00,0.000,0.000,0.00,0.000,0.000,0.00,0.000,0.000,0.00,0.000,0.000,0.00,0.000,0.000,0.00,0.000,0.000,0.00,0.000,0.000,0.00,0.000,0.000,0.00,0.000,0.000,0.00,0.000,0.000,0.00,0.000,0.000,0.00,0.000,0.000,0.00,0.000,0.000,0.00,0.000,0.000,0.00,0.000,0.000,0.00,0.000,0.000,0.00,0.000,0.000,0.00,0.000,0.000,0.00,0.000,0.000,0.00,0.000,0.000,0.00,0.000,0.000,0.00,0.000,0.000,0.00,0.000,0.000,0.00,0.000,0.371,0.00,0.000,0.000,0.00,0.000,0.000,0.00,0.000,0.000,0.00
136.4084,0.000,0.000,0.00,0.77,0.00,0.000,0.000,0.00,0.000,0.000,0.00,0.000,0.000,0.00,0.000,0.000,0.00,0.000,0.000,0.00,0.000,0.000,0.00,0.000,0.000,0.00,0.000,0.000,0.00,0.000,0.000,0.00,0.000,0.000,0.00,0.000,0.000,0.00,0.000,0.000,0.00,0.000,0.000,0.00,0.000,0.000,0.00,0.000,0.000,0.00,0.000,0.000,0.00,0.000,0.000,0.00,0.000,0.000,0.00,0.000,0.000,0.00,0.000,0.000,0.00,0.000,0.000,0.00,0.000,0.000,0.00,0.000,0.000,0.00,0.000,0.000,0.00,0.000,0.000,0.00,0.000,0.000,0.00,0.000,0.000,0.00,0.000,0.000,0.00,0.000,0.000,0.00,0.000,0.000,0.00
136.5104,0.000,0.000,0.00,0.77,0.00,0.000,0.000,0.00,0.000,0.000,0.00,0.000,0.000,0.00,0.000,0.000,0.00,0.000,0.000,0.00,0.000,0.000,0.00,0.000,0.000,0.00,0.000,0.000,0.00,0.000,0.000,0.00,0.000,0.000,0.00,0.000,0.000,0.00,0.000,0.000,0.00,0.000,0.000,0.00,0.000,0.000,0.00,0.000,0.000,0.00,0.000,0.000,0.00,0.000,0.000,0.00,0.000,0.000,0.00,0.000,0.000,0.00,0.000,0.000,0.00,0.000,0.000,0.00,0.000,0.000,0.00,0.000,0.000,0.00,0.000,0.000,0.00,0.000,0.000,0.00,0.000,0.000,0.00,0.000,0.000,0.00,0.000,0.000,0.00,0.000,0.000,0.00,0.000,0.000,0.00
136.6123,0.000,0.000,0.00,0.84,0.00,0.000,0.000,0.00,0.000,0.000,0.00,0.000,0.000,0.00,0.000,0.000,0.00,0.000,0.000,0.00,0.000,0.000,0.00,0.000,0.000,0.00,0.000,0.000,0.00,0.000,0.000,0.00,0.000,0.000,0.00,0.000,0.000,0.00,0.000,0.000,0.00,0.000,0.000,0.00,0.000,0.000,0.00,0.000,0.000,0.00,0.000,0.000,0.00,0.000,0.000,0.00,0.000,0.000,0.00,0.000,0.000,0.00,0.000,0.000,0.00,0.000,0.000,0.00,0.000,0.000,0.00,0.000,0.000,0.00,0.000,0.000,0.00,0.000,0.000,0.00,0.000,0.000,0.00,0.000,0.000,0.00,0.000,0.000,0.00,0.000,0.000,0.00,0.000,0.000,0.00
136.7143,0.000,0.000,0.00,0.84,0.00,0.000,0.000,0.00,0.000,0.000,0.00,0.000,0.000,0.00,0.000,0.000,0.00,0.000,0.000,0.00,0.000,0.000,0.00,0.000,0.000,0.00,0.000,0.000,0.00,0.000,0.000,0.00,0.000,0.000,0.00,0.000,0.000,0.00,0.000,0.000,0.00,0.000,0.000,0.00,0.000,0.000,0.00,0.000,0.000,0.00,0.000,0.000,0.00,0.000,0.000,0.00,0.000,0.000,0.00,0.000,0.000,0.00,0.000,0.000,0.00,0.000,0.000,0.00,0.000,0.000,0.00,0.000,0.000,0.00,0.000,0.000,0.00,0.000,0.000,0.00,0.000,0.000,0.00,0.000,0.000,0.00,0.000,0.000,0.00,0.000,0.000,0.00,0.000,0.000,0.00
136.8163,0.000,0.000,0.00,0.92,0.00,0.000,0.000,0.00,0.000,0.000,0.00,0.000,0.000,0.00,0.000,0.000,0.00,0.000,0.000,0.00,0.000,0.000,0.00,0.000,0.000,0.00,0.000,0.000,0.00,0.000,0.000,0.00,0.000,0.000,0.00,0.000,0.000,0.00,0.000,0.000,0.00,0.000,0.000,0.00,0.000,0.000,0.00,0.000,0.000,0.00,0.000,0.000,0.00,0.000,0.000,0.00,0.000,0.000,0.00,0.000,0.000,0.00,0.000,0.000,0.00,0.000,0.000,0.00,0.000,0.000,0.00,0.000,0.000,0.00,0.000,0.000,0.00,0.000,0.000,0.00,0.000,0.000,0.00,0.000,0.000,0.00,0.000,0.000,0.00,0.000,0.000,0.00,0.000,0.000,0.00
136.9186,0.000,0.000,0.00,0.84,0.00,0.000,0.000,0.00,0.000,0.000,0.00,0.000,0.000,0.00,0.000,0.000,0.00,0.000,0.000,0.00,0.000,0.000,0.00,0.000,0.000,0.00,0.000,0.000,0.00,0.000,0.000,0.00,0.000,0.000,0.00,0.000,0.000,0.00,0.000,0.000,0.00,0.000,0.000,0.00,0.000,0.000,0.00,0.000,0.000,0.00,0.000,0.000,0.00,0.000,0.000,0.00,0.000,0.000,0.00,0.000,0.000,0.00,0.000,0.000,0.00,0.000,0.000,0.00,0.000,0.000,0.00,0.000,0.000,0.00,0.000,0.000,0.00,0.000,0.000,0.00,0.000,0.000,0.00,0.000,0.000,0.00,0.000,0.000,0.00,0.000,0.000,0.00,0.000,0.000,0.00
137.0204,0.000,0.000,0.00,0.77,0.00,0.000,0.000,0.00,0.000,0.000,0.00,0.000,0.000,0.00,0.000,0.000,0.00,0.000,0.000,0.00,0.000,0.000,0.00,0.000,0.000,0.00,0.000,0.000,0.00,0.000,0.000,0.00,0.000,0.000,0.00,0.000,0.000,0.00,0.000,0.000,0.00,0.000,0.000,0.00,0.000,0.000,0.00,0.000,0.000,0.00,0.000,0.000,0.00,0.000,0.000,0.00,0.000,0.000,0.00,0.000,0.000,0.00,0.000,0.000,0.00,0.000,0.000,0.00,0.000,0.000,0.00,0.000,0.000,0.00,0.000,0.000,0.00,0.000,0.000,0.00,0.000,0.000,0.00,0.000,0.000,0.00,0.000,0.000,0.00,0.000,0.000,0.00,0.000,0.000,0.00
137.1223,0.000,0.000,0.00,0.84,0.00,0.000,0.000,0.00,0.000,0.000,0.00,0.000,0.000,0.00,0.000,0.000,0.00,0.000,0.000,0.00,0.000,0.000,0.00,0.000,0.000,0.00,0.000,0.000,0.00,0.000,0.000,0.00,0.000,0.000,0.00,0.000,0.000,0.00,0.000,0.000,0.00,0.000,0.000,0.00,0.000,0.000,0.00,0.000,0.000,0.00,0.000,0.000,0.00,0.000,0.000,0.00,0.000,0.000,0.00,0.000,0.000,0.00,0.000,0.000,0.00,0.000,0.000,0.00,0.000,0.000,0.00,0.000,0.000,0.00,0.000,0.000,0.00,0.000,0.000,0.00,0.000,0.000,0.00,0.000,0.000,0.00,0.000,0.000,0.00,0.000,0.000,0.00,0.000,0.000,0.00
137.2242,0.000,0.000,0.00,0.84,0.00,0.000,0.000,0.00,0.000,0.000,0.00,0.000,0.000,0.00,0.000,0.000,0.00,0.000,0.000,0.00,0.000,0.000,0.00,0.000,0.000,0.00,0.000,0.000,0.00,0.000,0.000,0.00,0.000,0.000,0.00,0.000,0.000,0.00,0.000,0.000,0.00,0.000,0.000,0.00,0.000,0.000,0.00,0.000,0.000,0.00,0.000,0.000,0.00,0.000,0.000,0.00,0.000,0.000,0.00,0.000,0.000,0.00,0.000,0.000,0.00,0.000,0.000,0.00,0.000,0.000,0.00,0.000,0.000,0.00,0.000,0.000,0.00,0.000,0.000,0.00,0.000,0.000,0.00,0.000,0.000,0.00,0.000,0.000,0.00,0.000,0.000,0.00,0.000,0.000,0.00
137.3260,0.000,0.000,0.00,0.77,0.00,0.000,0.000,0.00,0.000,0.000,0.00,0.000,0.000,0.00,0.000,0.000,0.00,0.000,0.000,0.00,0.000,0.000,0.00,0.000,0.000,0.00,0.000,0.000,0.00,0.000,0.000,0.00,0.000,0.000,0.00,0.000,0.000,0.00,0.000,0.000,0.00,0.000,0.000,0.00,0.000,0.000,0.00,0.000,0.000,0.00,0.000,0.000,0.00,0.000,0.000,0.00,0.000,0.000,0.00,0.000,0.000,0.00,0.000,0.000,0.00,0.000,0.000,0.00,0.000,0.000,0.00,0.000,0.000,0.00,0.000,0.000,0.00,0.000,0.000,0.00,0.000,0.000,0.00,0.000,0.000,0.00,0.000,0.000,0.00,0.000,0.000,0.00,0.000,0.000,0.00
137.4279,0.000,0.000,0.00,0.84,0.00,0.000,0.000,0.00,0.000,0.000,0.00,0.000,0.000,0.00,0.000,0.000,0.00,0.000,0.000,0.00,0.000,0.000,0.00,0.000,0.000,0.00,0.000,0.000,0.00,0.000,0.000,0.00,0.000,0.000,0.00,0.000,0.000,0.00,0.000,0.000,0.00,0.000,0.000,0.00,0.000,0.000,0.00,0.000,0.000,0.00,0.000,0.000,0.00,0.000,0.000,0.00,0.000,0.000,0.00,0.000,0.000,0.00,0.000,0.000,0.00,0.000,0.000,0.00,0.000,0.000,0.00,0.000,0.000,0.00,0.000,0.000,0.00,0.000,0.000,0.00,0.000,0.000,0.00,0.000,0.000,0.00,0.000,0.000,0.00,0.000,0.000,0.00,0.000,0.000,0.00
137.5297,0.000,0.000,0.00,0.77,0.00,0.000,0.000,0.00,0.000,0.000,0.00,0.000,0.000,0.00,0.000,0.000,0.00,0.000,0.000,0.00,0.000,0.000,0.00,0.000,0.000,0.00,0.000,0.000,0.00,0.000,0.000,0.00,0.000,0.000,0.00,0.000,0.000,0.00,0.000,0.000,0.00,0.000,0.000,0.00,0.000,0.000,0.00,0.000,0.000,0.00,0.000,0.000,0.00,0.000,0.000,0.00,0.000,0.000,0.00,0.000,0.000,0.00,0.000,0.000,0.00,0.000,0.000,0.00,0.000,0.000,0.00,0.000,0.000,0.00,0.000,0.000,0.00,0.000,0.000,0.00,0.000,0.000,0.00,0.000,0.000,0.00,0.000,0.000,0.00,0.000,0.000,0.00,0.000,0.000,0.00
137.6315,0.000,0.000,0.00,0.84,0.00,0.000,0.000,0.00,0.000,0.000,0.00,0.000,0.000,0.00,0.000,0.000,0.00,0.000,0.000,0.00,0.000,0.000,0.00,0.000,0.000,0.00,0.000,0.000,0.00,0.000,0.000,0.00,0.000,0.000,0.00,0.000,0.000,0.00,0.000,0.000,0.00,0.000,0.000,0.00,0.000,0.000,0.00,0.000,0.000,0.00,0.000,0.000,0.00,0.000,0.000,0.00,0.000,0.000,0.00,0.000,0.000,0.00,0.000,0.000,0.00,0.000,0.000,0.00,0.000,0.000,0.00,0.000,0.000,0.00,0.000,0.000,0.00,0.000,0.000,0.00,0.000,0.000,0.00,0.000,0.000,0.00,0.000,0.000,0.00,0.000,0.000,0.00,0.000,0.000,0.00
137.7334,0.000,0.000,0.00,0.77,0.00,0.000,0.000,0.00,0.000,0.000,0.00,0.000,0.000,0.00,0.000,0.000,0.00,0.000,0.000,0.00,0.000,0.000,0.00,0.000,0.000,0.00,0.000,0.000,0.00,0.000,0.000,0.00,0.000,0.000,0.00,0.000,0.000,0.00,0.000,0.000,0.00,0.000,0.000,0.00,0.000,0.000,0.00,0.000,0.000,0.00,0.000,0.000,0.00,0.000,0.000,0.00,0.000,0.000,0.00,0.000,0.000,0.00,0.000,0.000,0.00,0.000,0.000,0.00,0.000,0.000,0.00,0.000,0.000,0.00,0.000,0.000,0.00,0.000,0.000,0.00,0.000,0.000,0.00,0.000,0.000,0.00,0.000,0.000,0.00,0.000,0.000,0.00,0.000,0.000,0.00
137.8352,0.000,0.000,0.00,0.84,0.00,0.000,0.000,0.00,0.000,0.000,0.00,0.000,0.000,0.00,0.000,0.000,0.00,0.000,0.000,0.00,0.000,0.000,0.00,0.000,0.000,0.00,0.000,0.000,0.00,0.000,0.000,0.00,0.000,0.000,0.00,0.000,0.000,0.00,0.000,0.000,0.00,0.000,0.000,0.00,0.000,0.000,0.00,0.000,0.000,0.00,0.000,0.000,0.00,0.000,0.000,0.00,0.000,0.000,0.00,0.000,0.000,0.00,0.000,0.000,0.00,0.000,0.000,0.00,0.000,0.000,0.00,0.000,0.000,0.00,0.000,0.000,0.00,0.000,0.000,0.00,0.000,0.000,0.00,0.000,0.000,0.00,0.000,0.000,0.00,0.000,0.000,0.00,0.000,0.000,0.00
137.9370,0.000,0.000,0.00,0.77,0.00,0.000,0.000,0.00,0.000,0.000,0.00,0.000,0.000,0.00,0.000,0.000,0.00,0.000,0.000,0.00,0.000,0.000,0.00,0.000,0.000,0.00,0.000,0.000,0.00,0.000,0.000,0.00,0.000,0.000,0.00,0.000,0.000,0.00,0.000,0.000,0.00,0.000,0.000,0.00,0.000,0.000,0.00,0.000,0.000,0.00,0.000,0.000,0.00,0.000,0.000,0.00,0.000,0.000,0.00,0.000,0.000,0.00,0.000,0.000,0.00,0.000,0.000,0.00,0.000,0.000,0.00,0.000,0.000,0.00,0.000,0.000,0.00,0.000,0.000,0.00,0.000,0.000,0.00,0.000,0.000,0.00,0.000,0.000,0.00,0.000,0.000,0.00,0.000,0.000,0.00
138.0389,0.000,0.000,0.00,0.92,0.00,0.000,0.000,0.00,0.000,0.000,0.00,0.000,0.000,0.00,0.000,0.000,0.00,0.000,0.000,0.00,0.000,0.000,0.00,0.000,0.000,0.00,0.000,0.000,0.00,0.000,0.000,0.00,0.000,0.000,0.00,0.000,0.000,0.00,0.000,0.000,0.00,0.000,0.000,0.00,0.000,0.000,0.00,0.000,0.000,0.00,0.000,0.000,0.00,0.000,0.000,0.00,0.000,0.000,0.00,0.000,0.000,0.00,0.000,0.000,0.00,0.000,0.000,0.00,0.000,0.000,0.00,0.000,0.000,0.00,0.000,0.000,0.00,0.000,0.000,0.00,0.000,0.000,0.00,0.000,0.000,0.00,0.000,0.000,0.00,0.000,0.000,0.00,0.000,0.000,0.00
138.1407,0.000,0.000,0.00,1.00,0.00,0.000,0.000,0.00,0.000,0.000,0.00,0.000,0.000,0.00,0.000,0.000,0.00,0.000,0.000,0.00,0.000,0.000,0.00,0.000,0.000,0.00,0.000,0.000,0.00,0.000,0.000,0.00,0.000,0.000,0.00,0.000,0.000,0.00,0.000,0.000,0.00,0.000,0.000,0.00,0.000,0.000,0.00,0.000,0.000,0.00,0.000,0.000,0.00,0.000,0.000,0.00,0.000,0.000,0.00,0.000,0.000,0.00,0.000,0.000,0.00,0.000,0.000,0.00,0.000,0.000,0.00,0.000,0.000,0.00,0.000,0.000,0.00,0.000,0.000,0.00,0.000,0.000,0.00,0.000,0.000,0.00,0.000,0.000,0.00,0.000,0.000,0.00,0.000,0.000,0.00
138.2426,0.000,0.000,0.00,0.84,0.00,0.000,0.000,0.00,0.000,0.000,0.00,0.000,0.000,0.00,0.000,0.000,0.00,0.000,0.000,0.00,0.000,0.000,0.00,0.000,0.000,0.00,0.000,0.000,0.00,0.000,0.000,0.00,0.000,0.000,0.00,0.000,0.000,0.00,0.000,0.000,0.00,0.000,0.000,0.00,0.000,0.000,0.00,0.000,0.000,0.00,0.000,0.000,0.00,0.000,0.000,0.00,0.000,0.000,0.00,0.000,0.000,0.00,0.000,0.000,0.00,0.000,0.000,0.00,0.000,0.000,0.00,0.000,0.000,0.00,0.000,0.000,0.00,0.000,0.000,0.00,0.000,0.000,0.00,0.000,0.000,0.00,0.000,0.000,0.00,0.000,0.000,0.00,0.000,0.000,0.00
138.3445,0.000,0.000,0.00,0.92,0.00,0.000,0.000,0.00,0.000,0.000,0.00,0.000,0.000,0.00,0.000,0.000,0.00,0.000,0.000,0.00,0.000,0.000,0.00,0.000,0.000,0.00,0.000,0.000,0.00,0.000,0.000,0.00,0.000,0.000,0.00,0.000,0.000,0.00,0.000,0.000,0.00,0.000,0.000,0.00,0.000,0.000,0.00,0.000,0.000,0.00,0.000,0.000,0.00,0.000,0.000,0.00,0.000,0.000,0.00,0.000,0.000,0.00,0.000,0.000,0.00,0.000,0.000,0.00,0.000,0.000,0.00,0.000,0.000,0.00,0.000,0.000,0.00,0.000,0.000,0.00,0.000,0.000,0.00,0.000,0.000,0.00,0.000,0.000,0.00,0.000,0.000,0.00,0.000,0.000,0.00
138.4464,0.000,0.000,0.00,0.77,0.00,0.000,0.000,0.00,0.000,0.000,0.00,0.000,0.000,0.00,0.000,0.000,0.00,0.000,0.000,0.00,0.000,0.000,0.00,0.000,0.000,0.00,0.000,0.000,0.00,0.000,0.000,0.00,0.000,0.000,0.00,0.000,0.000,0.00,0.000,0.000,0.00,0.000,0.000,0.00,0.000,0.000,0.00,0.000,0.000,0.00,0.000,0.000,0.00,0.000,0.000,0.00,0.000,0.000,0.00,0.000,0.000,0.00,0.000,0.000,0.00,0.000,0.000,0.00,0.000,0.000,0.00,0.000,0.000,0.00,0.000,0.000,0.00,0.000,0.000,0.00,0.000,0.000,0.00,0.000,0.000,0.00,0.000,0.000,0.00,0.000,0.000,0.00,0.000,0.000,0.00
138.5482,0.000,0.000,0.00,0.77,0.00,0.000,0.000,0.00,0.000,0.000,0.00,0.000,0.000,0.00,0.000,0.000,0.00,0.000,0.000,0.00,0.000,0.000,0.00,0.000,0.000,0.00,0.000,0.000,0.00,0.000,0.000,0.00,0.000,0.000,0.00,0.000,0.000,0.00,0.000,0.000,0.00,0.000,0.000,0.00,0.000,0.000,0.00,0.000,0.000,0.00,0.000,0.000,0.00,0.000,0.000,0.00,0.000,0.000,0.00,0.000,0.000,0.00,0.000,0.000,0.00,0.000,0.000,0.00,0.000,0.000,0.00,0.000,0.000,0.00,0.000,0.000,0.00,0.000,0.000,0.00,0.000,0.000,0.00,0.000,0.000,0.00,0.000,0.000,0.00,0.000,0.000,0.00,0.000,0.000,0.00
138.6501,0.000,0.000,0.00,0.92,0.00,0.000,0.000,0.00,0.000,0.000,0.00,0.000,0.000,0.00,0.000,0.000,0.00,0.000,0.000,0.00,0.000,0.000,0.00,0.000,0.000,0.00,0.000,0.000,0.00,0.000,0.000,0.00,0.000,0.000,0.00,0.000,0.000,0.00,0.000,0.000,0.00,0.000,0.000,0.00,0.000,0.000,0.00,0.000,0.000,0.00,0.000,0.000,0.00,0.000,0.000,0.00,0.000,0.000,0.00,0.000,0.000,0.00,0.000,0.000,0.00,0.000,0.000,0.00,0.000,0.000,0.00,0.000,0.000,0.00,0.000,0.000,0.00,0.000,0.000,0.00,0.000,0.000,0.00,0.000,0.000,0.00,0.000,0.000,0.00,0.000,0.000,0.00,0.000,0.000,0.00
138.7519,0.000,0.000,0.00,0.84,0.00,0.000,0.000,0.00,0.000,0.000,0.00,0.000,0.000,0.00,0.000,0.000,0.00,0.000,0.000,0.00,0.000,0.000,0.00,0.000,0.000,0.00,0.000,0.000,0.00,0.000,0.000,0.00,0.000,0.000,0.00,0.000,0.000,0.00,0.000,0.000,0.00,0.000,0.000,0.00,0.000,0.000,0.00,0.000,0.000,0.00,0.000,0.000,0.00,0.000,0.000,0.00,0.000,0.000,0.00,0.000,0.000,0.00,0.000,0.000,0.00,0.000,0.000,0.00,0.000,0.000,0.00,0.000,0.000,0.00,0.000,0.000,0.00,0.000,0.000,0.00,0.000,0.000,0.00,0.000,0.000,0.00,0.000,0.000,0.00,0.000,0.000,0.00,0.000,0.000,0.00
138.8538,0.000,0.000,0.00,0.77,0.00,0.000,0.000,0.00,0.000,0.000,0.00,0.000,0.000,0.00,0.000,0.000,0.00,0.000,0.000,0.00,0.000,0.000,0.00,0.000,0.000,0.00,0.000,0.000,0.00,0.000,0.000,0.00,0.000,0.000,0.00,0.000,0.000,0.00,0.000,0.000,0.00,0.000,0.000,0.00,0.000,0.000,0.00,0.000,0.000,0.00,0.000,0.000,0.00,0.000,0.000,0.00,0.000,0.000,0.00,0.000,0.000,0.00,0.000,0.000,0.00,0.000,0.000,0.00,0.000,0.000,0.00,0.000,0.000,0.00,0.000,0.000,0.00,0.000,0.000,0.00,0.000,0.000,0.00,0.000,0.000,0.00,0.000,0.000,0.00,0.000,0.000,0.00,0.000,0.000,0.00
138.9557,0.000,0.000,0.00,0.77,0.00,0.000,0.000,0.00,0.000,0.000,0.00,0.000,0.000,0.00,0.000,0.000,0.00,0.000,0.000,0.00,0.000,0.000,0.00,0.000,0.000,0.00,0.000,0.000,0.00,0.000,0.000,0.00,0.000,0.000,0.00,0.000,0.000,0.00,0.000,0.000,0.00,0.000,0.000,0.00,0.000,0.000,0.00,0.000,0.000,0.00,0.000,0.000,0.00,0.000,0.000,0.00,0.000,0.000,0.00,0.000,0.000,0.00,0.000,0.000,0.00,0.000,0.000,0.00,0.000,0.000,0.00,0.000,0.000,0.00,0.000,0.000,0.00,0.000,0.000,0.00,0.000,0.000,0.00,0.000,0.000,0.00,0.000,0.000,0.00,0.000,0.000,0.00,0.000,0.000,0.00
139.0575,0.000,0.000,0.00,0.77,0.00,0.000,0.000,0.00,0.000,0.000,0.00,0.000,0.000,0.00,0.000,0.000,0.00,0.000,0.000,0.00,0.000,0.000,0.00,0.000,0.000,0.00,0.000,0.000,0.00,0.000,0.000,0.00,0.000,0.000,0.00,0.000,0.000,0.00,0.000,0.000,0.00,0.000,0.000,0.00,0.000,0.000,0.00,0.000,0.000,0.00,0.000,0.000,0.00,0.000,0.000,0.00,0.000,0.000,0.00,0.000,0.000,0.00,0.000,0.000,0.00,0.000,0.000,0.00,0.000,0.000,0.00,0.000,0.000,0.00,0.000,0.000,0.00,0.000,0.000,0.00,0.000,0.000,0.00,0.000,0.000,0.00,0.000,0.000,0.00,0.000,0.000,0.00,0.000,0.000,0.00
139.1592,0.000,0.000,0.00,0.84,0.00,0.000,0.000,0.00,0.000,0.000,0.00,0.000,0.000,0.00,0.000,0.000,0.00,0.000,0.000,0.00,0.000,0.000,0.00,0.000,0.000,0.00,0.000,0.000,0.00,0.000,0.000,0.00,0.000,0.000,0.00,0.000,0.000,0.00,0.000,0.000,0.00,0.000,0.000,0.00,0.000,0.000,0.00,0.000,0.000,0.00,0.000,0.000,0.00,0.000,0.000,0.00,0.000,0.000,0.00,0.000,0.000,0.00,0.000,0.000,0.00,0.000,0.000,0.00,0.000,0.000,0.00,0.000,0.000,0.00,0.000,0.000,0.00,0.000,0.000,0.00,0.000,0.000,0.00,0.000,0.000,0.00,0.000,0.000,0.00,0.000,0.000,0.00,0.000,0.000,0.00
139.2610,0.000,0.000,0.00,0.92,0.00,0.000,0.000,0.00,0.000,0.000,0.00,0.000,0.000,0.00,0.000,0.000,0.00,0.000,0.000,0.00,0.000,0.000,0.00,0.000,0.000,0.00,0.000,0.000,0.00,0.000,0.000,0.00,0.000,0.000,0.00,0.000,0.000,0.00,0.000,0.000,0.00,0.000,0.000,0.00,0.000,0.000,0.00,0.000,0.000,0.00,0.000,0.000,0.00,0.000,0.000,0.00,0.000,0.000,0.00,0.000,0.000,0.00,0.000,0.000,0.00,0.000,0.000,0.00,0.000,0.000,0.00,0.000,0.000,0.00,0.000,0.000,0.00,0.000,0.000,0.00,0.000,0.000,0.00,0.000,0.000,0.00,0.000,0.000,0.00,0.000,0.000,0.00,0.000,0.000,0.00
139.3628,0.000,0.000,0.00,0.77,0.00,0.000,0.000,0.00,0.000,0.000,0.00,0.000,0.000,0.00,0.000,0.000,0.00,0.000,0.000,0.00,0.000,0.000,0.00,0.000,0.000,0.00,0.000,0.000,0.00,0.000,0.000,0.00,0.000,0.000,0.00,0.000,0.000,0.00,0.000,0.000,0.00,0.000,0.000,0.00,0.000,0.000,0.00,0.000,0.000,0.00,0.000,0.000,0.00,0.000,0.000,0.00,0.000,0.000,0.00,0.000,0.000,0.00,0.000,0.000,0.00,0.000,0.000,0.00,0.000,0.000,0.00,0.000,0.000,0.00,0.000,0.000,0.00,0.000,0.000,0.00,0.000,0.000,0.00,0.000,0.000,0.00,0.000,0.000,0.00,0.000,0.000,0.00,0.000,0.000,0.00
139.4647,0.000,0.000,0.00,0.77,0.00,0.000,0.000,0.00,0.000,0.000,0.00,0.000,0.000,0.00,0.000,0.000,0.00,0.000,0.000,0.00,0.000,0.000,0.00,0.000,0.000,0.00,0.000,0.000,0.00,0.000,0.000,0.00,0.000,0.000,0.00,0.000,0.000,0.00,0.000,0.000,0.00,0.000,0.000,0.00,0.000,0.000,0.00,0.000,0.000,0.00,0.000,0.000,0.00,0.000,0.000,0.00,0.000,0.000,0.00,0.000,0.000,0.00,0.000,0.000,0.00,0.000,0.000,0.00,0.000,0.000,0.00,0.000,0.000,0.00,0.000,0.000,0.00,0.000,0.000,0.00,0.000,0.000,0.00,0.000,0.000,0.00,0.000,0.000,0.00,0.000,0.000,0.00,0.000,0.000,0.00
139.5665,0.000,0.000,0.00,0.77,0.00,0.000,0.000,0.00,0.000,0.000,0.00,0.000,0.000,0.00,0.000,0.000,0.00,0.000,0.000,0.00,0.000,0.000,0.00,0.000,0.000,0.00,0.000,0.000,0.00,0.000,0.000,0.00,0.000,0.000,0.00,0.000,0.000,0.00,0.000,0.000,0.00,0.000,0.000,0.00,0.000,0.000,0.00,0.000,0.000,0.00,0.000,0.000,0.00,0.000,0.000,0.00,0.000,0.000,0.00,0.000,0.000,0.00,0.000,0.000,0.00,0.000,0.000,0.00,0.000,0.000,0.00,0.000,0.000,0.00,0.000,0.000,0.00,0.000,0.000,0.00,0.000,0.000,0.00,0.000,0.000,0.00,0.000,0.000,0.00,0.000,0.000,0.00,0.000,0.000,0.00
139.6683,0.000,0.000,0.00,1.00,0.00,0.000,0.000,0.00,0.000,0.000,0.00,0.000,0.000,0.00,0.000,0.000,0.00,0.000,0.000,0.00,0.000,0.000,0.00,0.000,0.000,0.00,0.000,0.000,0.00,0.000,0.000,0.00,0.000,0.000,0.00,0.000,0.000,0.00,0.000,0.000,0.00,0.000,0.000,0.00,0.000,0.000,0.00,0.000,0.000,0.00,0.000,0.000,0.00,0.000,0.000,0.00,0.000,0.000,0.00,0.000,0.000,0.00,0.000,0.000,0.00,0.000,0.000,0.00,0.000,0.000,0.00,0.000,0.000,0.00,0.000,0.000,0.00,0.000,0.000,0.00,0.000,0.000,0.00,0.000,0.000,0.00,0.000,0.000,0.00,0.000,0.000,0.00,0.000,0.000,0.00
139.7702,0.000,0.000,0.00,0.77,0.00,0.000,0.000,0.00,0.000,0.000,0.00,0.000,0.000,0.00,0.000,0.000,0.00,0.000,0.000,0.00,0.000,0.000,0.00,0.000,0.000,0.00,0.000,0.000,0.00,0.000,0.000,0.00,0.000,0.000,0.00,0.000,0.000,0.00,0.000,0.000,0.00,0.000,0.000,0.00,0.000,0.000,0.00,0.000,0.000,0.00,0.000,0.000,0.00,0.000,0.000,0.00,0.000,0.000,0.00,0.000,0.000,0.00,0.000,0.000,0.00,0.000,0.000,0.00,0.000,0.000,0.00,0.000,0.000,0.00,0.000,0.000,0.00,0.000,0.000,0.00,0.000,0.000,0.00,0.000,0.000,0.00,0.000,0.000,0.00,0.000,0.000,0.00,0.000,0.000,0.00
139.8721,0.000,0.000,0.00,0.84,0.00,0.000,0.000,0.00,0.000,0.000,0.00,0.000,0.000,0.00,0.000,0.000,0.00,0.000,0.000,0.00,0.000,0.000,0.00,0.000,0.000,0.00,0.000,0.000,0.00,0.000,0.000,0.00,0.000,0.000,0.00,0.000,0.000,0.00,0.000,0.000,0.00,0.000,0.000,0.00,0.000,0.000,0.00,0.000,0.000,0.00,0.000,0.000,0.00,0.000,0.000,0.00,0.000,0.000,0.00,0.000,0.000,0.00,0.000,0.000,0.00,0.000,0.000,0.00,0.000,0.000,0.00,0.000,0.000,0.00,0.000,0.000,0.00,0.000,0.000,0.00,0.000,0.000,0.00,0.000,0.000,0.00,0.000,0.000,0.00,0.000,0.000,0.00,0.000,0.000,0.00
139.9740,0.000,0.000,0.00,0.77,0.00,0.000,0.000,0.00,0.000,0.000,0.00,0.000,0.000,0.00,0.000,0.000,0.00,0.000,0.000,0.00,0.000,0.000,0.00,0.000,0.000,0.00,0.000,0.000,0.00,0.000,0.000,0.00,0.000,0.000,0.00,0.000,0.000,0.00,0.000,0.000,0.00,0.000,0.000,0.00,0.000,0.000,0.00,0.000,0.000,0.00,0.000,0.000,0.00,0.000,0.000,0.00,0.000,0.000,0.00,0.000,0.000,0.00,0.000,0.000,0.00,0.000,0.000,0.00,0.000,0.000,0.00,0.000,0.000,0.00,0.000,0.000,0.00,0.000,0.000,0.00,0.000,0.000,0.00,0.000,0.000,0.00,0.000,0.000,0.00,0.000,0.000,0.00,0.000,0.000,0.00
140.0759,0.000,0.000,0.00,0.77,0.00,0.000,0.000,0.00,0.000,0.000,0.00,0.000,0.000,0.00,0.000,0.000,0.00,0.000,0.000,0.00,0.000,0.000,0.00,0.000,0.000,0.00,0.000,0.000,0.00,0.000,0.000,0.00,0.000,0.000,0.00,0.000,0.000,0.00,0.000,0.000,0.00,0.000,0.000,0.00,0.000,0.000,0.00,0.000,0.000,0.00,0.000,0.000,0.00,0.000,0.000,0.00,0.000,0.000,0.00,0.000,0.000,0.00,0.000,0.000,0.00,0.000,0.000,0.00,0.000,0.000,0.00,0.000,0.000,0.00,0.000,0.000,0.00,0.000,0.000,0.00,0.000,0.000,0.00,0.000,0.000,0.00,0.000,0.000,0.00,0.000,0.000,0.00,0.000,0.000,0.00
140.1777,0.000,0.000,0.00,0.92,0.00,0.000,0.000,0.00,0.000,0.000,0.00,0.000,0.000,0.00,0.000,0.000,0.00,0.000,0.000,0.00,0.000,0.000,0.00,0.000,0.000,0.00,0.000,0.000,0.00,0.000,0.000,0.00,0.000,0.000,0.00,0.000,0.000,0.00,0.000,0.000,0.00,0.000,0.000,0.00,0.000,0.000,0.00,0.000,0.000,0.00,0.000,0.000,0.00,0.000,0.000,0.00,0.000,0.000,0.00,0.000,0.000,0.00,0.000,0.000,0.00,0.000,0.000,0.00,0.000,0.000,0.00,0.000,0.000,0.00,0.000,0.000,0.00,0.000,0.000,0.00,0.000,0.000,0.00,0.000,0.000,0.00,0.000,0.000,0.00,0.000,0.000,0.00,0.000,0.000,0.00
140.2795,0.000,0.000,0.00,0.92,0.00,0.000,0.000,0.00,0.000,0.000,0.00,0.000,0.000,0.00,0.000,0.000,0.00,0.000,0.000,0.00,0.000,0.000,0.00,0.000,0.000,0.00,0.000,0.000,0.00,0.000,0.000,0.00,0.000,0.000,0.00,0.000,0.000,0.00,0.000,0.000,0.00,0.000,0.000,0.00,0.000,0.000,0.00,0.000,0.000,0.00,0.000,0.000,0.00,0.000,0.000,0.00,0.000,0.000,0.00,0.000,0.000,0.00,0.000,0.000,0.00,0.000,0.000,0.00,0.000,0.000,0.00,0.000,0.000,0.00,0.000,0.000,0.00,0.000,0.000,0.00,0.000,0.000,0.00,0.000,0.000,0.00,0.000,0.000,0.00,0.000,0.000,0.00,0.000,0.000,0.00
140.3815,0.000,0.000,0.00,0.77,0.00,0.000,0.000,0.00,0.000,0.000,0.00,0.000,0.000,0.00,0.000,0.000,0.00,0.000,0.000,0.00,0.000,0.000,0.00,0.000,0.000,0.00,0.000,0.000,0.00,0.000,0.000,0.00,0.000,0.000,0.00,0.000,0.000,0.00,0.000,0.000,0.00,0.000,0.000,0.00,0.000,0.000,0.00,0.000,0.000,0.00,0.000,0.000,0.00,0.000,0.000,0.00,0.000,0.000,0.00,0.000,0.000,0.00,0.000,0.000,0.00,0.000,0.000,0.00,0.000,0.000,0.00,0.000,0.000,0.00,0.000,0.000,0.00,0.000,0.000,0.00,0.000,0.000,0.00,0.000,0.000,0.00,0.000,0.000,0.00,0.000,0.000,0.00,0.000,0.000,0.00
140.4832,0.000,0.000,0.00,0.77,0.00,0.000,0.000,0.00,0.000,0.000,0.00,0.000,0.000,0.00,0.000,0.000,0.00,0.000,0.000,0.00,0.000,0.000,0.00,0.000,0.000,0.00,0.000,0.000,0.00,0.000,0.000,0.00,0.000,0.000,0.00,0.000,0.000,0.00,0.000,0.000,0.00,0.000,0.000,0.00,0.000,0.000,0.00,0.000,0.000,0.00,0.000,0.000,0.00,0.000,0.000,0.00,0.000,0.000,0.00,0.000,0.000,0.00,0.000,0.000,0.00,0.000,0.000,0.00,0.000,0.000,0.00,0.000,0.000,0.00,0.000,0.000,0.00,0.000,0.000,0.00,0.000,0.000,0.00,0.000,0.000,0.00,0.000,0.000,0.00,0.000,0.000,0.00,0.000,0.000,0.00
140.5850,0.000,0.000,0.00,0.84,0.00,0.000,0.000,0.00,0.000,0.000,0.00,0.000,0.000,0.00,0.000,0.000,0.00,0.000,0.000,0.00,0.000,0.000,0.00,0.000,0.000,0.00,0.000,0.000,0.00,0.000,0.000,0.00,0.000,0.000,0.00,0.000,0.000,0.00,0.000,0.000,0.00,0.000,0.000,0.00,0.000,0.000,0.00,0.000,0.000,0.00,0.000,0.000,0.00,0.000,0.000,0.00,0.000,0.000,0.00,0.000,0.000,0.00,0.000,0.000,0.00,0.000,0.000,0.00,0.000,0.000,0.00,0.000,0.000,0.00,0.000,0.000,0.00,0.000,0.000,0.00,0.000,0.000,0.00,0.000,0.000,0.00,0.000,0.000,0.00,0.000,0.000,0.00,0.000,0.000,0.00
140.6869,0.000,0.000,0.00,0.84,0.00,0.000,0.000,0.00,0.000,0.000,0.00,0.000,0.000,0.00,0.000,0.000,0.00,0.000,0.000,0.00,0.000,0.000,0.00,0.000,0.000,0.00,0.000,0.000,0.00,0.000,0.000,0.00,0.000,0.000,0.00,0.000,0.000,0.00,0.000,0.000,0.00,0.000,0.000,0.00,0.000,0.000,0.00,0.000,0.000,0.00,0.000,0.000,0.00,0.000,0.000,0.00,0.000,0.000,0.00,0.000,0.000,0.00,0.000,0.000,0.00,0.000,0.000,0.00,0.000,0.000,0.00,0.000,0.000,0.00,0.000,0.000,0.00,0.000,0.000,0.00,0.000,0.000,0.00,0.000,0.000,0.00,0.000,0.000,0.00,0.000,0.000,0.00,0.000,0.000,0.00
140.6886,0.000,0.000,0.00,0.00,0.00,0.000,0.000,0.00,0.000,0.000,0.00,0.000,0.000,0.00,0.000,0.000,0.00,0.000,0.000,0.00,0.000,0.000,0.00,0.000,0.000,0.00,0.000,0.000,0.00,0.000,0.000,0.00,0.000,0.000,0.00,0.000,0.000,0.00,0.000,0.000,0.00,0.000,0.000,0.00,0.000,0.000,0.00,0.000,0.000,0.00,0.000,0.000,0.00,0.000,0.000,0.00,0.000,0.000,0.00,0.000,0.000,0.00,0.000,0.000,0.00,0.000,0.000,0.00,0.000,0.000,0.00,0.000,0.000,0.00,0.000,0.000,0.00,0.000,0.000,0.00,0.000,0.000,0.00,0.000,0.000,0.00,0.000,0.000,0.00,0.000,0.000,0.00,0.000,0.000,0.00
