time_s,agg_read_mbps,agg_write_mbps,mean_util_pct,cpu_pct,iowait_pct,nvme0n1p1_read_mbps,nvme0n1p1_write_mbps,nvme0n1p1_util_pct,nvme10n1p1_read_mbps,nvme10n1p1_write_mbps,nvme10n1p1_util_pct,nvme11n1p1_read_mbps,nvme11n1p1_write_mbps,nvme11n1p1_util_pct,nvme12n1p1_read_mbps,nvme12n1p1_write_mbps,nvme12n1p1_util_pct,nvme13n1p1_read_mbps,nvme13n1p1_write_mbps,nvme13n1p1_util_pct,nvme14n1p1_read_mbps,nvme14n1p1_write_mbps,nvme14n1p1_util_pct,nvme15n1p1_read_mbps,nvme15n1p1_write_mbps,nvme15n1p1_util_pct,nvme17n1p1_read_mbps,nvme17n1p1_write_mbps,nvme17n1p1_util_pct,nvme18n1p1_read_mbps,nvme18n1p1_write_mbps,nvme18n1p1_util_pct,nvme19n1p1_read_mbps,nvme19n1p1_write_mbps,nvme19n1p1_util_pct,nvme1n1p1_read_mbps,nvme1n1p1_write_mbps,nvme1n1p1_util_pct,nvme20n1p1_read_mbps,nvme20n1p1_write_mbps,nvme20n1p1_util_pct,nvme21n1p1_read_mbps,nvme21n1p1_write_mbps,nvme21n1p1_util_pct,nvme22n1p1_read_mbps,nvme22n1p1_write_mbps,nvme22n1p1_util_pct,nvme23n1p1_read_mbps,nvme23n1p1_write_mbps,nvme23n1p1_util_pct,nvme24n1p1_read_mbps,nvme24n1p1_write_mbps,nvme24n1p1_util_pct,nvme25n1p1_read_mbps,nvme25n1p1_write_mbps,nvme25n1p1_util_pct,nvme26n1p1_read_mbps,nvme26n1p1_write_mbps,nvme26n1p1_util_pct,nvme27n1p1_read_mbps,nvme27n1p1_write_mbps,nvme27n1p1_util_pct,nvme28n1p1_read_mbps,nvme28n1p1_write_mbps,nvme28n1p1_util_pct,nvme29n1p1_read_mbps,nvme29n1p1_write_mbps,nvme29n1p1_util_pct,nvme2n1p1_read_mbps,nvme2n1p1_write_mbps,nvme2n1p1_util_pct,nvme30n1p3_read_mbps,nvme30n1p3_write_mbps,nvme30n1p3_util_pct,nvme3n1p1_read_mbps,nvme3n1p1_write_mbps,nvme3n1p1_util_pct,nvme4n1p1_read_mbps,nvme4n1p1_write_mbps,nvme4n1p1_util_pct,nvme5n1p1_read_mbps,nvme5n1p1_write_mbps,nvme5n1p1_util_pct,nvme6n1p1_read_mbps,nvme6n1p1_write_mbps,nvme6n1p1_util_pct,nvme7n1p1_read_mbps,nvme7n1p1_write_mbps,nvme7n1p1_util_pct,nvme8n1p1_read_mbps,nvme8n1p1_write_mbps,nvme8n1p1_util_pct,nvme9n1p1_read_mbps,nvme9n1p1_write_mbps,nvme9n1p1_util_pct
0.1025,0.000,0.000,0.00,91.41,0.00,0.000,0.000,0.00,0.000,0.000,0.00,0.000,0.000,0.00,0.000,0.000,0.00,0.000,0.000,0.00,0.000,0.000,0.00,0.000,0.000,0.00,0.000,0.000,0.00,0.000,0.000,0.00,0.000,0.000,0.00,0.000,0.000,0.00,0.000,0.000,0.00,0.000,0.000,0.00,0.000,0.000,0.00,0.000,0.000,0.00,0.000,0.000,0.00,0.000,0.000,0.00,0.000,0.000,0.00,0.000,0.000,0.00,0.000,0.000,0.00,0.000,0.000,0.00,0.000,0.000,0.00,0.000,0.000,0.00,0.000,0.000,0.00,0.000,0.000,0.00,0.000,0.000,0.00,0.000,0.000,0.00,0.000,0.000,0.00,0.000,0.000,0.00,0.000,0.000,0.00
0.2055,0.000,0.000,0.00,99.24,0.00,0.000,0.000,0.00,0.000,0.000,0.00,0.000,0.000,0.00,0.000,0.000,0.00,0.000,0.000,0.00,0.000,0.000,0.00,0.000,0.000,0.00,0.000,0.000,0.00,0.000,0.000,0.00,0.000,0.000,0.00,0.000,0.000,0.00,0.000,0.000,0.00,0.000,0.000,0.00,0.000,0.000,0.00,0.000,0.000,0.00,0.000,0.000,0.00,0.000,0.000,0.00,0.000,0.000,0.00,0.000,0.000,0.00,0.000,0.000,0.00,0.000,0.000,0.00,0.000,0.000,0.00,0.000,0.000,0.00,0.000,0.000,0.00,0.000,0.000,0.00,0.000,0.000,0.00,0.000,0.000,0.00,0.000,0.000,0.00,0.000,0.000,0.00,0.000,0.000,0.00
0.3084,0.000,0.000,0.00,99.47,0.00,0.000,0.000,0.00,0.000,0.000,0.00,0.000,0.000,0.00,0.000,0.000,0.00,0.000,0.000,0.00,0.000,0.000,0.00,0.000,0.000,0.00,0.000,0.000,0.00,0.000,0.000,0.00,0.000,0.000,0.00,0.000,0.000,0.00,0.000,0.000,0.00,0.000,0.000,0.00,0.000,0.000,0.00,0.000,0.000,0.00,0.000,0.000,0.00,0.000,0.000,0.00,0.000,0.000,0.00,0.000,0.000,0.00,0.000,0.000,0.00,0.000,0.000,0.00,0.000,0.000,0.00,0.000,0.000,0.00,0.000,0.000,0.00,0.000,0.000,0.00,0.000,0.000,0.00,0.000,0.000,0.00,0.000,0.000,0.00,0.000,0.000,0.00,0.000,0.000,0.00
0.4115,0.000,0.000,0.00,100.00,0.00,0.000,0.000,0.00,0.000,0.000,0.00,0.000,0.000,0.00,0.000,0.000,0.00,0.000,0.000,0.00,0.000,0.000,0.00,0.000,0.000,0.00,0.000,0.000,0.00,0.000,0.000,0.00,0.000,0.000,0.00,0.000,0.000,0.00,0.000,0.000,0.00,0.000,0.000,0.00,0.000,0.000,0.00,0.000,0.000,0.00,0.000,0.000,0.00,0.000,0.000,0.00,0.000,0.000,0.00,0.000,0.000,0.00,0.000,0.000,0.00,0.000,0.000,0.00,0.000,0.000,0.00,0.000,0.000,0.00,0.000,0.000,0.00,0.000,0.000,0.00,0.000,0.000,0.00,0.000,0.000,0.00,0.000,0.000,0.00,0.000,0.000,0.00,0.000,0.000,0.00
0.5145,0.000,0.000,0.00,100.00,0.00,0.000,0.000,0.00,0.000,0.000,0.00,0.000,0.000,0.00,0.000,0.000,0.00,0.000,0.000,0.00,0.000,0.000,0.00,0.000,0.000,0.00,0.000,0.000,0.00,0.000,0.000,0.00,0.000,0.000,0.00,0.000,0.000,0.00,0.000,0.000,0.00,0.000,0.000,0.00,0.000,0.000,0.00,0.000,0.000,0.00,0.000,0.000,0.00,0.000,0.000,0.00,0.000,0.000,0.00,0.000,0.000,0.00,0.000,0.000,0.00,0.000,0.000,0.00,0.000,0.000,0.00,0.000,0.000,0.00,0.000,0.000,0.00,0.000,0.000,0.00,0.000,0.000,0.00,0.000,0.000,0.00,0.000,0.000,0.00,0.000,0.000,0.00,0.000,0.000,0.00
0.6175,0.000,0.000,0.00,100.00,0.00,0.000,0.000,0.00,0.000,0.000,0.00,0.000,0.000,0.00,0.000,0.000,0.00,0.000,0.000,0.00,0.000,0.000,0.00,0.000,0.000,0.00,0.000,0.000,0.00,0.000,0.000,0.00,0.000,0.000,0.00,0.000,0.000,0.00,0.000,0.000,0.00,0.000,0.000,0.00,0.000,0.000,0.00,0.000,0.000,0.00,0.000,0.000,0.00,0.000,0.000,0.00,0.000,0.000,0.00,0.000,0.000,0.00,0.000,0.000,0.00,0.000,0.000,0.00,0.000,0.000,0.00,0.000,0.000,0.00,0.000,0.000,0.00,0.000,0.000,0.00,0.000,0.000,0.00,0.000,0.000,0.00,0.000,0.000,0.00,0.000,0.000,0.00,0.000,0.000,0.00
0.7204,0.000,0.000,0.00,100.00,0.00,0.000,0.000,0.00,0.000,0.000,0.00,0.000,0.000,0.00,0.000,0.000,0.00,0.000,0.000,0.00,0.000,0.000,0.00,0.000,0.000,0.00,0.000,0.000,0.00,0.000,0.000,0.00,0.000,0.000,0.00,0.000,0.000,0.00,0.000,0.000,0.00,0.000,0.000,0.00,0.000,0.000,0.00,0.000,0.000,0.00,0.000,0.000,0.00,0.000,0.000,0.00,0.000,0.000,0.00,0.000,0.000,0.00,0.000,0.000,0.00,0.000,0.000,0.00,0.000,0.000,0.00,0.000,0.000,0.00,0.000,0.000,0.00,0.000,0.000,0.00,0.000,0.000,0.00,0.000,0.000,0.00,0.000,0.000,0.00,0.000,0.000,0.00,0.000,0.000,0.00
0.8234,0.000,0.000,0.00,100.00,0.00,0.000,0.000,0.00,0.000,0.000,0.00,0.000,0.000,0.00,0.000,0.000,0.00,0.000,0.000,0.00,0.000,0.000,0.00,0.000,0.000,0.00,0.000,0.000,0.00,0.000,0.000,0.00,0.000,0.000,0.00,0.000,0.000,0.00,0.000,0.000,0.00,0.000,0.000,0.00,0.000,0.000,0.00,0.000,0.000,0.00,0.000,0.000,0.00,0.000,0.000,0.00,0.000,0.000,0.00,0.000,0.000,0.00,0.000,0.000,0.00,0.000,0.000,0.00,0.000,0.000,0.00,0.000,0.000,0.00,0.000,0.000,0.00,0.000,0.000,0.00,0.000,0.000,0.00,0.000,0.000,0.00,0.000,0.000,0.00,0.000,0.000,0.00,0.000,0.000,0.00
0.9265,0.000,0.000,0.00,100.00,0.00,0.000,0.000,0.00,0.000,0.000,0.00,0.000,0.000,0.00,0.000,0.000,0.00,0.000,0.000,0.00,0.000,0.000,0.00,0.000,0.000,0.00,0.000,0.000,0.00,0.000,0.000,0.00,0.000,0.000,0.00,0.000,0.000,0.00,0.000,0.000,0.00,0.000,0.000,0.00,0.000,0.000,0.00,0.000,0.000,0.00,0.000,0.000,0.00,0.000,0.000,0.00,0.000,0.000,0.00,0.000,0.000,0.00,0.000,0.000,0.00,0.000,0.000,0.00,0.000,0.000,0.00,0.000,0.000,0.00,0.000,0.000,0.00,0.000,0.000,0.00,0.000,0.000,0.00,0.000,0.000,0.00,0.000,0.000,0.00,0.000,0.000,0.00,0.000,0.000,0.00
1.0295,0.000,0.000,0.00,99.92,0.00,0.000,0.000,0.00,0.000,0.000,0.00,0.000,0.000,0.00,0.000,0.000,0.00,0.000,0.000,0.00,0.000,0.000,0.00,0.000,0.000,0.00,0.000,0.000,0.00,0.000,0.000,0.00,0.000,0.000,0.00,0.000,0.000,0.00,0.000,0.000,0.00,0.000,0.000,0.00,0.000,0.000,0.00,0.000,0.000,0.00,0.000,0.000,0.00,0.000,0.000,0.00,0.000,0.000,0.00,0.000,0.000,0.00,0.000,0.000,0.00,0.000,0.000,0.00,0.000,0.000,0.00,0.000,0.000,0.00,0.000,0.000,0.00,0.000,0.000,0.00,0.000,0.000,0.00,0.000,0.000,0.00,0.000,0.000,0.00,0.000,0.000,0.00,0.000,0.000,0.00
1.1324,0.000,0.000,0.00,100.00,0.00,0.000,0.000,0.00,0.000,0.000,0.00,0.000,0.000,0.00,0.000,0.000,0.00,0.000,0.000,0.00,0.000,0.000,0.00,0.000,0.000,0.00,0.000,0.000,0.00,0.000,0.000,0.00,0.000,0.000,0.00,0.000,0.000,0.00,0.000,0.000,0.00,0.000,0.000,0.00,0.000,0.000,0.00,0.000,0.000,0.00,0.000,0.000,0.00,0.000,0.000,0.00,0.000,0.000,0.00,0.000,0.000,0.00,0.000,0.000,0.00,0.000,0.000,0.00,0.000,0.000,0.00,0.000,0.000,0.00,0.000,0.000,0.00,0.000,0.000,0.00,0.000,0.000,0.00,0.000,0.000,0.00,0.000,0.000,0.00,0.000,0.000,0.00,0.000,0.000,0.00
1.2355,0.000,0.000,0.00,100.00,0.00,0.000,0.000,0.00,0.000,0.000,0.00,0.000,0.000,0.00,0.000,0.000,0.00,0.000,0.000,0.00,0.000,0.000,0.00,0.000,0.000,0.00,0.000,0.000,0.00,0.000,0.000,0.00,0.000,0.000,0.00,0.000,0.000,0.00,0.000,0.000,0.00,0.000,0.000,0.00,0.000,0.000,0.00,0.000,0.000,0.00,0.000,0.000,0.00,0.000,0.000,0.00,0.000,0.000,0.00,0.000,0.000,0.00,0.000,0.000,0.00,0.000,0.000,0.00,0.000,0.000,0.00,0.000,0.000,0.00,0.000,0.000,0.00,0.000,0.000,0.00,0.000,0.000,0.00,0.000,0.000,0.00,0.000,0.000,0.00,0.000,0.000,0.00,0.000,0.000,0.00
1.3385,0.000,0.000,0.00,100.00,0.00,0.000,0.000,0.00,0.000,0.000,0.00,0.000,0.000,0.00,0.000,0.000,0.00,0.000,0.000,0.00,0.000,0.000,0.00,0.000,0.000,0.00,0.000,0.000,0.00,0.000,0.000,0.00,0.000,0.000,0.00,0.000,0.000,0.00,0.000,0.000,0.00,0.000,0.000,0.00,0.000,0.000,0.00,0.000,0.000,0.00,0.000,0.000,0.00,0.000,0.000,0.00,0.000,0.000,0.00,0.000,0.000,0.00,0.000,0.000,0.00,0.000,0.000,0.00,0.000,0.000,0.00,0.000,0.000,0.00,0.000,0.000,0.00,0.000,0.000,0.00,0.000,0.000,0.00,0.000,0.000,0.00,0.000,0.000,0.00,0.000,0.000,0.00,0.000,0.000,0.00
1.4415,0.000,0.000,0.00,100.00,0.00,0.000,0.000,0.00,0.000,0.000,0.00,0.000,0.000,0.00,0.000,0.000,0.00,0.000,0.000,0.00,0.000,0.000,0.00,0.000,0.000,0.00,0.000,0.000,0.00,0.000,0.000,0.00,0.000,0.000,0.00,0.000,0.000,0.00,0.000,0.000,0.00,0.000,0.000,0.00,0.000,0.000,0.00,0.000,0.000,0.00,0.000,0.000,0.00,0.000,0.000,0.00,0.000,0.000,0.00,0.000,0.000,0.00,0.000,0.000,0.00,0.000,0.000,0.00,0.000,0.000,0.00,0.000,0.000,0.00,0.000,0.000,0.00,0.000,0.000,0.00,0.000,0.000,0.00,0.000,0.000,0.00,0.000,0.000,0.00,0.000,0.000,0.00,0.000,0.000,0.00
1.5445,0.000,0.000,0.00,100.00,0.00,0.000,0.000,0.00,0.000,0.000,0.00,0.000,0.000,0.00,0.000,0.000,0.00,0.000,0.000,0.00,0.000,0.000,0.00,0.000,0.000,0.00,0.000,0.000,0.00,0.000,0.000,0.00,0.000,0.000,0.00,0.000,0.000,0.00,0.000,0.000,0.00,0.000,0.000,0.00,0.000,0.000,0.00,0.000,0.000,0.00,0.000,0.000,0.00,0.000,0.000,0.00,0.000,0.000,0.00,0.000,0.000,0.00,0.000,0.000,0.00,0.000,0.000,0.00,0.000,0.000,0.00,0.000,0.000,0.00,0.000,0.000,0.00,0.000,0.000,0.00,0.000,0.000,0.00,0.000,0.000,0.00,0.000,0.000,0.00,0.000,0.000,0.00,0.000,0.000,0.00
1.6475,0.000,0.000,0.00,100.00,0.00,0.000,0.000,0.00,0.000,0.000,0.00,0.000,0.000,0.00,0.000,0.000,0.00,0.000,0.000,0.00,0.000,0.000,0.00,0.000,0.000,0.00,0.000,0.000,0.00,0.000,0.000,0.00,0.000,0.000,0.00,0.000,0.000,0.00,0.000,0.000,0.00,0.000,0.000,0.00,0.000,0.000,0.00,0.000,0.000,0.00,0.000,0.000,0.00,0.000,0.000,0.00,0.000,0.000,0.00,0.000,0.000,0.00,0.000,0.000,0.00,0.000,0.000,0.00,0.000,0.000,0.00,0.000,0.000,0.00,0.000,0.000,0.00,0.000,0.000,0.00,0.000,0.000,0.00,0.000,0.000,0.00,0.000,0.000,0.00,0.000,0.000,0.00,0.000,0.000,0.00
1.7505,0.000,0.000,0.00,100.00,0.00,0.000,0.000,0.00,0.000,0.000,0.00,0.000,0.000,0.00,0.000,0.000,0.00,0.000,0.000,0.00,0.000,0.000,0.00,0.000,0.000,0.00,0.000,0.000,0.00,0.000,0.000,0.00,0.000,0.000,0.00,0.000,0.000,0.00,0.000,0.000,0.00,0.000,0.000,0.00,0.000,0.000,0.00,0.000,0.000,0.00,0.000,0.000,0.00,0.000,0.000,0.00,0.000,0.000,0.00,0.000,0.000,0.00,0.000,0.000,0.00,0.000,0.000,0.00,0.000,0.000,0.00,0.000,0.000,0.00,0.000,0.000,0.00,0.000,0.000,0.00,0.000,0.000,0.00,0.000,0.000,0.00,0.000,0.000,0.00,0.000,0.000,0.00,0.000,0.000,0.00
1.8534,0.000,0.000,0.00,100.00,0.00,0.000,0.000,0.00,0.000,0.000,0.00,0.000,0.000,0.00,0.000,0.000,0.00,0.000,0.000,0.00,0.000,0.000,0.00,0.000,0.000,0.00,0.000,0.000,0.00,0.000,0.000,0.00,0.000,0.000,0.00,0.000,0.000,0.00,0.000,0.000,0.00,0.000,0.000,0.00,0.000,0.000,0.00,0.000,0.000,0.00,0.000,0.000,0.00,0.000,0.000,0.00,0.000,0.000,0.00,0.000,0.000,0.00,0.000,0.000,0.00,0.000,0.000,0.00,0.000,0.000,0.00,0.000,0.000,0.00,0.000,0.000,0.00,0.000,0.000,0.00,0.000,0.000,0.00,0.000,0.000,0.00,0.000,0.000,0.00,0.000,0.000,0.00,0.000,0.000,0.00
1.9565,0.000,0.000,0.00,100.00,0.00,0.000,0.000,0.00,0.000,0.000,0.00,0.000,0.000,0.00,0.000,0.000,0.00,0.000,0.000,0.00,0.000,0.000,0.00,0.000,0.000,0.00,0.000,0.000,0.00,0.000,0.000,0.00,0.000,0.000,0.00,0.000,0.000,0.00,0.000,0.000,0.00,0.000,0.000,0.00,0.000,0.000,0.00,0.000,0.000,0.00,0.000,0.000,0.00,0.000,0.000,0.00,0.000,0.000,0.00,0.000,0.000,0.00,0.000,0.000,0.00,0.000,0.000,0.00,0.000,0.000,0.00,0.000,0.000,0.00,0.000,0.000,0.00,0.000,0.000,0.00,0.000,0.000,0.00,0.000,0.000,0.00,0.000,0.000,0.00,0.000,0.000,0.00,0.000,0.000,0.00
2.0595,0.000,0.035,0.06,100.00,0.00,0.000,0.000,0.00,0.000,0.000,0.00,0.000,0.000,0.00,0.000,0.000,0.00,0.000,0.000,0.00,0.000,0.000,0.00,0.000,0.000,0.00,0.000,0.000,0.00,0.000,0.000,0.00,0.000,0.000,0.00,0.000,0.000,0.00,0.000,0.000,0.00,0.000,0.000,0.00,0.000,0.000,0.00,0.000,0.000,0.00,0.000,0.000,0.00,0.000,0.000,0.00,0.000,0.000,0.00,0.000,0.000,0.00,0.000,0.000,0.00,0.000,0.000,0.00,0.000,0.000,0.00,0.000,0.000,0.00,0.000,0.000,0.00,0.000,0.000,0.00,0.000,0.000,0.00,0.000,0.000,0.00,0.000,0.035,1.94,0.000,0.000,0.00,0.000,0.000,0.00
2.1625,0.000,0.000,0.00,100.00,0.00,0.000,0.000,0.00,0.000,0.000,0.00,0.000,0.000,0.00,0.000,0.000,0.00,0.000,0.000,0.00,0.000,0.000,0.00,0.000,0.000,0.00,0.000,0.000,0.00,0.000,0.000,0.00,0.000,0.000,0.00,0.000,0.000,0.00,0.000,0.000,0.00,0.000,0.000,0.00,0.000,0.000,0.00,0.000,0.000,0.00,0.000,0.000,0.00,0.000,0.000,0.00,0.000,0.000,0.00,0.000,0.000,0.00,0.000,0.000,0.00,0.000,0.000,0.00,0.000,0.000,0.00,0.000,0.000,0.00,0.000,0.000,0.00,0.000,0.000,0.00,0.000,0.000,0.00,0.000,0.000,0.00,0.000,0.000,0.00,0.000,0.000,0.00,0.000,0.000,0.00
2.2655,0.000,0.000,0.00,100.00,0.00,0.000,0.000,0.00,0.000,0.000,0.00,0.000,0.000,0.00,0.000,0.000,0.00,0.000,0.000,0.00,0.000,0.000,0.00,0.000,0.000,0.00,0.000,0.000,0.00,0.000,0.000,0.00,0.000,0.000,0.00,0.000,0.000,0.00,0.000,0.000,0.00,0.000,0.000,0.00,0.000,0.000,0.00,0.000,0.000,0.00,0.000,0.000,0.00,0.000,0.000,0.00,0.000,0.000,0.00,0.000,0.000,0.00,0.000,0.000,0.00,0.000,0.000,0.00,0.000,0.000,0.00,0.000,0.000,0.00,0.000,0.000,0.00,0.000,0.000,0.00,0.000,0.000,0.00,0.000,0.000,0.00,0.000,0.000,0.00,0.000,0.000,0.00,0.000,0.000,0.00
2.3685,0.000,0.000,0.00,100.00,0.00,0.000,0.000,0.00,0.000,0.000,0.00,0.000,0.000,0.00,0.000,0.000,0.00,0.000,0.000,0.00,0.000,0.000,0.00,0.000,0.000,0.00,0.000,0.000,0.00,0.000,0.000,0.00,0.000,0.000,0.00,0.000,0.000,0.00,0.000,0.000,0.00,0.000,0.000,0.00,0.000,0.000,0.00,0.000,0.000,0.00,0.000,0.000,0.00,0.000,0.000,0.00,0.000,0.000,0.00,0.000,0.000,0.00,0.000,0.000,0.00,0.000,0.000,0.00,0.000,0.000,0.00,0.000,0.000,0.00,0.000,0.000,0.00,0.000,0.000,0.00,0.000,0.000,0.00,0.000,0.000,0.00,0.000,0.000,0.00,0.000,0.000,0.00,0.000,0.000,0.00
2.4715,0.000,0.000,0.00,100.00,0.00,0.000,0.000,0.00,0.000,0.000,0.00,0.000,0.000,0.00,0.000,0.000,0.00,0.000,0.000,0.00,0.000,0.000,0.00,0.000,0.000,0.00,0.000,0.000,0.00,0.000,0.000,0.00,0.000,0.000,0.00,0.000,0.000,0.00,0.000,0.000,0.00,0.000,0.000,0.00,0.000,0.000,0.00,0.000,0.000,0.00,0.000,0.000,0.00,0.000,0.000,0.00,0.000,0.000,0.00,0.000,0.000,0.00,0.000,0.000,0.00,0.000,0.000,0.00,0.000,0.000,0.00,0.000,0.000,0.00,0.000,0.000,0.00,0.000,0.000,0.00,0.000,0.000,0.00,0.000,0.000,0.00,0.000,0.000,0.00,0.000,0.000,0.00,0.000,0.000,0.00
2.5744,0.000,0.000,0.00,100.00,0.00,0.000,0.000,0.00,0.000,0.000,0.00,0.000,0.000,0.00,0.000,0.000,0.00,0.000,0.000,0.00,0.000,0.000,0.00,0.000,0.000,0.00,0.000,0.000,0.00,0.000,0.000,0.00,0.000,0.000,0.00,0.000,0.000,0.00,0.000,0.000,0.00,0.000,0.000,0.00,0.000,0.000,0.00,0.000,0.000,0.00,0.000,0.000,0.00,0.000,0.000,0.00,0.000,0.000,0.00,0.000,0.000,0.00,0.000,0.000,0.00,0.000,0.000,0.00,0.000,0.000,0.00,0.000,0.000,0.00,0.000,0.000,0.00,0.000,0.000,0.00,0.000,0.000,0.00,0.000,0.000,0.00,0.000,0.000,0.00,0.000,0.000,0.00,0.000,0.000,0.00
2.6776,0.000,0.000,0.00,100.00,0.00,0.000,0.000,0.00,0.000,0.000,0.00,0.000,0.000,0.00,0.000,0.000,0.00,0.000,0.000,0.00,0.000,0.000,0.00,0.000,0.000,0.00,0.000,0.000,0.00,0.000,0.000,0.00,0.000,0.000,0.00,0.000,0.000,0.00,0.000,0.000,0.00,0.000,0.000,0.00,0.000,0.000,0.00,0.000,0.000,0.00,0.000,0.000,0.00,0.000,0.000,0.00,0.000,0.000,0.00,0.000,0.000,0.00,0.000,0.000,0.00,0.000,0.000,0.00,0.000,0.000,0.00,0.000,0.000,0.00,0.000,0.000,0.00,0.000,0.000,0.00,0.000,0.000,0.00,0.000,0.000,0.00,0.000,0.000,0.00,0.000,0.000,0.00,0.000,0.000,0.00
2.7794,0.000,0.000,0.00,100.00,0.00,0.000,0.000,0.00,0.000,0.000,0.00,0.000,0.000,0.00,0.000,0.000,0.00,0.000,0.000,0.00,0.000,0.000,0.00,0.000,0.000,0.00,0.000,0.000,0.00,0.000,0.000,0.00,0.000,0.000,0.00,0.000,0.000,0.00,0.000,0.000,0.00,0.000,0.000,0.00,0.000,0.000,0.00,0.000,0.000,0.00,0.000,0.000,0.00,0.000,0.000,0.00,0.000,0.000,0.00,0.000,0.000,0.00,0.000,0.000,0.00,0.000,0.000,0.00,0.000,0.000,0.00,0.000,0.000,0.00,0.000,0.000,0.00,0.000,0.000,0.00,0.000,0.000,0.00,0.000,0.000,0.00,0.000,0.000,0.00,0.000,0.000,0.00,0.000,0.000,0.00
2.8824,0.000,0.000,0.00,100.00,0.00,0.000,0.000,0.00,0.000,0.000,0.00,0.000,0.000,0.00,0.000,0.000,0.00,0.000,0.000,0.00,0.000,0.000,0.00,0.000,0.000,0.00,0.000,0.000,0.00,0.000,0.000,0.00,0.000,0.000,0.00,0.000,0.000,0.00,0.000,0.000,0.00,0.000,0.000,0.00,0.000,0.000,0.00,0.000,0.000,0.00,0.000,0.000,0.00,0.000,0.000,0.00,0.000,0.000,0.00,0.000,0.000,0.00,0.000,0.000,0.00,0.000,0.000,0.00,0.000,0.000,0.00,0.000,0.000,0.00,0.000,0.000,0.00,0.000,0.000,0.00,0.000,0.000,0.00,0.000,0.000,0.00,0.000,0.000,0.00,0.000,0.000,0.00,0.000,0.000,0.00
2.9855,0.000,0.000,0.00,100.00,0.00,0.000,0.000,0.00,0.000,0.000,0.00,0.000,0.000,0.00,0.000,0.000,0.00,0.000,0.000,0.00,0.000,0.000,0.00,0.000,0.000,0.00,0.000,0.000,0.00,0.000,0.000,0.00,0.000,0.000,0.00,0.000,0.000,0.00,0.000,0.000,0.00,0.000,0.000,0.00,0.000,0.000,0.00,0.000,0.000,0.00,0.000,0.000,0.00,0.000,0.000,0.00,0.000,0.000,0.00,0.000,0.000,0.00,0.000,0.000,0.00,0.000,0.000,0.00,0.000,0.000,0.00,0.000,0.000,0.00,0.000,0.000,0.00,0.000,0.000,0.00,0.000,0.000,0.00,0.000,0.000,0.00,0.000,0.000,0.00,0.000,0.000,0.00,0.000,0.000,0.00
3.0885,0.000,0.000,0.00,100.00,0.00,0.000,0.000,0.00,0.000,0.000,0.00,0.000,0.000,0.00,0.000,0.000,0.00,0.000,0.000,0.00,0.000,0.000,0.00,0.000,0.000,0.00,0.000,0.000,0.00,0.000,0.000,0.00,0.000,0.000,0.00,0.000,0.000,0.00,0.000,0.000,0.00,0.000,0.000,0.00,0.000,0.000,0.00,0.000,0.000,0.00,0.000,0.000,0.00,0.000,0.000,0.00,0.000,0.000,0.00,0.000,0.000,0.00,0.000,0.000,0.00,0.000,0.000,0.00,0.000,0.000,0.00,0.000,0.000,0.00,0.000,0.000,0.00,0.000,0.000,0.00,0.000,0.000,0.00,0.000,0.000,0.00,0.000,0.000,0.00,0.000,0.000,0.00,0.000,0.000,0.00
3.1915,0.000,0.000,0.00,100.00,0.00,0.000,0.000,0.00,0.000,0.000,0.00,0.000,0.000,0.00,0.000,0.000,0.00,0.000,0.000,0.00,0.000,0.000,0.00,0.000,0.000,0.00,0.000,0.000,0.00,0.000,0.000,0.00,0.000,0.000,0.00,0.000,0.000,0.00,0.000,0.000,0.00,0.000,0.000,0.00,0.000,0.000,0.00,0.000,0.000,0.00,0.000,0.000,0.00,0.000,0.000,0.00,0.000,0.000,0.00,0.000,0.000,0.00,0.000,0.000,0.00,0.000,0.000,0.00,0.000,0.000,0.00,0.000,0.000,0.00,0.000,0.000,0.00,0.000,0.000,0.00,0.000,0.000,0.00,0.000,0.000,0.00,0.000,0.000,0.00,0.000,0.000,0.00,0.000,0.000,0.00
3.2944,0.000,0.000,0.00,100.00,0.00,0.000,0.000,0.00,0.000,0.000,0.00,0.000,0.000,0.00,0.000,0.000,0.00,0.000,0.000,0.00,0.000,0.000,0.00,0.000,0.000,0.00,0.000,0.000,0.00,0.000,0.000,0.00,0.000,0.000,0.00,0.000,0.000,0.00,0.000,0.000,0.00,0.000,0.000,0.00,0.000,0.000,0.00,0.000,0.000,0.00,0.000,0.000,0.00,0.000,0.000,0.00,0.000,0.000,0.00,0.000,0.000,0.00,0.000,0.000,0.00,0.000,0.000,0.00,0.000,0.000,0.00,0.000,0.000,0.00,0.000,0.000,0.00,0.000,0.000,0.00,0.000,0.000,0.00,0.000,0.000,0.00,0.000,0.000,0.00,0.000,0.000,0.00,0.000,0.000,0.00
3.3974,0.000,0.000,0.00,100.00,0.00,0.000,0.000,0.00,0.000,0.000,0.00,0.000,0.000,0.00,0.000,0.000,0.00,0.000,0.000,0.00,0.000,0.000,0.00,0.000,0.000,0.00,0.000,0.000,0.00,0.000,0.000,0.00,0.000,0.000,0.00,0.000,0.000,0.00,0.000,0.000,0.00,0.000,0.000,0.00,0.000,0.000,0.00,0.000,0.000,0.00,0.000,0.000,0.00,0.000,0.000,0.00,0.000,0.000,0.00,0.000,0.000,0.00,0.000,0.000,0.00,0.000,0.000,0.00,0.000,0.000,0.00,0.000,0.000,0.00,0.000,0.000,0.00,0.000,0.000,0.00,0.000,0.000,0.00,0.000,0.000,0.00,0.000,0.000,0.00,0.000,0.000,0.00,0.000,0.000,0.00
3.5004,0.000,0.000,0.00,100.00,0.00,0.000,0.000,0.00,0.000,0.000,0.00,0.000,0.000,0.00,0.000,0.000,0.00,0.000,0.000,0.00,0.000,0.000,0.00,0.000,0.000,0.00,0.000,0.000,0.00,0.000,0.000,0.00,0.000,0.000,0.00,0.000,0.000,0.00,0.000,0.000,0.00,0.000,0.000,0.00,0.000,0.000,0.00,0.000,0.000,0.00,0.000,0.000,0.00,0.000,0.000,0.00,0.000,0.000,0.00,0.000,0.000,0.00,0.000,0.000,0.00,0.000,0.000,0.00,0.000,0.000,0.00,0.000,0.000,0.00,0.000,0.000,0.00,0.000,0.000,0.00,0.000,0.000,0.00,0.000,0.000,0.00,0.000,0.000,0.00,0.000,0.000,0.00,0.000,0.000,0.00
3.6035,0.000,0.000,0.00,100.00,0.00,0.000,0.000,0.00,0.000,0.000,0.00,0.000,0.000,0.00,0.000,0.000,0.00,0.000,0.000,0.00,0.000,0.000,0.00,0.000,0.000,0.00,0.000,0.000,0.00,0.000,0.000,0.00,0.000,0.000,0.00,0.000,0.000,0.00,0.000,0.000,0.00,0.000,0.000,0.00,0.000,0.000,0.00,0.000,0.000,0.00,0.000,0.000,0.00,0.000,0.000,0.00,0.000,0.000,0.00,0.000,0.000,0.00,0.000,0.000,0.00,0.000,0.000,0.00,0.000,0.000,0.00,0.000,0.000,0.00,0.000,0.000,0.00,0.000,0.000,0.00,0.000,0.000,0.00,0.000,0.000,0.00,0.000,0.000,0.00,0.000,0.000,0.00,0.000,0.000,0.00
3.7064,0.000,0.000,0.00,100.00,0.00,0.000,0.000,0.00,0.000,0.000,0.00,0.000,0.000,0.00,0.000,0.000,0.00,0.000,0.000,0.00,0.000,0.000,0.00,0.000,0.000,0.00,0.000,0.000,0.00,0.000,0.000,0.00,0.000,0.000,0.00,0.000,0.000,0.00,0.000,0.000,0.00,0.000,0.000,0.00,0.000,0.000,0.00,0.000,0.000,0.00,0.000,0.000,0.00,0.000,0.000,0.00,0.000,0.000,0.00,0.000,0.000,0.00,0.000,0.000,0.00,0.000,0.000,0.00,0.000,0.000,0.00,0.000,0.000,0.00,0.000,0.000,0.00,0.000,0.000,0.00,0.000,0.000,0.00,0.000,0.000,0.00,0.000,0.000,0.00,0.000,0.000,0.00,0.000,0.000,0.00
3.8095,0.000,0.000,0.00,100.00,0.00,0.000,0.000,0.00,0.000,0.000,0.00,0.000,0.000,0.00,0.000,0.000,0.00,0.000,0.000,0.00,0.000,0.000,0.00,0.000,0.000,0.00,0.000,0.000,0.00,0.000,0.000,0.00,0.000,0.000,0.00,0.000,0.000,0.00,0.000,0.000,0.00,0.000,0.000,0.00,0.000,0.000,0.00,0.000,0.000,0.00,0.000,0.000,0.00,0.000,0.000,0.00,0.000,0.000,0.00,0.000,0.000,0.00,0.000,0.000,0.00,0.000,0.000,0.00,0.000,0.000,0.00,0.000,0.000,0.00,0.000,0.000,0.00,0.000,0.000,0.00,0.000,0.000,0.00,0.000,0.000,0.00,0.000,0.000,0.00,0.000,0.000,0.00,0.000,0.000,0.00
3.9124,0.000,0.000,0.00,100.00,0.00,0.000,0.000,0.00,0.000,0.000,0.00,0.000,0.000,0.00,0.000,0.000,0.00,0.000,0.000,0.00,0.000,0.000,0.00,0.000,0.000,0.00,0.000,0.000,0.00,0.000,0.000,0.00,0.000,0.000,0.00,0.000,0.000,0.00,0.000,0.000,0.00,0.000,0.000,0.00,0.000,0.000,0.00,0.000,0.000,0.00,0.000,0.000,0.00,0.000,0.000,0.00,0.000,0.000,0.00,0.000,0.000,0.00,0.000,0.000,0.00,0.000,0.000,0.00,0.000,0.000,0.00,0.000,0.000,0.00,0.000,0.000,0.00,0.000,0.000,0.00,0.000,0.000,0.00,0.000,0.000,0.00,0.000,0.000,0.00,0.000,0.000,0.00,0.000,0.000,0.00
4.0154,0.000,0.000,0.00,100.00,0.00,0.000,0.000,0.00,0.000,0.000,0.00,0.000,0.000,0.00,0.000,0.000,0.00,0.000,0.000,0.00,0.000,0.000,0.00,0.000,0.000,0.00,0.000,0.000,0.00,0.000,0.000,0.00,0.000,0.000,0.00,0.000,0.000,0.00,0.000,0.000,0.00,0.000,0.000,0.00,0.000,0.000,0.00,0.000,0.000,0.00,0.000,0.000,0.00,0.000,0.000,0.00,0.000,0.000,0.00,0.000,0.000,0.00,0.000,0.000,0.00,0.000,0.000,0.00,0.000,0.000,0.00,0.000,0.000,0.00,0.000,0.000,0.00,0.000,0.000,0.00,0.000,0.000,0.00,0.000,0.000,0.00,0.000,0.000,0.00,0.000,0.000,0.00,0.000,0.000,0.00
4.1184,0.000,0.000,0.00,100.00,0.00,0.000,0.000,0.00,0.000,0.000,0.00,0.000,0.000,0.00,0.000,0.000,0.00,0.000,0.000,0.00,0.000,0.000,0.00,0.000,0.000,0.00,0.000,0.000,0.00,0.000,0.000,0.00,0.000,0.000,0.00,0.000,0.000,0.00,0.000,0.000,0.00,0.000,0.000,0.00,0.000,0.000,0.00,0.000,0.000,0.00,0.000,0.000,0.00,0.000,0.000,0.00,0.000,0.000,0.00,0.000,0.000,0.00,0.000,0.000,0.00,0.000,0.000,0.00,0.000,0.000,0.00,0.000,0.000,0.00,0.000,0.000,0.00,0.000,0.000,0.00,0.000,0.000,0.00,0.000,0.000,0.00,0.000,0.000,0.00,0.000,0.000,0.00,0.000,0.000,0.00
4.2215,0.000,0.000,0.00,100.00,0.00,0.000,0.000,0.00,0.000,0.000,0.00,0.000,0.000,0.00,0.000,0.000,0.00,0.000,0.000,0.00,0.000,0.000,0.00,0.000,0.000,0.00,0.000,0.000,0.00,0.000,0.000,0.00,0.000,0.000,0.00,0.000,0.000,0.00,0.000,0.000,0.00,0.000,0.000,0.00,0.000,0.000,0.00,0.000,0.000,0.00,0.000,0.000,0.00,0.000,0.000,0.00,0.000,0.000,0.00,0.000,0.000,0.00,0.000,0.000,0.00,0.000,0.000,0.00,0.000,0.000,0.00,0.000,0.000,0.00,0.000,0.000,0.00,0.000,0.000,0.00,0.000,0.000,0.00,0.000,0.000,0.00,0.000,0.000,0.00,0.000,0.000,0.00,0.000,0.000,0.00
4.3244,0.000,0.000,0.00,100.00,0.00,0.000,0.000,0.00,0.000,0.000,0.00,0.000,0.000,0.00,0.000,0.000,0.00,0.000,0.000,0.00,0.000,0.000,0.00,0.000,0.000,0.00,0.000,0.000,0.00,0.000,0.000,0.00,0.000,0.000,0.00,0.000,0.000,0.00,0.000,0.000,0.00,0.000,0.000,0.00,0.000,0.000,0.00,0.000,0.000,0.00,0.000,0.000,0.00,0.000,0.000,0.00,0.000,0.000,0.00,0.000,0.000,0.00,0.000,0.000,0.00,0.000,0.000,0.00,0.000,0.000,0.00,0.000,0.000,0.00,0.000,0.000,0.00,0.000,0.000,0.00,0.000,0.000,0.00,0.000,0.000,0.00,0.000,0.000,0.00,0.000,0.000,0.00,0.000,0.000,0.00
4.4274,0.000,0.000,0.00,100.00,0.00,0.000,0.000,0.00,0.000,0.000,0.00,0.000,0.000,0.00,0.000,0.000,0.00,0.000,0.000,0.00,0.000,0.000,0.00,0.000,0.000,0.00,0.000,0.000,0.00,0.000,0.000,0.00,0.000,0.000,0.00,0.000,0.000,0.00,0.000,0.000,0.00,0.000,0.000,0.00,0.000,0.000,0.00,0.000,0.000,0.00,0.000,0.000,0.00,0.000,0.000,0.00,0.000,0.000,0.00,0.000,0.000,0.00,0.000,0.000,0.00,0.000,0.000,0.00,0.000,0.000,0.00,0.000,0.000,0.00,0.000,0.000,0.00,0.000,0.000,0.00,0.000,0.000,0.00,0.000,0.000,0.00,0.000,0.000,0.00,0.000,0.000,0.00,0.000,0.000,0.00
4.5304,0.000,0.000,0.00,100.00,0.00,0.000,0.000,0.00,0.000,0.000,0.00,0.000,0.000,0.00,0.000,0.000,0.00,0.000,0.000,0.00,0.000,0.000,0.00,0.000,0.000,0.00,0.000,0.000,0.00,0.000,0.000,0.00,0.000,0.000,0.00,0.000,0.000,0.00,0.000,0.000,0.00,0.000,0.000,0.00,0.000,0.000,0.00,0.000,0.000,0.00,0.000,0.000,0.00,0.000,0.000,0.00,0.000,0.000,0.00,0.000,0.000,0.00,0.000,0.000,0.00,0.000,0.000,0.00,0.000,0.000,0.00,0.000,0.000,0.00,0.000,0.000,0.00,0.000,0.000,0.00,0.000,0.000,0.00,0.000,0.000,0.00,0.000,0.000,0.00,0.000,0.000,0.00,0.000,0.000,0.00
4.6335,0.000,0.000,0.00,100.00,0.00,0.000,0.000,0.00,0.000,0.000,0.00,0.000,0.000,0.00,0.000,0.000,0.00,0.000,0.000,0.00,0.000,0.000,0.00,0.000,0.000,0.00,0.000,0.000,0.00,0.000,0.000,0.00,0.000,0.000,0.00,0.000,0.000,0.00,0.000,0.000,0.00,0.000,0.000,0.00,0.000,0.000,0.00,0.000,0.000,0.00,0.000,0.000,0.00,0.000,0.000,0.00,0.000,0.000,0.00,0.000,0.000,0.00,0.000,0.000,0.00,0.000,0.000,0.00,0.000,0.000,0.00,0.000,0.000,0.00,0.000,0.000,0.00,0.000,0.000,0.00,0.000,0.000,0.00,0.000,0.000,0.00,0.000,0.000,0.00,0.000,0.000,0.00,0.000,0.000,0.00
4.7365,0.000,0.000,0.00,100.00,0.00,0.000,0.000,0.00,0.000,0.000,0.00,0.000,0.000,0.00,0.000,0.000,0.00,0.000,0.000,0.00,0.000,0.000,0.00,0.000,0.000,0.00,0.000,0.000,0.00,0.000,0.000,0.00,0.000,0.000,0.00,0.000,0.000,0.00,0.000,0.000,0.00,0.000,0.000,0.00,0.000,0.000,0.00,0.000,0.000,0.00,0.000,0.000,0.00,0.000,0.000,0.00,0.000,0.000,0.00,0.000,0.000,0.00,0.000,0.000,0.00,0.000,0.000,0.00,0.000,0.000,0.00,0.000,0.000,0.00,0.000,0.000,0.00,0.000,0.000,0.00,0.000,0.000,0.00,0.000,0.000,0.00,0.000,0.000,0.00,0.000,0.000,0.00,0.000,0.000,0.00
4.8395,0.000,0.000,0.00,100.00,0.00,0.000,0.000,0.00,0.000,0.000,0.00,0.000,0.000,0.00,0.000,0.000,0.00,0.000,0.000,0.00,0.000,0.000,0.00,0.000,0.000,0.00,0.000,0.000,0.00,0.000,0.000,0.00,0.000,0.000,0.00,0.000,0.000,0.00,0.000,0.000,0.00,0.000,0.000,0.00,0.000,0.000,0.00,0.000,0.000,0.00,0.000,0.000,0.00,0.000,0.000,0.00,0.000,0.000,0.00,0.000,0.000,0.00,0.000,0.000,0.00,0.000,0.000,0.00,0.000,0.000,0.00,0.000,0.000,0.00,0.000,0.000,0.00,0.000,0.000,0.00,0.000,0.000,0.00,0.000,0.000,0.00,0.000,0.000,0.00,0.000,0.000,0.00,0.000,0.000,0.00
4.9425,0.000,0.000,0.00,100.00,0.00,0.000,0.000,0.00,0.000,0.000,0.00,0.000,0.000,0.00,0.000,0.000,0.00,0.000,0.000,0.00,0.000,0.000,0.00,0.000,0.000,0.00,0.000,0.000,0.00,0.000,0.000,0.00,0.000,0.000,0.00,0.000,0.000,0.00,0.000,0.000,0.00,0.000,0.000,0.00,0.000,0.000,0.00,0.000,0.000,0.00,0.000,0.000,0.00,0.000,0.000,0.00,0.000,0.000,0.00,0.000,0.000,0.00,0.000,0.000,0.00,0.000,0.000,0.00,0.000,0.000,0.00,0.000,0.000,0.00,0.000,0.000,0.00,0.000,0.000,0.00,0.000,0.000,0.00,0.000,0.000,0.00,0.000,0.000,0.00,0.000,0.000,0.00,0.000,0.000,0.00
5.0454,0.000,0.000,0.00,100.00,0.00,0.000,0.000,0.00,0.000,0.000,0.00,0.000,0.000,0.00,0.000,0.000,0.00,0.000,0.000,0.00,0.000,0.000,0.00,0.000,0.000,0.00,0.000,0.000,0.00,0.000,0.000,0.00,0.000,0.000,0.00,0.000,0.000,0.00,0.000,0.000,0.00,0.000,0.000,0.00,0.000,0.000,0.00,0.000,0.000,0.00,0.000,0.000,0.00,0.000,0.000,0.00,0.000,0.000,0.00,0.000,0.000,0.00,0.000,0.000,0.00,0.000,0.000,0.00,0.000,0.000,0.00,0.000,0.000,0.00,0.000,0.000,0.00,0.000,0.000,0.00,0.000,0.000,0.00,0.000,0.000,0.00,0.000,0.000,0.00,0.000,0.000,0.00,0.000,0.000,0.00
5.1485,0.000,0.035,0.06,100.00,0.00,0.000,0.000,0.00,0.000,0.000,0.00,0.000,0.000,0.00,0.000,0.000,0.00,0.000,0.000,0.00,0.000,0.000,0.00,0.000,0.000,0.00,0.000,0.000,0.00,0.000,0.000,0.00,0.000,0.000,0.00,0.000,0.000,0.00,0.000,0.000,0.00,0.000,0.000,0.00,0.000,0.000,0.00,0.000,0.000,0.00,0.000,0.000,0.00,0.000,0.000,0.00,0.000,0.000,0.00,0.000,0.000,0.00,0.000,0.000,0.00,0.000,0.000,0.00,0.000,0.000,0.00,0.000,0.000,0.00,0.000,0.000,0.00,0.000,0.000,0.00,0.000,0.035,1.94,0.000,0.000,0.00,0.000,0.000,0.00,0.000,0.000,0.00,0.000,0.000,0.00
5.2514,0.000,0.000,0.00,100.00,0.00,0.000,0.000,0.00,0.000,0.000,0.00,0.000,0.000,0.00,0.000,0.000,0.00,0.000,0.000,0.00,0.000,0.000,0.00,0.000,0.000,0.00,0.000,0.000,0.00,0.000,0.000,0.00,0.000,0.000,0.00,0.000,0.000,0.00,0.000,0.000,0.00,0.000,0.000,0.00,0.000,0.000,0.00,0.000,0.000,0.00,0.000,0.000,0.00,0.000,0.000,0.00,0.000,0.000,0.00,0.000,0.000,0.00,0.000,0.000,0.00,0.000,0.000,0.00,0.000,0.000,0.00,0.000,0.000,0.00,0.000,0.000,0.00,0.000,0.000,0.00,0.000,0.000,0.00,0.000,0.000,0.00,0.000,0.000,0.00,0.000,0.000,0.00,0.000,0.000,0.00
5.3544,0.000,0.000,0.00,100.00,0.00,0.000,0.000,0.00,0.000,0.000,0.00,0.000,0.000,0.00,0.000,0.000,0.00,0.000,0.000,0.00,0.000,0.000,0.00,0.000,0.000,0.00,0.000,0.000,0.00,0.000,0.000,0.00,0.000,0.000,0.00,0.000,0.000,0.00,0.000,0.000,0.00,0.000,0.000,0.00,0.000,0.000,0.00,0.000,0.000,0.00,0.000,0.000,0.00,0.000,0.000,0.00,0.000,0.000,0.00,0.000,0.000,0.00,0.000,0.000,0.00,0.000,0.000,0.00,0.000,0.000,0.00,0.000,0.000,0.00,0.000,0.000,0.00,0.000,0.000,0.00,0.000,0.000,0.00,0.000,0.000,0.00,0.000,0.000,0.00,0.000,0.000,0.00,0.000,0.000,0.00
5.4575,0.000,0.000,0.00,100.00,0.00,0.000,0.000,0.00,0.000,0.000,0.00,0.000,0.000,0.00,0.000,0.000,0.00,0.000,0.000,0.00,0.000,0.000,0.00,0.000,0.000,0.00,0.000,0.000,0.00,0.000,0.000,0.00,0.000,0.000,0.00,0.000,0.000,0.00,0.000,0.000,0.00,0.000,0.000,0.00,0.000,0.000,0.00,0.000,0.000,0.00,0.000,0.000,0.00,0.000,0.000,0.00,0.000,0.000,0.00,0.000,0.000,0.00,0.000,0.000,0.00,0.000,0.000,0.00,0.000,0.000,0.00,0.000,0.000,0.00,0.000,0.000,0.00,0.000,0.000,0.00,0.000,0.000,0.00,0.000,0.000,0.00,0.000,0.000,0.00,0.000,0.000,0.00,0.000,0.000,0.00
5.5605,0.000,0.000,0.00,100.00,0.00,0.000,0.000,0.00,0.000,0.000,0.00,0.000,0.000,0.00,0.000,0.000,0.00,0.000,0.000,0.00,0.000,0.000,0.00,0.000,0.000,0.00,0.000,0.000,0.00,0.000,0.000,0.00,0.000,0.000,0.00,0.000,0.000,0.00,0.000,0.000,0.00,0.000,0.000,0.00,0.000,0.000,0.00,0.000,0.000,0.00,0.000,0.000,0.00,0.000,0.000,0.00,0.000,0.000,0.00,0.000,0.000,0.00,0.000,0.000,0.00,0.000,0.000,0.00,0.000,0.000,0.00,0.000,0.000,0.00,0.000,0.000,0.00,0.000,0.000,0.00,0.000,0.000,0.00,0.000,0.000,0.00,0.000,0.000,0.00,0.000,0.000,0.00,0.000,0.000,0.00
5.6665,0.000,0.000,0.00,100.00,0.00,0.000,0.000,0.00,0.000,0.000,0.00,0.000,0.000,0.00,0.000,0.000,0.00,0.000,0.000,0.00,0.000,0.000,0.00,0.000,0.000,0.00,0.000,0.000,0.00,0.000,0.000,0.00,0.000,0.000,0.00,0.000,0.000,0.00,0.000,0.000,0.00,0.000,0.000,0.00,0.000,0.000,0.00,0.000,0.000,0.00,0.000,0.000,0.00,0.000,0.000,0.00,0.000,0.000,0.00,0.000,0.000,0.00,0.000,0.000,0.00,0.000,0.000,0.00,0.000,0.000,0.00,0.000,0.000,0.00,0.000,0.000,0.00,0.000,0.000,0.00,0.000,0.000,0.00,0.000,0.000,0.00,0.000,0.000,0.00,0.000,0.000,0.00,0.000,0.000,0.00
5.7795,0.000,0.000,0.00,100.00,0.00,0.000,0.000,0.00,0.000,0.000,0.00,0.000,0.000,0.00,0.000,0.000,0.00,0.000,0.000,0.00,0.000,0.000,0.00,0.000,0.000,0.00,0.000,0.000,0.00,0.000,0.000,0.00,0.000,0.000,0.00,0.000,0.000,0.00,0.000,0.000,0.00,0.000,0.000,0.00,0.000,0.000,0.00,0.000,0.000,0.00,0.000,0.000,0.00,0.000,0.000,0.00,0.000,0.000,0.00,0.000,0.000,0.00,0.000,0.000,0.00,0.000,0.000,0.00,0.000,0.000,0.00,0.000,0.000,0.00,0.000,0.000,0.00,0.000,0.000,0.00,0.000,0.000,0.00,0.000,0.000,0.00,0.000,0.000,0.00,0.000,0.000,0.00,0.000,0.000,0.00
5.8825,0.000,0.000,0.00,100.00,0.00,0.000,0.000,0.00,0.000,0.000,0.00,0.000,0.000,0.00,0.000,0.000,0.00,0.000,0.000,0.00,0.000,0.000,0.00,0.000,0.000,0.00,0.000,0.000,0.00,0.000,0.000,0.00,0.000,0.000,0.00,0.000,0.000,0.00,0.000,0.000,0.00,0.000,0.000,0.00,0.000,0.000,0.00,0.000,0.000,0.00,0.000,0.000,0.00,0.000,0.000,0.00,0.000,0.000,0.00,0.000,0.000,0.00,0.000,0.000,0.00,0.000,0.000,0.00,0.000,0.000,0.00,0.000,0.000,0.00,0.000,0.000,0.00,0.000,0.000,0.00,0.000,0.000,0.00,0.000,0.000,0.00,0.000,0.000,0.00,0.000,0.000,0.00,0.000,0.000,0.00
5.9855,0.000,0.000,0.00,100.00,0.00,0.000,0.000,0.00,0.000,0.000,0.00,0.000,0.000,0.00,0.000,0.000,0.00,0.000,0.000,0.00,0.000,0.000,0.00,0.000,0.000,0.00,0.000,0.000,0.00,0.000,0.000,0.00,0.000,0.000,0.00,0.000,0.000,0.00,0.000,0.000,0.00,0.000,0.000,0.00,0.000,0.000,0.00,0.000,0.000,0.00,0.000,0.000,0.00,0.000,0.000,0.00,0.000,0.000,0.00,0.000,0.000,0.00,0.000,0.000,0.00,0.000,0.000,0.00,0.000,0.000,0.00,0.000,0.000,0.00,0.000,0.000,0.00,0.000,0.000,0.00,0.000,0.000,0.00,0.000,0.000,0.00,0.000,0.000,0.00,0.000,0.000,0.00,0.000,0.000,0.00
6.0884,0.000,0.000,0.00,100.00,0.00,0.000,0.000,0.00,0.000,0.000,0.00,0.000,0.000,0.00,0.000,0.000,0.00,0.000,0.000,0.00,0.000,0.000,0.00,0.000,0.000,0.00,0.000,0.000,0.00,0.000,0.000,0.00,0.000,0.000,0.00,0.000,0.000,0.00,0.000,0.000,0.00,0.000,0.000,0.00,0.000,0.000,0.00,0.000,0.000,0.00,0.000,0.000,0.00,0.000,0.000,0.00,0.000,0.000,0.00,0.000,0.000,0.00,0.000,0.000,0.00,0.000,0.000,0.00,0.000,0.000,0.00,0.000,0.000,0.00,0.000,0.000,0.00,0.000,0.000,0.00,0.000,0.000,0.00,0.000,0.000,0.00,0.000,0.000,0.00,0.000,0.000,0.00,0.000,0.000,0.00
6.1915,0.000,0.000,0.00,100.00,0.00,0.000,0.000,0.00,0.000,0.000,0.00,0.000,0.000,0.00,0.000,0.000,0.00,0.000,0.000,0.00,0.000,0.000,0.00,0.000,0.000,0.00,0.000,0.000,0.00,0.000,0.000,0.00,0.000,0.000,0.00,0.000,0.000,0.00,0.000,0.000,0.00,0.000,0.000,0.00,0.000,0.000,0.00,0.000,0.000,0.00,0.000,0.000,0.00,0.000,0.000,0.00,0.000,0.000,0.00,0.000,0.000,0.00,0.000,0.000,0.00,0.000,0.000,0.00,0.000,0.000,0.00,0.000,0.000,0.00,0.000,0.000,0.00,0.000,0.000,0.00,0.000,0.000,0.00,0.000,0.000,0.00,0.000,0.000,0.00,0.000,0.000,0.00,0.000,0.000,0.00
6.2945,0.000,0.000,0.00,100.00,0.00,0.000,0.000,0.00,0.000,0.000,0.00,0.000,0.000,0.00,0.000,0.000,0.00,0.000,0.000,0.00,0.000,0.000,0.00,0.000,0.000,0.00,0.000,0.000,0.00,0.000,0.000,0.00,0.000,0.000,0.00,0.000,0.000,0.00,0.000,0.000,0.00,0.000,0.000,0.00,0.000,0.000,0.00,0.000,0.000,0.00,0.000,0.000,0.00,0.000,0.000,0.00,0.000,0.000,0.00,0.000,0.000,0.00,0.000,0.000,0.00,0.000,0.000,0.00,0.000,0.000,0.00,0.000,0.000,0.00,0.000,0.000,0.00,0.000,0.000,0.00,0.000,0.000,0.00,0.000,0.000,0.00,0.000,0.000,0.00,0.000,0.000,0.00,0.000,0.000,0.00
6.3974,0.000,0.000,0.00,100.00,0.00,0.000,0.000,0.00,0.000,0.000,0.00,0.000,0.000,0.00,0.000,0.000,0.00,0.000,0.000,0.00,0.000,0.000,0.00,0.000,0.000,0.00,0.000,0.000,0.00,0.000,0.000,0.00,0.000,0.000,0.00,0.000,0.000,0.00,0.000,0.000,0.00,0.000,0.000,0.00,0.000,0.000,0.00,0.000,0.000,0.00,0.000,0.000,0.00,0.000,0.000,0.00,0.000,0.000,0.00,0.000,0.000,0.00,0.000,0.000,0.00,0.000,0.000,0.00,0.000,0.000,0.00,0.000,0.000,0.00,0.000,0.000,0.00,0.000,0.000,0.00,0.000,0.000,0.00,0.000,0.000,0.00,0.000,0.000,0.00,0.000,0.000,0.00,0.000,0.000,0.00
6.5005,0.000,0.000,0.00,100.00,0.00,0.000,0.000,0.00,0.000,0.000,0.00,0.000,0.000,0.00,0.000,0.000,0.00,0.000,0.000,0.00,0.000,0.000,0.00,0.000,0.000,0.00,0.000,0.000,0.00,0.000,0.000,0.00,0.000,0.000,0.00,0.000,0.000,0.00,0.000,0.000,0.00,0.000,0.000,0.00,0.000,0.000,0.00,0.000,0.000,0.00,0.000,0.000,0.00,0.000,0.000,0.00,0.000,0.000,0.00,0.000,0.000,0.00,0.000,0.000,0.00,0.000,0.000,0.00,0.000,0.000,0.00,0.000,0.000,0.00,0.000,0.000,0.00,0.000,0.000,0.00,0.000,0.000,0.00,0.000,0.000,0.00,0.000,0.000,0.00,0.000,0.000,0.00,0.000,0.000,0.00
6.6035,0.000,0.000,0.00,100.00,0.00,0.000,0.000,0.00,0.000,0.000,0.00,0.000,0.000,0.00,0.000,0.000,0.00,0.000,0.000,0.00,0.000,0.000,0.00,0.000,0.000,0.00,0.000,0.000,0.00,0.000,0.000,0.00,0.000,0.000,0.00,0.000,0.000,0.00,0.000,0.000,0.00,0.000,0.000,0.00,0.000,0.000,0.00,0.000,0.000,0.00,0.000,0.000,0.00,0.000,0.000,0.00,0.000,0.000,0.00,0.000,0.000,0.00,0.000,0.000,0.00,0.000,0.000,0.00,0.000,0.000,0.00,0.000,0.000,0.00,0.000,0.000,0.00,0.000,0.000,0.00,0.000,0.000,0.00,0.000,0.000,0.00,0.000,0.000,0.00,0.000,0.000,0.00,0.000,0.000,0.00
6.7065,0.000,0.000,0.00,100.00,0.00,0.000,0.000,0.00,0.000,0.000,0.00,0.000,0.000,0.00,0.000,0.000,0.00,0.000,0.000,0.00,0.000,0.000,0.00,0.000,0.000,0.00,0.000,0.000,0.00,0.000,0.000,0.00,0.000,0.000,0.00,0.000,0.000,0.00,0.000,0.000,0.00,0.000,0.000,0.00,0.000,0.000,0.00,0.000,0.000,0.00,0.000,0.000,0.00,0.000,0.000,0.00,0.000,0.000,0.00,0.000,0.000,0.00,0.000,0.000,0.00,0.000,0.000,0.00,0.000,0.000,0.00,0.000,0.000,0.00,0.000,0.000,0.00,0.000,0.000,0.00,0.000,0.000,0.00,0.000,0.000,0.00,0.000,0.000,0.00,0.000,0.000,0.00,0.000,0.000,0.00
6.8095,0.000,0.000,0.00,100.00,0.00,0.000,0.000,0.00,0.000,0.000,0.00,0.000,0.000,0.00,0.000,0.000,0.00,0.000,0.000,0.00,0.000,0.000,0.00,0.000,0.000,0.00,0.000,0.000,0.00,0.000,0.000,0.00,0.000,0.000,0.00,0.000,0.000,0.00,0.000,0.000,0.00,0.000,0.000,0.00,0.000,0.000,0.00,0.000,0.000,0.00,0.000,0.000,0.00,0.000,0.000,0.00,0.000,0.000,0.00,0.000,0.000,0.00,0.000,0.000,0.00,0.000,0.000,0.00,0.000,0.000,0.00,0.000,0.000,0.00,0.000,0.000,0.00,0.000,0.000,0.00,0.000,0.000,0.00,0.000,0.000,0.00,0.000,0.000,0.00,0.000,0.000,0.00,0.000,0.000,0.00
6.9124,0.000,0.000,0.00,100.00,0.00,0.000,0.000,0.00,0.000,0.000,0.00,0.000,0.000,0.00,0.000,0.000,0.00,0.000,0.000,0.00,0.000,0.000,0.00,0.000,0.000,0.00,0.000,0.000,0.00,0.000,0.000,0.00,0.000,0.000,0.00,0.000,0.000,0.00,0.000,0.000,0.00,0.000,0.000,0.00,0.000,0.000,0.00,0.000,0.000,0.00,0.000,0.000,0.00,0.000,0.000,0.00,0.000,0.000,0.00,0.000,0.000,0.00,0.000,0.000,0.00,0.000,0.000,0.00,0.000,0.000,0.00,0.000,0.000,0.00,0.000,0.000,0.00,0.000,0.000,0.00,0.000,0.000,0.00,0.000,0.000,0.00,0.000,0.000,0.00,0.000,0.000,0.00,0.000,0.000,0.00
7.0155,0.000,0.000,0.00,100.00,0.00,0.000,0.000,0.00,0.000,0.000,0.00,0.000,0.000,0.00,0.000,0.000,0.00,0.000,0.000,0.00,0.000,0.000,0.00,0.000,0.000,0.00,0.000,0.000,0.00,0.000,0.000,0.00,0.000,0.000,0.00,0.000,0.000,0.00,0.000,0.000,0.00,0.000,0.000,0.00,0.000,0.000,0.00,0.000,0.000,0.00,0.000,0.000,0.00,0.000,0.000,0.00,0.000,0.000,0.00,0.000,0.000,0.00,0.000,0.000,0.00,0.000,0.000,0.00,0.000,0.000,0.00,0.000,0.000,0.00,0.000,0.000,0.00,0.000,0.000,0.00,0.000,0.000,0.00,0.000,0.000,0.00,0.000,0.000,0.00,0.000,0.000,0.00,0.000,0.000,0.00
7.1185,0.000,0.000,0.00,100.00,0.00,0.000,0.000,0.00,0.000,0.000,0.00,0.000,0.000,0.00,0.000,0.000,0.00,0.000,0.000,0.00,0.000,0.000,0.00,0.000,0.000,0.00,0.000,0.000,0.00,0.000,0.000,0.00,0.000,0.000,0.00,0.000,0.000,0.00,0.000,0.000,0.00,0.000,0.000,0.00,0.000,0.000,0.00,0.000,0.000,0.00,0.000,0.000,0.00,0.000,0.000,0.00,0.000,0.000,0.00,0.000,0.000,0.00,0.000,0.000,0.00,0.000,0.000,0.00,0.000,0.000,0.00,0.000,0.000,0.00,0.000,0.000,0.00,0.000,0.000,0.00,0.000,0.000,0.00,0.000,0.000,0.00,0.000,0.000,0.00,0.000,0.000,0.00,0.000,0.000,0.00
7.2214,0.000,0.035,0.06,100.00,0.00,0.000,0.000,0.00,0.000,0.000,0.00,0.000,0.000,0.00,0.000,0.000,0.00,0.000,0.000,0.00,0.000,0.000,0.00,0.000,0.000,0.00,0.000,0.000,0.00,0.000,0.000,0.00,0.000,0.000,0.00,0.000,0.000,0.00,0.000,0.000,0.00,0.000,0.000,0.00,0.000,0.000,0.00,0.000,0.000,0.00,0.000,0.000,0.00,0.000,0.000,0.00,0.000,0.000,0.00,0.000,0.000,0.00,0.000,0.000,0.00,0.000,0.000,0.00,0.000,0.000,0.00,0.000,0.000,0.00,0.000,0.000,0.00,0.000,0.000,0.00,0.000,0.000,0.00,0.000,0.035,1.94,0.000,0.000,0.00,0.000,0.000,0.00,0.000,0.000,0.00
7.3244,0.000,0.000,0.00,100.00,0.00,0.000,0.000,0.00,0.000,0.000,0.00,0.000,0.000,0.00,0.000,0.000,0.00,0.000,0.000,0.00,0.000,0.000,0.00,0.000,0.000,0.00,0.000,0.000,0.00,0.000,0.000,0.00,0.000,0.000,0.00,0.000,0.000,0.00,0.000,0.000,0.00,0.000,0.000,0.00,0.000,0.000,0.00,0.000,0.000,0.00,0.000,0.000,0.00,0.000,0.000,0.00,0.000,0.000,0.00,0.000,0.000,0.00,0.000,0.000,0.00,0.000,0.000,0.00,0.000,0.000,0.00,0.000,0.000,0.00,0.000,0.000,0.00,0.000,0.000,0.00,0.000,0.000,0.00,0.000,0.000,0.00,0.000,0.000,0.00,0.000,0.000,0.00,0.000,0.000,0.00
7.4274,0.000,0.000,0.00,100.00,0.00,0.000,0.000,0.00,0.000,0.000,0.00,0.000,0.000,0.00,0.000,0.000,0.00,0.000,0.000,0.00,0.000,0.000,0.00,0.000,0.000,0.00,0.000,0.000,0.00,0.000,0.000,0.00,0.000,0.000,0.00,0.000,0.000,0.00,0.000,0.000,0.00,0.000,0.000,0.00,0.000,0.000,0.00,0.000,0.000,0.00,0.000,0.000,0.00,0.000,0.000,0.00,0.000,0.000,0.00,0.000,0.000,0.00,0.000,0.000,0.00,0.000,0.000,0.00,0.000,0.000,0.00,0.000,0.000,0.00,0.000,0.000,0.00,0.000,0.000,0.00,0.000,0.000,0.00,0.000,0.000,0.00,0.000,0.000,0.00,0.000,0.000,0.00,0.000,0.000,0.00
7.5305,0.000,0.000,0.00,100.00,0.00,0.000,0.000,0.00,0.000,0.000,0.00,0.000,0.000,0.00,0.000,0.000,0.00,0.000,0.000,0.00,0.000,0.000,0.00,0.000,0.000,0.00,0.000,0.000,0.00,0.000,0.000,0.00,0.000,0.000,0.00,0.000,0.000,0.00,0.000,0.000,0.00,0.000,0.000,0.00,0.000,0.000,0.00,0.000,0.000,0.00,0.000,0.000,0.00,0.000,0.000,0.00,0.000,0.000,0.00,0.000,0.000,0.00,0.000,0.000,0.00,0.000,0.000,0.00,0.000,0.000,0.00,0.000,0.000,0.00,0.000,0.000,0.00,0.000,0.000,0.00,0.000,0.000,0.00,0.000,0.000,0.00,0.000,0.000,0.00,0.000,0.000,0.00,0.000,0.000,0.00
7.6335,0.000,0.000,0.00,100.00,0.00,0.000,0.000,0.00,0.000,0.000,0.00,0.000,0.000,0.00,0.000,0.000,0.00,0.000,0.000,0.00,0.000,0.000,0.00,0.000,0.000,0.00,0.000,0.000,0.00,0.000,0.000,0.00,0.000,0.000,0.00,0.000,0.000,0.00,0.000,0.000,0.00,0.000,0.000,0.00,0.000,0.000,0.00,0.000,0.000,0.00,0.000,0.000,0.00,0.000,0.000,0.00,0.000,0.000,0.00,0.000,0.000,0.00,0.000,0.000,0.00,0.000,0.000,0.00,0.000,0.000,0.00,0.000,0.000,0.00,0.000,0.000,0.00,0.000,0.000,0.00,0.000,0.000,0.00,0.000,0.000,0.00,0.000,0.000,0.00,0.000,0.000,0.00,0.000,0.000,0.00
7.7365,0.000,0.000,0.00,100.00,0.00,0.000,0.000,0.00,0.000,0.000,0.00,0.000,0.000,0.00,0.000,0.000,0.00,0.000,0.000,0.00,0.000,0.000,0.00,0.000,0.000,0.00,0.000,0.000,0.00,0.000,0.000,0.00,0.000,0.000,0.00,0.000,0.000,0.00,0.000,0.000,0.00,0.000,0.000,0.00,0.000,0.000,0.00,0.000,0.000,0.00,0.000,0.000,0.00,0.000,0.000,0.00,0.000,0.000,0.00,0.000,0.000,0.00,0.000,0.000,0.00,0.000,0.000,0.00,0.000,0.000,0.00,0.000,0.000,0.00,0.000,0.000,0.00,0.000,0.000,0.00,0.000,0.000,0.00,0.000,0.000,0.00,0.000,0.000,0.00,0.000,0.000,0.00,0.000,0.000,0.00
7.8394,0.000,0.000,0.00,100.00,0.00,0.000,0.000,0.00,0.000,0.000,0.00,0.000,0.000,0.00,0.000,0.000,0.00,0.000,0.000,0.00,0.000,0.000,0.00,0.000,0.000,0.00,0.000,0.000,0.00,0.000,0.000,0.00,0.000,0.000,0.00,0.000,0.000,0.00,0.000,0.000,0.00,0.000,0.000,0.00,0.000,0.000,0.00,0.000,0.000,0.00,0.000,0.000,0.00,0.000,0.000,0.00,0.000,0.000,0.00,0.000,0.000,0.00,0.000,0.000,0.00,0.000,0.000,0.00,0.000,0.000,0.00,0.000,0.000,0.00,0.000,0.000,0.00,0.000,0.000,0.00,0.000,0.000,0.00,0.000,0.000,0.00,0.000,0.000,0.00,0.000,0.000,0.00,0.000,0.000,0.00
7.9424,0.000,0.000,0.00,100.00,0.00,0.000,0.000,0.00,0.000,0.000,0.00,0.000,0.000,0.00,0.000,0.000,0.00,0.000,0.000,0.00,0.000,0.000,0.00,0.000,0.000,0.00,0.000,0.000,0.00,0.000,0.000,0.00,0.000,0.000,0.00,0.000,0.000,0.00,0.000,0.000,0.00,0.000,0.000,0.00,0.000,0.000,0.00,0.000,0.000,0.00,0.000,0.000,0.00,0.000,0.000,0.00,0.000,0.000,0.00,0.000,0.000,0.00,0.000,0.000,0.00,0.000,0.000,0.00,0.000,0.000,0.00,0.000,0.000,0.00,0.000,0.000,0.00,0.000,0.000,0.00,0.000,0.000,0.00,0.000,0.000,0.00,0.000,0.000,0.00,0.000,0.000,0.00,0.000,0.000,0.00
8.0455,0.000,0.000,0.00,100.00,0.00,0.000,0.000,0.00,0.000,0.000,0.00,0.000,0.000,0.00,0.000,0.000,0.00,0.000,0.000,0.00,0.000,0.000,0.00,0.000,0.000,0.00,0.000,0.000,0.00,0.000,0.000,0.00,0.000,0.000,0.00,0.000,0.000,0.00,0.000,0.000,0.00,0.000,0.000,0.00,0.000,0.000,0.00,0.000,0.000,0.00,0.000,0.000,0.00,0.000,0.000,0.00,0.000,0.000,0.00,0.000,0.000,0.00,0.000,0.000,0.00,0.000,0.000,0.00,0.000,0.000,0.00,0.000,0.000,0.00,0.000,0.000,0.00,0.000,0.000,0.00,0.000,0.000,0.00,0.000,0.000,0.00,0.000,0.000,0.00,0.000,0.000,0.00,0.000,0.000,0.00
8.1484,0.000,0.000,0.00,100.00,0.00,0.000,0.000,0.00,0.000,0.000,0.00,0.000,0.000,0.00,0.000,0.000,0.00,0.000,0.000,0.00,0.000,0.000,0.00,0.000,0.000,0.00,0.000,0.000,0.00,0.000,0.000,0.00,0.000,0.000,0.00,0.000,0.000,0.00,0.000,0.000,0.00,0.000,0.000,0.00,0.000,0.000,0.00,0.000,0.000,0.00,0.000,0.000,0.00,0.000,0.000,0.00,0.000,0.000,0.00,0.000,0.000,0.00,0.000,0.000,0.00,0.000,0.000,0.00,0.000,0.000,0.00,0.000,0.000,0.00,0.000,0.000,0.00,0.000,0.000,0.00,0.000,0.000,0.00,0.000,0.000,0.00,0.000,0.000,0.00,0.000,0.000,0.00,0.000,0.000,0.00
8.2514,0.000,0.000,0.00,100.00,0.00,0.000,0.000,0.00,0.000,0.000,0.00,0.000,0.000,0.00,0.000,0.000,0.00,0.000,0.000,0.00,0.000,0.000,0.00,0.000,0.000,0.00,0.000,0.000,0.00,0.000,0.000,0.00,0.000,0.000,0.00,0.000,0.000,0.00,0.000,0.000,0.00,0.000,0.000,0.00,0.000,0.000,0.00,0.000,0.000,0.00,0.000,0.000,0.00,0.000,0.000,0.00,0.000,0.000,0.00,0.000,0.000,0.00,0.000,0.000,0.00,0.000,0.000,0.00,0.000,0.000,0.00,0.000,0.000,0.00,0.000,0.000,0.00,0.000,0.000,0.00,0.000,0.000,0.00,0.000,0.000,0.00,0.000,0.000,0.00,0.000,0.000,0.00,0.000,0.000,0.00
8.3545,0.000,0.000,0.00,100.00,0.00,0.000,0.000,0.00,0.000,0.000,0.00,0.000,0.000,0.00,0.000,0.000,0.00,0.000,0.000,0.00,0.000,0.000,0.00,0.000,0.000,0.00,0.000,0.000,0.00,0.000,0.000,0.00,0.000,0.000,0.00,0.000,0.000,0.00,0.000,0.000,0.00,0.000,0.000,0.00,0.000,0.000,0.00,0.000,0.000,0.00,0.000,0.000,0.00,0.000,0.000,0.00,0.000,0.000,0.00,0.000,0.000,0.00,0.000,0.000,0.00,0.000,0.000,0.00,0.000,0.000,0.00,0.000,0.000,0.00,0.000,0.000,0.00,0.000,0.000,0.00,0.000,0.000,0.00,0.000,0.000,0.00,0.000,0.000,0.00,0.000,0.000,0.00,0.000,0.000,0.00
8.4575,0.000,0.000,0.00,100.00,0.00,0.000,0.000,0.00,0.000,0.000,0.00,0.000,0.000,0.00,0.000,0.000,0.00,0.000,0.000,0.00,0.000,0.000,0.00,0.000,0.000,0.00,0.000,0.000,0.00,0.000,0.000,0.00,0.000,0.000,0.00,0.000,0.000,0.00,0.000,0.000,0.00,0.000,0.000,0.00,0.000,0.000,0.00,0.000,0.000,0.00,0.000,0.000,0.00,0.000,0.000,0.00,0.000,0.000,0.00,0.000,0.000,0.00,0.000,0.000,0.00,0.000,0.000,0.00,0.000,0.000,0.00,0.000,0.000,0.00,0.000,0.000,0.00,0.000,0.000,0.00,0.000,0.000,0.00,0.000,0.000,0.00,0.000,0.000,0.00,0.000,0.000,0.00,0.000,0.000,0.00
8.5604,0.000,0.000,0.00,100.00,0.00,0.000,0.000,0.00,0.000,0.000,0.00,0.000,0.000,0.00,0.000,0.000,0.00,0.000,0.000,0.00,0.000,0.000,0.00,0.000,0.000,0.00,0.000,0.000,0.00,0.000,0.000,0.00,0.000,0.000,0.00,0.000,0.000,0.00,0.000,0.000,0.00,0.000,0.000,0.00,0.000,0.000,0.00,0.000,0.000,0.00,0.000,0.000,0.00,0.000,0.000,0.00,0.000,0.000,0.00,0.000,0.000,0.00,0.000,0.000,0.00,0.000,0.000,0.00,0.000,0.000,0.00,0.000,0.000,0.00,0.000,0.000,0.00,0.000,0.000,0.00,0.000,0.000,0.00,0.000,0.000,0.00,0.000,0.000,0.00,0.000,0.000,0.00,0.000,0.000,0.00
8.6633,0.000,0.000,0.00,100.00,0.00,0.000,0.000,0.00,0.000,0.000,0.00,0.000,0.000,0.00,0.000,0.000,0.00,0.000,0.000,0.00,0.000,0.000,0.00,0.000,0.000,0.00,0.000,0.000,0.00,0.000,0.000,0.00,0.000,0.000,0.00,0.000,0.000,0.00,0.000,0.000,0.00,0.000,0.000,0.00,0.000,0.000,0.00,0.000,0.000,0.00,0.000,0.000,0.00,0.000,0.000,0.00,0.000,0.000,0.00,0.000,0.000,0.00,0.000,0.000,0.00,0.000,0.000,0.00,0.000,0.000,0.00,0.000,0.000,0.00,0.000,0.000,0.00,0.000,0.000,0.00,0.000,0.000,0.00,0.000,0.000,0.00,0.000,0.000,0.00,0.000,0.000,0.00,0.000,0.000,0.00
8.7665,0.000,0.000,0.00,100.00,0.00,0.000,0.000,0.00,0.000,0.000,0.00,0.000,0.000,0.00,0.000,0.000,0.00,0.000,0.000,0.00,0.000,0.000,0.00,0.000,0.000,0.00,0.000,0.000,0.00,0.000,0.000,0.00,0.000,0.000,0.00,0.000,0.000,0.00,0.000,0.000,0.00,0.000,0.000,0.00,0.000,0.000,0.00,0.000,0.000,0.00,0.000,0.000,0.00,0.000,0.000,0.00,0.000,0.000,0.00,0.000,0.000,0.00,0.000,0.000,0.00,0.000,0.000,0.00,0.000,0.000,0.00,0.000,0.000,0.00,0.000,0.000,0.00,0.000,0.000,0.00,0.000,0.000,0.00,0.000,0.000,0.00,0.000,0.000,0.00,0.000,0.000,0.00,0.000,0.000,0.00
8.8695,0.000,0.000,0.00,100.00,0.00,0.000,0.000,0.00,0.000,0.000,0.00,0.000,0.000,0.00,0.000,0.000,0.00,0.000,0.000,0.00,0.000,0.000,0.00,0.000,0.000,0.00,0.000,0.000,0.00,0.000,0.000,0.00,0.000,0.000,0.00,0.000,0.000,0.00,0.000,0.000,0.00,0.000,0.000,0.00,0.000,0.000,0.00,0.000,0.000,0.00,0.000,0.000,0.00,0.000,0.000,0.00,0.000,0.000,0.00,0.000,0.000,0.00,0.000,0.000,0.00,0.000,0.000,0.00,0.000,0.000,0.00,0.000,0.000,0.00,0.000,0.000,0.00,0.000,0.000,0.00,0.000,0.000,0.00,0.000,0.000,0.00,0.000,0.000,0.00,0.000,0.000,0.00,0.000,0.000,0.00
8.9724,0.000,0.000,0.00,100.00,0.00,0.000,0.000,0.00,0.000,0.000,0.00,0.000,0.000,0.00,0.000,0.000,0.00,0.000,0.000,0.00,0.000,0.000,0.00,0.000,0.000,0.00,0.000,0.000,0.00,0.000,0.000,0.00,0.000,0.000,0.00,0.000,0.000,0.00,0.000,0.000,0.00,0.000,0.000,0.00,0.000,0.000,0.00,0.000,0.000,0.00,0.000,0.000,0.00,0.000,0.000,0.00,0.000,0.000,0.00,0.000,0.000,0.00,0.000,0.000,0.00,0.000,0.000,0.00,0.000,0.000,0.00,0.000,0.000,0.00,0.000,0.000,0.00,0.000,0.000,0.00,0.000,0.000,0.00,0.000,0.000,0.00,0.000,0.000,0.00,0.000,0.000,0.00,0.000,0.000,0.00
9.0755,0.000,0.000,0.00,100.00,0.00,0.000,0.000,0.00,0.000,0.000,0.00,0.000,0.000,0.00,0.000,0.000,0.00,0.000,0.000,0.00,0.000,0.000,0.00,0.000,0.000,0.00,0.000,0.000,0.00,0.000,0.000,0.00,0.000,0.000,0.00,0.000,0.000,0.00,0.000,0.000,0.00,0.000,0.000,0.00,0.000,0.000,0.00,0.000,0.000,0.00,0.000,0.000,0.00,0.000,0.000,0.00,0.000,0.000,0.00,0.000,0.000,0.00,0.000,0.000,0.00,0.000,0.000,0.00,0.000,0.000,0.00,0.000,0.000,0.00,0.000,0.000,0.00,0.000,0.000,0.00,0.000,0.000,0.00,0.000,0.000,0.00,0.000,0.000,0.00,0.000,0.000,0.00,0.000,0.000,0.00
9.1785,0.000,0.000,0.00,100.00,0.00,0.000,0.000,0.00,0.000,0.000,0.00,0.000,0.000,0.00,0.000,0.000,0.00,0.000,0.000,0.00,0.000,0.000,0.00,0.000,0.000,0.00,0.000,0.000,0.00,0.000,0.000,0.00,0.000,0.000,0.00,0.000,0.000,0.00,0.000,0.000,0.00,0.000,0.000,0.00,0.000,0.000,0.00,0.000,0.000,0.00,0.000,0.000,0.00,0.000,0.000,0.00,0.000,0.000,0.00,0.000,0.000,0.00,0.000,0.000,0.00,0.000,0.000,0.00,0.000,0.000,0.00,0.000,0.000,0.00,0.000,0.000,0.00,0.000,0.000,0.00,0.000,0.000,0.00,0.000,0.000,0.00,0.000,0.000,0.00,0.000,0.000,0.00,0.000,0.000,0.00
9.2815,0.000,0.000,0.00,100.00,0.00,0.000,0.000,0.00,0.000,0.000,0.00,0.000,0.000,0.00,0.000,0.000,0.00,0.000,0.000,0.00,0.000,0.000,0.00,0.000,0.000,0.00,0.000,0.000,0.00,0.000,0.000,0.00,0.000,0.000,0.00,0.000,0.000,0.00,0.000,0.000,0.00,0.000,0.000,0.00,0.000,0.000,0.00,0.000,0.000,0.00,0.000,0.000,0.00,0.000,0.000,0.00,0.000,0.000,0.00,0.000,0.000,0.00,0.000,0.000,0.00,0.000,0.000,0.00,0.000,0.000,0.00,0.000,0.000,0.00,0.000,0.000,0.00,0.000,0.000,0.00,0.000,0.000,0.00,0.000,0.000,0.00,0.000,0.000,0.00,0.000,0.000,0.00,0.000,0.000,0.00
9.3845,0.000,0.000,0.00,100.00,0.00,0.000,0.000,0.00,0.000,0.000,0.00,0.000,0.000,0.00,0.000,0.000,0.00,0.000,0.000,0.00,0.000,0.000,0.00,0.000,0.000,0.00,0.000,0.000,0.00,0.000,0.000,0.00,0.000,0.000,0.00,0.000,0.000,0.00,0.000,0.000,0.00,0.000,0.000,0.00,0.000,0.000,0.00,0.000,0.000,0.00,0.000,0.000,0.00,0.000,0.000,0.00,0.000,0.000,0.00,0.000,0.000,0.00,0.000,0.000,0.00,0.000,0.000,0.00,0.000,0.000,0.00,0.000,0.000,0.00,0.000,0.000,0.00,0.000,0.000,0.00,0.000,0.000,0.00,0.000,0.000,0.00,0.000,0.000,0.00,0.000,0.000,0.00,0.000,0.000,0.00
9.4875,0.000,0.000,0.00,100.00,0.00,0.000,0.000,0.00,0.000,0.000,0.00,0.000,0.000,0.00,0.000,0.000,0.00,0.000,0.000,0.00,0.000,0.000,0.00,0.000,0.000,0.00,0.000,0.000,0.00,0.000,0.000,0.00,0.000,0.000,0.00,0.000,0.000,0.00,0.000,0.000,0.00,0.000,0.000,0.00,0.000,0.000,0.00,0.000,0.000,0.00,0.000,0.000,0.00,0.000,0.000,0.00,0.000,0.000,0.00,0.000,0.000,0.00,0.000,0.000,0.00,0.000,0.000,0.00,0.000,0.000,0.00,0.000,0.000,0.00,0.000,0.000,0.00,0.000,0.000,0.00,0.000,0.000,0.00,0.000,0.000,0.00,0.000,0.000,0.00,0.000,0.000,0.00,0.000,0.000,0.00
9.5905,0.000,0.000,0.00,100.00,0.00,0.000,0.000,0.00,0.000,0.000,0.00,0.000,0.000,0.00,0.000,0.000,0.00,0.000,0.000,0.00,0.000,0.000,0.00,0.000,0.000,0.00,0.000,0.000,0.00,0.000,0.000,0.00,0.000,0.000,0.00,0.000,0.000,0.00,0.000,0.000,0.00,0.000,0.000,0.00,0.000,0.000,0.00,0.000,0.000,0.00,0.000,0.000,0.00,0.000,0.000,0.00,0.000,0.000,0.00,0.000,0.000,0.00,0.000,0.000,0.00,0.000,0.000,0.00,0.000,0.000,0.00,0.000,0.000,0.00,0.000,0.000,0.00,0.000,0.000,0.00,0.000,0.000,0.00,0.000,0.000,0.00,0.000,0.000,0.00,0.000,0.000,0.00,0.000,0.000,0.00
9.6934,0.000,0.000,0.00,100.00,0.00,0.000,0.000,0.00,0.000,0.000,0.00,0.000,0.000,0.00,0.000,0.000,0.00,0.000,0.000,0.00,0.000,0.000,0.00,0.000,0.000,0.00,0.000,0.000,0.00,0.000,0.000,0.00,0.000,0.000,0.00,0.000,0.000,0.00,0.000,0.000,0.00,0.000,0.000,0.00,0.000,0.000,0.00,0.000,0.000,0.00,0.000,0.000,0.00,0.000,0.000,0.00,0.000,0.000,0.00,0.000,0.000,0.00,0.000,0.000,0.00,0.000,0.000,0.00,0.000,0.000,0.00,0.000,0.000,0.00,0.000,0.000,0.00,0.000,0.000,0.00,0.000,0.000,0.00,0.000,0.000,0.00,0.000,0.000,0.00,0.000,0.000,0.00,0.000,0.000,0.00
9.7955,0.000,0.000,0.00,100.00,0.00,0.000,0.000,0.00,0.000,0.000,0.00,0.000,0.000,0.00,0.000,0.000,0.00,0.000,0.000,0.00,0.000,0.000,0.00,0.000,0.000,0.00,0.000,0.000,0.00,0.000,0.000,0.00,0.000,0.000,0.00,0.000,0.000,0.00,0.000,0.000,0.00,0.000,0.000,0.00,0.000,0.000,0.00,0.000,0.000,0.00,0.000,0.000,0.00,0.000,0.000,0.00,0.000,0.000,0.00,0.000,0.000,0.00,0.000,0.000,0.00,0.000,0.000,0.00,0.000,0.000,0.00,0.000,0.000,0.00,0.000,0.000,0.00,0.000,0.000,0.00,0.000,0.000,0.00,0.000,0.000,0.00,0.000,0.000,0.00,0.000,0.000,0.00,0.000,0.000,0.00
9.8985,0.000,0.000,0.00,100.00,0.00,0.000,0.000,0.00,0.000,0.000,0.00,0.000,0.000,0.00,0.000,0.000,0.00,0.000,0.000,0.00,0.000,0.000,0.00,0.000,0.000,0.00,0.000,0.000,0.00,0.000,0.000,0.00,0.000,0.000,0.00,0.000,0.000,0.00,0.000,0.000,0.00,0.000,0.000,0.00,0.000,0.000,0.00,0.000,0.000,0.00,0.000,0.000,0.00,0.000,0.000,0.00,0.000,0.000,0.00,0.000,0.000,0.00,0.000,0.000,0.00,0.000,0.000,0.00,0.000,0.000,0.00,0.000,0.000,0.00,0.000,0.000,0.00,0.000,0.000,0.00,0.000,0.000,0.00,0.000,0.000,0.00,0.000,0.000,0.00,0.000,0.000,0.00,0.000,0.000,0.00
10.0015,0.000,0.000,0.00,100.00,0.00,0.000,0.000,0.00,0.000,0.000,0.00,0.000,0.000,0.00,0.000,0.000,0.00,0.000,0.000,0.00,0.000,0.000,0.00,0.000,0.000,0.00,0.000,0.000,0.00,0.000,0.000,0.00,0.000,0.000,0.00,0.000,0.000,0.00,0.000,0.000,0.00,0.000,0.000,0.00,0.000,0.000,0.00,0.000,0.000,0.00,0.000,0.000,0.00,0.000,0.000,0.00,0.000,0.000,0.00,0.000,0.000,0.00,0.000,0.000,0.00,0.000,0.000,0.00,0.000,0.000,0.00,0.000,0.000,0.00,0.000,0.000,0.00,0.000,0.000,0.00,0.000,0.000,0.00,0.000,0.000,0.00,0.000,0.000,0.00,0.000,0.000,0.00,0.000,0.000,0.00
10.1045,0.000,0.000,0.00,100.00,0.00,0.000,0.000,0.00,0.000,0.000,0.00,0.000,0.000,0.00,0.000,0.000,0.00,0.000,0.000,0.00,0.000,0.000,0.00,0.000,0.000,0.00,0.000,0.000,0.00,0.000,0.000,0.00,0.000,0.000,0.00,0.000,0.000,0.00,0.000,0.000,0.00,0.000,0.000,0.00,0.000,0.000,0.00,0.000,0.000,0.00,0.000,0.000,0.00,0.000,0.000,0.00,0.000,0.000,0.00,0.000,0.000,0.00,0.000,0.000,0.00,0.000,0.000,0.00,0.000,0.000,0.00,0.000,0.000,0.00,0.000,0.000,0.00,0.000,0.000,0.00,0.000,0.000,0.00,0.000,0.000,0.00,0.000,0.000,0.00,0.000,0.000,0.00,0.000,0.000,0.00
10.2075,0.000,0.000,0.00,100.00,0.00,0.000,0.000,0.00,0.000,0.000,0.00,0.000,0.000,0.00,0.000,0.000,0.00,0.000,0.000,0.00,0.000,0.000,0.00,0.000,0.000,0.00,0.000,0.000,0.00,0.000,0.000,0.00,0.000,0.000,0.00,0.000,0.000,0.00,0.000,0.000,0.00,0.000,0.000,0.00,0.000,0.000,0.00,0.000,0.000,0.00,0.000,0.000,0.00,0.000,0.000,0.00,0.000,0.000,0.00,0.000,0.000,0.00,0.000,0.000,0.00,0.000,0.000,0.00,0.000,0.000,0.00,0.000,0.000,0.00,0.000,0.000,0.00,0.000,0.000,0.00,0.000,0.000,0.00,0.000,0.000,0.00,0.000,0.000,0.00,0.000,0.000,0.00,0.000,0.000,0.00
10.3105,0.000,0.000,0.00,100.00,0.00,0.000,0.000,0.00,0.000,0.000,0.00,0.000,0.000,0.00,0.000,0.000,0.00,0.000,0.000,0.00,0.000,0.000,0.00,0.000,0.000,0.00,0.000,0.000,0.00,0.000,0.000,0.00,0.000,0.000,0.00,0.000,0.000,0.00,0.000,0.000,0.00,0.000,0.000,0.00,0.000,0.000,0.00,0.000,0.000,0.00,0.000,0.000,0.00,0.000,0.000,0.00,0.000,0.000,0.00,0.000,0.000,0.00,0.000,0.000,0.00,0.000,0.000,0.00,0.000,0.000,0.00,0.000,0.000,0.00,0.000,0.000,0.00,0.000,0.000,0.00,0.000,0.000,0.00,0.000,0.000,0.00,0.000,0.000,0.00,0.000,0.000,0.00,0.000,0.000,0.00
10.4135,0.000,0.000,0.00,100.00,0.00,0.000,0.000,0.00,0.000,0.000,0.00,0.000,0.000,0.00,0.000,0.000,0.00,0.000,0.000,0.00,0.000,0.000,0.00,0.000,0.000,0.00,0.000,0.000,0.00,0.000,0.000,0.00,0.000,0.000,0.00,0.000,0.000,0.00,0.000,0.000,0.00,0.000,0.000,0.00,0.000,0.000,0.00,0.000,0.000,0.00,0.000,0.000,0.00,0.000,0.000,0.00,0.000,0.000,0.00,0.000,0.000,0.00,0.000,0.000,0.00,0.000,0.000,0.00,0.000,0.000,0.00,0.000,0.000,0.00,0.000,0.000,0.00,0.000,0.000,0.00,0.000,0.000,0.00,0.000,0.000,0.00,0.000,0.000,0.00,0.000,0.000,0.00,0.000,0.000,0.00
10.5164,0.000,0.000,0.00,100.00,0.00,0.000,0.000,0.00,0.000,0.000,0.00,0.000,0.000,0.00,0.000,0.000,0.00,0.000,0.000,0.00,0.000,0.000,0.00,0.000,0.000,0.00,0.000,0.000,0.00,0.000,0.000,0.00,0.000,0.000,0.00,0.000,0.000,0.00,0.000,0.000,0.00,0.000,0.000,0.00,0.000,0.000,0.00,0.000,0.000,0.00,0.000,0.000,0.00,0.000,0.000,0.00,0.000,0.000,0.00,0.000,0.000,0.00,0.000,0.000,0.00,0.000,0.000,0.00,0.000,0.000,0.00,0.000,0.000,0.00,0.000,0.000,0.00,0.000,0.000,0.00,0.000,0.000,0.00,0.000,0.000,0.00,0.000,0.000,0.00,0.000,0.000,0.00,0.000,0.000,0.00
10.6195,0.000,0.000,0.00,100.00,0.00,0.000,0.000,0.00,0.000,0.000,0.00,0.000,0.000,0.00,0.000,0.000,0.00,0.000,0.000,0.00,0.000,0.000,0.00,0.000,0.000,0.00,0.000,0.000,0.00,0.000,0.000,0.00,0.000,0.000,0.00,0.000,0.000,0.00,0.000,0.000,0.00,0.000,0.000,0.00,0.000,0.000,0.00,0.000,0.000,0.00,0.000,0.000,0.00,0.000,0.000,0.00,0.000,0.000,0.00,0.000,0.000,0.00,0.000,0.000,0.00,0.000,0.000,0.00,0.000,0.000,0.00,0.000,0.000,0.00,0.000,0.000,0.00,0.000,0.000,0.00,0.000,0.000,0.00,0.000,0.000,0.00,0.000,0.000,0.00,0.000,0.000,0.00,0.000,0.000,0.00
10.7225,0.000,0.000,0.00,100.00,0.00,0.000,0.000,0.00,0.000,0.000,0.00,0.000,0.000,0.00,0.000,0.000,0.00,0.000,0.000,0.00,0.000,0.000,0.00,0.000,0.000,0.00,0.000,0.000,0.00,0.000,0.000,0.00,0.000,0.000,0.00,0.000,0.000,0.00,0.000,0.000,0.00,0.000,0.000,0.00,0.000,0.000,0.00,0.000,0.000,0.00,0.000,0.000,0.00,0.000,0.000,0.00,0.000,0.000,0.00,0.000,0.000,0.00,0.000,0.000,0.00,0.000,0.000,0.00,0.000,0.000,0.00,0.000,0.000,0.00,0.000,0.000,0.00,0.000,0.000,0.00,0.000,0.000,0.00,0.000,0.000,0.00,0.000,0.000,0.00,0.000,0.000,0.00,0.000,0.000,0.00
10.8255,0.000,0.000,0.00,100.00,0.00,0.000,0.000,0.00,0.000,0.000,0.00,0.000,0.000,0.00,0.000,0.000,0.00,0.000,0.000,0.00,0.000,0.000,0.00,0.000,0.000,0.00,0.000,0.000,0.00,0.000,0.000,0.00,0.000,0.000,0.00,0.000,0.000,0.00,0.000,0.000,0.00,0.000,0.000,0.00,0.000,0.000,0.00,0.000,0.000,0.00,0.000,0.000,0.00,0.000,0.000,0.00,0.000,0.000,0.00,0.000,0.000,0.00,0.000,0.000,0.00,0.000,0.000,0.00,0.000,0.000,0.00,0.000,0.000,0.00,0.000,0.000,0.00,0.000,0.000,0.00,0.000,0.000,0.00,0.000,0.000,0.00,0.000,0.000,0.00,0.000,0.000,0.00,0.000,0.000,0.00
10.9285,0.000,0.000,0.00,100.00,0.00,0.000,0.000,0.00,0.000,0.000,0.00,0.000,0.000,0.00,0.000,0.000,0.00,0.000,0.000,0.00,0.000,0.000,0.00,0.000,0.000,0.00,0.000,0.000,0.00,0.000,0.000,0.00,0.000,0.000,0.00,0.000,0.000,0.00,0.000,0.000,0.00,0.000,0.000,0.00,0.000,0.000,0.00,0.000,0.000,0.00,0.000,0.000,0.00,0.000,0.000,0.00,0.000,0.000,0.00,0.000,0.000,0.00,0.000,0.000,0.00,0.000,0.000,0.00,0.000,0.000,0.00,0.000,0.000,0.00,0.000,0.000,0.00,0.000,0.000,0.00,0.000,0.000,0.00,0.000,0.000,0.00,0.000,0.000,0.00,0.000,0.000,0.00,0.000,0.000,0.00
11.0314,0.000,0.000,0.00,100.00,0.00,0.000,0.000,0.00,0.000,0.000,0.00,0.000,0.000,0.00,0.000,0.000,0.00,0.000,0.000,0.00,0.000,0.000,0.00,0.000,0.000,0.00,0.000,0.000,0.00,0.000,0.000,0.00,0.000,0.000,0.00,0.000,0.000,0.00,0.000,0.000,0.00,0.000,0.000,0.00,0.000,0.000,0.00,0.000,0.000,0.00,0.000,0.000,0.00,0.000,0.000,0.00,0.000,0.000,0.00,0.000,0.000,0.00,0.000,0.000,0.00,0.000,0.000,0.00,0.000,0.000,0.00,0.000,0.000,0.00,0.000,0.000,0.00,0.000,0.000,0.00,0.000,0.000,0.00,0.000,0.000,0.00,0.000,0.000,0.00,0.000,0.000,0.00,0.000,0.000,0.00
11.1345,0.000,0.000,0.00,100.00,0.00,0.000,0.000,0.00,0.000,0.000,0.00,0.000,0.000,0.00,0.000,0.000,0.00,0.000,0.000,0.00,0.000,0.000,0.00,0.000,0.000,0.00,0.000,0.000,0.00,0.000,0.000,0.00,0.000,0.000,0.00,0.000,0.000,0.00,0.000,0.000,0.00,0.000,0.000,0.00,0.000,0.000,0.00,0.000,0.000,0.00,0.000,0.000,0.00,0.000,0.000,0.00,0.000,0.000,0.00,0.000,0.000,0.00,0.000,0.000,0.00,0.000,0.000,0.00,0.000,0.000,0.00,0.000,0.000,0.00,0.000,0.000,0.00,0.000,0.000,0.00,0.000,0.000,0.00,0.000,0.000,0.00,0.000,0.000,0.00,0.000,0.000,0.00,0.000,0.000,0.00
11.2374,0.000,0.000,0.00,100.00,0.00,0.000,0.000,0.00,0.000,0.000,0.00,0.000,0.000,0.00,0.000,0.000,0.00,0.000,0.000,0.00,0.000,0.000,0.00,0.000,0.000,0.00,0.000,0.000,0.00,0.000,0.000,0.00,0.000,0.000,0.00,0.000,0.000,0.00,0.000,0.000,0.00,0.000,0.000,0.00,0.000,0.000,0.00,0.000,0.000,0.00,0.000,0.000,0.00,0.000,0.000,0.00,0.000,0.000,0.00,0.000,0.000,0.00,0.000,0.000,0.00,0.000,0.000,0.00,0.000,0.000,0.00,0.000,0.000,0.00,0.000,0.000,0.00,0.000,0.000,0.00,0.000,0.000,0.00,0.000,0.000,0.00,0.000,0.000,0.00,0.000,0.000,0.00,0.000,0.000,0.00
11.3404,0.000,0.000,0.00,100.00,0.00,0.000,0.000,0.00,0.000,0.000,0.00,0.000,0.000,0.00,0.000,0.000,0.00,0.000,0.000,0.00,0.000,0.000,0.00,0.000,0.000,0.00,0.000,0.000,0.00,0.000,0.000,0.00,0.000,0.000,0.00,0.000,0.000,0.00,0.000,0.000,0.00,0.000,0.000,0.00,0.000,0.000,0.00,0.000,0.000,0.00,0.000,0.000,0.00,0.000,0.000,0.00,0.000,0.000,0.00,0.000,0.000,0.00,0.000,0.000,0.00,0.000,0.000,0.00,0.000,0.000,0.00,0.000,0.000,0.00,0.000,0.000,0.00,0.000,0.000,0.00,0.000,0.000,0.00,0.000,0.000,0.00,0.000,0.000,0.00,0.000,0.000,0.00,0.000,0.000,0.00
11.4435,0.000,0.000,0.00,100.00,0.00,0.000,0.000,0.00,0.000,0.000,0.00,0.000,0.000,0.00,0.000,0.000,0.00,0.000,0.000,0.00,0.000,0.000,0.00,0.000,0.000,0.00,0.000,0.000,0.00,0.000,0.000,0.00,0.000,0.000,0.00,0.000,0.000,0.00,0.000,0.000,0.00,0.000,0.000,0.00,0.000,0.000,0.00,0.000,0.000,0.00,0.000,0.000,0.00,0.000,0.000,0.00,0.000,0.000,0.00,0.000,0.000,0.00,0.000,0.000,0.00,0.000,0.000,0.00,0.000,0.000,0.00,0.000,0.000,0.00,0.000,0.000,0.00,0.000,0.000,0.00,0.000,0.000,0.00,0.000,0.000,0.00,0.000,0.000,0.00,0.000,0.000,0.00,0.000,0.000,0.00
11.5465,0.000,0.000,0.00,100.00,0.00,0.000,0.000,0.00,0.000,0.000,0.00,0.000,0.000,0.00,0.000,0.000,0.00,0.000,0.000,0.00,0.000,0.000,0.00,0.000,0.000,0.00,0.000,0.000,0.00,0.000,0.000,0.00,0.000,0.000,0.00,0.000,0.000,0.00,0.000,0.000,0.00,0.000,0.000,0.00,0.000,0.000,0.00,0.000,0.000,0.00,0.000,0.000,0.00,0.000,0.000,0.00,0.000,0.000,0.00,0.000,0.000,0.00,0.000,0.000,0.00,0.000,0.000,0.00,0.000,0.000,0.00,0.000,0.000,0.00,0.000,0.000,0.00,0.000,0.000,0.00,0.000,0.000,0.00,0.000,0.000,0.00,0.000,0.000,0.00,0.000,0.000,0.00,0.000,0.000,0.00
11.6485,0.000,0.000,0.00,100.00,0.00,0.000,0.000,0.00,0.000,0.000,0.00,0.000,0.000,0.00,0.000,0.000,0.00,0.000,0.000,0.00,0.000,0.000,0.00,0.000,0.000,0.00,0.000,0.000,0.00,0.000,0.000,0.00,0.000,0.000,0.00,0.000,0.000,0.00,0.000,0.000,0.00,0.000,0.000,0.00,0.000,0.000,0.00,0.000,0.000,0.00,0.000,0.000,0.00,0.000,0.000,0.00,0.000,0.000,0.00,0.000,0.000,0.00,0.000,0.000,0.00,0.000,0.000,0.00,0.000,0.000,0.00,0.000,0.000,0.00,0.000,0.000,0.00,0.000,0.000,0.00,0.000,0.000,0.00,0.000,0.000,0.00,0.000,0.000,0.00,0.000,0.000,0.00,0.000,0.000,0.00
11.7515,0.000,0.000,0.00,100.00,0.00,0.000,0.000,0.00,0.000,0.000,0.00,0.000,0.000,0.00,0.000,0.000,0.00,0.000,0.000,0.00,0.000,0.000,0.00,0.000,0.000,0.00,0.000,0.000,0.00,0.000,0.000,0.00,0.000,0.000,0.00,0.000,0.000,0.00,0.000,0.000,0.00,0.000,0.000,0.00,0.000,0.000,0.00,0.000,0.000,0.00,0.000,0.000,0.00,0.000,0.000,0.00,0.000,0.000,0.00,0.000,0.000,0.00,0.000,0.000,0.00,0.000,0.000,0.00,0.000,0.000,0.00,0.000,0.000,0.00,0.000,0.000,0.00,0.000,0.000,0.00,0.000,0.000,0.00,0.000,0.000,0.00,0.000,0.000,0.00,0.000,0.000,0.00,0.000,0.000,0.00
11.8545,0.000,0.000,0.00,100.00,0.00,0.000,0.000,0.00,0.000,0.000,0.00,0.000,0.000,0.00,0.000,0.000,0.00,0.000,0.000,0.00,0.000,0.000,0.00,0.000,0.000,0.00,0.000,0.000,0.00,0.000,0.000,0.00,0.000,0.000,0.00,0.000,0.000,0.00,0.000,0.000,0.00,0.000,0.000,0.00,0.000,0.000,0.00,0.000,0.000,0.00,0.000,0.000,0.00,0.000,0.000,0.00,0.000,0.000,0.00,0.000,0.000,0.00,0.000,0.000,0.00,0.000,0.000,0.00,0.000,0.000,0.00,0.000,0.000,0.00,0.000,0.000,0.00,0.000,0.000,0.00,0.000,0.000,0.00,0.000,0.000,0.00,0.000,0.000,0.00,0.000,0.000,0.00,0.000,0.000,0.00
11.9575,0.000,0.000,0.00,100.00,0.00,0.000,0.000,0.00,0.000,0.000,0.00,0.000,0.000,0.00,0.000,0.000,0.00,0.000,0.000,0.00,0.000,0.000,0.00,0.000,0.000,0.00,0.000,0.000,0.00,0.000,0.000,0.00,0.000,0.000,0.00,0.000,0.000,0.00,0.000,0.000,0.00,0.000,0.000,0.00,0.000,0.000,0.00,0.000,0.000,0.00,0.000,0.000,0.00,0.000,0.000,0.00,0.000,0.000,0.00,0.000,0.000,0.00,0.000,0.000,0.00,0.000,0.000,0.00,0.000,0.000,0.00,0.000,0.000,0.00,0.000,0.000,0.00,0.000,0.000,0.00,0.000,0.000,0.00,0.000,0.000,0.00,0.000,0.000,0.00,0.000,0.000,0.00,0.000,0.000,0.00
12.0604,0.000,0.000,0.00,100.00,0.00,0.000,0.000,0.00,0.000,0.000,0.00,0.000,0.000,0.00,0.000,0.000,0.00,0.000,0.000,0.00,0.000,0.000,0.00,0.000,0.000,0.00,0.000,0.000,0.00,0.000,0.000,0.00,0.000,0.000,0.00,0.000,0.000,0.00,0.000,0.000,0.00,0.000,0.000,0.00,0.000,0.000,0.00,0.000,0.000,0.00,0.000,0.000,0.00,0.000,0.000,0.00,0.000,0.000,0.00,0.000,0.000,0.00,0.000,0.000,0.00,0.000,0.000,0.00,0.000,0.000,0.00,0.000,0.000,0.00,0.000,0.000,0.00,0.000,0.000,0.00,0.000,0.000,0.00,0.000,0.000,0.00,0.000,0.000,0.00,0.000,0.000,0.00,0.000,0.000,0.00
12.1635,0.000,0.000,0.00,100.00,0.00,0.000,0.000,0.00,0.000,0.000,0.00,0.000,0.000,0.00,0.000,0.000,0.00,0.000,0.000,0.00,0.000,0.000,0.00,0.000,0.000,0.00,0.000,0.000,0.00,0.000,0.000,0.00,0.000,0.000,0.00,0.000,0.000,0.00,0.000,0.000,0.00,0.000,0.000,0.00,0.000,0.000,0.00,0.000,0.000,0.00,0.000,0.000,0.00,0.000,0.000,0.00,0.000,0.000,0.00,0.000,0.000,0.00,0.000,0.000,0.00,0.000,0.000,0.00,0.000,0.000,0.00,0.000,0.000,0.00,0.000,0.000,0.00,0.000,0.000,0.00,0.000,0.000,0.00,0.000,0.000,0.00,0.000,0.000,0.00,0.000,0.000,0.00,0.000,0.000,0.00
12.2665,0.000,0.000,0.00,100.00,0.00,0.000,0.000,0.00,0.000,0.000,0.00,0.000,0.000,0.00,0.000,0.000,0.00,0.000,0.000,0.00,0.000,0.000,0.00,0.000,0.000,0.00,0.000,0.000,0.00,0.000,0.000,0.00,0.000,0.000,0.00,0.000,0.000,0.00,0.000,0.000,0.00,0.000,0.000,0.00,0.000,0.000,0.00,0.000,0.000,0.00,0.000,0.000,0.00,0.000,0.000,0.00,0.000,0.000,0.00,0.000,0.000,0.00,0.000,0.000,0.00,0.000,0.000,0.00,0.000,0.000,0.00,0.000,0.000,0.00,0.000,0.000,0.00,0.000,0.000,0.00,0.000,0.000,0.00,0.000,0.000,0.00,0.000,0.000,0.00,0.000,0.000,0.00,0.000,0.000,0.00
12.3695,0.000,0.000,0.00,100.00,0.00,0.000,0.000,0.00,0.000,0.000,0.00,0.000,0.000,0.00,0.000,0.000,0.00,0.000,0.000,0.00,0.000,0.000,0.00,0.000,0.000,0.00,0.000,0.000,0.00,0.000,0.000,0.00,0.000,0.000,0.00,0.000,0.000,0.00,0.000,0.000,0.00,0.000,0.000,0.00,0.000,0.000,0.00,0.000,0.000,0.00,0.000,0.000,0.00,0.000,0.000,0.00,0.000,0.000,0.00,0.000,0.000,0.00,0.000,0.000,0.00,0.000,0.000,0.00,0.000,0.000,0.00,0.000,0.000,0.00,0.000,0.000,0.00,0.000,0.000,0.00,0.000,0.000,0.00,0.000,0.000,0.00,0.000,0.000,0.00,0.000,0.000,0.00,0.000,0.000,0.00
12.4724,0.000,0.000,0.00,100.00,0.00,0.000,0.000,0.00,0.000,0.000,0.00,0.000,0.000,0.00,0.000,0.000,0.00,0.000,0.000,0.00,0.000,0.000,0.00,0.000,0.000,0.00,0.000,0.000,0.00,0.000,0.000,0.00,0.000,0.000,0.00,0.000,0.000,0.00,0.000,0.000,0.00,0.000,0.000,0.00,0.000,0.000,0.00,0.000,0.000,0.00,0.000,0.000,0.00,0.000,0.000,0.00,0.000,0.000,0.00,0.000,0.000,0.00,0.000,0.000,0.00,0.000,0.000,0.00,0.000,0.000,0.00,0.000,0.000,0.00,0.000,0.000,0.00,0.000,0.000,0.00,0.000,0.000,0.00,0.000,0.000,0.00,0.000,0.000,0.00,0.000,0.000,0.00,0.000,0.000,0.00
12.5754,0.000,0.000,0.00,100.00,0.00,0.000,0.000,0.00,0.000,0.000,0.00,0.000,0.000,0.00,0.000,0.000,0.00,0.000,0.000,0.00,0.000,0.000,0.00,0.000,0.000,0.00,0.000,0.000,0.00,0.000,0.000,0.00,0.000,0.000,0.00,0.000,0.000,0.00,0.000,0.000,0.00,0.000,0.000,0.00,0.000,0.000,0.00,0.000,0.000,0.00,0.000,0.000,0.00,0.000,0.000,0.00,0.000,0.000,0.00,0.000,0.000,0.00,0.000,0.000,0.00,0.000,0.000,0.00,0.000,0.000,0.00,0.000,0.000,0.00,0.000,0.000,0.00,0.000,0.000,0.00,0.000,0.000,0.00,0.000,0.000,0.00,0.000,0.000,0.00,0.000,0.000,0.00,0.000,0.000,0.00
12.6784,0.000,0.000,0.00,100.00,0.00,0.000,0.000,0.00,0.000,0.000,0.00,0.000,0.000,0.00,0.000,0.000,0.00,0.000,0.000,0.00,0.000,0.000,0.00,0.000,0.000,0.00,0.000,0.000,0.00,0.000,0.000,0.00,0.000,0.000,0.00,0.000,0.000,0.00,0.000,0.000,0.00,0.000,0.000,0.00,0.000,0.000,0.00,0.000,0.000,0.00,0.000,0.000,0.00,0.000,0.000,0.00,0.000,0.000,0.00,0.000,0.000,0.00,0.000,0.000,0.00,0.000,0.000,0.00,0.000,0.000,0.00,0.000,0.000,0.00,0.000,0.000,0.00,0.000,0.000,0.00,0.000,0.000,0.00,0.000,0.000,0.00,0.000,0.000,0.00,0.000,0.000,0.00,0.000,0.000,0.00
12.7805,0.000,0.000,0.00,100.00,0.00,0.000,0.000,0.00,0.000,0.000,0.00,0.000,0.000,0.00,0.000,0.000,0.00,0.000,0.000,0.00,0.000,0.000,0.00,0.000,0.000,0.00,0.000,0.000,0.00,0.000,0.000,0.00,0.000,0.000,0.00,0.000,0.000,0.00,0.000,0.000,0.00,0.000,0.000,0.00,0.000,0.000,0.00,0.000,0.000,0.00,0.000,0.000,0.00,0.000,0.000,0.00,0.000,0.000,0.00,0.000,0.000,0.00,0.000,0.000,0.00,0.000,0.000,0.00,0.000,0.000,0.00,0.000,0.000,0.00,0.000,0.000,0.00,0.000,0.000,0.00,0.000,0.000,0.00,0.000,0.000,0.00,0.000,0.000,0.00,0.000,0.000,0.00,0.000,0.000,0.00
12.8835,0.000,0.000,0.00,99.92,0.00,0.000,0.000,0.00,0.000,0.000,0.00,0.000,0.000,0.00,0.000,0.000,0.00,0.000,0.000,0.00,0.000,0.000,0.00,0.000,0.000,0.00,0.000,0.000,0.00,0.000,0.000,0.00,0.000,0.000,0.00,0.000,0.000,0.00,0.000,0.000,0.00,0.000,0.000,0.00,0.000,0.000,0.00,0.000,0.000,0.00,0.000,0.000,0.00,0.000,0.000,0.00,0.000,0.000,0.00,0.000,0.000,0.00,0.000,0.000,0.00,0.000,0.000,0.00,0.000,0.000,0.00,0.000,0.000,0.00,0.000,0.000,0.00,0.000,0.000,0.00,0.000,0.000,0.00,0.000,0.000,0.00,0.000,0.000,0.00,0.000,0.000,0.00,0.000,0.000,0.00
12.9865,0.000,0.000,0.00,100.00,0.00,0.000,0.000,0.00,0.000,0.000,0.00,0.000,0.000,0.00,0.000,0.000,0.00,0.000,0.000,0.00,0.000,0.000,0.00,0.000,0.000,0.00,0.000,0.000,0.00,0.000,0.000,0.00,0.000,0.000,0.00,0.000,0.000,0.00,0.000,0.000,0.00,0.000,0.000,0.00,0.000,0.000,0.00,0.000,0.000,0.00,0.000,0.000,0.00,0.000,0.000,0.00,0.000,0.000,0.00,0.000,0.000,0.00,0.000,0.000,0.00,0.000,0.000,0.00,0.000,0.000,0.00,0.000,0.000,0.00,0.000,0.000,0.00,0.000,0.000,0.00,0.000,0.000,0.00,0.000,0.000,0.00,0.000,0.000,0.00,0.000,0.000,0.00,0.000,0.000,0.00
13.0895,0.000,0.000,0.00,100.00,0.00,0.000,0.000,0.00,0.000,0.000,0.00,0.000,0.000,0.00,0.000,0.000,0.00,0.000,0.000,0.00,0.000,0.000,0.00,0.000,0.000,0.00,0.000,0.000,0.00,0.000,0.000,0.00,0.000,0.000,0.00,0.000,0.000,0.00,0.000,0.000,0.00,0.000,0.000,0.00,0.000,0.000,0.00,0.000,0.000,0.00,0.000,0.000,0.00,0.000,0.000,0.00,0.000,0.000,0.00,0.000,0.000,0.00,0.000,0.000,0.00,0.000,0.000,0.00,0.000,0.000,0.00,0.000,0.000,0.00,0.000,0.000,0.00,0.000,0.000,0.00,0.000,0.000,0.00,0.000,0.000,0.00,0.000,0.000,0.00,0.000,0.000,0.00,0.000,0.000,0.00
13.1924,0.000,0.000,0.00,100.00,0.00,0.000,0.000,0.00,0.000,0.000,0.00,0.000,0.000,0.00,0.000,0.000,0.00,0.000,0.000,0.00,0.000,0.000,0.00,0.000,0.000,0.00,0.000,0.000,0.00,0.000,0.000,0.00,0.000,0.000,0.00,0.000,0.000,0.00,0.000,0.000,0.00,0.000,0.000,0.00,0.000,0.000,0.00,0.000,0.000,0.00,0.000,0.000,0.00,0.000,0.000,0.00,0.000,0.000,0.00,0.000,0.000,0.00,0.000,0.000,0.00,0.000,0.000,0.00,0.000,0.000,0.00,0.000,0.000,0.00,0.000,0.000,0.00,0.000,0.000,0.00,0.000,0.000,0.00,0.000,0.000,0.00,0.000,0.000,0.00,0.000,0.000,0.00,0.000,0.000,0.00
13.2954,0.000,0.000,0.00,100.00,0.00,0.000,0.000,0.00,0.000,0.000,0.00,0.000,0.000,0.00,0.000,0.000,0.00,0.000,0.000,0.00,0.000,0.000,0.00,0.000,0.000,0.00,0.000,0.000,0.00,0.000,0.000,0.00,0.000,0.000,0.00,0.000,0.000,0.00,0.000,0.000,0.00,0.000,0.000,0.00,0.000,0.000,0.00,0.000,0.000,0.00,0.000,0.000,0.00,0.000,0.000,0.00,0.000,0.000,0.00,0.000,0.000,0.00,0.000,0.000,0.00,0.000,0.000,0.00,0.000,0.000,0.00,0.000,0.000,0.00,0.000,0.000,0.00,0.000,0.000,0.00,0.000,0.000,0.00,0.000,0.000,0.00,0.000,0.000,0.00,0.000,0.000,0.00,0.000,0.000,0.00
13.3985,0.000,0.000,0.00,100.00,0.00,0.000,0.000,0.00,0.000,0.000,0.00,0.000,0.000,0.00,0.000,0.000,0.00,0.000,0.000,0.00,0.000,0.000,0.00,0.000,0.000,0.00,0.000,0.000,0.00,0.000,0.000,0.00,0.000,0.000,0.00,0.000,0.000,0.00,0.000,0.000,0.00,0.000,0.000,0.00,0.000,0.000,0.00,0.000,0.000,0.00,0.000,0.000,0.00,0.000,0.000,0.00,0.000,0.000,0.00,0.000,0.000,0.00,0.000,0.000,0.00,0.000,0.000,0.00,0.000,0.000,0.00,0.000,0.000,0.00,0.000,0.000,0.00,0.000,0.000,0.00,0.000,0.000,0.00,0.000,0.000,0.00,0.000,0.000,0.00,0.000,0.000,0.00,0.000,0.000,0.00
13.5015,0.000,0.000,0.00,100.00,0.00,0.000,0.000,0.00,0.000,0.000,0.00,0.000,0.000,0.00,0.000,0.000,0.00,0.000,0.000,0.00,0.000,0.000,0.00,0.000,0.000,0.00,0.000,0.000,0.00,0.000,0.000,0.00,0.000,0.000,0.00,0.000,0.000,0.00,0.000,0.000,0.00,0.000,0.000,0.00,0.000,0.000,0.00,0.000,0.000,0.00,0.000,0.000,0.00,0.000,0.000,0.00,0.000,0.000,0.00,0.000,0.000,0.00,0.000,0.000,0.00,0.000,0.000,0.00,0.000,0.000,0.00,0.000,0.000,0.00,0.000,0.000,0.00,0.000,0.000,0.00,0.000,0.000,0.00,0.000,0.000,0.00,0.000,0.000,0.00,0.000,0.000,0.00,0.000,0.000,0.00
13.6045,0.000,0.000,0.00,100.00,0.00,0.000,0.000,0.00,0.000,0.000,0.00,0.000,0.000,0.00,0.000,0.000,0.00,0.000,0.000,0.00,0.000,0.000,0.00,0.000,0.000,0.00,0.000,0.000,0.00,0.000,0.000,0.00,0.000,0.000,0.00,0.000,0.000,0.00,0.000,0.000,0.00,0.000,0.000,0.00,0.000,0.000,0.00,0.000,0.000,0.00,0.000,0.000,0.00,0.000,0.000,0.00,0.000,0.000,0.00,0.000,0.000,0.00,0.000,0.000,0.00,0.000,0.000,0.00,0.000,0.000,0.00,0.000,0.000,0.00,0.000,0.000,0.00,0.000,0.000,0.00,0.000,0.000,0.00,0.000,0.000,0.00,0.000,0.000,0.00,0.000,0.000,0.00,0.000,0.000,0.00
13.7074,0.000,0.000,0.00,100.00,0.00,0.000,0.000,0.00,0.000,0.000,0.00,0.000,0.000,0.00,0.000,0.000,0.00,0.000,0.000,0.00,0.000,0.000,0.00,0.000,0.000,0.00,0.000,0.000,0.00,0.000,0.000,0.00,0.000,0.000,0.00,0.000,0.000,0.00,0.000,0.000,0.00,0.000,0.000,0.00,0.000,0.000,0.00,0.000,0.000,0.00,0.000,0.000,0.00,0.000,0.000,0.00,0.000,0.000,0.00,0.000,0.000,0.00,0.000,0.000,0.00,0.000,0.000,0.00,0.000,0.000,0.00,0.000,0.000,0.00,0.000,0.000,0.00,0.000,0.000,0.00,0.000,0.000,0.00,0.000,0.000,0.00,0.000,0.000,0.00,0.000,0.000,0.00,0.000,0.000,0.00
13.8104,0.000,0.035,0.06,100.00,0.00,0.000,0.000,0.00,0.000,0.000,0.00,0.000,0.000,0.00,0.000,0.000,0.00,0.000,0.000,0.00,0.000,0.000,0.00,0.000,0.000,0.00,0.000,0.000,0.00,0.000,0.000,0.00,0.000,0.000,0.00,0.000,0.000,0.00,0.000,0.000,0.00,0.000,0.000,0.00,0.000,0.000,0.00,0.000,0.000,0.00,0.000,0.000,0.00,0.000,0.000,0.00,0.000,0.000,0.00,0.000,0.000,0.00,0.000,0.000,0.00,0.000,0.000,0.00,0.000,0.000,0.00,0.000,0.000,0.00,0.000,0.000,0.00,0.000,0.035,1.94,0.000,0.000,0.00,0.000,0.000,0.00,0.000,0.000,0.00,0.000,0.000,0.00,0.000,0.000,0.00
13.9135,0.000,0.000,0.00,100.00,0.00,0.000,0.000,0.00,0.000,0.000,0.00,0.000,0.000,0.00,0.000,0.000,0.00,0.000,0.000,0.00,0.000,0.000,0.00,0.000,0.000,0.00,0.000,0.000,0.00,0.000,0.000,0.00,0.000,0.000,0.00,0.000,0.000,0.00,0.000,0.000,0.00,0.000,0.000,0.00,0.000,0.000,0.00,0.000,0.000,0.00,0.000,0.000,0.00,0.000,0.000,0.00,0.000,0.000,0.00,0.000,0.000,0.00,0.000,0.000,0.00,0.000,0.000,0.00,0.000,0.000,0.00,0.000,0.000,0.00,0.000,0.000,0.00,0.000,0.000,0.00,0.000,0.000,0.00,0.000,0.000,0.00,0.000,0.000,0.00,0.000,0.000,0.00,0.000,0.000,0.00
14.0164,0.000,0.000,0.00,100.00,0.00,0.000,0.000,0.00,0.000,0.000,0.00,0.000,0.000,0.00,0.000,0.000,0.00,0.000,0.000,0.00,0.000,0.000,0.00,0.000,0.000,0.00,0.000,0.000,0.00,0.000,0.000,0.00,0.000,0.000,0.00,0.000,0.000,0.00,0.000,0.000,0.00,0.000,0.000,0.00,0.000,0.000,0.00,0.000,0.000,0.00,0.000,0.000,0.00,0.000,0.000,0.00,0.000,0.000,0.00,0.000,0.000,0.00,0.000,0.000,0.00,0.000,0.000,0.00,0.000,0.000,0.00,0.000,0.000,0.00,0.000,0.000,0.00,0.000,0.000,0.00,0.000,0.000,0.00,0.000,0.000,0.00,0.000,0.000,0.00,0.000,0.000,0.00,0.000,0.000,0.00
14.1195,0.000,0.000,0.00,100.00,0.00,0.000,0.000,0.00,0.000,0.000,0.00,0.000,0.000,0.00,0.000,0.000,0.00,0.000,0.000,0.00,0.000,0.000,0.00,0.000,0.000,0.00,0.000,0.000,0.00,0.000,0.000,0.00,0.000,0.000,0.00,0.000,0.000,0.00,0.000,0.000,0.00,0.000,0.000,0.00,0.000,0.000,0.00,0.000,0.000,0.00,0.000,0.000,0.00,0.000,0.000,0.00,0.000,0.000,0.00,0.000,0.000,0.00,0.000,0.000,0.00,0.000,0.000,0.00,0.000,0.000,0.00,0.000,0.000,0.00,0.000,0.000,0.00,0.000,0.000,0.00,0.000,0.000,0.00,0.000,0.000,0.00,0.000,0.000,0.00,0.000,0.000,0.00,0.000,0.000,0.00
14.2217,0.000,0.000,0.00,95.60,0.00,0.000,0.000,0.00,0.000,0.000,0.00,0.000,0.000,0.00,0.000,0.000,0.00,0.000,0.000,0.00,0.000,0.000,0.00,0.000,0.000,0.00,0.000,0.000,0.00,0.000,0.000,0.00,0.000,0.000,0.00,0.000,0.000,0.00,0.000,0.000,0.00,0.000,0.000,0.00,0.000,0.000,0.00,0.000,0.000,0.00,0.000,0.000,0.00,0.000,0.000,0.00,0.000,0.000,0.00,0.000,0.000,0.00,0.000,0.000,0.00,0.000,0.000,0.00,0.000,0.000,0.00,0.000,0.000,0.00,0.000,0.000,0.00,0.000,0.000,0.00,0.000,0.000,0.00,0.000,0.000,0.00,0.000,0.000,0.00,0.000,0.000,0.00,0.000,0.000,0.00
14.3245,0.000,0.000,0.00,71.57,0.00,0.000,0.000,0.00,0.000,0.000,0.00,0.000,0.000,0.00,0.000,0.000,0.00,0.000,0.000,0.00,0.000,0.000,0.00,0.000,0.000,0.00,0.000,0.000,0.00,0.000,0.000,0.00,0.000,0.000,0.00,0.000,0.000,0.00,0.000,0.000,0.00,0.000,0.000,0.00,0.000,0.000,0.00,0.000,0.000,0.00,0.000,0.000,0.00,0.000,0.000,0.00,0.000,0.000,0.00,0.000,0.000,0.00,0.000,0.000,0.00,0.000,0.000,0.00,0.000,0.000,0.00,0.000,0.000,0.00,0.000,0.000,0.00,0.000,0.000,0.00,0.000,0.000,0.00,0.000,0.000,0.00,0.000,0.000,0.00,0.000,0.000,0.00,0.000,0.000,0.00
14.4335,0.000,0.000,0.00,97.23,0.00,0.000,0.000,0.00,0.000,0.000,0.00,0.000,0.000,0.00,0.000,0.000,0.00,0.000,0.000,0.00,0.000,0.000,0.00,0.000,0.000,0.00,0.000,0.000,0.00,0.000,0.000,0.00,0.000,0.000,0.00,0.000,0.000,0.00,0.000,0.000,0.00,0.000,0.000,0.00,0.000,0.000,0.00,0.000,0.000,0.00,0.000,0.000,0.00,0.000,0.000,0.00,0.000,0.000,0.00,0.000,0.000,0.00,0.000,0.000,0.00,0.000,0.000,0.00,0.000,0.000,0.00,0.000,0.000,0.00,0.000,0.000,0.00,0.000,0.000,0.00,0.000,0.000,0.00,0.000,0.000,0.00,0.000,0.000,0.00,0.000,0.000,0.00,0.000,0.000,0.00
14.5435,0.000,0.000,0.00,98.86,0.00,0.000,0.000,0.00,0.000,0.000,0.00,0.000,0.000,0.00,0.000,0.000,0.00,0.000,0.000,0.00,0.000,0.000,0.00,0.000,0.000,0.00,0.000,0.000,0.00,0.000,0.000,0.00,0.000,0.000,0.00,0.000,0.000,0.00,0.000,0.000,0.00,0.000,0.000,0.00,0.000,0.000,0.00,0.000,0.000,0.00,0.000,0.000,0.00,0.000,0.000,0.00,0.000,0.000,0.00,0.000,0.000,0.00,0.000,0.000,0.00,0.000,0.000,0.00,0.000,0.000,0.00,0.000,0.000,0.00,0.000,0.000,0.00,0.000,0.000,0.00,0.000,0.000,0.00,0.000,0.000,0.00,0.000,0.000,0.00,0.000,0.000,0.00,0.000,0.000,0.00
14.6535,0.000,0.000,0.00,99.25,0.00,0.000,0.000,0.00,0.000,0.000,0.00,0.000,0.000,0.00,0.000,0.000,0.00,0.000,0.000,0.00,0.000,0.000,0.00,0.000,0.000,0.00,0.000,0.000,0.00,0.000,0.000,0.00,0.000,0.000,0.00,0.000,0.000,0.00,0.000,0.000,0.00,0.000,0.000,0.00,0.000,0.000,0.00,0.000,0.000,0.00,0.000,0.000,0.00,0.000,0.000,0.00,0.000,0.000,0.00,0.000,0.000,0.00,0.000,0.000,0.00,0.000,0.000,0.00,0.000,0.000,0.00,0.000,0.000,0.00,0.000,0.000,0.00,0.000,0.000,0.00,0.000,0.000,0.00,0.000,0.000,0.00,0.000,0.000,0.00,0.000,0.000,0.00,0.000,0.000,0.00
14.7681,0.000,0.000,0.00,99.65,0.00,0.000,0.000,0.00,0.000,0.000,0.00,0.000,0.000,0.00,0.000,0.000,0.00,0.000,0.000,0.00,0.000,0.000,0.00,0.000,0.000,0.00,0.000,0.000,0.00,0.000,0.000,0.00,0.000,0.000,0.00,0.000,0.000,0.00,0.000,0.000,0.00,0.000,0.000,0.00,0.000,0.000,0.00,0.000,0.000,0.00,0.000,0.000,0.00,0.000,0.000,0.00,0.000,0.000,0.00,0.000,0.000,0.00,0.000,0.000,0.00,0.000,0.000,0.00,0.000,0.000,0.00,0.000,0.000,0.00,0.000,0.000,0.00,0.000,0.000,0.00,0.000,0.000,0.00,0.000,0.000,0.00,0.000,0.000,0.00,0.000,0.000,0.00,0.000,0.000,0.00
14.8828,0.000,0.000,0.00,100.00,0.00,0.000,0.000,0.00,0.000,0.000,0.00,0.000,0.000,0.00,0.000,0.000,0.00,0.000,0.000,0.00,0.000,0.000,0.00,0.000,0.000,0.00,0.000,0.000,0.00,0.000,0.000,0.00,0.000,0.000,0.00,0.000,0.000,0.00,0.000,0.000,0.00,0.000,0.000,0.00,0.000,0.000,0.00,0.000,0.000,0.00,0.000,0.000,0.00,0.000,0.000,0.00,0.000,0.000,0.00,0.000,0.000,0.00,0.000,0.000,0.00,0.000,0.000,0.00,0.000,0.000,0.00,0.000,0.000,0.00,0.000,0.000,0.00,0.000,0.000,0.00,0.000,0.000,0.00,0.000,0.000,0.00,0.000,0.000,0.00,0.000,0.000,0.00,0.000,0.000,0.00
14.9945,0.000,0.000,0.00,100.00,0.00,0.000,0.000,0.00,0.000,0.000,0.00,0.000,0.000,0.00,0.000,0.000,0.00,0.000,0.000,0.00,0.000,0.000,0.00,0.000,0.000,0.00,0.000,0.000,0.00,0.000,0.000,0.00,0.000,0.000,0.00,0.000,0.000,0.00,0.000,0.000,0.00,0.000,0.000,0.00,0.000,0.000,0.00,0.000,0.000,0.00,0.000,0.000,0.00,0.000,0.000,0.00,0.000,0.000,0.00,0.000,0.000,0.00,0.000,0.000,0.00,0.000,0.000,0.00,0.000,0.000,0.00,0.000,0.000,0.00,0.000,0.000,0.00,0.000,0.000,0.00,0.000,0.000,0.00,0.000,0.000,0.00,0.000,0.000,0.00,0.000,0.000,0.00,0.000,0.000,0.00
15.1088,0.000,0.000,0.00,100.00,0.00,0.000,0.000,0.00,0.000,0.000,0.00,0.000,0.000,0.00,0.000,0.000,0.00,0.000,0.000,0.00,0.000,0.000,0.00,0.000,0.000,0.00,0.000,0.000,0.00,0.000,0.000,0.00,0.000,0.000,0.00,0.000,0.000,0.00,0.000,0.000,0.00,0.000,0.000,0.00,0.000,0.000,0.00,0.000,0.000,0.00,0.000,0.000,0.00,0.000,0.000,0.00,0.000,0.000,0.00,0.000,0.000,0.00,0.000,0.000,0.00,0.000,0.000,0.00,0.000,0.000,0.00,0.000,0.000,0.00,0.000,0.000,0.00,0.000,0.000,0.00,0.000,0.000,0.00,0.000,0.000,0.00,0.000,0.000,0.00,0.000,0.000,0.00,0.000,0.000,0.00
15.2228,0.000,0.000,0.00,100.00,0.00,0.000,0.000,0.00,0.000,0.000,0.00,0.000,0.000,0.00,0.000,0.000,0.00,0.000,0.000,0.00,0.000,0.000,0.00,0.000,0.000,0.00,0.000,0.000,0.00,0.000,0.000,0.00,0.000,0.000,0.00,0.000,0.000,0.00,0.000,0.000,0.00,0.000,0.000,0.00,0.000,0.000,0.00,0.000,0.000,0.00,0.000,0.000,0.00,0.000,0.000,0.00,0.000,0.000,0.00,0.000,0.000,0.00,0.000,0.000,0.00,0.000,0.000,0.00,0.000,0.000,0.00,0.000,0.000,0.00,0.000,0.000,0.00,0.000,0.000,0.00,0.000,0.000,0.00,0.000,0.000,0.00,0.000,0.000,0.00,0.000,0.000,0.00,0.000,0.000,0.00
15.3330,0.000,0.000,0.00,91.86,0.00,0.000,0.000,0.00,0.000,0.000,0.00,0.000,0.000,0.00,0.000,0.000,0.00,0.000,0.000,0.00,0.000,0.000,0.00,0.000,0.000,0.00,0.000,0.000,0.00,0.000,0.000,0.00,0.000,0.000,0.00,0.000,0.000,0.00,0.000,0.000,0.00,0.000,0.000,0.00,0.000,0.000,0.00,0.000,0.000,0.00,0.000,0.000,0.00,0.000,0.000,0.00,0.000,0.000,0.00,0.000,0.000,0.00,0.000,0.000,0.00,0.000,0.000,0.00,0.000,0.000,0.00,0.000,0.000,0.00,0.000,0.000,0.00,0.000,0.000,0.00,0.000,0.000,0.00,0.000,0.000,0.00,0.000,0.000,0.00,0.000,0.000,0.00,0.000,0.000,0.00
15.4375,0.000,0.000,0.00,77.36,0.00,0.000,0.000,0.00,0.000,0.000,0.00,0.000,0.000,0.00,0.000,0.000,0.00,0.000,0.000,0.00,0.000,0.000,0.00,0.000,0.000,0.00,0.000,0.000,0.00,0.000,0.000,0.00,0.000,0.000,0.00,0.000,0.000,0.00,0.000,0.000,0.00,0.000,0.000,0.00,0.000,0.000,0.00,0.000,0.000,0.00,0.000,0.000,0.00,0.000,0.000,0.00,0.000,0.000,0.00,0.000,0.000,0.00,0.000,0.000,0.00,0.000,0.000,0.00,0.000,0.000,0.00,0.000,0.000,0.00,0.000,0.000,0.00,0.000,0.000,0.00,0.000,0.000,0.00,0.000,0.000,0.00,0.000,0.000,0.00,0.000,0.000,0.00,0.000,0.000,0.00
15.5455,0.000,0.000,0.00,99.92,0.00,0.000,0.000,0.00,0.000,0.000,0.00,0.000,0.000,0.00,0.000,0.000,0.00,0.000,0.000,0.00,0.000,0.000,0.00,0.000,0.000,0.00,0.000,0.000,0.00,0.000,0.000,0.00,0.000,0.000,0.00,0.000,0.000,0.00,0.000,0.000,0.00,0.000,0.000,0.00,0.000,0.000,0.00,0.000,0.000,0.00,0.000,0.000,0.00,0.000,0.000,0.00,0.000,0.000,0.00,0.000,0.000,0.00,0.000,0.000,0.00,0.000,0.000,0.00,0.000,0.000,0.00,0.000,0.000,0.00,0.000,0.000,0.00,0.000,0.000,0.00,0.000,0.000,0.00,0.000,0.000,0.00,0.000,0.000,0.00,0.000,0.000,0.00,0.000,0.000,0.00
15.6527,0.000,0.000,0.00,100.00,0.00,0.000,0.000,0.00,0.000,0.000,0.00,0.000,0.000,0.00,0.000,0.000,0.00,0.000,0.000,0.00,0.000,0.000,0.00,0.000,0.000,0.00,0.000,0.000,0.00,0.000,0.000,0.00,0.000,0.000,0.00,0.000,0.000,0.00,0.000,0.000,0.00,0.000,0.000,0.00,0.000,0.000,0.00,0.000,0.000,0.00,0.000,0.000,0.00,0.000,0.000,0.00,0.000,0.000,0.00,0.000,0.000,0.00,0.000,0.000,0.00,0.000,0.000,0.00,0.000,0.000,0.00,0.000,0.000,0.00,0.000,0.000,0.00,0.000,0.000,0.00,0.000,0.000,0.00,0.000,0.000,0.00,0.000,0.000,0.00,0.000,0.000,0.00,0.000,0.000,0.00
15.7606,0.000,0.000,0.00,100.00,0.00,0.000,0.000,0.00,0.000,0.000,0.00,0.000,0.000,0.00,0.000,0.000,0.00,0.000,0.000,0.00,0.000,0.000,0.00,0.000,0.000,0.00,0.000,0.000,0.00,0.000,0.000,0.00,0.000,0.000,0.00,0.000,0.000,0.00,0.000,0.000,0.00,0.000,0.000,0.00,0.000,0.000,0.00,0.000,0.000,0.00,0.000,0.000,0.00,0.000,0.000,0.00,0.000,0.000,0.00,0.000,0.000,0.00,0.000,0.000,0.00,0.000,0.000,0.00,0.000,0.000,0.00,0.000,0.000,0.00,0.000,0.000,0.00,0.000,0.000,0.00,0.000,0.000,0.00,0.000,0.000,0.00,0.000,0.000,0.00,0.000,0.000,0.00,0.000,0.000,0.00
15.8677,0.000,0.000,0.00,100.00,0.00,0.000,0.000,0.00,0.000,0.000,0.00,0.000,0.000,0.00,0.000,0.000,0.00,0.000,0.000,0.00,0.000,0.000,0.00,0.000,0.000,0.00,0.000,0.000,0.00,0.000,0.000,0.00,0.000,0.000,0.00,0.000,0.000,0.00,0.000,0.000,0.00,0.000,0.000,0.00,0.000,0.000,0.00,0.000,0.000,0.00,0.000,0.000,0.00,0.000,0.000,0.00,0.000,0.000,0.00,0.000,0.000,0.00,0.000,0.000,0.00,0.000,0.000,0.00,0.000,0.000,0.00,0.000,0.000,0.00,0.000,0.000,0.00,0.000,0.000,0.00,0.000,0.000,0.00,0.000,0.000,0.00,0.000,0.000,0.00,0.000,0.000,0.00,0.000,0.000,0.00
15.9715,0.000,0.000,0.00,100.00,0.00,0.000,0.000,0.00,0.000,0.000,0.00,0.000,0.000,0.00,0.000,0.000,0.00,0.000,0.000,0.00,0.000,0.000,0.00,0.000,0.000,0.00,0.000,0.000,0.00,0.000,0.000,0.00,0.000,0.000,0.00,0.000,0.000,0.00,0.000,0.000,0.00,0.000,0.000,0.00,0.000,0.000,0.00,0.000,0.000,0.00,0.000,0.000,0.00,0.000,0.000,0.00,0.000,0.000,0.00,0.000,0.000,0.00,0.000,0.000,0.00,0.000,0.000,0.00,0.000,0.000,0.00,0.000,0.000,0.00,0.000,0.000,0.00,0.000,0.000,0.00,0.000,0.000,0.00,0.000,0.000,0.00,0.000,0.000,0.00,0.000,0.000,0.00,0.000,0.000,0.00
16.0805,0.000,0.000,0.00,100.00,0.00,0.000,0.000,0.00,0.000,0.000,0.00,0.000,0.000,0.00,0.000,0.000,0.00,0.000,0.000,0.00,0.000,0.000,0.00,0.000,0.000,0.00,0.000,0.000,0.00,0.000,0.000,0.00,0.000,0.000,0.00,0.000,0.000,0.00,0.000,0.000,0.00,0.000,0.000,0.00,0.000,0.000,0.00,0.000,0.000,0.00,0.000,0.000,0.00,0.000,0.000,0.00,0.000,0.000,0.00,0.000,0.000,0.00,0.000,0.000,0.00,0.000,0.000,0.00,0.000,0.000,0.00,0.000,0.000,0.00,0.000,0.000,0.00,0.000,0.000,0.00,0.000,0.000,0.00,0.000,0.000,0.00,0.000,0.000,0.00,0.000,0.000,0.00,0.000,0.000,0.00
16.1905,0.000,0.000,0.00,100.00,0.00,0.000,0.000,0.00,0.000,0.000,0.00,0.000,0.000,0.00,0.000,0.000,0.00,0.000,0.000,0.00,0.000,0.000,0.00,0.000,0.000,0.00,0.000,0.000,0.00,0.000,0.000,0.00,0.000,0.000,0.00,0.000,0.000,0.00,0.000,0.000,0.00,0.000,0.000,0.00,0.000,0.000,0.00,0.000,0.000,0.00,0.000,0.000,0.00,0.000,0.000,0.00,0.000,0.000,0.00,0.000,0.000,0.00,0.000,0.000,0.00,0.000,0.000,0.00,0.000,0.000,0.00,0.000,0.000,0.00,0.000,0.000,0.00,0.000,0.000,0.00,0.000,0.000,0.00,0.000,0.000,0.00,0.000,0.000,0.00,0.000,0.000,0.00,0.000,0.000,0.00
16.3049,0.000,0.000,0.00,100.00,0.00,0.000,0.000,0.00,0.000,0.000,0.00,0.000,0.000,0.00,0.000,0.000,0.00,0.000,0.000,0.00,0.000,0.000,0.00,0.000,0.000,0.00,0.000,0.000,0.00,0.000,0.000,0.00,0.000,0.000,0.00,0.000,0.000,0.00,0.000,0.000,0.00,0.000,0.000,0.00,0.000,0.000,0.00,0.000,0.000,0.00,0.000,0.000,0.00,0.000,0.000,0.00,0.000,0.000,0.00,0.000,0.000,0.00,0.000,0.000,0.00,0.000,0.000,0.00,0.000,0.000,0.00,0.000,0.000,0.00,0.000,0.000,0.00,0.000,0.000,0.00,0.000,0.000,0.00,0.000,0.000,0.00,0.000,0.000,0.00,0.000,0.000,0.00,0.000,0.000,0.00
16.4222,0.000,0.428,0.06,100.00,0.00,0.000,0.000,0.00,0.000,0.000,0.00,0.000,0.000,0.00,0.000,0.000,0.00,0.000,0.000,0.00,0.000,0.000,0.00,0.000,0.000,0.00,0.000,0.000,0.00,0.000,0.000,0.00,0.000,0.000,0.00,0.000,0.000,0.00,0.000,0.000,0.00,0.000,0.000,0.00,0.000,0.000,0.00,0.000,0.000,0.00,0.000,0.000,0.00,0.000,0.000,0.00,0.000,0.000,0.00,0.000,0.000,0.00,0.000,0.000,0.00,0.000,0.000,0.00,0.000,0.000,0.00,0.000,0.428,1.70,0.000,0.000,0.00,0.000,0.000,0.00,0.000,0.000,0.00,0.000,0.000,0.00,0.000,0.000,0.00,0.000,0.000,0.00,0.000,0.000,0.00
16.5369,0.000,0.000,0.00,100.00,0.00,0.000,0.000,0.00,0.000,0.000,0.00,0.000,0.000,0.00,0.000,0.000,0.00,0.000,0.000,0.00,0.000,0.000,0.00,0.000,0.000,0.00,0.000,0.000,0.00,0.000,0.000,0.00,0.000,0.000,0.00,0.000,0.000,0.00,0.000,0.000,0.00,0.000,0.000,0.00,0.000,0.000,0.00,0.000,0.000,0.00,0.000,0.000,0.00,0.000,0.000,0.00,0.000,0.000,0.00,0.000,0.000,0.00,0.000,0.000,0.00,0.000,0.000,0.00,0.000,0.000,0.00,0.000,0.000,0.00,0.000,0.000,0.00,0.000,0.000,0.00,0.000,0.000,0.00,0.000,0.000,0.00,0.000,0.000,0.00,0.000,0.000,0.00,0.000,0.000,0.00
16.6510,0.000,0.000,0.00,100.00,0.00,0.000,0.000,0.00,0.000,0.000,0.00,0.000,0.000,0.00,0.000,0.000,0.00,0.000,0.000,0.00,0.000,0.000,0.00,0.000,0.000,0.00,0.000,0.000,0.00,0.000,0.000,0.00,0.000,0.000,0.00,0.000,0.000,0.00,0.000,0.000,0.00,0.000,0.000,0.00,0.000,0.000,0.00,0.000,0.000,0.00,0.000,0.000,0.00,0.000,0.000,0.00,0.000,0.000,0.00,0.000,0.000,0.00,0.000,0.000,0.00,0.000,0.000,0.00,0.000,0.000,0.00,0.000,0.000,0.00,0.000,0.000,0.00,0.000,0.000,0.00,0.000,0.000,0.00,0.000,0.000,0.00,0.000,0.000,0.00,0.000,0.000,0.00,0.000,0.000,0.00
16.7909,0.000,0.000,0.00,100.00,0.00,0.000,0.000,0.00,0.000,0.000,0.00,0.000,0.000,0.00,0.000,0.000,0.00,0.000,0.000,0.00,0.000,0.000,0.00,0.000,0.000,0.00,0.000,0.000,0.00,0.000,0.000,0.00,0.000,0.000,0.00,0.000,0.000,0.00,0.000,0.000,0.00,0.000,0.000,0.00,0.000,0.000,0.00,0.000,0.000,0.00,0.000,0.000,0.00,0.000,0.000,0.00,0.000,0.000,0.00,0.000,0.000,0.00,0.000,0.000,0.00,0.000,0.000,0.00,0.000,0.000,0.00,0.000,0.000,0.00,0.000,0.000,0.00,0.000,0.000,0.00,0.000,0.000,0.00,0.000,0.000,0.00,0.000,0.000,0.00,0.000,0.000,0.00,0.000,0.000,0.00
16.9055,0.000,0.031,0.06,100.00,0.00,0.000,0.000,0.00,0.000,0.000,0.00,0.000,0.000,0.00,0.000,0.000,0.00,0.000,0.000,0.00,0.000,0.000,0.00,0.000,0.000,0.00,0.000,0.000,0.00,0.000,0.000,0.00,0.000,0.000,0.00,0.000,0.000,0.00,0.000,0.000,0.00,0.000,0.000,0.00,0.000,0.000,0.00,0.000,0.000,0.00,0.000,0.000,0.00,0.000,0.000,0.00,0.000,0.000,0.00,0.000,0.000,0.00,0.000,0.000,0.00,0.000,0.000,0.00,0.000,0.000,0.00,0.000,0.000,0.00,0.000,0.031,1.74,0.000,0.000,0.00,0.000,0.000,0.00,0.000,0.000,0.00,0.000,0.000,0.00,0.000,0.000,0.00,0.000,0.000,0.00
17.0205,0.000,0.000,0.00,100.00,0.00,0.000,0.000,0.00,0.000,0.000,0.00,0.000,0.000,0.00,0.000,0.000,0.00,0.000,0.000,0.00,0.000,0.000,0.00,0.000,0.000,0.00,0.000,0.000,0.00,0.000,0.000,0.00,0.000,0.000,0.00,0.000,0.000,0.00,0.000,0.000,0.00,0.000,0.000,0.00,0.000,0.000,0.00,0.000,0.000,0.00,0.000,0.000,0.00,0.000,0.000,0.00,0.000,0.000,0.00,0.000,0.000,0.00,0.000,0.000,0.00,0.000,0.000,0.00,0.000,0.000,0.00,0.000,0.000,0.00,0.000,0.000,0.00,0.000,0.000,0.00,0.000,0.000,0.00,0.000,0.000,0.00,0.000,0.000,0.00,0.000,0.000,0.00,0.000,0.000,0.00
17.1362,0.000,0.000,0.00,100.00,0.00,0.000,0.000,0.00,0.000,0.000,0.00,0.000,0.000,0.00,0.000,0.000,0.00,0.000,0.000,0.00,0.000,0.000,0.00,0.000,0.000,0.00,0.000,0.000,0.00,0.000,0.000,0.00,0.000,0.000,0.00,0.000,0.000,0.00,0.000,0.000,0.00,0.000,0.000,0.00,0.000,0.000,0.00,0.000,0.000,0.00,0.000,0.000,0.00,0.000,0.000,0.00,0.000,0.000,0.00,0.000,0.000,0.00,0.000,0.000,0.00,0.000,0.000,0.00,0.000,0.000,0.00,0.000,0.000,0.00,0.000,0.000,0.00,0.000,0.000,0.00,0.000,0.000,0.00,0.000,0.000,0.00,0.000,0.000,0.00,0.000,0.000,0.00,0.000,0.000,0.00
17.2518,0.000,0.000,0.00,100.00,0.00,0.000,0.000,0.00,0.000,0.000,0.00,0.000,0.000,0.00,0.000,0.000,0.00,0.000,0.000,0.00,0.000,0.000,0.00,0.000,0.000,0.00,0.000,0.000,0.00,0.000,0.000,0.00,0.000,0.000,0.00,0.000,0.000,0.00,0.000,0.000,0.00,0.000,0.000,0.00,0.000,0.000,0.00,0.000,0.000,0.00,0.000,0.000,0.00,0.000,0.000,0.00,0.000,0.000,0.00,0.000,0.000,0.00,0.000,0.000,0.00,0.000,0.000,0.00,0.000,0.000,0.00,0.000,0.000,0.00,0.000,0.000,0.00,0.000,0.000,0.00,0.000,0.000,0.00,0.000,0.000,0.00,0.000,0.000,0.00,0.000,0.000,0.00,0.000,0.000,0.00
17.3657,0.000,0.000,0.00,100.00,0.00,0.000,0.000,0.00,0.000,0.000,0.00,0.000,0.000,0.00,0.000,0.000,0.00,0.000,0.000,0.00,0.000,0.000,0.00,0.000,0.000,0.00,0.000,0.000,0.00,0.000,0.000,0.00,0.000,0.000,0.00,0.000,0.000,0.00,0.000,0.000,0.00,0.000,0.000,0.00,0.000,0.000,0.00,0.000,0.000,0.00,0.000,0.000,0.00,0.000,0.000,0.00,0.000,0.000,0.00,0.000,0.000,0.00,0.000,0.000,0.00,0.000,0.000,0.00,0.000,0.000,0.00,0.000,0.000,0.00,0.000,0.000,0.00,0.000,0.000,0.00,0.000,0.000,0.00,0.000,0.000,0.00,0.000,0.000,0.00,0.000,0.000,0.00,0.000,0.000,0.00
17.4785,0.000,0.000,0.00,100.00,0.00,0.000,0.000,0.00,0.000,0.000,0.00,0.000,0.000,0.00,0.000,0.000,0.00,0.000,0.000,0.00,0.000,0.000,0.00,0.000,0.000,0.00,0.000,0.000,0.00,0.000,0.000,0.00,0.000,0.000,0.00,0.000,0.000,0.00,0.000,0.000,0.00,0.000,0.000,0.00,0.000,0.000,0.00,0.000,0.000,0.00,0.000,0.000,0.00,0.000,0.000,0.00,0.000,0.000,0.00,0.000,0.000,0.00,0.000,0.000,0.00,0.000,0.000,0.00,0.000,0.000,0.00,0.000,0.000,0.00,0.000,0.000,0.00,0.000,0.000,0.00,0.000,0.000,0.00,0.000,0.000,0.00,0.000,0.000,0.00,0.000,0.000,0.00,0.000,0.000,0.00
17.5918,0.000,0.000,0.00,100.00,0.00,0.000,0.000,0.00,0.000,0.000,0.00,0.000,0.000,0.00,0.000,0.000,0.00,0.000,0.000,0.00,0.000,0.000,0.00,0.000,0.000,0.00,0.000,0.000,0.00,0.000,0.000,0.00,0.000,0.000,0.00,0.000,0.000,0.00,0.000,0.000,0.00,0.000,0.000,0.00,0.000,0.000,0.00,0.000,0.000,0.00,0.000,0.000,0.00,0.000,0.000,0.00,0.000,0.000,0.00,0.000,0.000,0.00,0.000,0.000,0.00,0.000,0.000,0.00,0.000,0.000,0.00,0.000,0.000,0.00,0.000,0.000,0.00,0.000,0.000,0.00,0.000,0.000,0.00,0.000,0.000,0.00,0.000,0.000,0.00,0.000,0.000,0.00,0.000,0.000,0.00
17.7078,0.000,0.000,0.00,100.00,0.00,0.000,0.000,0.00,0.000,0.000,0.00,0.000,0.000,0.00,0.000,0.000,0.00,0.000,0.000,0.00,0.000,0.000,0.00,0.000,0.000,0.00,0.000,0.000,0.00,0.000,0.000,0.00,0.000,0.000,0.00,0.000,0.000,0.00,0.000,0.000,0.00,0.000,0.000,0.00,0.000,0.000,0.00,0.000,0.000,0.00,0.000,0.000,0.00,0.000,0.000,0.00,0.000,0.000,0.00,0.000,0.000,0.00,0.000,0.000,0.00,0.000,0.000,0.00,0.000,0.000,0.00,0.000,0.000,0.00,0.000,0.000,0.00,0.000,0.000,0.00,0.000,0.000,0.00,0.000,0.000,0.00,0.000,0.000,0.00,0.000,0.000,0.00,0.000,0.000,0.00
17.8208,0.000,0.000,0.00,100.00,0.00,0.000,0.000,0.00,0.000,0.000,0.00,0.000,0.000,0.00,0.000,0.000,0.00,0.000,0.000,0.00,0.000,0.000,0.00,0.000,0.000,0.00,0.000,0.000,0.00,0.000,0.000,0.00,0.000,0.000,0.00,0.000,0.000,0.00,0.000,0.000,0.00,0.000,0.000,0.00,0.000,0.000,0.00,0.000,0.000,0.00,0.000,0.000,0.00,0.000,0.000,0.00,0.000,0.000,0.00,0.000,0.000,0.00,0.000,0.000,0.00,0.000,0.000,0.00,0.000,0.000,0.00,0.000,0.000,0.00,0.000,0.000,0.00,0.000,0.000,0.00,0.000,0.000,0.00,0.000,0.000,0.00,0.000,0.000,0.00,0.000,0.000,0.00,0.000,0.000,0.00
17.9348,0.000,0.000,0.00,100.00,0.00,0.000,0.000,0.00,0.000,0.000,0.00,0.000,0.000,0.00,0.000,0.000,0.00,0.000,0.000,0.00,0.000,0.000,0.00,0.000,0.000,0.00,0.000,0.000,0.00,0.000,0.000,0.00,0.000,0.000,0.00,0.000,0.000,0.00,0.000,0.000,0.00,0.000,0.000,0.00,0.000,0.000,0.00,0.000,0.000,0.00,0.000,0.000,0.00,0.000,0.000,0.00,0.000,0.000,0.00,0.000,0.000,0.00,0.000,0.000,0.00,0.000,0.000,0.00,0.000,0.000,0.00,0.000,0.000,0.00,0.000,0.000,0.00,0.000,0.000,0.00,0.000,0.000,0.00,0.000,0.000,0.00,0.000,0.000,0.00,0.000,0.000,0.00,0.000,0.000,0.00
18.0488,0.000,0.000,0.00,100.00,0.00,0.000,0.000,0.00,0.000,0.000,0.00,0.000,0.000,0.00,0.000,0.000,0.00,0.000,0.000,0.00,0.000,0.000,0.00,0.000,0.000,0.00,0.000,0.000,0.00,0.000,0.000,0.00,0.000,0.000,0.00,0.000,0.000,0.00,0.000,0.000,0.00,0.000,0.000,0.00,0.000,0.000,0.00,0.000,0.000,0.00,0.000,0.000,0.00,0.000,0.000,0.00,0.000,0.000,0.00,0.000,0.000,0.00,0.000,0.000,0.00,0.000,0.000,0.00,0.000,0.000,0.00,0.000,0.000,0.00,0.000,0.000,0.00,0.000,0.000,0.00,0.000,0.000,0.00,0.000,0.000,0.00,0.000,0.000,0.00,0.000,0.000,0.00,0.000,0.000,0.00
18.1625,0.000,0.000,0.00,100.00,0.00,0.000,0.000,0.00,0.000,0.000,0.00,0.000,0.000,0.00,0.000,0.000,0.00,0.000,0.000,0.00,0.000,0.000,0.00,0.000,0.000,0.00,0.000,0.000,0.00,0.000,0.000,0.00,0.000,0.000,0.00,0.000,0.000,0.00,0.000,0.000,0.00,0.000,0.000,0.00,0.000,0.000,0.00,0.000,0.000,0.00,0.000,0.000,0.00,0.000,0.000,0.00,0.000,0.000,0.00,0.000,0.000,0.00,0.000,0.000,0.00,0.000,0.000,0.00,0.000,0.000,0.00,0.000,0.000,0.00,0.000,0.000,0.00,0.000,0.000,0.00,0.000,0.000,0.00,0.000,0.000,0.00,0.000,0.000,0.00,0.000,0.000,0.00,0.000,0.000,0.00
18.2768,0.000,0.000,0.00,100.00,0.00,0.000,0.000,0.00,0.000,0.000,0.00,0.000,0.000,0.00,0.000,0.000,0.00,0.000,0.000,0.00,0.000,0.000,0.00,0.000,0.000,0.00,0.000,0.000,0.00,0.000,0.000,0.00,0.000,0.000,0.00,0.000,0.000,0.00,0.000,0.000,0.00,0.000,0.000,0.00,0.000,0.000,0.00,0.000,0.000,0.00,0.000,0.000,0.00,0.000,0.000,0.00,0.000,0.000,0.00,0.000,0.000,0.00,0.000,0.000,0.00,0.000,0.000,0.00,0.000,0.000,0.00,0.000,0.000,0.00,0.000,0.000,0.00,0.000,0.000,0.00,0.000,0.000,0.00,0.000,0.000,0.00,0.000,0.000,0.00,0.000,0.000,0.00,0.000,0.000,0.00
18.3908,0.000,0.036,0.06,100.00,0.00,0.000,0.000,0.00,0.000,0.000,0.00,0.000,0.000,0.00,0.000,0.000,0.00,0.000,0.000,0.00,0.000,0.000,0.00,0.000,0.000,0.00,0.000,0.000,0.00,0.000,0.000,0.00,0.000,0.000,0.00,0.000,0.000,0.00,0.000,0.000,0.00,0.000,0.000,0.00,0.000,0.000,0.00,0.000,0.000,0.00,0.000,0.000,0.00,0.000,0.036,1.75,0.000,0.000,0.00,0.000,0.000,0.00,0.000,0.000,0.00,0.000,0.000,0.00,0.000,0.000,0.00,0.000,0.000,0.00,0.000,0.000,0.00,0.000,0.000,0.00,0.000,0.000,0.00,0.000,0.000,0.00,0.000,0.000,0.00,0.000,0.000,0.00,0.000,0.000,0.00
18.5047,0.000,0.000,0.00,100.00,0.00,0.000,0.000,0.00,0.000,0.000,0.00,0.000,0.000,0.00,0.000,0.000,0.00,0.000,0.000,0.00,0.000,0.000,0.00,0.000,0.000,0.00,0.000,0.000,0.00,0.000,0.000,0.00,0.000,0.000,0.00,0.000,0.000,0.00,0.000,0.000,0.00,0.000,0.000,0.00,0.000,0.000,0.00,0.000,0.000,0.00,0.000,0.000,0.00,0.000,0.000,0.00,0.000,0.000,0.00,0.000,0.000,0.00,0.000,0.000,0.00,0.000,0.000,0.00,0.000,0.000,0.00,0.000,0.000,0.00,0.000,0.000,0.00,0.000,0.000,0.00,0.000,0.000,0.00,0.000,0.000,0.00,0.000,0.000,0.00,0.000,0.000,0.00,0.000,0.000,0.00
18.6208,0.000,0.000,0.00,100.00,0.00,0.000,0.000,0.00,0.000,0.000,0.00,0.000,0.000,0.00,0.000,0.000,0.00,0.000,0.000,0.00,0.000,0.000,0.00,0.000,0.000,0.00,0.000,0.000,0.00,0.000,0.000,0.00,0.000,0.000,0.00,0.000,0.000,0.00,0.000,0.000,0.00,0.000,0.000,0.00,0.000,0.000,0.00,0.000,0.000,0.00,0.000,0.000,0.00,0.000,0.000,0.00,0.000,0.000,0.00,0.000,0.000,0.00,0.000,0.000,0.00,0.000,0.000,0.00,0.000,0.000,0.00,0.000,0.000,0.00,0.000,0.000,0.00,0.000,0.000,0.00,0.000,0.000,0.00,0.000,0.000,0.00,0.000,0.000,0.00,0.000,0.000,0.00,0.000,0.000,0.00
18.7348,0.000,0.000,0.00,100.00,0.00,0.000,0.000,0.00,0.000,0.000,0.00,0.000,0.000,0.00,0.000,0.000,0.00,0.000,0.000,0.00,0.000,0.000,0.00,0.000,0.000,0.00,0.000,0.000,0.00,0.000,0.000,0.00,0.000,0.000,0.00,0.000,0.000,0.00,0.000,0.000,0.00,0.000,0.000,0.00,0.000,0.000,0.00,0.000,0.000,0.00,0.000,0.000,0.00,0.000,0.000,0.00,0.000,0.000,0.00,0.000,0.000,0.00,0.000,0.000,0.00,0.000,0.000,0.00,0.000,0.000,0.00,0.000,0.000,0.00,0.000,0.000,0.00,0.000,0.000,0.00,0.000,0.000,0.00,0.000,0.000,0.00,0.000,0.000,0.00,0.000,0.000,0.00,0.000,0.000,0.00
18.8508,0.000,0.000,0.00,100.00,0.00,0.000,0.000,0.00,0.000,0.000,0.00,0.000,0.000,0.00,0.000,0.000,0.00,0.000,0.000,0.00,0.000,0.000,0.00,0.000,0.000,0.00,0.000,0.000,0.00,0.000,0.000,0.00,0.000,0.000,0.00,0.000,0.000,0.00,0.000,0.000,0.00,0.000,0.000,0.00,0.000,0.000,0.00,0.000,0.000,0.00,0.000,0.000,0.00,0.000,0.000,0.00,0.000,0.000,0.00,0.000,0.000,0.00,0.000,0.000,0.00,0.000,0.000,0.00,0.000,0.000,0.00,0.000,0.000,0.00,0.000,0.000,0.00,0.000,0.000,0.00,0.000,0.000,0.00,0.000,0.000,0.00,0.000,0.000,0.00,0.000,0.000,0.00,0.000,0.000,0.00
18.9658,0.000,0.000,0.00,100.00,0.00,0.000,0.000,0.00,0.000,0.000,0.00,0.000,0.000,0.00,0.000,0.000,0.00,0.000,0.000,0.00,0.000,0.000,0.00,0.000,0.000,0.00,0.000,0.000,0.00,0.000,0.000,0.00,0.000,0.000,0.00,0.000,0.000,0.00,0.000,0.000,0.00,0.000,0.000,0.00,0.000,0.000,0.00,0.000,0.000,0.00,0.000,0.000,0.00,0.000,0.000,0.00,0.000,0.000,0.00,0.000,0.000,0.00,0.000,0.000,0.00,0.000,0.000,0.00,0.000,0.000,0.00,0.000,0.000,0.00,0.000,0.000,0.00,0.000,0.000,0.00,0.000,0.000,0.00,0.000,0.000,0.00,0.000,0.000,0.00,0.000,0.000,0.00,0.000,0.000,0.00
19.0818,0.000,0.000,0.00,100.00,0.00,0.000,0.000,0.00,0.000,0.000,0.00,0.000,0.000,0.00,0.000,0.000,0.00,0.000,0.000,0.00,0.000,0.000,0.00,0.000,0.000,0.00,0.000,0.000,0.00,0.000,0.000,0.00,0.000,0.000,0.00,0.000,0.000,0.00,0.000,0.000,0.00,0.000,0.000,0.00,0.000,0.000,0.00,0.000,0.000,0.00,0.000,0.000,0.00,0.000,0.000,0.00,0.000,0.000,0.00,0.000,0.000,0.00,0.000,0.000,0.00,0.000,0.000,0.00,0.000,0.000,0.00,0.000,0.000,0.00,0.000,0.000,0.00,0.000,0.000,0.00,0.000,0.000,0.00,0.000,0.000,0.00,0.000,0.000,0.00,0.000,0.000,0.00,0.000,0.000,0.00
19.1965,0.000,0.000,0.00,100.00,0.00,0.000,0.000,0.00,0.000,0.000,0.00,0.000,0.000,0.00,0.000,0.000,0.00,0.000,0.000,0.00,0.000,0.000,0.00,0.000,0.000,0.00,0.000,0.000,0.00,0.000,0.000,0.00,0.000,0.000,0.00,0.000,0.000,0.00,0.000,0.000,0.00,0.000,0.000,0.00,0.000,0.000,0.00,0.000,0.000,0.00,0.000,0.000,0.00,0.000,0.000,0.00,0.000,0.000,0.00,0.000,0.000,0.00,0.000,0.000,0.00,0.000,0.000,0.00,0.000,0.000,0.00,0.000,0.000,0.00,0.000,0.000,0.00,0.000,0.000,0.00,0.000,0.000,0.00,0.000,0.000,0.00,0.000,0.000,0.00,0.000,0.000,0.00,0.000,0.000,0.00
19.3105,0.000,0.000,0.00,100.00,0.00,0.000,0.000,0.00,0.000,0.000,0.00,0.000,0.000,0.00,0.000,0.000,0.00,0.000,0.000,0.00,0.000,0.000,0.00,0.000,0.000,0.00,0.000,0.000,0.00,0.000,0.000,0.00,0.000,0.000,0.00,0.000,0.000,0.00,0.000,0.000,0.00,0.000,0.000,0.00,0.000,0.000,0.00,0.000,0.000,0.00,0.000,0.000,0.00,0.000,0.000,0.00,0.000,0.000,0.00,0.000,0.000,0.00,0.000,0.000,0.00,0.000,0.000,0.00,0.000,0.000,0.00,0.000,0.000,0.00,0.000,0.000,0.00,0.000,0.000,0.00,0.000,0.000,0.00,0.000,0.000,0.00,0.000,0.000,0.00,0.000,0.000,0.00,0.000,0.000,0.00
19.4255,0.000,0.000,0.00,100.00,0.00,0.000,0.000,0.00,0.000,0.000,0.00,0.000,0.000,0.00,0.000,0.000,0.00,0.000,0.000,0.00,0.000,0.000,0.00,0.000,0.000,0.00,0.000,0.000,0.00,0.000,0.000,0.00,0.000,0.000,0.00,0.000,0.000,0.00,0.000,0.000,0.00,0.000,0.000,0.00,0.000,0.000,0.00,0.000,0.000,0.00,0.000,0.000,0.00,0.000,0.000,0.00,0.000,0.000,0.00,0.000,0.000,0.00,0.000,0.000,0.00,0.000,0.000,0.00,0.000,0.000,0.00,0.000,0.000,0.00,0.000,0.000,0.00,0.000,0.000,0.00,0.000,0.000,0.00,0.000,0.000,0.00,0.000,0.000,0.00,0.000,0.000,0.00,0.000,0.000,0.00
19.5395,0.000,0.000,0.00,100.00,0.00,0.000,0.000,0.00,0.000,0.000,0.00,0.000,0.000,0.00,0.000,0.000,0.00,0.000,0.000,0.00,0.000,0.000,0.00,0.000,0.000,0.00,0.000,0.000,0.00,0.000,0.000,0.00,0.000,0.000,0.00,0.000,0.000,0.00,0.000,0.000,0.00,0.000,0.000,0.00,0.000,0.000,0.00,0.000,0.000,0.00,0.000,0.000,0.00,0.000,0.000,0.00,0.000,0.000,0.00,0.000,0.000,0.00,0.000,0.000,0.00,0.000,0.000,0.00,0.000,0.000,0.00,0.000,0.000,0.00,0.000,0.000,0.00,0.000,0.000,0.00,0.000,0.000,0.00,0.000,0.000,0.00,0.000,0.000,0.00,0.000,0.000,0.00,0.000,0.000,0.00
19.6538,0.000,0.000,0.00,100.00,0.00,0.000,0.000,0.00,0.000,0.000,0.00,0.000,0.000,0.00,0.000,0.000,0.00,0.000,0.000,0.00,0.000,0.000,0.00,0.000,0.000,0.00,0.000,0.000,0.00,0.000,0.000,0.00,0.000,0.000,0.00,0.000,0.000,0.00,0.000,0.000,0.00,0.000,0.000,0.00,0.000,0.000,0.00,0.000,0.000,0.00,0.000,0.000,0.00,0.000,0.000,0.00,0.000,0.000,0.00,0.000,0.000,0.00,0.000,0.000,0.00,0.000,0.000,0.00,0.000,0.000,0.00,0.000,0.000,0.00,0.000,0.000,0.00,0.000,0.000,0.00,0.000,0.000,0.00,0.000,0.000,0.00,0.000,0.000,0.00,0.000,0.000,0.00,0.000,0.000,0.00
19.7677,0.000,0.000,0.00,100.00,0.00,0.000,0.000,0.00,0.000,0.000,0.00,0.000,0.000,0.00,0.000,0.000,0.00,0.000,0.000,0.00,0.000,0.000,0.00,0.000,0.000,0.00,0.000,0.000,0.00,0.000,0.000,0.00,0.000,0.000,0.00,0.000,0.000,0.00,0.000,0.000,0.00,0.000,0.000,0.00,0.000,0.000,0.00,0.000,0.000,0.00,0.000,0.000,0.00,0.000,0.000,0.00,0.000,0.000,0.00,0.000,0.000,0.00,0.000,0.000,0.00,0.000,0.000,0.00,0.000,0.000,0.00,0.000,0.000,0.00,0.000,0.000,0.00,0.000,0.000,0.00,0.000,0.000,0.00,0.000,0.000,0.00,0.000,0.000,0.00,0.000,0.000,0.00,0.000,0.000,0.00
19.8838,0.000,0.000,0.00,100.00,0.00,0.000,0.000,0.00,0.000,0.000,0.00,0.000,0.000,0.00,0.000,0.000,0.00,0.000,0.000,0.00,0.000,0.000,0.00,0.000,0.000,0.00,0.000,0.000,0.00,0.000,0.000,0.00,0.000,0.000,0.00,0.000,0.000,0.00,0.000,0.000,0.00,0.000,0.000,0.00,0.000,0.000,0.00,0.000,0.000,0.00,0.000,0.000,0.00,0.000,0.000,0.00,0.000,0.000,0.00,0.000,0.000,0.00,0.000,0.000,0.00,0.000,0.000,0.00,0.000,0.000,0.00,0.000,0.000,0.00,0.000,0.000,0.00,0.000,0.000,0.00,0.000,0.000,0.00,0.000,0.000,0.00,0.000,0.000,0.00,0.000,0.000,0.00,0.000,0.000,0.00
19.9978,0.000,0.314,0.64,100.00,0.00,0.000,0.000,0.00,0.000,0.000,0.00,0.000,0.000,0.00,0.000,0.000,0.00,0.000,0.031,1.75,0.000,0.031,1.75,0.000,0.000,0.00,0.000,0.000,0.00,0.000,0.000,0.00,0.000,0.031,1.75,0.000,0.000,0.00,0.000,0.031,1.75,0.000,0.000,0.00,0.000,0.031,2.63,0.000,0.000,0.00,0.000,0.031,1.75,0.000,0.000,0.00,0.000,0.000,0.00,0.000,0.000,0.00,0.000,0.031,1.75,0.000,0.031,2.63,0.000,0.000,0.00,0.000,0.000,0.00,0.000,0.000,0.00,0.000,0.000,0.00,0.000,0.000,0.00,0.000,0.000,0.00,0.000,0.000,0.00,0.000,0.031,1.75,0.000,0.031,1.75
20.1118,0.000,0.000,0.00,100.00,0.00,0.000,0.000,0.00,0.000,0.000,0.00,0.000,0.000,0.00,0.000,0.000,0.00,0.000,0.000,0.00,0.000,0.000,0.00,0.000,0.000,0.00,0.000,0.000,0.00,0.000,0.000,0.00,0.000,0.000,0.00,0.000,0.000,0.00,0.000,0.000,0.00,0.000,0.000,0.00,0.000,0.000,0.00,0.000,0.000,0.00,0.000,0.000,0.00,0.000,0.000,0.00,0.000,0.000,0.00,0.000,0.000,0.00,0.000,0.000,0.00,0.000,0.000,0.00,0.000,0.000,0.00,0.000,0.000,0.00,0.000,0.000,0.00,0.000,0.000,0.00,0.000,0.000,0.00,0.000,0.000,0.00,0.000,0.000,0.00,0.000,0.000,0.00,0.000,0.000,0.00
20.2258,0.000,0.000,0.00,99.93,0.00,0.000,0.000,0.00,0.000,0.000,0.00,0.000,0.000,0.00,0.000,0.000,0.00,0.000,0.000,0.00,0.000,0.000,0.00,0.000,0.000,0.00,0.000,0.000,0.00,0.000,0.000,0.00,0.000,0.000,0.00,0.000,0.000,0.00,0.000,0.000,0.00,0.000,0.000,0.00,0.000,0.000,0.00,0.000,0.000,0.00,0.000,0.000,0.00,0.000,0.000,0.00,0.000,0.000,0.00,0.000,0.000,0.00,0.000,0.000,0.00,0.000,0.000,0.00,0.000,0.000,0.00,0.000,0.000,0.00,0.000,0.000,0.00,0.000,0.000,0.00,0.000,0.000,0.00,0.000,0.000,0.00,0.000,0.000,0.00,0.000,0.000,0.00,0.000,0.000,0.00
20.3397,0.000,0.000,0.00,100.00,0.00,0.000,0.000,0.00,0.000,0.000,0.00,0.000,0.000,0.00,0.000,0.000,0.00,0.000,0.000,0.00,0.000,0.000,0.00,0.000,0.000,0.00,0.000,0.000,0.00,0.000,0.000,0.00,0.000,0.000,0.00,0.000,0.000,0.00,0.000,0.000,0.00,0.000,0.000,0.00,0.000,0.000,0.00,0.000,0.000,0.00,0.000,0.000,0.00,0.000,0.000,0.00,0.000,0.000,0.00,0.000,0.000,0.00,0.000,0.000,0.00,0.000,0.000,0.00,0.000,0.000,0.00,0.000,0.000,0.00,0.000,0.000,0.00,0.000,0.000,0.00,0.000,0.000,0.00,0.000,0.000,0.00,0.000,0.000,0.00,0.000,0.000,0.00,0.000,0.000,0.00
20.4545,0.000,0.031,0.06,100.00,0.00,0.000,0.000,0.00,0.000,0.031,1.74,0.000,0.000,0.00,0.000,0.000,0.00,0.000,0.000,0.00,0.000,0.000,0.00,0.000,0.000,0.00,0.000,0.000,0.00,0.000,0.000,0.00,0.000,0.000,0.00,0.000,0.000,0.00,0.000,0.000,0.00,0.000,0.000,0.00,0.000,0.000,0.00,0.000,0.000,0.00,0.000,0.000,0.00,0.000,0.000,0.00,0.000,0.000,0.00,0.000,0.000,0.00,0.000,0.000,0.00,0.000,0.000,0.00,0.000,0.000,0.00,0.000,0.000,0.00,0.000,0.000,0.00,0.000,0.000,0.00,0.000,0.000,0.00,0.000,0.000,0.00,0.000,0.000,0.00,0.000,0.000,0.00,0.000,0.000,0.00
20.5688,0.000,0.000,0.00,100.00,0.00,0.000,0.000,0.00,0.000,0.000,0.00,0.000,0.000,0.00,0.000,0.000,0.00,0.000,0.000,0.00,0.000,0.000,0.00,0.000,0.000,0.00,0.000,0.000,0.00,0.000,0.000,0.00,0.000,0.000,0.00,0.000,0.000,0.00,0.000,0.000,0.00,0.000,0.000,0.00,0.000,0.000,0.00,0.000,0.000,0.00,0.000,0.000,0.00,0.000,0.000,0.00,0.000,0.000,0.00,0.000,0.000,0.00,0.000,0.000,0.00,0.000,0.000,0.00,0.000,0.000,0.00,0.000,0.000,0.00,0.000,0.000,0.00,0.000,0.000,0.00,0.000,0.000,0.00,0.000,0.000,0.00,0.000,0.000,0.00,0.000,0.000,0.00,0.000,0.000,0.00
20.6828,0.000,0.000,0.00,100.00,0.00,0.000,0.000,0.00,0.000,0.000,0.00,0.000,0.000,0.00,0.000,0.000,0.00,0.000,0.000,0.00,0.000,0.000,0.00,0.000,0.000,0.00,0.000,0.000,0.00,0.000,0.000,0.00,0.000,0.000,0.00,0.000,0.000,0.00,0.000,0.000,0.00,0.000,0.000,0.00,0.000,0.000,0.00,0.000,0.000,0.00,0.000,0.000,0.00,0.000,0.000,0.00,0.000,0.000,0.00,0.000,0.000,0.00,0.000,0.000,0.00,0.000,0.000,0.00,0.000,0.000,0.00,0.000,0.000,0.00,0.000,0.000,0.00,0.000,0.000,0.00,0.000,0.000,0.00,0.000,0.000,0.00,0.000,0.000,0.00,0.000,0.000,0.00,0.000,0.000,0.00
20.7968,0.000,0.000,0.00,100.00,0.00,0.000,0.000,0.00,0.000,0.000,0.00,0.000,0.000,0.00,0.000,0.000,0.00,0.000,0.000,0.00,0.000,0.000,0.00,0.000,0.000,0.00,0.000,0.000,0.00,0.000,0.000,0.00,0.000,0.000,0.00,0.000,0.000,0.00,0.000,0.000,0.00,0.000,0.000,0.00,0.000,0.000,0.00,0.000,0.000,0.00,0.000,0.000,0.00,0.000,0.000,0.00,0.000,0.000,0.00,0.000,0.000,0.00,0.000,0.000,0.00,0.000,0.000,0.00,0.000,0.000,0.00,0.000,0.000,0.00,0.000,0.000,0.00,0.000,0.000,0.00,0.000,0.000,0.00,0.000,0.000,0.00,0.000,0.000,0.00,0.000,0.000,0.00,0.000,0.000,0.00
20.9107,0.000,0.000,0.00,100.00,0.00,0.000,0.000,0.00,0.000,0.000,0.00,0.000,0.000,0.00,0.000,0.000,0.00,0.000,0.000,0.00,0.000,0.000,0.00,0.000,0.000,0.00,0.000,0.000,0.00,0.000,0.000,0.00,0.000,0.000,0.00,0.000,0.000,0.00,0.000,0.000,0.00,0.000,0.000,0.00,0.000,0.000,0.00,0.000,0.000,0.00,0.000,0.000,0.00,0.000,0.000,0.00,0.000,0.000,0.00,0.000,0.000,0.00,0.000,0.000,0.00,0.000,0.000,0.00,0.000,0.000,0.00,0.000,0.000,0.00,0.000,0.000,0.00,0.000,0.000,0.00,0.000,0.000,0.00,0.000,0.000,0.00,0.000,0.000,0.00,0.000,0.000,0.00,0.000,0.000,0.00
21.0268,0.000,0.000,0.00,100.00,0.00,0.000,0.000,0.00,0.000,0.000,0.00,0.000,0.000,0.00,0.000,0.000,0.00,0.000,0.000,0.00,0.000,0.000,0.00,0.000,0.000,0.00,0.000,0.000,0.00,0.000,0.000,0.00,0.000,0.000,0.00,0.000,0.000,0.00,0.000,0.000,0.00,0.000,0.000,0.00,0.000,0.000,0.00,0.000,0.000,0.00,0.000,0.000,0.00,0.000,0.000,0.00,0.000,0.000,0.00,0.000,0.000,0.00,0.000,0.000,0.00,0.000,0.000,0.00,0.000,0.000,0.00,0.000,0.000,0.00,0.000,0.000,0.00,0.000,0.000,0.00,0.000,0.000,0.00,0.000,0.000,0.00,0.000,0.000,0.00,0.000,0.000,0.00,0.000,0.000,0.00
21.1408,0.000,0.000,0.00,100.00,0.00,0.000,0.000,0.00,0.000,0.000,0.00,0.000,0.000,0.00,0.000,0.000,0.00,0.000,0.000,0.00,0.000,0.000,0.00,0.000,0.000,0.00,0.000,0.000,0.00,0.000,0.000,0.00,0.000,0.000,0.00,0.000,0.000,0.00,0.000,0.000,0.00,0.000,0.000,0.00,0.000,0.000,0.00,0.000,0.000,0.00,0.000,0.000,0.00,0.000,0.000,0.00,0.000,0.000,0.00,0.000,0.000,0.00,0.000,0.000,0.00,0.000,0.000,0.00,0.000,0.000,0.00,0.000,0.000,0.00,0.000,0.000,0.00,0.000,0.000,0.00,0.000,0.000,0.00,0.000,0.000,0.00,0.000,0.000,0.00,0.000,0.000,0.00,0.000,0.000,0.00
21.2548,0.000,0.000,0.00,100.00,0.00,0.000,0.000,0.00,0.000,0.000,0.00,0.000,0.000,0.00,0.000,0.000,0.00,0.000,0.000,0.00,0.000,0.000,0.00,0.000,0.000,0.00,0.000,0.000,0.00,0.000,0.000,0.00,0.000,0.000,0.00,0.000,0.000,0.00,0.000,0.000,0.00,0.000,0.000,0.00,0.000,0.000,0.00,0.000,0.000,0.00,0.000,0.000,0.00,0.000,0.000,0.00,0.000,0.000,0.00,0.000,0.000,0.00,0.000,0.000,0.00,0.000,0.000,0.00,0.000,0.000,0.00,0.000,0.000,0.00,0.000,0.000,0.00,0.000,0.000,0.00,0.000,0.000,0.00,0.000,0.000,0.00,0.000,0.000,0.00,0.000,0.000,0.00,0.000,0.000,0.00
21.3718,0.000,0.000,0.00,100.00,0.00,0.000,0.000,0.00,0.000,0.000,0.00,0.000,0.000,0.00,0.000,0.000,0.00,0.000,0.000,0.00,0.000,0.000,0.00,0.000,0.000,0.00,0.000,0.000,0.00,0.000,0.000,0.00,0.000,0.000,0.00,0.000,0.000,0.00,0.000,0.000,0.00,0.000,0.000,0.00,0.000,0.000,0.00,0.000,0.000,0.00,0.000,0.000,0.00,0.000,0.000,0.00,0.000,0.000,0.00,0.000,0.000,0.00,0.000,0.000,0.00,0.000,0.000,0.00,0.000,0.000,0.00,0.000,0.000,0.00,0.000,0.000,0.00,0.000,0.000,0.00,0.000,0.000,0.00,0.000,0.000,0.00,0.000,0.000,0.00,0.000,0.000,0.00,0.000,0.000,0.00
21.4858,0.000,0.355,0.06,100.00,0.00,0.000,0.000,0.00,0.000,0.000,0.00,0.000,0.000,0.00,0.000,0.000,0.00,0.000,0.000,0.00,0.000,0.000,0.00,0.000,0.000,0.00,0.000,0.355,1.75,0.000,0.000,0.00,0.000,0.000,0.00,0.000,0.000,0.00,0.000,0.000,0.00,0.000,0.000,0.00,0.000,0.000,0.00,0.000,0.000,0.00,0.000,0.000,0.00,0.000,0.000,0.00,0.000,0.000,0.00,0.000,0.000,0.00,0.000,0.000,0.00,0.000,0.000,0.00,0.000,0.000,0.00,0.000,0.000,0.00,0.000,0.000,0.00,0.000,0.000,0.00,0.000,0.000,0.00,0.000,0.000,0.00,0.000,0.000,0.00,0.000,0.000,0.00,0.000,0.000,0.00
21.5998,0.000,0.000,0.00,100.00,0.00,0.000,0.000,0.00,0.000,0.000,0.00,0.000,0.000,0.00,0.000,0.000,0.00,0.000,0.000,0.00,0.000,0.000,0.00,0.000,0.000,0.00,0.000,0.000,0.00,0.000,0.000,0.00,0.000,0.000,0.00,0.000,0.000,0.00,0.000,0.000,0.00,0.000,0.000,0.00,0.000,0.000,0.00,0.000,0.000,0.00,0.000,0.000,0.00,0.000,0.000,0.00,0.000,0.000,0.00,0.000,0.000,0.00,0.000,0.000,0.00,0.000,0.000,0.00,0.000,0.000,0.00,0.000,0.000,0.00,0.000,0.000,0.00,0.000,0.000,0.00,0.000,0.000,0.00,0.000,0.000,0.00,0.000,0.000,0.00,0.000,0.000,0.00,0.000,0.000,0.00
21.7138,0.000,0.000,0.00,100.00,0.00,0.000,0.000,0.00,0.000,0.000,0.00,0.000,0.000,0.00,0.000,0.000,0.00,0.000,0.000,0.00,0.000,0.000,0.00,0.000,0.000,0.00,0.000,0.000,0.00,0.000,0.000,0.00,0.000,0.000,0.00,0.000,0.000,0.00,0.000,0.000,0.00,0.000,0.000,0.00,0.000,0.000,0.00,0.000,0.000,0.00,0.000,0.000,0.00,0.000,0.000,0.00,0.000,0.000,0.00,0.000,0.000,0.00,0.000,0.000,0.00,0.000,0.000,0.00,0.000,0.000,0.00,0.000,0.000,0.00,0.000,0.000,0.00,0.000,0.000,0.00,0.000,0.000,0.00,0.000,0.000,0.00,0.000,0.000,0.00,0.000,0.000,0.00,0.000,0.000,0.00
21.8288,0.000,0.000,0.00,100.00,0.00,0.000,0.000,0.00,0.000,0.000,0.00,0.000,0.000,0.00,0.000,0.000,0.00,0.000,0.000,0.00,0.000,0.000,0.00,0.000,0.000,0.00,0.000,0.000,0.00,0.000,0.000,0.00,0.000,0.000,0.00,0.000,0.000,0.00,0.000,0.000,0.00,0.000,0.000,0.00,0.000,0.000,0.00,0.000,0.000,0.00,0.000,0.000,0.00,0.000,0.000,0.00,0.000,0.000,0.00,0.000,0.000,0.00,0.000,0.000,0.00,0.000,0.000,0.00,0.000,0.000,0.00,0.000,0.000,0.00,0.000,0.000,0.00,0.000,0.000,0.00,0.000,0.000,0.00,0.000,0.000,0.00,0.000,0.000,0.00,0.000,0.000,0.00,0.000,0.000,0.00
21.9428,0.000,0.000,0.00,100.00,0.00,0.000,0.000,0.00,0.000,0.000,0.00,0.000,0.000,0.00,0.000,0.000,0.00,0.000,0.000,0.00,0.000,0.000,0.00,0.000,0.000,0.00,0.000,0.000,0.00,0.000,0.000,0.00,0.000,0.000,0.00,0.000,0.000,0.00,0.000,0.000,0.00,0.000,0.000,0.00,0.000,0.000,0.00,0.000,0.000,0.00,0.000,0.000,0.00,0.000,0.000,0.00,0.000,0.000,0.00,0.000,0.000,0.00,0.000,0.000,0.00,0.000,0.000,0.00,0.000,0.000,0.00,0.000,0.000,0.00,0.000,0.000,0.00,0.000,0.000,0.00,0.000,0.000,0.00,0.000,0.000,0.00,0.000,0.000,0.00,0.000,0.000,0.00,0.000,0.000,0.00
22.0568,0.000,14.670,1.26,100.00,0.00,0.000,0.000,0.00,0.000,0.000,0.00,0.000,0.000,0.00,0.000,0.000,0.00,0.000,0.000,0.00,0.000,0.000,0.00,0.000,0.000,0.00,0.000,0.000,0.00,0.000,0.000,0.00,0.000,0.000,0.00,0.000,0.000,0.00,0.000,0.000,0.00,0.000,0.000,0.00,0.000,0.000,0.00,0.000,0.000,0.00,0.000,0.000,0.00,0.000,0.000,0.00,0.000,0.000,0.00,0.000,0.000,0.00,0.000,0.000,0.00,0.000,0.000,0.00,0.000,0.000,0.00,0.000,14.670,37.75,0.000,0.000,0.00,0.000,0.000,0.00,0.000,0.000,0.00,0.000,0.000,0.00,0.000,0.000,0.00,0.000,0.000,0.00,0.000,0.000,0.00
22.1707,0.000,0.000,0.00,100.00,0.00,0.000,0.000,0.00,0.000,0.000,0.00,0.000,0.000,0.00,0.000,0.000,0.00,0.000,0.000,0.00,0.000,0.000,0.00,0.000,0.000,0.00,0.000,0.000,0.00,0.000,0.000,0.00,0.000,0.000,0.00,0.000,0.000,0.00,0.000,0.000,0.00,0.000,0.000,0.00,0.000,0.000,0.00,0.000,0.000,0.00,0.000,0.000,0.00,0.000,0.000,0.00,0.000,0.000,0.00,0.000,0.000,0.00,0.000,0.000,0.00,0.000,0.000,0.00,0.000,0.000,0.00,0.000,0.000,0.00,0.000,0.000,0.00,0.000,0.000,0.00,0.000,0.000,0.00,0.000,0.000,0.00,0.000,0.000,0.00,0.000,0.000,0.00,0.000,0.000,0.00
22.2868,0.000,0.000,0.00,100.00,0.00,0.000,0.000,0.00,0.000,0.000,0.00,0.000,0.000,0.00,0.000,0.000,0.00,0.000,0.000,0.00,0.000,0.000,0.00,0.000,0.000,0.00,0.000,0.000,0.00,0.000,0.000,0.00,0.000,0.000,0.00,0.000,0.000,0.00,0.000,0.000,0.00,0.000,0.000,0.00,0.000,0.000,0.00,0.000,0.000,0.00,0.000,0.000,0.00,0.000,0.000,0.00,0.000,0.000,0.00,0.000,0.000,0.00,0.000,0.000,0.00,0.000,0.000,0.00,0.000,0.000,0.00,0.000,0.000,0.00,0.000,0.000,0.00,0.000,0.000,0.00,0.000,0.000,0.00,0.000,0.000,0.00,0.000,0.000,0.00,0.000,0.000,0.00,0.000,0.000,0.00
22.4008,0.000,0.000,0.00,100.00,0.00,0.000,0.000,0.00,0.000,0.000,0.00,0.000,0.000,0.00,0.000,0.000,0.00,0.000,0.000,0.00,0.000,0.000,0.00,0.000,0.000,0.00,0.000,0.000,0.00,0.000,0.000,0.00,0.000,0.000,0.00,0.000,0.000,0.00,0.000,0.000,0.00,0.000,0.000,0.00,0.000,0.000,0.00,0.000,0.000,0.00,0.000,0.000,0.00,0.000,0.000,0.00,0.000,0.000,0.00,0.000,0.000,0.00,0.000,0.000,0.00,0.000,0.000,0.00,0.000,0.000,0.00,0.000,0.000,0.00,0.000,0.000,0.00,0.000,0.000,0.00,0.000,0.000,0.00,0.000,0.000,0.00,0.000,0.000,0.00,0.000,0.000,0.00,0.000,0.000,0.00
22.5148,0.000,0.108,0.03,100.00,0.00,0.000,0.000,0.00,0.000,0.000,0.00,0.000,0.000,0.00,0.000,0.000,0.00,0.000,0.000,0.00,0.000,0.000,0.00,0.000,0.000,0.00,0.000,0.000,0.00,0.000,0.000,0.00,0.000,0.000,0.00,0.000,0.000,0.00,0.000,0.000,0.00,0.000,0.000,0.00,0.000,0.000,0.00,0.000,0.000,0.00,0.000,0.000,0.00,0.000,0.000,0.00,0.000,0.000,0.00,0.000,0.000,0.00,0.000,0.000,0.00,0.000,0.000,0.00,0.000,0.000,0.00,0.000,0.108,0.88,0.000,0.000,0.00,0.000,0.000,0.00,0.000,0.000,0.00,0.000,0.000,0.00,0.000,0.000,0.00,0.000,0.000,0.00,0.000,0.000,0.00
22.6287,0.000,0.000,0.00,100.00,0.00,0.000,0.000,0.00,0.000,0.000,0.00,0.000,0.000,0.00,0.000,0.000,0.00,0.000,0.000,0.00,0.000,0.000,0.00,0.000,0.000,0.00,0.000,0.000,0.00,0.000,0.000,0.00,0.000,0.000,0.00,0.000,0.000,0.00,0.000,0.000,0.00,0.000,0.000,0.00,0.000,0.000,0.00,0.000,0.000,0.00,0.000,0.000,0.00,0.000,0.000,0.00,0.000,0.000,0.00,0.000,0.000,0.00,0.000,0.000,0.00,0.000,0.000,0.00,0.000,0.000,0.00,0.000,0.000,0.00,0.000,0.000,0.00,0.000,0.000,0.00,0.000,0.000,0.00,0.000,0.000,0.00,0.000,0.000,0.00,0.000,0.000,0.00,0.000,0.000,0.00
22.7448,0.000,0.000,0.00,100.00,0.00,0.000,0.000,0.00,0.000,0.000,0.00,0.000,0.000,0.00,0.000,0.000,0.00,0.000,0.000,0.00,0.000,0.000,0.00,0.000,0.000,0.00,0.000,0.000,0.00,0.000,0.000,0.00,0.000,0.000,0.00,0.000,0.000,0.00,0.000,0.000,0.00,0.000,0.000,0.00,0.000,0.000,0.00,0.000,0.000,0.00,0.000,0.000,0.00,0.000,0.000,0.00,0.000,0.000,0.00,0.000,0.000,0.00,0.000,0.000,0.00,0.000,0.000,0.00,0.000,0.000,0.00,0.000,0.000,0.00,0.000,0.000,0.00,0.000,0.000,0.00,0.000,0.000,0.00,0.000,0.000,0.00,0.000,0.000,0.00,0.000,0.000,0.00,0.000,0.000,0.00
22.8580,0.000,0.000,0.00,100.00,0.00,0.000,0.000,0.00,0.000,0.000,0.00,0.000,0.000,0.00,0.000,0.000,0.00,0.000,0.000,0.00,0.000,0.000,0.00,0.000,0.000,0.00,0.000,0.000,0.00,0.000,0.000,0.00,0.000,0.000,0.00,0.000,0.000,0.00,0.000,0.000,0.00,0.000,0.000,0.00,0.000,0.000,0.00,0.000,0.000,0.00,0.000,0.000,0.00,0.000,0.000,0.00,0.000,0.000,0.00,0.000,0.000,0.00,0.000,0.000,0.00,0.000,0.000,0.00,0.000,0.000,0.00,0.000,0.000,0.00,0.000,0.000,0.00,0.000,0.000,0.00,0.000,0.000,0.00,0.000,0.000,0.00,0.000,0.000,0.00,0.000,0.000,0.00,0.000,0.000,0.00
22.9717,0.000,0.000,0.00,100.00,0.00,0.000,0.000,0.00,0.000,0.000,0.00,0.000,0.000,0.00,0.000,0.000,0.00,0.000,0.000,0.00,0.000,0.000,0.00,0.000,0.000,0.00,0.000,0.000,0.00,0.000,0.000,0.00,0.000,0.000,0.00,0.000,0.000,0.00,0.000,0.000,0.00,0.000,0.000,0.00,0.000,0.000,0.00,0.000,0.000,0.00,0.000,0.000,0.00,0.000,0.000,0.00,0.000,0.000,0.00,0.000,0.000,0.00,0.000,0.000,0.00,0.000,0.000,0.00,0.000,0.000,0.00,0.000,0.000,0.00,0.000,0.000,0.00,0.000,0.000,0.00,0.000,0.000,0.00,0.000,0.000,0.00,0.000,0.000,0.00,0.000,0.000,0.00,0.000,0.000,0.00
23.0857,0.000,0.189,0.53,100.00,0.00,0.000,0.000,0.00,0.000,0.000,0.00,0.000,0.027,1.75,0.000,0.022,1.75,0.000,0.000,0.00,0.000,0.000,0.00,0.000,0.027,2.63,0.000,0.000,0.00,0.000,0.022,2.63,0.000,0.000,0.00,0.000,0.000,0.00,0.000,0.000,0.00,0.000,0.022,1.75,0.000,0.000,0.00,0.000,0.022,1.75,0.000,0.000,0.00,0.000,0.000,0.00,0.000,0.022,1.75,0.000,0.022,1.75,0.000,0.000,0.00,0.000,0.000,0.00,0.000,0.000,0.00,0.000,0.000,0.00,0.000,0.000,0.00,0.000,0.000,0.00,0.000,0.000,0.00,0.000,0.000,0.00,0.000,0.000,0.00,0.000,0.000,0.00,0.000,0.000,0.00
23.2018,0.000,0.000,0.00,100.00,0.00,0.000,0.000,0.00,0.000,0.000,0.00,0.000,0.000,0.00,0.000,0.000,0.00,0.000,0.000,0.00,0.000,0.000,0.00,0.000,0.000,0.00,0.000,0.000,0.00,0.000,0.000,0.00,0.000,0.000,0.00,0.000,0.000,0.00,0.000,0.000,0.00,0.000,0.000,0.00,0.000,0.000,0.00,0.000,0.000,0.00,0.000,0.000,0.00,0.000,0.000,0.00,0.000,0.000,0.00,0.000,0.000,0.00,0.000,0.000,0.00,0.000,0.000,0.00,0.000,0.000,0.00,0.000,0.000,0.00,0.000,0.000,0.00,0.000,0.000,0.00,0.000,0.000,0.00,0.000,0.000,0.00,0.000,0.000,0.00,0.000,0.000,0.00,0.000,0.000,0.00
23.3158,0.000,0.000,0.00,100.00,0.00,0.000,0.000,0.00,0.000,0.000,0.00,0.000,0.000,0.00,0.000,0.000,0.00,0.000,0.000,0.00,0.000,0.000,0.00,0.000,0.000,0.00,0.000,0.000,0.00,0.000,0.000,0.00,0.000,0.000,0.00,0.000,0.000,0.00,0.000,0.000,0.00,0.000,0.000,0.00,0.000,0.000,0.00,0.000,0.000,0.00,0.000,0.000,0.00,0.000,0.000,0.00,0.000,0.000,0.00,0.000,0.000,0.00,0.000,0.000,0.00,0.000,0.000,0.00,0.000,0.000,0.00,0.000,0.000,0.00,0.000,0.000,0.00,0.000,0.000,0.00,0.000,0.000,0.00,0.000,0.000,0.00,0.000,0.000,0.00,0.000,0.000,0.00,0.000,0.000,0.00
23.4305,0.000,0.000,0.00,100.00,0.00,0.000,0.000,0.00,0.000,0.000,0.00,0.000,0.000,0.00,0.000,0.000,0.00,0.000,0.000,0.00,0.000,0.000,0.00,0.000,0.000,0.00,0.000,0.000,0.00,0.000,0.000,0.00,0.000,0.000,0.00,0.000,0.000,0.00,0.000,0.000,0.00,0.000,0.000,0.00,0.000,0.000,0.00,0.000,0.000,0.00,0.000,0.000,0.00,0.000,0.000,0.00,0.000,0.000,0.00,0.000,0.000,0.00,0.000,0.000,0.00,0.000,0.000,0.00,0.000,0.000,0.00,0.000,0.000,0.00,0.000,0.000,0.00,0.000,0.000,0.00,0.000,0.000,0.00,0.000,0.000,0.00,0.000,0.000,0.00,0.000,0.000,0.00,0.000,0.000,0.00
23.5448,0.000,0.000,0.00,100.00,0.00,0.000,0.000,0.00,0.000,0.000,0.00,0.000,0.000,0.00,0.000,0.000,0.00,0.000,0.000,0.00,0.000,0.000,0.00,0.000,0.000,0.00,0.000,0.000,0.00,0.000,0.000,0.00,0.000,0.000,0.00,0.000,0.000,0.00,0.000,0.000,0.00,0.000,0.000,0.00,0.000,0.000,0.00,0.000,0.000,0.00,0.000,0.000,0.00,0.000,0.000,0.00,0.000,0.000,0.00,0.000,0.000,0.00,0.000,0.000,0.00,0.000,0.000,0.00,0.000,0.000,0.00,0.000,0.000,0.00,0.000,0.000,0.00,0.000,0.000,0.00,0.000,0.000,0.00,0.000,0.000,0.00,0.000,0.000,0.00,0.000,0.000,0.00,0.000,0.000,0.00
23.6588,0.000,0.000,0.00,100.00,0.00,0.000,0.000,0.00,0.000,0.000,0.00,0.000,0.000,0.00,0.000,0.000,0.00,0.000,0.000,0.00,0.000,0.000,0.00,0.000,0.000,0.00,0.000,0.000,0.00,0.000,0.000,0.00,0.000,0.000,0.00,0.000,0.000,0.00,0.000,0.000,0.00,0.000,0.000,0.00,0.000,0.000,0.00,0.000,0.000,0.00,0.000,0.000,0.00,0.000,0.000,0.00,0.000,0.000,0.00,0.000,0.000,0.00,0.000,0.000,0.00,0.000,0.000,0.00,0.000,0.000,0.00,0.000,0.000,0.00,0.000,0.000,0.00,0.000,0.000,0.00,0.000,0.000,0.00,0.000,0.000,0.00,0.000,0.000,0.00,0.000,0.000,0.00,0.000,0.000,0.00
23.7727,0.000,0.000,0.00,100.00,0.00,0.000,0.000,0.00,0.000,0.000,0.00,0.000,0.000,0.00,0.000,0.000,0.00,0.000,0.000,0.00,0.000,0.000,0.00,0.000,0.000,0.00,0.000,0.000,0.00,0.000,0.000,0.00,0.000,0.000,0.00,0.000,0.000,0.00,0.000,0.000,0.00,0.000,0.000,0.00,0.000,0.000,0.00,0.000,0.000,0.00,0.000,0.000,0.00,0.000,0.000,0.00,0.000,0.000,0.00,0.000,0.000,0.00,0.000,0.000,0.00,0.000,0.000,0.00,0.000,0.000,0.00,0.000,0.000,0.00,0.000,0.000,0.00,0.000,0.000,0.00,0.000,0.000,0.00,0.000,0.000,0.00,0.000,0.000,0.00,0.000,0.000,0.00,0.000,0.000,0.00
23.8878,0.000,0.000,0.00,100.00,0.00,0.000,0.000,0.00,0.000,0.000,0.00,0.000,0.000,0.00,0.000,0.000,0.00,0.000,0.000,0.00,0.000,0.000,0.00,0.000,0.000,0.00,0.000,0.000,0.00,0.000,0.000,0.00,0.000,0.000,0.00,0.000,0.000,0.00,0.000,0.000,0.00,0.000,0.000,0.00,0.000,0.000,0.00,0.000,0.000,0.00,0.000,0.000,0.00,0.000,0.000,0.00,0.000,0.000,0.00,0.000,0.000,0.00,0.000,0.000,0.00,0.000,0.000,0.00,0.000,0.000,0.00,0.000,0.000,0.00,0.000,0.000,0.00,0.000,0.000,0.00,0.000,0.000,0.00,0.000,0.000,0.00,0.000,0.000,0.00,0.000,0.000,0.00,0.000,0.000,0.00
24.0018,0.000,0.000,0.00,100.00,0.00,0.000,0.000,0.00,0.000,0.000,0.00,0.000,0.000,0.00,0.000,0.000,0.00,0.000,0.000,0.00,0.000,0.000,0.00,0.000,0.000,0.00,0.000,0.000,0.00,0.000,0.000,0.00,0.000,0.000,0.00,0.000,0.000,0.00,0.000,0.000,0.00,0.000,0.000,0.00,0.000,0.000,0.00,0.000,0.000,0.00,0.000,0.000,0.00,0.000,0.000,0.00,0.000,0.000,0.00,0.000,0.000,0.00,0.000,0.000,0.00,0.000,0.000,0.00,0.000,0.000,0.00,0.000,0.000,0.00,0.000,0.000,0.00,0.000,0.000,0.00,0.000,0.000,0.00,0.000,0.000,0.00,0.000,0.000,0.00,0.000,0.000,0.00,0.000,0.000,0.00
24.1158,0.000,0.000,0.00,100.00,0.00,0.000,0.000,0.00,0.000,0.000,0.00,0.000,0.000,0.00,0.000,0.000,0.00,0.000,0.000,0.00,0.000,0.000,0.00,0.000,0.000,0.00,0.000,0.000,0.00,0.000,0.000,0.00,0.000,0.000,0.00,0.000,0.000,0.00,0.000,0.000,0.00,0.000,0.000,0.00,0.000,0.000,0.00,0.000,0.000,0.00,0.000,0.000,0.00,0.000,0.000,0.00,0.000,0.000,0.00,0.000,0.000,0.00,0.000,0.000,0.00,0.000,0.000,0.00,0.000,0.000,0.00,0.000,0.000,0.00,0.000,0.000,0.00,0.000,0.000,0.00,0.000,0.000,0.00,0.000,0.000,0.00,0.000,0.000,0.00,0.000,0.000,0.00,0.000,0.000,0.00
24.2328,0.000,0.000,0.00,100.00,0.00,0.000,0.000,0.00,0.000,0.000,0.00,0.000,0.000,0.00,0.000,0.000,0.00,0.000,0.000,0.00,0.000,0.000,0.00,0.000,0.000,0.00,0.000,0.000,0.00,0.000,0.000,0.00,0.000,0.000,0.00,0.000,0.000,0.00,0.000,0.000,0.00,0.000,0.000,0.00,0.000,0.000,0.00,0.000,0.000,0.00,0.000,0.000,0.00,0.000,0.000,0.00,0.000,0.000,0.00,0.000,0.000,0.00,0.000,0.000,0.00,0.000,0.000,0.00,0.000,0.000,0.00,0.000,0.000,0.00,0.000,0.000,0.00,0.000,0.000,0.00,0.000,0.000,0.00,0.000,0.000,0.00,0.000,0.000,0.00,0.000,0.000,0.00,0.000,0.000,0.00
24.3468,0.000,0.000,0.00,100.00,0.00,0.000,0.000,0.00,0.000,0.000,0.00,0.000,0.000,0.00,0.000,0.000,0.00,0.000,0.000,0.00,0.000,0.000,0.00,0.000,0.000,0.00,0.000,0.000,0.00,0.000,0.000,0.00,0.000,0.000,0.00,0.000,0.000,0.00,0.000,0.000,0.00,0.000,0.000,0.00,0.000,0.000,0.00,0.000,0.000,0.00,0.000,0.000,0.00,0.000,0.000,0.00,0.000,0.000,0.00,0.000,0.000,0.00,0.000,0.000,0.00,0.000,0.000,0.00,0.000,0.000,0.00,0.000,0.000,0.00,0.000,0.000,0.00,0.000,0.000,0.00,0.000,0.000,0.00,0.000,0.000,0.00,0.000,0.000,0.00,0.000,0.000,0.00,0.000,0.000,0.00
24.4608,0.000,0.000,0.00,100.00,0.00,0.000,0.000,0.00,0.000,0.000,0.00,0.000,0.000,0.00,0.000,0.000,0.00,0.000,0.000,0.00,0.000,0.000,0.00,0.000,0.000,0.00,0.000,0.000,0.00,0.000,0.000,0.00,0.000,0.000,0.00,0.000,0.000,0.00,0.000,0.000,0.00,0.000,0.000,0.00,0.000,0.000,0.00,0.000,0.000,0.00,0.000,0.000,0.00,0.000,0.000,0.00,0.000,0.000,0.00,0.000,0.000,0.00,0.000,0.000,0.00,0.000,0.000,0.00,0.000,0.000,0.00,0.000,0.000,0.00,0.000,0.000,0.00,0.000,0.000,0.00,0.000,0.000,0.00,0.000,0.000,0.00,0.000,0.000,0.00,0.000,0.000,0.00,0.000,0.000,0.00
24.5748,0.000,0.341,0.06,100.00,0.00,0.000,0.341,1.75,0.000,0.000,0.00,0.000,0.000,0.00,0.000,0.000,0.00,0.000,0.000,0.00,0.000,0.000,0.00,0.000,0.000,0.00,0.000,0.000,0.00,0.000,0.000,0.00,0.000,0.000,0.00,0.000,0.000,0.00,0.000,0.000,0.00,0.000,0.000,0.00,0.000,0.000,0.00,0.000,0.000,0.00,0.000,0.000,0.00,0.000,0.000,0.00,0.000,0.000,0.00,0.000,0.000,0.00,0.000,0.000,0.00,0.000,0.000,0.00,0.000,0.000,0.00,0.000,0.000,0.00,0.000,0.000,0.00,0.000,0.000,0.00,0.000,0.000,0.00,0.000,0.000,0.00,0.000,0.000,0.00,0.000,0.000,0.00,0.000,0.000,0.00
24.6888,0.000,0.000,0.00,100.00,0.00,0.000,0.000,0.00,0.000,0.000,0.00,0.000,0.000,0.00,0.000,0.000,0.00,0.000,0.000,0.00,0.000,0.000,0.00,0.000,0.000,0.00,0.000,0.000,0.00,0.000,0.000,0.00,0.000,0.000,0.00,0.000,0.000,0.00,0.000,0.000,0.00,0.000,0.000,0.00,0.000,0.000,0.00,0.000,0.000,0.00,0.000,0.000,0.00,0.000,0.000,0.00,0.000,0.000,0.00,0.000,0.000,0.00,0.000,0.000,0.00,0.000,0.000,0.00,0.000,0.000,0.00,0.000,0.000,0.00,0.000,0.000,0.00,0.000,0.000,0.00,0.000,0.000,0.00,0.000,0.000,0.00,0.000,0.000,0.00,0.000,0.000,0.00,0.000,0.000,0.00
24.8028,0.000,0.000,0.00,100.00,0.00,0.000,0.000,0.00,0.000,0.000,0.00,0.000,0.000,0.00,0.000,0.000,0.00,0.000,0.000,0.00,0.000,0.000,0.00,0.000,0.000,0.00,0.000,0.000,0.00,0.000,0.000,0.00,0.000,0.000,0.00,0.000,0.000,0.00,0.000,0.000,0.00,0.000,0.000,0.00,0.000,0.000,0.00,0.000,0.000,0.00,0.000,0.000,0.00,0.000,0.000,0.00,0.000,0.000,0.00,0.000,0.000,0.00,0.000,0.000,0.00,0.000,0.000,0.00,0.000,0.000,0.00,0.000,0.000,0.00,0.000,0.000,0.00,0.000,0.000,0.00,0.000,0.000,0.00,0.000,0.000,0.00,0.000,0.000,0.00,0.000,0.000,0.00,0.000,0.000,0.00
24.9178,0.000,0.000,0.00,100.00,0.00,0.000,0.000,0.00,0.000,0.000,0.00,0.000,0.000,0.00,0.000,0.000,0.00,0.000,0.000,0.00,0.000,0.000,0.00,0.000,0.000,0.00,0.000,0.000,0.00,0.000,0.000,0.00,0.000,0.000,0.00,0.000,0.000,0.00,0.000,0.000,0.00,0.000,0.000,0.00,0.000,0.000,0.00,0.000,0.000,0.00,0.000,0.000,0.00,0.000,0.000,0.00,0.000,0.000,0.00,0.000,0.000,0.00,0.000,0.000,0.00,0.000,0.000,0.00,0.000,0.000,0.00,0.000,0.000,0.00,0.000,0.000,0.00,0.000,0.000,0.00,0.000,0.000,0.00,0.000,0.000,0.00,0.000,0.000,0.00,0.000,0.000,0.00,0.000,0.000,0.00
25.0318,0.000,0.000,0.00,100.00,0.00,0.000,0.000,0.00,0.000,0.000,0.00,0.000,0.000,0.00,0.000,0.000,0.00,0.000,0.000,0.00,0.000,0.000,0.00,0.000,0.000,0.00,0.000,0.000,0.00,0.000,0.000,0.00,0.000,0.000,0.00,0.000,0.000,0.00,0.000,0.000,0.00,0.000,0.000,0.00,0.000,0.000,0.00,0.000,0.000,0.00,0.000,0.000,0.00,0.000,0.000,0.00,0.000,0.000,0.00,0.000,0.000,0.00,0.000,0.000,0.00,0.000,0.000,0.00,0.000,0.000,0.00,0.000,0.000,0.00,0.000,0.000,0.00,0.000,0.000,0.00,0.000,0.000,0.00,0.000,0.000,0.00,0.000,0.000,0.00,0.000,0.000,0.00,0.000,0.000,0.00
25.1458,0.000,0.000,0.00,100.00,0.00,0.000,0.000,0.00,0.000,0.000,0.00,0.000,0.000,0.00,0.000,0.000,0.00,0.000,0.000,0.00,0.000,0.000,0.00,0.000,0.000,0.00,0.000,0.000,0.00,0.000,0.000,0.00,0.000,0.000,0.00,0.000,0.000,0.00,0.000,0.000,0.00,0.000,0.000,0.00,0.000,0.000,0.00,0.000,0.000,0.00,0.000,0.000,0.00,0.000,0.000,0.00,0.000,0.000,0.00,0.000,0.000,0.00,0.000,0.000,0.00,0.000,0.000,0.00,0.000,0.000,0.00,0.000,0.000,0.00,0.000,0.000,0.00,0.000,0.000,0.00,0.000,0.000,0.00,0.000,0.000,0.00,0.000,0.000,0.00,0.000,0.000,0.00,0.000,0.000,0.00
25.2597,0.000,0.000,0.00,100.00,0.00,0.000,0.000,0.00,0.000,0.000,0.00,0.000,0.000,0.00,0.000,0.000,0.00,0.000,0.000,0.00,0.000,0.000,0.00,0.000,0.000,0.00,0.000,0.000,0.00,0.000,0.000,0.00,0.000,0.000,0.00,0.000,0.000,0.00,0.000,0.000,0.00,0.000,0.000,0.00,0.000,0.000,0.00,0.000,0.000,0.00,0.000,0.000,0.00,0.000,0.000,0.00,0.000,0.000,0.00,0.000,0.000,0.00,0.000,0.000,0.00,0.000,0.000,0.00,0.000,0.000,0.00,0.000,0.000,0.00,0.000,0.000,0.00,0.000,0.000,0.00,0.000,0.000,0.00,0.000,0.000,0.00,0.000,0.000,0.00,0.000,0.000,0.00,0.000,0.000,0.00
25.3737,0.000,0.000,0.00,100.00,0.00,0.000,0.000,0.00,0.000,0.000,0.00,0.000,0.000,0.00,0.000,0.000,0.00,0.000,0.000,0.00,0.000,0.000,0.00,0.000,0.000,0.00,0.000,0.000,0.00,0.000,0.000,0.00,0.000,0.000,0.00,0.000,0.000,0.00,0.000,0.000,0.00,0.000,0.000,0.00,0.000,0.000,0.00,0.000,0.000,0.00,0.000,0.000,0.00,0.000,0.000,0.00,0.000,0.000,0.00,0.000,0.000,0.00,0.000,0.000,0.00,0.000,0.000,0.00,0.000,0.000,0.00,0.000,0.000,0.00,0.000,0.000,0.00,0.000,0.000,0.00,0.000,0.000,0.00,0.000,0.000,0.00,0.000,0.000,0.00,0.000,0.000,0.00,0.000,0.000,0.00
25.4865,0.000,0.000,0.00,100.00,0.00,0.000,0.000,0.00,0.000,0.000,0.00,0.000,0.000,0.00,0.000,0.000,0.00,0.000,0.000,0.00,0.000,0.000,0.00,0.000,0.000,0.00,0.000,0.000,0.00,0.000,0.000,0.00,0.000,0.000,0.00,0.000,0.000,0.00,0.000,0.000,0.00,0.000,0.000,0.00,0.000,0.000,0.00,0.000,0.000,0.00,0.000,0.000,0.00,0.000,0.000,0.00,0.000,0.000,0.00,0.000,0.000,0.00,0.000,0.000,0.00,0.000,0.000,0.00,0.000,0.000,0.00,0.000,0.000,0.00,0.000,0.000,0.00,0.000,0.000,0.00,0.000,0.000,0.00,0.000,0.000,0.00,0.000,0.000,0.00,0.000,0.000,0.00,0.000,0.000,0.00
25.6008,0.000,0.000,0.00,100.00,0.00,0.000,0.000,0.00,0.000,0.000,0.00,0.000,0.000,0.00,0.000,0.000,0.00,0.000,0.000,0.00,0.000,0.000,0.00,0.000,0.000,0.00,0.000,0.000,0.00,0.000,0.000,0.00,0.000,0.000,0.00,0.000,0.000,0.00,0.000,0.000,0.00,0.000,0.000,0.00,0.000,0.000,0.00,0.000,0.000,0.00,0.000,0.000,0.00,0.000,0.000,0.00,0.000,0.000,0.00,0.000,0.000,0.00,0.000,0.000,0.00,0.000,0.000,0.00,0.000,0.000,0.00,0.000,0.000,0.00,0.000,0.000,0.00,0.000,0.000,0.00,0.000,0.000,0.00,0.000,0.000,0.00,0.000,0.000,0.00,0.000,0.000,0.00,0.000,0.000,0.00
25.7158,0.000,0.000,0.00,100.00,0.00,0.000,0.000,0.00,0.000,0.000,0.00,0.000,0.000,0.00,0.000,0.000,0.00,0.000,0.000,0.00,0.000,0.000,0.00,0.000,0.000,0.00,0.000,0.000,0.00,0.000,0.000,0.00,0.000,0.000,0.00,0.000,0.000,0.00,0.000,0.000,0.00,0.000,0.000,0.00,0.000,0.000,0.00,0.000,0.000,0.00,0.000,0.000,0.00,0.000,0.000,0.00,0.000,0.000,0.00,0.000,0.000,0.00,0.000,0.000,0.00,0.000,0.000,0.00,0.000,0.000,0.00,0.000,0.000,0.00,0.000,0.000,0.00,0.000,0.000,0.00,0.000,0.000,0.00,0.000,0.000,0.00,0.000,0.000,0.00,0.000,0.000,0.00,0.000,0.000,0.00
25.8289,0.000,0.000,0.00,99.71,0.00,0.000,0.000,0.00,0.000,0.000,0.00,0.000,0.000,0.00,0.000,0.000,0.00,0.000,0.000,0.00,0.000,0.000,0.00,0.000,0.000,0.00,0.000,0.000,0.00,0.000,0.000,0.00,0.000,0.000,0.00,0.000,0.000,0.00,0.000,0.000,0.00,0.000,0.000,0.00,0.000,0.000,0.00,0.000,0.000,0.00,0.000,0.000,0.00,0.000,0.000,0.00,0.000,0.000,0.00,0.000,0.000,0.00,0.000,0.000,0.00,0.000,0.000,0.00,0.000,0.000,0.00,0.000,0.000,0.00,0.000,0.000,0.00,0.000,0.000,0.00,0.000,0.000,0.00,0.000,0.000,0.00,0.000,0.000,0.00,0.000,0.000,0.00,0.000,0.000,0.00
25.9362,0.000,0.000,0.00,98.88,0.00,0.000,0.000,0.00,0.000,0.000,0.00,0.000,0.000,0.00,0.000,0.000,0.00,0.000,0.000,0.00,0.000,0.000,0.00,0.000,0.000,0.00,0.000,0.000,0.00,0.000,0.000,0.00,0.000,0.000,0.00,0.000,0.000,0.00,0.000,0.000,0.00,0.000,0.000,0.00,0.000,0.000,0.00,0.000,0.000,0.00,0.000,0.000,0.00,0.000,0.000,0.00,0.000,0.000,0.00,0.000,0.000,0.00,0.000,0.000,0.00,0.000,0.000,0.00,0.000,0.000,0.00,0.000,0.000,0.00,0.000,0.000,0.00,0.000,0.000,0.00,0.000,0.000,0.00,0.000,0.000,0.00,0.000,0.000,0.00,0.000,0.000,0.00,0.000,0.000,0.00
26.0491,0.000,0.000,0.00,97.79,0.00,0.000,0.000,0.00,0.000,0.000,0.00,0.000,0.000,0.00,0.000,0.000,0.00,0.000,0.000,0.00,0.000,0.000,0.00,0.000,0.000,0.00,0.000,0.000,0.00,0.000,0.000,0.00,0.000,0.000,0.00,0.000,0.000,0.00,0.000,0.000,0.00,0.000,0.000,0.00,0.000,0.000,0.00,0.000,0.000,0.00,0.000,0.000,0.00,0.000,0.000,0.00,0.000,0.000,0.00,0.000,0.000,0.00,0.000,0.000,0.00,0.000,0.000,0.00,0.000,0.000,0.00,0.000,0.000,0.00,0.000,0.000,0.00,0.000,0.000,0.00,0.000,0.000,0.00,0.000,0.000,0.00,0.000,0.000,0.00,0.000,0.000,0.00,0.000,0.000,0.00
26.1629,0.000,0.000,0.00,97.19,0.00,0.000,0.000,0.00,0.000,0.000,0.00,0.000,0.000,0.00,0.000,0.000,0.00,0.000,0.000,0.00,0.000,0.000,0.00,0.000,0.000,0.00,0.000,0.000,0.00,0.000,0.000,0.00,0.000,0.000,0.00,0.000,0.000,0.00,0.000,0.000,0.00,0.000,0.000,0.00,0.000,0.000,0.00,0.000,0.000,0.00,0.000,0.000,0.00,0.000,0.000,0.00,0.000,0.000,0.00,0.000,0.000,0.00,0.000,0.000,0.00,0.000,0.000,0.00,0.000,0.000,0.00,0.000,0.000,0.00,0.000,0.000,0.00,0.000,0.000,0.00,0.000,0.000,0.00,0.000,0.000,0.00,0.000,0.000,0.00,0.000,0.000,0.00,0.000,0.000,0.00
26.2705,0.000,0.000,0.00,96.63,0.00,0.000,0.000,0.00,0.000,0.000,0.00,0.000,0.000,0.00,0.000,0.000,0.00,0.000,0.000,0.00,0.000,0.000,0.00,0.000,0.000,0.00,0.000,0.000,0.00,0.000,0.000,0.00,0.000,0.000,0.00,0.000,0.000,0.00,0.000,0.000,0.00,0.000,0.000,0.00,0.000,0.000,0.00,0.000,0.000,0.00,0.000,0.000,0.00,0.000,0.000,0.00,0.000,0.000,0.00,0.000,0.000,0.00,0.000,0.000,0.00,0.000,0.000,0.00,0.000,0.000,0.00,0.000,0.000,0.00,0.000,0.000,0.00,0.000,0.000,0.00,0.000,0.000,0.00,0.000,0.000,0.00,0.000,0.000,0.00,0.000,0.000,0.00,0.000,0.000,0.00
26.3788,0.000,0.000,0.00,95.72,0.00,0.000,0.000,0.00,0.000,0.000,0.00,0.000,0.000,0.00,0.000,0.000,0.00,0.000,0.000,0.00,0.000,0.000,0.00,0.000,0.000,0.00,0.000,0.000,0.00,0.000,0.000,0.00,0.000,0.000,0.00,0.000,0.000,0.00,0.000,0.000,0.00,0.000,0.000,0.00,0.000,0.000,0.00,0.000,0.000,0.00,0.000,0.000,0.00,0.000,0.000,0.00,0.000,0.000,0.00,0.000,0.000,0.00,0.000,0.000,0.00,0.000,0.000,0.00,0.000,0.000,0.00,0.000,0.000,0.00,0.000,0.000,0.00,0.000,0.000,0.00,0.000,0.000,0.00,0.000,0.000,0.00,0.000,0.000,0.00,0.000,0.000,0.00,0.000,0.000,0.00
26.4852,0.000,0.000,0.00,92.18,0.00,0.000,0.000,0.00,0.000,0.000,0.00,0.000,0.000,0.00,0.000,0.000,0.00,0.000,0.000,0.00,0.000,0.000,0.00,0.000,0.000,0.00,0.000,0.000,0.00,0.000,0.000,0.00,0.000,0.000,0.00,0.000,0.000,0.00,0.000,0.000,0.00,0.000,0.000,0.00,0.000,0.000,0.00,0.000,0.000,0.00,0.000,0.000,0.00,0.000,0.000,0.00,0.000,0.000,0.00,0.000,0.000,0.00,0.000,0.000,0.00,0.000,0.000,0.00,0.000,0.000,0.00,0.000,0.000,0.00,0.000,0.000,0.00,0.000,0.000,0.00,0.000,0.000,0.00,0.000,0.000,0.00,0.000,0.000,0.00,0.000,0.000,0.00,0.000,0.000,0.00
26.5914,0.000,0.366,0.06,87.19,0.00,0.000,0.000,0.00,0.000,0.000,0.00,0.000,0.000,0.00,0.000,0.000,0.00,0.000,0.000,0.00,0.000,0.000,0.00,0.000,0.000,0.00,0.000,0.000,0.00,0.000,0.000,0.00,0.000,0.000,0.00,0.000,0.366,1.88,0.000,0.000,0.00,0.000,0.000,0.00,0.000,0.000,0.00,0.000,0.000,0.00,0.000,0.000,0.00,0.000,0.000,0.00,0.000,0.000,0.00,0.000,0.000,0.00,0.000,0.000,0.00,0.000,0.000,0.00,0.000,0.000,0.00,0.000,0.000,0.00,0.000,0.000,0.00,0.000,0.000,0.00,0.000,0.000,0.00,0.000,0.000,0.00,0.000,0.000,0.00,0.000,0.000,0.00,0.000,0.000,0.00
26.6974,0.000,0.000,0.00,82.34,0.00,0.000,0.000,0.00,0.000,0.000,0.00,0.000,0.000,0.00,0.000,0.000,0.00,0.000,0.000,0.00,0.000,0.000,0.00,0.000,0.000,0.00,0.000,0.000,0.00,0.000,0.000,0.00,0.000,0.000,0.00,0.000,0.000,0.00,0.000,0.000,0.00,0.000,0.000,0.00,0.000,0.000,0.00,0.000,0.000,0.00,0.000,0.000,0.00,0.000,0.000,0.00,0.000,0.000,0.00,0.000,0.000,0.00,0.000,0.000,0.00,0.000,0.000,0.00,0.000,0.000,0.00,0.000,0.000,0.00,0.000,0.000,0.00,0.000,0.000,0.00,0.000,0.000,0.00,0.000,0.000,0.00,0.000,0.000,0.00,0.000,0.000,0.00,0.000,0.000,0.00
26.8030,0.000,0.000,0.00,77.26,0.00,0.000,0.000,0.00,0.000,0.000,0.00,0.000,0.000,0.00,0.000,0.000,0.00,0.000,0.000,0.00,0.000,0.000,0.00,0.000,0.000,0.00,0.000,0.000,0.00,0.000,0.000,0.00,0.000,0.000,0.00,0.000,0.000,0.00,0.000,0.000,0.00,0.000,0.000,0.00,0.000,0.000,0.00,0.000,0.000,0.00,0.000,0.000,0.00,0.000,0.000,0.00,0.000,0.000,0.00,0.000,0.000,0.00,0.000,0.000,0.00,0.000,0.000,0.00,0.000,0.000,0.00,0.000,0.000,0.00,0.000,0.000,0.00,0.000,0.000,0.00,0.000,0.000,0.00,0.000,0.000,0.00,0.000,0.000,0.00,0.000,0.000,0.00,0.000,0.000,0.00
26.9083,0.000,0.000,0.00,72.93,0.00,0.000,0.000,0.00,0.000,0.000,0.00,0.000,0.000,0.00,0.000,0.000,0.00,0.000,0.000,0.00,0.000,0.000,0.00,0.000,0.000,0.00,0.000,0.000,0.00,0.000,0.000,0.00,0.000,0.000,0.00,0.000,0.000,0.00,0.000,0.000,0.00,0.000,0.000,0.00,0.000,0.000,0.00,0.000,0.000,0.00,0.000,0.000,0.00,0.000,0.000,0.00,0.000,0.000,0.00,0.000,0.000,0.00,0.000,0.000,0.00,0.000,0.000,0.00,0.000,0.000,0.00,0.000,0.000,0.00,0.000,0.000,0.00,0.000,0.000,0.00,0.000,0.000,0.00,0.000,0.000,0.00,0.000,0.000,0.00,0.000,0.000,0.00,0.000,0.000,0.00
27.0131,0.000,0.000,0.00,58.31,0.00,0.000,0.000,0.00,0.000,0.000,0.00,0.000,0.000,0.00,0.000,0.000,0.00,0.000,0.000,0.00,0.000,0.000,0.00,0.000,0.000,0.00,0.000,0.000,0.00,0.000,0.000,0.00,0.000,0.000,0.00,0.000,0.000,0.00,0.000,0.000,0.00,0.000,0.000,0.00,0.000,0.000,0.00,0.000,0.000,0.00,0.000,0.000,0.00,0.000,0.000,0.00,0.000,0.000,0.00,0.000,0.000,0.00,0.000,0.000,0.00,0.000,0.000,0.00,0.000,0.000,0.00,0.000,0.000,0.00,0.000,0.000,0.00,0.000,0.000,0.00,0.000,0.000,0.00,0.000,0.000,0.00,0.000,0.000,0.00,0.000,0.000,0.00,0.000,0.000,0.00
27.1167,0.000,0.000,0.00,45.40,0.00,0.000,0.000,0.00,0.000,0.000,0.00,0.000,0.000,0.00,0.000,0.000,0.00,0.000,0.000,0.00,0.000,0.000,0.00,0.000,0.000,0.00,0.000,0.000,0.00,0.000,0.000,0.00,0.000,0.000,0.00,0.000,0.000,0.00,0.000,0.000,0.00,0.000,0.000,0.00,0.000,0.000,0.00,0.000,0.000,0.00,0.000,0.000,0.00,0.000,0.000,0.00,0.000,0.000,0.00,0.000,0.000,0.00,0.000,0.000,0.00,0.000,0.000,0.00,0.000,0.000,0.00,0.000,0.000,0.00,0.000,0.000,0.00,0.000,0.000,0.00,0.000,0.000,0.00,0.000,0.000,0.00,0.000,0.000,0.00,0.000,0.000,0.00,0.000,0.000,0.00
27.2202,0.000,0.000,0.00,23.95,0.00,0.000,0.000,0.00,0.000,0.000,0.00,0.000,0.000,0.00,0.000,0.000,0.00,0.000,0.000,0.00,0.000,0.000,0.00,0.000,0.000,0.00,0.000,0.000,0.00,0.000,0.000,0.00,0.000,0.000,0.00,0.000,0.000,0.00,0.000,0.000,0.00,0.000,0.000,0.00,0.000,0.000,0.00,0.000,0.000,0.00,0.000,0.000,0.00,0.000,0.000,0.00,0.000,0.000,0.00,0.000,0.000,0.00,0.000,0.000,0.00,0.000,0.000,0.00,0.000,0.000,0.00,0.000,0.000,0.00,0.000,0.000,0.00,0.000,0.000,0.00,0.000,0.000,0.00,0.000,0.000,0.00,0.000,0.000,0.00,0.000,0.000,0.00,0.000,0.000,0.00
27.3220,0.000,0.000,0.00,34.28,0.00,0.000,0.000,0.00,0.000,0.000,0.00,0.000,0.000,0.00,0.000,0.000,0.00,0.000,0.000,0.00,0.000,0.000,0.00,0.000,0.000,0.00,0.000,0.000,0.00,0.000,0.000,0.00,0.000,0.000,0.00,0.000,0.000,0.00,0.000,0.000,0.00,0.000,0.000,0.00,0.000,0.000,0.00,0.000,0.000,0.00,0.000,0.000,0.00,0.000,0.000,0.00,0.000,0.000,0.00,0.000,0.000,0.00,0.000,0.000,0.00,0.000,0.000,0.00,0.000,0.000,0.00,0.000,0.000,0.00,0.000,0.000,0.00,0.000,0.000,0.00,0.000,0.000,0.00,0.000,0.000,0.00,0.000,0.000,0.00,0.000,0.000,0.00,0.000,0.000,0.00
27.4247,0.000,0.000,0.00,37.09,0.00,0.000,0.000,0.00,0.000,0.000,0.00,0.000,0.000,0.00,0.000,0.000,0.00,0.000,0.000,0.00,0.000,0.000,0.00,0.000,0.000,0.00,0.000,0.000,0.00,0.000,0.000,0.00,0.000,0.000,0.00,0.000,0.000,0.00,0.000,0.000,0.00,0.000,0.000,0.00,0.000,0.000,0.00,0.000,0.000,0.00,0.000,0.000,0.00,0.000,0.000,0.00,0.000,0.000,0.00,0.000,0.000,0.00,0.000,0.000,0.00,0.000,0.000,0.00,0.000,0.000,0.00,0.000,0.000,0.00,0.000,0.000,0.00,0.000,0.000,0.00,0.000,0.000,0.00,0.000,0.000,0.00,0.000,0.000,0.00,0.000,0.000,0.00,0.000,0.000,0.00
27.5272,0.000,0.000,0.00,37.39,0.00,0.000,0.000,0.00,0.000,0.000,0.00,0.000,0.000,0.00,0.000,0.000,0.00,0.000,0.000,0.00,0.000,0.000,0.00,0.000,0.000,0.00,0.000,0.000,0.00,0.000,0.000,0.00,0.000,0.000,0.00,0.000,0.000,0.00,0.000,0.000,0.00,0.000,0.000,0.00,0.000,0.000,0.00,0.000,0.000,0.00,0.000,0.000,0.00,0.000,0.000,0.00,0.000,0.000,0.00,0.000,0.000,0.00,0.000,0.000,0.00,0.000,0.000,0.00,0.000,0.000,0.00,0.000,0.000,0.00,0.000,0.000,0.00,0.000,0.000,0.00,0.000,0.000,0.00,0.000,0.000,0.00,0.000,0.000,0.00,0.000,0.000,0.00,0.000,0.000,0.00
27.6297,0.000,0.000,0.00,37.74,0.00,0.000,0.000,0.00,0.000,0.000,0.00,0.000,0.000,0.00,0.000,0.000,0.00,0.000,0.000,0.00,0.000,0.000,0.00,0.000,0.000,0.00,0.000,0.000,0.00,0.000,0.000,0.00,0.000,0.000,0.00,0.000,0.000,0.00,0.000,0.000,0.00,0.000,0.000,0.00,0.000,0.000,0.00,0.000,0.000,0.00,0.000,0.000,0.00,0.000,0.000,0.00,0.000,0.000,0.00,0.000,0.000,0.00,0.000,0.000,0.00,0.000,0.000,0.00,0.000,0.000,0.00,0.000,0.000,0.00,0.000,0.000,0.00,0.000,0.000,0.00,0.000,0.000,0.00,0.000,0.000,0.00,0.000,0.000,0.00,0.000,0.000,0.00,0.000,0.000,0.00
27.7321,0.000,0.000,0.00,36.74,0.00,0.000,0.000,0.00,0.000,0.000,0.00,0.000,0.000,0.00,0.000,0.000,0.00,0.000,0.000,0.00,0.000,0.000,0.00,0.000,0.000,0.00,0.000,0.000,0.00,0.000,0.000,0.00,0.000,0.000,0.00,0.000,0.000,0.00,0.000,0.000,0.00,0.000,0.000,0.00,0.000,0.000,0.00,0.000,0.000,0.00,0.000,0.000,0.00,0.000,0.000,0.00,0.000,0.000,0.00,0.000,0.000,0.00,0.000,0.000,0.00,0.000,0.000,0.00,0.000,0.000,0.00,0.000,0.000,0.00,0.000,0.000,0.00,0.000,0.000,0.00,0.000,0.000,0.00,0.000,0.000,0.00,0.000,0.000,0.00,0.000,0.000,0.00,0.000,0.000,0.00
27.8345,0.000,0.000,0.00,37.15,0.00,0.000,0.000,0.00,0.000,0.000,0.00,0.000,0.000,0.00,0.000,0.000,0.00,0.000,0.000,0.00,0.000,0.000,0.00,0.000,0.000,0.00,0.000,0.000,0.00,0.000,0.000,0.00,0.000,0.000,0.00,0.000,0.000,0.00,0.000,0.000,0.00,0.000,0.000,0.00,0.000,0.000,0.00,0.000,0.000,0.00,0.000,0.000,0.00,0.000,0.000,0.00,0.000,0.000,0.00,0.000,0.000,0.00,0.000,0.000,0.00,0.000,0.000,0.00,0.000,0.000,0.00,0.000,0.000,0.00,0.000,0.000,0.00,0.000,0.000,0.00,0.000,0.000,0.00,0.000,0.000,0.00,0.000,0.000,0.00,0.000,0.000,0.00,0.000,0.000,0.00
27.9372,0.000,0.000,0.00,36.38,0.00,0.000,0.000,0.00,0.000,0.000,0.00,0.000,0.000,0.00,0.000,0.000,0.00,0.000,0.000,0.00,0.000,0.000,0.00,0.000,0.000,0.00,0.000,0.000,0.00,0.000,0.000,0.00,0.000,0.000,0.00,0.000,0.000,0.00,0.000,0.000,0.00,0.000,0.000,0.00,0.000,0.000,0.00,0.000,0.000,0.00,0.000,0.000,0.00,0.000,0.000,0.00,0.000,0.000,0.00,0.000,0.000,0.00,0.000,0.000,0.00,0.000,0.000,0.00,0.000,0.000,0.00,0.000,0.000,0.00,0.000,0.000,0.00,0.000,0.000,0.00,0.000,0.000,0.00,0.000,0.000,0.00,0.000,0.000,0.00,0.000,0.000,0.00,0.000,0.000,0.00
28.0395,0.000,0.000,0.00,36.20,0.00,0.000,0.000,0.00,0.000,0.000,0.00,0.000,0.000,0.00,0.000,0.000,0.00,0.000,0.000,0.00,0.000,0.000,0.00,0.000,0.000,0.00,0.000,0.000,0.00,0.000,0.000,0.00,0.000,0.000,0.00,0.000,0.000,0.00,0.000,0.000,0.00,0.000,0.000,0.00,0.000,0.000,0.00,0.000,0.000,0.00,0.000,0.000,0.00,0.000,0.000,0.00,0.000,0.000,0.00,0.000,0.000,0.00,0.000,0.000,0.00,0.000,0.000,0.00,0.000,0.000,0.00,0.000,0.000,0.00,0.000,0.000,0.00,0.000,0.000,0.00,0.000,0.000,0.00,0.000,0.000,0.00,0.000,0.000,0.00,0.000,0.000,0.00,0.000,0.000,0.00
28.1420,0.000,0.000,0.00,35.89,0.00,0.000,0.000,0.00,0.000,0.000,0.00,0.000,0.000,0.00,0.000,0.000,0.00,0.000,0.000,0.00,0.000,0.000,0.00,0.000,0.000,0.00,0.000,0.000,0.00,0.000,0.000,0.00,0.000,0.000,0.00,0.000,0.000,0.00,0.000,0.000,0.00,0.000,0.000,0.00,0.000,0.000,0.00,0.000,0.000,0.00,0.000,0.000,0.00,0.000,0.000,0.00,0.000,0.000,0.00,0.000,0.000,0.00,0.000,0.000,0.00,0.000,0.000,0.00,0.000,0.000,0.00,0.000,0.000,0.00,0.000,0.000,0.00,0.000,0.000,0.00,0.000,0.000,0.00,0.000,0.000,0.00,0.000,0.000,0.00,0.000,0.000,0.00,0.000,0.000,0.00
28.2443,0.000,0.000,0.00,36.71,0.00,0.000,0.000,0.00,0.000,0.000,0.00,0.000,0.000,0.00,0.000,0.000,0.00,0.000,0.000,0.00,0.000,0.000,0.00,0.000,0.000,0.00,0.000,0.000,0.00,0.000,0.000,0.00,0.000,0.000,0.00,0.000,0.000,0.00,0.000,0.000,0.00,0.000,0.000,0.00,0.000,0.000,0.00,0.000,0.000,0.00,0.000,0.000,0.00,0.000,0.000,0.00,0.000,0.000,0.00,0.000,0.000,0.00,0.000,0.000,0.00,0.000,0.000,0.00,0.000,0.000,0.00,0.000,0.000,0.00,0.000,0.000,0.00,0.000,0.000,0.00,0.000,0.000,0.00,0.000,0.000,0.00,0.000,0.000,0.00,0.000,0.000,0.00,0.000,0.000,0.00
28.3468,0.000,0.000,0.00,37.57,0.00,0.000,0.000,0.00,0.000,0.000,0.00,0.000,0.000,0.00,0.000,0.000,0.00,0.000,0.000,0.00,0.000,0.000,0.00,0.000,0.000,0.00,0.000,0.000,0.00,0.000,0.000,0.00,0.000,0.000,0.00,0.000,0.000,0.00,0.000,0.000,0.00,0.000,0.000,0.00,0.000,0.000,0.00,0.000,0.000,0.00,0.000,0.000,0.00,0.000,0.000,0.00,0.000,0.000,0.00,0.000,0.000,0.00,0.000,0.000,0.00,0.000,0.000,0.00,0.000,0.000,0.00,0.000,0.000,0.00,0.000,0.000,0.00,0.000,0.000,0.00,0.000,0.000,0.00,0.000,0.000,0.00,0.000,0.000,0.00,0.000,0.000,0.00,0.000,0.000,0.00
28.4494,0.000,0.000,0.00,35.53,0.00,0.000,0.000,0.00,0.000,0.000,0.00,0.000,0.000,0.00,0.000,0.000,0.00,0.000,0.000,0.00,0.000,0.000,0.00,0.000,0.000,0.00,0.000,0.000,0.00,0.000,0.000,0.00,0.000,0.000,0.00,0.000,0.000,0.00,0.000,0.000,0.00,0.000,0.000,0.00,0.000,0.000,0.00,0.000,0.000,0.00,0.000,0.000,0.00,0.000,0.000,0.00,0.000,0.000,0.00,0.000,0.000,0.00,0.000,0.000,0.00,0.000,0.000,0.00,0.000,0.000,0.00,0.000,0.000,0.00,0.000,0.000,0.00,0.000,0.000,0.00,0.000,0.000,0.00,0.000,0.000,0.00,0.000,0.000,0.00,0.000,0.000,0.00,0.000,0.000,0.00
28.5519,0.000,0.000,0.00,36.29,0.00,0.000,0.000,0.00,0.000,0.000,0.00,0.000,0.000,0.00,0.000,0.000,0.00,0.000,0.000,0.00,0.000,0.000,0.00,0.000,0.000,0.00,0.000,0.000,0.00,0.000,0.000,0.00,0.000,0.000,0.00,0.000,0.000,0.00,0.000,0.000,0.00,0.000,0.000,0.00,0.000,0.000,0.00,0.000,0.000,0.00,0.000,0.000,0.00,0.000,0.000,0.00,0.000,0.000,0.00,0.000,0.000,0.00,0.000,0.000,0.00,0.000,0.000,0.00,0.000,0.000,0.00,0.000,0.000,0.00,0.000,0.000,0.00,0.000,0.000,0.00,0.000,0.000,0.00,0.000,0.000,0.00,0.000,0.000,0.00,0.000,0.000,0.00,0.000,0.000,0.00
28.6541,0.000,0.000,0.00,35.52,0.00,0.000,0.000,0.00,0.000,0.000,0.00,0.000,0.000,0.00,0.000,0.000,0.00,0.000,0.000,0.00,0.000,0.000,0.00,0.000,0.000,0.00,0.000,0.000,0.00,0.000,0.000,0.00,0.000,0.000,0.00,0.000,0.000,0.00,0.000,0.000,0.00,0.000,0.000,0.00,0.000,0.000,0.00,0.000,0.000,0.00,0.000,0.000,0.00,0.000,0.000,0.00,0.000,0.000,0.00,0.000,0.000,0.00,0.000,0.000,0.00,0.000,0.000,0.00,0.000,0.000,0.00,0.000,0.000,0.00,0.000,0.000,0.00,0.000,0.000,0.00,0.000,0.000,0.00,0.000,0.000,0.00,0.000,0.000,0.00,0.000,0.000,0.00,0.000,0.000,0.00
28.7565,0.000,0.000,0.00,36.24,0.00,0.000,0.000,0.00,0.000,0.000,0.00,0.000,0.000,0.00,0.000,0.000,0.00,0.000,0.000,0.00,0.000,0.000,0.00,0.000,0.000,0.00,0.000,0.000,0.00,0.000,0.000,0.00,0.000,0.000,0.00,0.000,0.000,0.00,0.000,0.000,0.00,0.000,0.000,0.00,0.000,0.000,0.00,0.000,0.000,0.00,0.000,0.000,0.00,0.000,0.000,0.00,0.000,0.000,0.00,0.000,0.000,0.00,0.000,0.000,0.00,0.000,0.000,0.00,0.000,0.000,0.00,0.000,0.000,0.00,0.000,0.000,0.00,0.000,0.000,0.00,0.000,0.000,0.00,0.000,0.000,0.00,0.000,0.000,0.00,0.000,0.000,0.00,0.000,0.000,0.00
28.8595,0.000,0.000,0.00,66.72,0.00,0.000,0.000,0.00,0.000,0.000,0.00,0.000,0.000,0.00,0.000,0.000,0.00,0.000,0.000,0.00,0.000,0.000,0.00,0.000,0.000,0.00,0.000,0.000,0.00,0.000,0.000,0.00,0.000,0.000,0.00,0.000,0.000,0.00,0.000,0.000,0.00,0.000,0.000,0.00,0.000,0.000,0.00,0.000,0.000,0.00,0.000,0.000,0.00,0.000,0.000,0.00,0.000,0.000,0.00,0.000,0.000,0.00,0.000,0.000,0.00,0.000,0.000,0.00,0.000,0.000,0.00,0.000,0.000,0.00,0.000,0.000,0.00,0.000,0.000,0.00,0.000,0.000,0.00,0.000,0.000,0.00,0.000,0.000,0.00,0.000,0.000,0.00,0.000,0.000,0.00
28.9667,0.000,0.000,0.00,93.89,0.00,0.000,0.000,0.00,0.000,0.000,0.00,0.000,0.000,0.00,0.000,0.000,0.00,0.000,0.000,0.00,0.000,0.000,0.00,0.000,0.000,0.00,0.000,0.000,0.00,0.000,0.000,0.00,0.000,0.000,0.00,0.000,0.000,0.00,0.000,0.000,0.00,0.000,0.000,0.00,0.000,0.000,0.00,0.000,0.000,0.00,0.000,0.000,0.00,0.000,0.000,0.00,0.000,0.000,0.00,0.000,0.000,0.00,0.000,0.000,0.00,0.000,0.000,0.00,0.000,0.000,0.00,0.000,0.000,0.00,0.000,0.000,0.00,0.000,0.000,0.00,0.000,0.000,0.00,0.000,0.000,0.00,0.000,0.000,0.00,0.000,0.000,0.00,0.000,0.000,0.00
29.0736,0.000,0.000,0.00,96.56,0.00,0.000,0.000,0.00,0.000,0.000,0.00,0.000,0.000,0.00,0.000,0.000,0.00,0.000,0.000,0.00,0.000,0.000,0.00,0.000,0.000,0.00,0.000,0.000,0.00,0.000,0.000,0.00,0.000,0.000,0.00,0.000,0.000,0.00,0.000,0.000,0.00,0.000,0.000,0.00,0.000,0.000,0.00,0.000,0.000,0.00,0.000,0.000,0.00,0.000,0.000,0.00,0.000,0.000,0.00,0.000,0.000,0.00,0.000,0.000,0.00,0.000,0.000,0.00,0.000,0.000,0.00,0.000,0.000,0.00,0.000,0.000,0.00,0.000,0.000,0.00,0.000,0.000,0.00,0.000,0.000,0.00,0.000,0.000,0.00,0.000,0.000,0.00,0.000,0.000,0.00
29.1771,0.000,0.000,0.00,88.55,0.00,0.000,0.000,0.00,0.000,0.000,0.00,0.000,0.000,0.00,0.000,0.000,0.00,0.000,0.000,0.00,0.000,0.000,0.00,0.000,0.000,0.00,0.000,0.000,0.00,0.000,0.000,0.00,0.000,0.000,0.00,0.000,0.000,0.00,0.000,0.000,0.00,0.000,0.000,0.00,0.000,0.000,0.00,0.000,0.000,0.00,0.000,0.000,0.00,0.000,0.000,0.00,0.000,0.000,0.00,0.000,0.000,0.00,0.000,0.000,0.00,0.000,0.000,0.00,0.000,0.000,0.00,0.000,0.000,0.00,0.000,0.000,0.00,0.000,0.000,0.00,0.000,0.000,0.00,0.000,0.000,0.00,0.000,0.000,0.00,0.000,0.000,0.00,0.000,0.000,0.00
29.2805,0.000,0.000,0.00,91.19,0.00,0.000,0.000,0.00,0.000,0.000,0.00,0.000,0.000,0.00,0.000,0.000,0.00,0.000,0.000,0.00,0.000,0.000,0.00,0.000,0.000,0.00,0.000,0.000,0.00,0.000,0.000,0.00,0.000,0.000,0.00,0.000,0.000,0.00,0.000,0.000,0.00,0.000,0.000,0.00,0.000,0.000,0.00,0.000,0.000,0.00,0.000,0.000,0.00,0.000,0.000,0.00,0.000,0.000,0.00,0.000,0.000,0.00,0.000,0.000,0.00,0.000,0.000,0.00,0.000,0.000,0.00,0.000,0.000,0.00,0.000,0.000,0.00,0.000,0.000,0.00,0.000,0.000,0.00,0.000,0.000,0.00,0.000,0.000,0.00,0.000,0.000,0.00,0.000,0.000,0.00
29.3876,0.000,0.000,0.00,97.45,0.00,0.000,0.000,0.00,0.000,0.000,0.00,0.000,0.000,0.00,0.000,0.000,0.00,0.000,0.000,0.00,0.000,0.000,0.00,0.000,0.000,0.00,0.000,0.000,0.00,0.000,0.000,0.00,0.000,0.000,0.00,0.000,0.000,0.00,0.000,0.000,0.00,0.000,0.000,0.00,0.000,0.000,0.00,0.000,0.000,0.00,0.000,0.000,0.00,0.000,0.000,0.00,0.000,0.000,0.00,0.000,0.000,0.00,0.000,0.000,0.00,0.000,0.000,0.00,0.000,0.000,0.00,0.000,0.000,0.00,0.000,0.000,0.00,0.000,0.000,0.00,0.000,0.000,0.00,0.000,0.000,0.00,0.000,0.000,0.00,0.000,0.000,0.00,0.000,0.000,0.00
29.4947,0.000,0.000,0.00,89.15,0.00,0.000,0.000,0.00,0.000,0.000,0.00,0.000,0.000,0.00,0.000,0.000,0.00,0.000,0.000,0.00,0.000,0.000,0.00,0.000,0.000,0.00,0.000,0.000,0.00,0.000,0.000,0.00,0.000,0.000,0.00,0.000,0.000,0.00,0.000,0.000,0.00,0.000,0.000,0.00,0.000,0.000,0.00,0.000,0.000,0.00,0.000,0.000,0.00,0.000,0.000,0.00,0.000,0.000,0.00,0.000,0.000,0.00,0.000,0.000,0.00,0.000,0.000,0.00,0.000,0.000,0.00,0.000,0.000,0.00,0.000,0.000,0.00,0.000,0.000,0.00,0.000,0.000,0.00,0.000,0.000,0.00,0.000,0.000,0.00,0.000,0.000,0.00,0.000,0.000,0.00
29.6055,0.000,0.000,0.00,99.49,0.00,0.000,0.000,0.00,0.000,0.000,0.00,0.000,0.000,0.00,0.000,0.000,0.00,0.000,0.000,0.00,0.000,0.000,0.00,0.000,0.000,0.00,0.000,0.000,0.00,0.000,0.000,0.00,0.000,0.000,0.00,0.000,0.000,0.00,0.000,0.000,0.00,0.000,0.000,0.00,0.000,0.000,0.00,0.000,0.000,0.00,0.000,0.000,0.00,0.000,0.000,0.00,0.000,0.000,0.00,0.000,0.000,0.00,0.000,0.000,0.00,0.000,0.000,0.00,0.000,0.000,0.00,0.000,0.000,0.00,0.000,0.000,0.00,0.000,0.000,0.00,0.000,0.000,0.00,0.000,0.000,0.00,0.000,0.000,0.00,0.000,0.000,0.00,0.000,0.000,0.00
29.7145,0.000,0.357,0.37,100.00,0.00,0.000,0.000,0.00,0.000,0.000,0.00,0.000,0.000,0.00,0.000,0.000,0.00,0.000,0.000,0.00,0.000,0.000,0.00,0.000,0.000,0.00,0.000,0.000,0.00,0.000,0.000,0.00,0.000,0.000,0.00,0.000,0.000,0.00,0.000,0.000,0.00,0.000,0.000,0.00,0.000,0.000,0.00,0.000,0.000,0.00,0.000,0.000,0.00,0.000,0.000,0.00,0.000,0.000,0.00,0.000,0.000,0.00,0.000,0.000,0.00,0.000,0.000,0.00,0.000,0.357,11.01,0.000,0.000,0.00,0.000,0.000,0.00,0.000,0.000,0.00,0.000,0.000,0.00,0.000,0.000,0.00,0.000,0.000,0.00,0.000,0.000,0.00,0.000,0.000,0.00
29.8305,0.000,0.000,0.00,100.00,0.00,0.000,0.000,0.00,0.000,0.000,0.00,0.000,0.000,0.00,0.000,0.000,0.00,0.000,0.000,0.00,0.000,0.000,0.00,0.000,0.000,0.00,0.000,0.000,0.00,0.000,0.000,0.00,0.000,0.000,0.00,0.000,0.000,0.00,0.000,0.000,0.00,0.000,0.000,0.00,0.000,0.000,0.00,0.000,0.000,0.00,0.000,0.000,0.00,0.000,0.000,0.00,0.000,0.000,0.00,0.000,0.000,0.00,0.000,0.000,0.00,0.000,0.000,0.00,0.000,0.000,0.00,0.000,0.000,0.00,0.000,0.000,0.00,0.000,0.000,0.00,0.000,0.000,0.00,0.000,0.000,0.00,0.000,0.000,0.00,0.000,0.000,0.00,0.000,0.000,0.00
29.9385,0.000,0.000,0.00,100.00,0.00,0.000,0.000,0.00,0.000,0.000,0.00,0.000,0.000,0.00,0.000,0.000,0.00,0.000,0.000,0.00,0.000,0.000,0.00,0.000,0.000,0.00,0.000,0.000,0.00,0.000,0.000,0.00,0.000,0.000,0.00,0.000,0.000,0.00,0.000,0.000,0.00,0.000,0.000,0.00,0.000,0.000,0.00,0.000,0.000,0.00,0.000,0.000,0.00,0.000,0.000,0.00,0.000,0.000,0.00,0.000,0.000,0.00,0.000,0.000,0.00,0.000,0.000,0.00,0.000,0.000,0.00,0.000,0.000,0.00,0.000,0.000,0.00,0.000,0.000,0.00,0.000,0.000,0.00,0.000,0.000,0.00,0.000,0.000,0.00,0.000,0.000,0.00,0.000,0.000,0.00
30.0563,0.000,0.000,0.00,100.00,0.00,0.000,0.000,0.00,0.000,0.000,0.00,0.000,0.000,0.00,0.000,0.000,0.00,0.000,0.000,0.00,0.000,0.000,0.00,0.000,0.000,0.00,0.000,0.000,0.00,0.000,0.000,0.00,0.000,0.000,0.00,0.000,0.000,0.00,0.000,0.000,0.00,0.000,0.000,0.00,0.000,0.000,0.00,0.000,0.000,0.00,0.000,0.000,0.00,0.000,0.000,0.00,0.000,0.000,0.00,0.000,0.000,0.00,0.000,0.000,0.00,0.000,0.000,0.00,0.000,0.000,0.00,0.000,0.000,0.00,0.000,0.000,0.00,0.000,0.000,0.00,0.000,0.000,0.00,0.000,0.000,0.00,0.000,0.000,0.00,0.000,0.000,0.00,0.000,0.000,0.00
30.1604,0.000,0.000,0.00,30.04,0.00,0.000,0.000,0.00,0.000,0.000,0.00,0.000,0.000,0.00,0.000,0.000,0.00,0.000,0.000,0.00,0.000,0.000,0.00,0.000,0.000,0.00,0.000,0.000,0.00,0.000,0.000,0.00,0.000,0.000,0.00,0.000,0.000,0.00,0.000,0.000,0.00,0.000,0.000,0.00,0.000,0.000,0.00,0.000,0.000,0.00,0.000,0.000,0.00,0.000,0.000,0.00,0.000,0.000,0.00,0.000,0.000,0.00,0.000,0.000,0.00,0.000,0.000,0.00,0.000,0.000,0.00,0.000,0.000,0.00,0.000,0.000,0.00,0.000,0.000,0.00,0.000,0.000,0.00,0.000,0.000,0.00,0.000,0.000,0.00,0.000,0.000,0.00,0.000,0.000,0.00
30.2621,0.000,0.000,0.00,0.77,0.00,0.000,0.000,0.00,0.000,0.000,0.00,0.000,0.000,0.00,0.000,0.000,0.00,0.000,0.000,0.00,0.000,0.000,0.00,0.000,0.000,0.00,0.000,0.000,0.00,0.000,0.000,0.00,0.000,0.000,0.00,0.000,0.000,0.00,0.000,0.000,0.00,0.000,0.000,0.00,0.000,0.000,0.00,0.000,0.000,0.00,0.000,0.000,0.00,0.000,0.000,0.00,0.000,0.000,0.00,0.000,0.000,0.00,0.000,0.000,0.00,0.000,0.000,0.00,0.000,0.000,0.00,0.000,0.000,0.00,0.000,0.000,0.00,0.000,0.000,0.00,0.000,0.000,0.00,0.000,0.000,0.00,0.000,0.000,0.00,0.000,0.000,0.00,0.000,0.000,0.00
30.3639,0.000,0.000,0.00,0.77,0.00,0.000,0.000,0.00,0.000,0.000,0.00,0.000,0.000,0.00,0.000,0.000,0.00,0.000,0.000,0.00,0.000,0.000,0.00,0.000,0.000,0.00,0.000,0.000,0.00,0.000,0.000,0.00,0.000,0.000,0.00,0.000,0.000,0.00,0.000,0.000,0.00,0.000,0.000,0.00,0.000,0.000,0.00,0.000,0.000,0.00,0.000,0.000,0.00,0.000,0.000,0.00,0.000,0.000,0.00,0.000,0.000,0.00,0.000,0.000,0.00,0.000,0.000,0.00,0.000,0.000,0.00,0.000,0.000,0.00,0.000,0.000,0.00,0.000,0.000,0.00,0.000,0.000,0.00,0.000,0.000,0.00,0.000,0.000,0.00,0.000,0.000,0.00,0.000,0.000,0.00
30.4649,0.000,0.000,0.00,0.85,0.00,0.000,0.000,0.00,0.000,0.000,0.00,0.000,0.000,0.00,0.000,0.000,0.00,0.000,0.000,0.00,0.000,0.000,0.00,0.000,0.000,0.00,0.000,0.000,0.00,0.000,0.000,0.00,0.000,0.000,0.00,0.000,0.000,0.00,0.000,0.000,0.00,0.000,0.000,0.00,0.000,0.000,0.00,0.000,0.000,0.00,0.000,0.000,0.00,0.000,0.000,0.00,0.000,0.000,0.00,0.000,0.000,0.00,0.000,0.000,0.00,0.000,0.000,0.00,0.000,0.000,0.00,0.000,0.000,0.00,0.000,0.000,0.00,0.000,0.000,0.00,0.000,0.000,0.00,0.000,0.000,0.00,0.000,0.000,0.00,0.000,0.000,0.00,0.000,0.000,0.00
30.5660,0.000,0.000,0.00,0.85,0.00,0.000,0.000,0.00,0.000,0.000,0.00,0.000,0.000,0.00,0.000,0.000,0.00,0.000,0.000,0.00,0.000,0.000,0.00,0.000,0.000,0.00,0.000,0.000,0.00,0.000,0.000,0.00,0.000,0.000,0.00,0.000,0.000,0.00,0.000,0.000,0.00,0.000,0.000,0.00,0.000,0.000,0.00,0.000,0.000,0.00,0.000,0.000,0.00,0.000,0.000,0.00,0.000,0.000,0.00,0.000,0.000,0.00,0.000,0.000,0.00,0.000,0.000,0.00,0.000,0.000,0.00,0.000,0.000,0.00,0.000,0.000,0.00,0.000,0.000,0.00,0.000,0.000,0.00,0.000,0.000,0.00,0.000,0.000,0.00,0.000,0.000,0.00,0.000,0.000,0.00
30.6670,0.000,0.000,0.00,1.00,0.00,0.000,0.000,0.00,0.000,0.000,0.00,0.000,0.000,0.00,0.000,0.000,0.00,0.000,0.000,0.00,0.000,0.000,0.00,0.000,0.000,0.00,0.000,0.000,0.00,0.000,0.000,0.00,0.000,0.000,0.00,0.000,0.000,0.00,0.000,0.000,0.00,0.000,0.000,0.00,0.000,0.000,0.00,0.000,0.000,0.00,0.000,0.000,0.00,0.000,0.000,0.00,0.000,0.000,0.00,0.000,0.000,0.00,0.000,0.000,0.00,0.000,0.000,0.00,0.000,0.000,0.00,0.000,0.000,0.00,0.000,0.000,0.00,0.000,0.000,0.00,0.000,0.000,0.00,0.000,0.000,0.00,0.000,0.000,0.00,0.000,0.000,0.00,0.000,0.000,0.00
30.7679,0.000,0.000,0.00,0.77,0.00,0.000,0.000,0.00,0.000,0.000,0.00,0.000,0.000,0.00,0.000,0.000,0.00,0.000,0.000,0.00,0.000,0.000,0.00,0.000,0.000,0.00,0.000,0.000,0.00,0.000,0.000,0.00,0.000,0.000,0.00,0.000,0.000,0.00,0.000,0.000,0.00,0.000,0.000,0.00,0.000,0.000,0.00,0.000,0.000,0.00,0.000,0.000,0.00,0.000,0.000,0.00,0.000,0.000,0.00,0.000,0.000,0.00,0.000,0.000,0.00,0.000,0.000,0.00,0.000,0.000,0.00,0.000,0.000,0.00,0.000,0.000,0.00,0.000,0.000,0.00,0.000,0.000,0.00,0.000,0.000,0.00,0.000,0.000,0.00,0.000,0.000,0.00,0.000,0.000,0.00
30.8690,0.000,0.000,0.00,1.00,0.00,0.000,0.000,0.00,0.000,0.000,0.00,0.000,0.000,0.00,0.000,0.000,0.00,0.000,0.000,0.00,0.000,0.000,0.00,0.000,0.000,0.00,0.000,0.000,0.00,0.000,0.000,0.00,0.000,0.000,0.00,0.000,0.000,0.00,0.000,0.000,0.00,0.000,0.000,0.00,0.000,0.000,0.00,0.000,0.000,0.00,0.000,0.000,0.00,0.000,0.000,0.00,0.000,0.000,0.00,0.000,0.000,0.00,0.000,0.000,0.00,0.000,0.000,0.00,0.000,0.000,0.00,0.000,0.000,0.00,0.000,0.000,0.00,0.000,0.000,0.00,0.000,0.000,0.00,0.000,0.000,0.00,0.000,0.000,0.00,0.000,0.000,0.00,0.000,0.000,0.00
30.9702,0.000,0.000,0.00,0.77,0.00,0.000,0.000,0.00,0.000,0.000,0.00,0.000,0.000,0.00,0.000,0.000,0.00,0.000,0.000,0.00,0.000,0.000,0.00,0.000,0.000,0.00,0.000,0.000,0.00,0.000,0.000,0.00,0.000,0.000,0.00,0.000,0.000,0.00,0.000,0.000,0.00,0.000,0.000,0.00,0.000,0.000,0.00,0.000,0.000,0.00,0.000,0.000,0.00,0.000,0.000,0.00,0.000,0.000,0.00,0.000,0.000,0.00,0.000,0.000,0.00,0.000,0.000,0.00,0.000,0.000,0.00,0.000,0.000,0.00,0.000,0.000,0.00,0.000,0.000,0.00,0.000,0.000,0.00,0.000,0.000,0.00,0.000,0.000,0.00,0.000,0.000,0.00,0.000,0.000,0.00
31.0717,0.000,0.000,0.00,0.85,0.00,0.000,0.000,0.00,0.000,0.000,0.00,0.000,0.000,0.00,0.000,0.000,0.00,0.000,0.000,0.00,0.000,0.000,0.00,0.000,0.000,0.00,0.000,0.000,0.00,0.000,0.000,0.00,0.000,0.000,0.00,0.000,0.000,0.00,0.000,0.000,0.00,0.000,0.000,0.00,0.000,0.000,0.00,0.000,0.000,0.00,0.000,0.000,0.00,0.000,0.000,0.00,0.000,0.000,0.00,0.000,0.000,0.00,0.000,0.000,0.00,0.000,0.000,0.00,0.000,0.000,0.00,0.000,0.000,0.00,0.000,0.000,0.00,0.000,0.000,0.00,0.000,0.000,0.00,0.000,0.000,0.00,0.000,0.000,0.00,0.000,0.000,0.00,0.000,0.000,0.00
31.1729,0.000,0.000,0.00,0.77,0.00,0.000,0.000,0.00,0.000,0.000,0.00,0.000,0.000,0.00,0.000,0.000,0.00,0.000,0.000,0.00,0.000,0.000,0.00,0.000,0.000,0.00,0.000,0.000,0.00,0.000,0.000,0.00,0.000,0.000,0.00,0.000,0.000,0.00,0.000,0.000,0.00,0.000,0.000,0.00,0.000,0.000,0.00,0.000,0.000,0.00,0.000,0.000,0.00,0.000,0.000,0.00,0.000,0.000,0.00,0.000,0.000,0.00,0.000,0.000,0.00,0.000,0.000,0.00,0.000,0.000,0.00,0.000,0.000,0.00,0.000,0.000,0.00,0.000,0.000,0.00,0.000,0.000,0.00,0.000,0.000,0.00,0.000,0.000,0.00,0.000,0.000,0.00,0.000,0.000,0.00
31.2742,0.000,0.000,0.00,0.76,0.00,0.000,0.000,0.00,0.000,0.000,0.00,0.000,0.000,0.00,0.000,0.000,0.00,0.000,0.000,0.00,0.000,0.000,0.00,0.000,0.000,0.00,0.000,0.000,0.00,0.000,0.000,0.00,0.000,0.000,0.00,0.000,0.000,0.00,0.000,0.000,0.00,0.000,0.000,0.00,0.000,0.000,0.00,0.000,0.000,0.00,0.000,0.000,0.00,0.000,0.000,0.00,0.000,0.000,0.00,0.000,0.000,0.00,0.000,0.000,0.00,0.000,0.000,0.00,0.000,0.000,0.00,0.000,0.000,0.00,0.000,0.000,0.00,0.000,0.000,0.00,0.000,0.000,0.00,0.000,0.000,0.00,0.000,0.000,0.00,0.000,0.000,0.00,0.000,0.000,0.00
31.3763,0.000,0.000,0.00,0.92,0.00,0.000,0.000,0.00,0.000,0.000,0.00,0.000,0.000,0.00,0.000,0.000,0.00,0.000,0.000,0.00,0.000,0.000,0.00,0.000,0.000,0.00,0.000,0.000,0.00,0.000,0.000,0.00,0.000,0.000,0.00,0.000,0.000,0.00,0.000,0.000,0.00,0.000,0.000,0.00,0.000,0.000,0.00,0.000,0.000,0.00,0.000,0.000,0.00,0.000,0.000,0.00,0.000,0.000,0.00,0.000,0.000,0.00,0.000,0.000,0.00,0.000,0.000,0.00,0.000,0.000,0.00,0.000,0.000,0.00,0.000,0.000,0.00,0.000,0.000,0.00,0.000,0.000,0.00,0.000,0.000,0.00,0.000,0.000,0.00,0.000,0.000,0.00,0.000,0.000,0.00
31.4782,0.000,0.000,0.00,0.77,0.00,0.000,0.000,0.00,0.000,0.000,0.00,0.000,0.000,0.00,0.000,0.000,0.00,0.000,0.000,0.00,0.000,0.000,0.00,0.000,0.000,0.00,0.000,0.000,0.00,0.000,0.000,0.00,0.000,0.000,0.00,0.000,0.000,0.00,0.000,0.000,0.00,0.000,0.000,0.00,0.000,0.000,0.00,0.000,0.000,0.00,0.000,0.000,0.00,0.000,0.000,0.00,0.000,0.000,0.00,0.000,0.000,0.00,0.000,0.000,0.00,0.000,0.000,0.00,0.000,0.000,0.00,0.000,0.000,0.00,0.000,0.000,0.00,0.000,0.000,0.00,0.000,0.000,0.00,0.000,0.000,0.00,0.000,0.000,0.00,0.000,0.000,0.00,0.000,0.000,0.00
31.5801,0.000,0.000,0.00,0.77,0.00,0.000,0.000,0.00,0.000,0.000,0.00,0.000,0.000,0.00,0.000,0.000,0.00,0.000,0.000,0.00,0.000,0.000,0.00,0.000,0.000,0.00,0.000,0.000,0.00,0.000,0.000,0.00,0.000,0.000,0.00,0.000,0.000,0.00,0.000,0.000,0.00,0.000,0.000,0.00,0.000,0.000,0.00,0.000,0.000,0.00,0.000,0.000,0.00,0.000,0.000,0.00,0.000,0.000,0.00,0.000,0.000,0.00,0.000,0.000,0.00,0.000,0.000,0.00,0.000,0.000,0.00,0.000,0.000,0.00,0.000,0.000,0.00,0.000,0.000,0.00,0.000,0.000,0.00,0.000,0.000,0.00,0.000,0.000,0.00,0.000,0.000,0.00,0.000,0.000,0.00
31.6819,0.000,0.000,0.00,0.77,0.00,0.000,0.000,0.00,0.000,0.000,0.00,0.000,0.000,0.00,0.000,0.000,0.00,0.000,0.000,0.00,0.000,0.000,0.00,0.000,0.000,0.00,0.000,0.000,0.00,0.000,0.000,0.00,0.000,0.000,0.00,0.000,0.000,0.00,0.000,0.000,0.00,0.000,0.000,0.00,0.000,0.000,0.00,0.000,0.000,0.00,0.000,0.000,0.00,0.000,0.000,0.00,0.000,0.000,0.00,0.000,0.000,0.00,0.000,0.000,0.00,0.000,0.000,0.00,0.000,0.000,0.00,0.000,0.000,0.00,0.000,0.000,0.00,0.000,0.000,0.00,0.000,0.000,0.00,0.000,0.000,0.00,0.000,0.000,0.00,0.000,0.000,0.00,0.000,0.000,0.00
31.7837,0.000,0.000,0.00,0.77,0.00,0.000,0.000,0.00,0.000,0.000,0.00,0.000,0.000,0.00,0.000,0.000,0.00,0.000,0.000,0.00,0.000,0.000,0.00,0.000,0.000,0.00,0.000,0.000,0.00,0.000,0.000,0.00,0.000,0.000,0.00,0.000,0.000,0.00,0.000,0.000,0.00,0.000,0.000,0.00,0.000,0.000,0.00,0.000,0.000,0.00,0.000,0.000,0.00,0.000,0.000,0.00,0.000,0.000,0.00,0.000,0.000,0.00,0.000,0.000,0.00,0.000,0.000,0.00,0.000,0.000,0.00,0.000,0.000,0.00,0.000,0.000,0.00,0.000,0.000,0.00,0.000,0.000,0.00,0.000,0.000,0.00,0.000,0.000,0.00,0.000,0.000,0.00,0.000,0.000,0.00
31.8856,0.000,5.720,0.13,0.92,0.08,0.000,0.000,0.00,0.000,0.000,0.00,0.000,0.000,0.00,0.000,0.000,0.00,0.000,0.000,0.00,0.000,0.000,0.00,0.000,0.000,0.00,0.000,0.000,0.00,0.000,0.000,0.00,0.000,0.000,0.00,0.000,0.000,0.00,0.000,0.000,0.00,0.000,0.000,0.00,0.000,0.000,0.00,0.000,0.000,0.00,0.000,0.000,0.00,0.000,0.000,0.00,0.000,0.000,0.00,0.000,0.000,0.00,0.000,0.000,0.00,0.000,0.000,0.00,0.000,0.000,0.00,0.000,5.720,3.93,0.000,0.000,0.00,0.000,0.000,0.00,0.000,0.000,0.00,0.000,0.000,0.00,0.000,0.000,0.00,0.000,0.000,0.00,0.000,0.000,0.00
31.9874,0.000,0.000,0.00,0.84,0.00,0.000,0.000,0.00,0.000,0.000,0.00,0.000,0.000,0.00,0.000,0.000,0.00,0.000,0.000,0.00,0.000,0.000,0.00,0.000,0.000,0.00,0.000,0.000,0.00,0.000,0.000,0.00,0.000,0.000,0.00,0.000,0.000,0.00,0.000,0.000,0.00,0.000,0.000,0.00,0.000,0.000,0.00,0.000,0.000,0.00,0.000,0.000,0.00,0.000,0.000,0.00,0.000,0.000,0.00,0.000,0.000,0.00,0.000,0.000,0.00,0.000,0.000,0.00,0.000,0.000,0.00,0.000,0.000,0.00,0.000,0.000,0.00,0.000,0.000,0.00,0.000,0.000,0.00,0.000,0.000,0.00,0.000,0.000,0.00,0.000,0.000,0.00,0.000,0.000,0.00
32.0892,0.000,0.000,0.00,0.77,0.00,0.000,0.000,0.00,0.000,0.000,0.00,0.000,0.000,0.00,0.000,0.000,0.00,0.000,0.000,0.00,0.000,0.000,0.00,0.000,0.000,0.00,0.000,0.000,0.00,0.000,0.000,0.00,0.000,0.000,0.00,0.000,0.000,0.00,0.000,0.000,0.00,0.000,0.000,0.00,0.000,0.000,0.00,0.000,0.000,0.00,0.000,0.000,0.00,0.000,0.000,0.00,0.000,0.000,0.00,0.000,0.000,0.00,0.000,0.000,0.00,0.000,0.000,0.00,0.000,0.000,0.00,0.000,0.000,0.00,0.000,0.000,0.00,0.000,0.000,0.00,0.000,0.000,0.00,0.000,0.000,0.00,0.000,0.000,0.00,0.000,0.000,0.00,0.000,0.000,0.00
32.1910,0.000,0.000,0.00,0.85,0.00,0.000,0.000,0.00,0.000,0.000,0.00,0.000,0.000,0.00,0.000,0.000,0.00,0.000,0.000,0.00,0.000,0.000,0.00,0.000,0.000,0.00,0.000,0.000,0.00,0.000,0.000,0.00,0.000,0.000,0.00,0.000,0.000,0.00,0.000,0.000,0.00,0.000,0.000,0.00,0.000,0.000,0.00,0.000,0.000,0.00,0.000,0.000,0.00,0.000,0.000,0.00,0.000,0.000,0.00,0.000,0.000,0.00,0.000,0.000,0.00,0.000,0.000,0.00,0.000,0.000,0.00,0.000,0.000,0.00,0.000,0.000,0.00,0.000,0.000,0.00,0.000,0.000,0.00,0.000,0.000,0.00,0.000,0.000,0.00,0.000,0.000,0.00,0.000,0.000,0.00
32.2928,0.000,0.372,0.00,0.77,0.00,0.000,0.000,0.00,0.000,0.000,0.00,0.000,0.000,0.00,0.000,0.000,0.00,0.000,0.000,0.00,0.000,0.000,0.00,0.000,0.000,0.00,0.000,0.000,0.00,0.000,0.000,0.00,0.000,0.000,0.00,0.000,0.000,0.00,0.000,0.000,0.00,0.000,0.000,0.00,0.000,0.000,0.00,0.000,0.000,0.00,0.000,0.000,0.00,0.000,0.000,0.00,0.000,0.000,0.00,0.000,0.000,0.00,0.000,0.000,0.00,0.000,0.000,0.00,0.000,0.000,0.00,0.000,0.000,0.00,0.000,0.000,0.00,0.000,0.000,0.00,0.000,0.000,0.00,0.000,0.000,0.00,0.000,0.372,0.00,0.000,0.000,0.00,0.000,0.000,0.00
32.3947,0.000,0.000,0.00,1.00,0.00,0.000,0.000,0.00,0.000,0.000,0.00,0.000,0.000,0.00,0.000,0.000,0.00,0.000,0.000,0.00,0.000,0.000,0.00,0.000,0.000,0.00,0.000,0.000,0.00,0.000,0.000,0.00,0.000,0.000,0.00,0.000,0.000,0.00,0.000,0.000,0.00,0.000,0.000,0.00,0.000,0.000,0.00,0.000,0.000,0.00,0.000,0.000,0.00,0.000,0.000,0.00,0.000,0.000,0.00,0.000,0.000,0.00,0.000,0.000,0.00,0.000,0.000,0.00,0.000,0.000,0.00,0.000,0.000,0.00,0.000,0.000,0.00,0.000,0.000,0.00,0.000,0.000,0.00,0.000,0.000,0.00,0.000,0.000,0.00,0.000,0.000,0.00,0.000,0.000,0.00
32.4965,0.000,0.000,0.00,0.84,0.00,0.000,0.000,0.00,0.000,0.000,0.00,0.000,0.000,0.00,0.000,0.000,0.00,0.000,0.000,0.00,0.000,0.000,0.00,0.000,0.000,0.00,0.000,0.000,0.00,0.000,0.000,0.00,0.000,0.000,0.00,0.000,0.000,0.00,0.000,0.000,0.00,0.000,0.000,0.00,0.000,0.000,0.00,0.000,0.000,0.00,0.000,0.000,0.00,0.000,0.000,0.00,0.000,0.000,0.00,0.000,0.000,0.00,0.000,0.000,0.00,0.000,0.000,0.00,0.000,0.000,0.00,0.000,0.000,0.00,0.000,0.000,0.00,0.000,0.000,0.00,0.000,0.000,0.00,0.000,0.000,0.00,0.000,0.000,0.00,0.000,0.000,0.00,0.000,0.000,0.00
32.5983,0.000,0.000,0.00,0.77,0.00,0.000,0.000,0.00,0.000,0.000,0.00,0.000,0.000,0.00,0.000,0.000,0.00,0.000,0.000,0.00,0.000,0.000,0.00,0.000,0.000,0.00,0.000,0.000,0.00,0.000,0.000,0.00,0.000,0.000,0.00,0.000,0.000,0.00,0.000,0.000,0.00,0.000,0.000,0.00,0.000,0.000,0.00,0.000,0.000,0.00,0.000,0.000,0.00,0.000,0.000,0.00,0.000,0.000,0.00,0.000,0.000,0.00,0.000,0.000,0.00,0.000,0.000,0.00,0.000,0.000,0.00,0.000,0.000,0.00,0.000,0.000,0.00,0.000,0.000,0.00,0.000,0.000,0.00,0.000,0.000,0.00,0.000,0.000,0.00,0.000,0.000,0.00,0.000,0.000,0.00
32.7002,0.000,0.000,0.00,0.92,0.00,0.000,0.000,0.00,0.000,0.000,0.00,0.000,0.000,0.00,0.000,0.000,0.00,0.000,0.000,0.00,0.000,0.000,0.00,0.000,0.000,0.00,0.000,0.000,0.00,0.000,0.000,0.00,0.000,0.000,0.00,0.000,0.000,0.00,0.000,0.000,0.00,0.000,0.000,0.00,0.000,0.000,0.00,0.000,0.000,0.00,0.000,0.000,0.00,0.000,0.000,0.00,0.000,0.000,0.00,0.000,0.000,0.00,0.000,0.000,0.00,0.000,0.000,0.00,0.000,0.000,0.00,0.000,0.000,0.00,0.000,0.000,0.00,0.000,0.000,0.00,0.000,0.000,0.00,0.000,0.000,0.00,0.000,0.000,0.00,0.000,0.000,0.00,0.000,0.000,0.00
32.8019,0.000,0.000,0.00,0.77,0.00,0.000,0.000,0.00,0.000,0.000,0.00,0.000,0.000,0.00,0.000,0.000,0.00,0.000,0.000,0.00,0.000,0.000,0.00,0.000,0.000,0.00,0.000,0.000,0.00,0.000,0.000,0.00,0.000,0.000,0.00,0.000,0.000,0.00,0.000,0.000,0.00,0.000,0.000,0.00,0.000,0.000,0.00,0.000,0.000,0.00,0.000,0.000,0.00,0.000,0.000,0.00,0.000,0.000,0.00,0.000,0.000,0.00,0.000,0.000,0.00,0.000,0.000,0.00,0.000,0.000,0.00,0.000,0.000,0.00,0.000,0.000,0.00,0.000,0.000,0.00,0.000,0.000,0.00,0.000,0.000,0.00,0.000,0.000,0.00,0.000,0.000,0.00,0.000,0.000,0.00
32.9037,0.000,0.000,0.00,0.77,0.00,0.000,0.000,0.00,0.000,0.000,0.00,0.000,0.000,0.00,0.000,0.000,0.00,0.000,0.000,0.00,0.000,0.000,0.00,0.000,0.000,0.00,0.000,0.000,0.00,0.000,0.000,0.00,0.000,0.000,0.00,0.000,0.000,0.00,0.000,0.000,0.00,0.000,0.000,0.00,0.000,0.000,0.00,0.000,0.000,0.00,0.000,0.000,0.00,0.000,0.000,0.00,0.000,0.000,0.00,0.000,0.000,0.00,0.000,0.000,0.00,0.000,0.000,0.00,0.000,0.000,0.00,0.000,0.000,0.00,0.000,0.000,0.00,0.000,0.000,0.00,0.000,0.000,0.00,0.000,0.000,0.00,0.000,0.000,0.00,0.000,0.000,0.00,0.000,0.000,0.00
33.0055,0.000,0.000,0.00,0.77,0.00,0.000,0.000,0.00,0.000,0.000,0.00,0.000,0.000,0.00,0.000,0.000,0.00,0.000,0.000,0.00,0.000,0.000,0.00,0.000,0.000,0.00,0.000,0.000,0.00,0.000,0.000,0.00,0.000,0.000,0.00,0.000,0.000,0.00,0.000,0.000,0.00,0.000,0.000,0.00,0.000,0.000,0.00,0.000,0.000,0.00,0.000,0.000,0.00,0.000,0.000,0.00,0.000,0.000,0.00,0.000,0.000,0.00,0.000,0.000,0.00,0.000,0.000,0.00,0.000,0.000,0.00,0.000,0.000,0.00,0.000,0.000,0.00,0.000,0.000,0.00,0.000,0.000,0.00,0.000,0.000,0.00,0.000,0.000,0.00,0.000,0.000,0.00,0.000,0.000,0.00
33.1076,0.000,0.000,0.00,0.99,0.00,0.000,0.000,0.00,0.000,0.000,0.00,0.000,0.000,0.00,0.000,0.000,0.00,0.000,0.000,0.00,0.000,0.000,0.00,0.000,0.000,0.00,0.000,0.000,0.00,0.000,0.000,0.00,0.000,0.000,0.00,0.000,0.000,0.00,0.000,0.000,0.00,0.000,0.000,0.00,0.000,0.000,0.00,0.000,0.000,0.00,0.000,0.000,0.00,0.000,0.000,0.00,0.000,0.000,0.00,0.000,0.000,0.00,0.000,0.000,0.00,0.000,0.000,0.00,0.000,0.000,0.00,0.000,0.000,0.00,0.000,0.000,0.00,0.000,0.000,0.00,0.000,0.000,0.00,0.000,0.000,0.00,0.000,0.000,0.00,0.000,0.000,0.00,0.000,0.000,0.00
33.2094,0.000,0.000,0.00,0.77,0.00,0.000,0.000,0.00,0.000,0.000,0.00,0.000,0.000,0.00,0.000,0.000,0.00,0.000,0.000,0.00,0.000,0.000,0.00,0.000,0.000,0.00,0.000,0.000,0.00,0.000,0.000,0.00,0.000,0.000,0.00,0.000,0.000,0.00,0.000,0.000,0.00,0.000,0.000,0.00,0.000,0.000,0.00,0.000,0.000,0.00,0.000,0.000,0.00,0.000,0.000,0.00,0.000,0.000,0.00,0.000,0.000,0.00,0.000,0.000,0.00,0.000,0.000,0.00,0.000,0.000,0.00,0.000,0.000,0.00,0.000,0.000,0.00,0.000,0.000,0.00,0.000,0.000,0.00,0.000,0.000,0.00,0.000,0.000,0.00,0.000,0.000,0.00,0.000,0.000,0.00
33.3113,0.000,0.000,0.00,0.77,0.00,0.000,0.000,0.00,0.000,0.000,0.00,0.000,0.000,0.00,0.000,0.000,0.00,0.000,0.000,0.00,0.000,0.000,0.00,0.000,0.000,0.00,0.000,0.000,0.00,0.000,0.000,0.00,0.000,0.000,0.00,0.000,0.000,0.00,0.000,0.000,0.00,0.000,0.000,0.00,0.000,0.000,0.00,0.000,0.000,0.00,0.000,0.000,0.00,0.000,0.000,0.00,0.000,0.000,0.00,0.000,0.000,0.00,0.000,0.000,0.00,0.000,0.000,0.00,0.000,0.000,0.00,0.000,0.000,0.00,0.000,0.000,0.00,0.000,0.000,0.00,0.000,0.000,0.00,0.000,0.000,0.00,0.000,0.000,0.00,0.000,0.000,0.00,0.000,0.000,0.00
33.4132,0.000,0.000,0.00,0.77,0.00,0.000,0.000,0.00,0.000,0.000,0.00,0.000,0.000,0.00,0.000,0.000,0.00,0.000,0.000,0.00,0.000,0.000,0.00,0.000,0.000,0.00,0.000,0.000,0.00,0.000,0.000,0.00,0.000,0.000,0.00,0.000,0.000,0.00,0.000,0.000,0.00,0.000,0.000,0.00,0.000,0.000,0.00,0.000,0.000,0.00,0.000,0.000,0.00,0.000,0.000,0.00,0.000,0.000,0.00,0.000,0.000,0.00,0.000,0.000,0.00,0.000,0.000,0.00,0.000,0.000,0.00,0.000,0.000,0.00,0.000,0.000,0.00,0.000,0.000,0.00,0.000,0.000,0.00,0.000,0.000,0.00,0.000,0.000,0.00,0.000,0.000,0.00,0.000,0.000,0.00
33.5149,0.000,0.000,0.00,0.77,0.00,0.000,0.000,0.00,0.000,0.000,0.00,0.000,0.000,0.00,0.000,0.000,0.00,0.000,0.000,0.00,0.000,0.000,0.00,0.000,0.000,0.00,0.000,0.000,0.00,0.000,0.000,0.00,0.000,0.000,0.00,0.000,0.000,0.00,0.000,0.000,0.00,0.000,0.000,0.00,0.000,0.000,0.00,0.000,0.000,0.00,0.000,0.000,0.00,0.000,0.000,0.00,0.000,0.000,0.00,0.000,0.000,0.00,0.000,0.000,0.00,0.000,0.000,0.00,0.000,0.000,0.00,0.000,0.000,0.00,0.000,0.000,0.00,0.000,0.000,0.00,0.000,0.000,0.00,0.000,0.000,0.00,0.000,0.000,0.00,0.000,0.000,0.00,0.000,0.000,0.00
33.6167,0.000,0.000,0.00,0.84,0.00,0.000,0.000,0.00,0.000,0.000,0.00,0.000,0.000,0.00,0.000,0.000,0.00,0.000,0.000,0.00,0.000,0.000,0.00,0.000,0.000,0.00,0.000,0.000,0.00,0.000,0.000,0.00,0.000,0.000,0.00,0.000,0.000,0.00,0.000,0.000,0.00,0.000,0.000,0.00,0.000,0.000,0.00,0.000,0.000,0.00,0.000,0.000,0.00,0.000,0.000,0.00,0.000,0.000,0.00,0.000,0.000,0.00,0.000,0.000,0.00,0.000,0.000,0.00,0.000,0.000,0.00,0.000,0.000,0.00,0.000,0.000,0.00,0.000,0.000,0.00,0.000,0.000,0.00,0.000,0.000,0.00,0.000,0.000,0.00,0.000,0.000,0.00,0.000,0.000,0.00
33.7185,0.000,0.000,0.00,0.92,0.00,0.000,0.000,0.00,0.000,0.000,0.00,0.000,0.000,0.00,0.000,0.000,0.00,0.000,0.000,0.00,0.000,0.000,0.00,0.000,0.000,0.00,0.000,0.000,0.00,0.000,0.000,0.00,0.000,0.000,0.00,0.000,0.000,0.00,0.000,0.000,0.00,0.000,0.000,0.00,0.000,0.000,0.00,0.000,0.000,0.00,0.000,0.000,0.00,0.000,0.000,0.00,0.000,0.000,0.00,0.000,0.000,0.00,0.000,0.000,0.00,0.000,0.000,0.00,0.000,0.000,0.00,0.000,0.000,0.00,0.000,0.000,0.00,0.000,0.000,0.00,0.000,0.000,0.00,0.000,0.000,0.00,0.000,0.000,0.00,0.000,0.000,0.00,0.000,0.000,0.00
33.8204,0.000,0.000,0.00,0.77,0.00,0.000,0.000,0.00,0.000,0.000,0.00,0.000,0.000,0.00,0.000,0.000,0.00,0.000,0.000,0.00,0.000,0.000,0.00,0.000,0.000,0.00,0.000,0.000,0.00,0.000,0.000,0.00,0.000,0.000,0.00,0.000,0.000,0.00,0.000,0.000,0.00,0.000,0.000,0.00,0.000,0.000,0.00,0.000,0.000,0.00,0.000,0.000,0.00,0.000,0.000,0.00,0.000,0.000,0.00,0.000,0.000,0.00,0.000,0.000,0.00,0.000,0.000,0.00,0.000,0.000,0.00,0.000,0.000,0.00,0.000,0.000,0.00,0.000,0.000,0.00,0.000,0.000,0.00,0.000,0.000,0.00,0.000,0.000,0.00,0.000,0.000,0.00,0.000,0.000,0.00
33.9223,0.000,0.000,0.00,0.92,0.00,0.000,0.000,0.00,0.000,0.000,0.00,0.000,0.000,0.00,0.000,0.000,0.00,0.000,0.000,0.00,0.000,0.000,0.00,0.000,0.000,0.00,0.000,0.000,0.00,0.000,0.000,0.00,0.000,0.000,0.00,0.000,0.000,0.00,0.000,0.000,0.00,0.000,0.000,0.00,0.000,0.000,0.00,0.000,0.000,0.00,0.000,0.000,0.00,0.000,0.000,0.00,0.000,0.000,0.00,0.000,0.000,0.00,0.000,0.000,0.00,0.000,0.000,0.00,0.000,0.000,0.00,0.000,0.000,0.00,0.000,0.000,0.00,0.000,0.000,0.00,0.000,0.000,0.00,0.000,0.000,0.00,0.000,0.000,0.00,0.000,0.000,0.00,0.000,0.000,0.00
34.0241,0.000,0.000,0.00,0.77,0.00,0.000,0.000,0.00,0.000,0.000,0.00,0.000,0.000,0.00,0.000,0.000,0.00,0.000,0.000,0.00,0.000,0.000,0.00,0.000,0.000,0.00,0.000,0.000,0.00,0.000,0.000,0.00,0.000,0.000,0.00,0.000,0.000,0.00,0.000,0.000,0.00,0.000,0.000,0.00,0.000,0.000,0.00,0.000,0.000,0.00,0.000,0.000,0.00,0.000,0.000,0.00,0.000,0.000,0.00,0.000,0.000,0.00,0.000,0.000,0.00,0.000,0.000,0.00,0.000,0.000,0.00,0.000,0.000,0.00,0.000,0.000,0.00,0.000,0.000,0.00,0.000,0.000,0.00,0.000,0.000,0.00,0.000,0.000,0.00,0.000,0.000,0.00,0.000,0.000,0.00
34.1259,0.000,0.000,0.00,0.92,0.00,0.000,0.000,0.00,0.000,0.000,0.00,0.000,0.000,0.00,0.000,0.000,0.00,0.000,0.000,0.00,0.000,0.000,0.00,0.000,0.000,0.00,0.000,0.000,0.00,0.000,0.000,0.00,0.000,0.000,0.00,0.000,0.000,0.00,0.000,0.000,0.00,0.000,0.000,0.00,0.000,0.000,0.00,0.000,0.000,0.00,0.000,0.000,0.00,0.000,0.000,0.00,0.000,0.000,0.00,0.000,0.000,0.00,0.000,0.000,0.00,0.000,0.000,0.00,0.000,0.000,0.00,0.000,0.000,0.00,0.000,0.000,0.00,0.000,0.000,0.00,0.000,0.000,0.00,0.000,0.000,0.00,0.000,0.000,0.00,0.000,0.000,0.00,0.000,0.000,0.00
34.2276,0.000,0.000,0.00,0.77,0.00,0.000,0.000,0.00,0.000,0.000,0.00,0.000,0.000,0.00,0.000,0.000,0.00,0.000,0.000,0.00,0.000,0.000,0.00,0.000,0.000,0.00,0.000,0.000,0.00,0.000,0.000,0.00,0.000,0.000,0.00,0.000,0.000,0.00,0.000,0.000,0.00,0.000,0.000,0.00,0.000,0.000,0.00,0.000,0.000,0.00,0.000,0.000,0.00,0.000,0.000,0.00,0.000,0.000,0.00,0.000,0.000,0.00,0.000,0.000,0.00,0.000,0.000,0.00,0.000,0.000,0.00,0.000,0.000,0.00,0.000,0.000,0.00,0.000,0.000,0.00,0.000,0.000,0.00,0.000,0.000,0.00,0.000,0.000,0.00,0.000,0.000,0.00,0.000,0.000,0.00
34.3294,0.000,0.000,0.00,0.77,0.00,0.000,0.000,0.00,0.000,0.000,0.00,0.000,0.000,0.00,0.000,0.000,0.00,0.000,0.000,0.00,0.000,0.000,0.00,0.000,0.000,0.00,0.000,0.000,0.00,0.000,0.000,0.00,0.000,0.000,0.00,0.000,0.000,0.00,0.000,0.000,0.00,0.000,0.000,0.00,0.000,0.000,0.00,0.000,0.000,0.00,0.000,0.000,0.00,0.000,0.000,0.00,0.000,0.000,0.00,0.000,0.000,0.00,0.000,0.000,0.00,0.000,0.000,0.00,0.000,0.000,0.00,0.000,0.000,0.00,0.000,0.000,0.00,0.000,0.000,0.00,0.000,0.000,0.00,0.000,0.000,0.00,0.000,0.000,0.00,0.000,0.000,0.00,0.000,0.000,0.00
34.4312,0.000,0.000,0.00,0.84,0.00,0.000,0.000,0.00,0.000,0.000,0.00,0.000,0.000,0.00,0.000,0.000,0.00,0.000,0.000,0.00,0.000,0.000,0.00,0.000,0.000,0.00,0.000,0.000,0.00,0.000,0.000,0.00,0.000,0.000,0.00,0.000,0.000,0.00,0.000,0.000,0.00,0.000,0.000,0.00,0.000,0.000,0.00,0.000,0.000,0.00,0.000,0.000,0.00,0.000,0.000,0.00,0.000,0.000,0.00,0.000,0.000,0.00,0.000,0.000,0.00,0.000,0.000,0.00,0.000,0.000,0.00,0.000,0.000,0.00,0.000,0.000,0.00,0.000,0.000,0.00,0.000,0.000,0.00,0.000,0.000,0.00,0.000,0.000,0.00,0.000,0.000,0.00,0.000,0.000,0.00
34.5331,0.000,0.000,0.00,0.84,0.00,0.000,0.000,0.00,0.000,0.000,0.00,0.000,0.000,0.00,0.000,0.000,0.00,0.000,0.000,0.00,0.000,0.000,0.00,0.000,0.000,0.00,0.000,0.000,0.00,0.000,0.000,0.00,0.000,0.000,0.00,0.000,0.000,0.00,0.000,0.000,0.00,0.000,0.000,0.00,0.000,0.000,0.00,0.000,0.000,0.00,0.000,0.000,0.00,0.000,0.000,0.00,0.000,0.000,0.00,0.000,0.000,0.00,0.000,0.000,0.00,0.000,0.000,0.00,0.000,0.000,0.00,0.000,0.000,0.00,0.000,0.000,0.00,0.000,0.000,0.00,0.000,0.000,0.00,0.000,0.000,0.00,0.000,0.000,0.00,0.000,0.000,0.00,0.000,0.000,0.00
34.6349,0.000,0.000,0.00,0.77,0.00,0.000,0.000,0.00,0.000,0.000,0.00,0.000,0.000,0.00,0.000,0.000,0.00,0.000,0.000,0.00,0.000,0.000,0.00,0.000,0.000,0.00,0.000,0.000,0.00,0.000,0.000,0.00,0.000,0.000,0.00,0.000,0.000,0.00,0.000,0.000,0.00,0.000,0.000,0.00,0.000,0.000,0.00,0.000,0.000,0.00,0.000,0.000,0.00,0.000,0.000,0.00,0.000,0.000,0.00,0.000,0.000,0.00,0.000,0.000,0.00,0.000,0.000,0.00,0.000,0.000,0.00,0.000,0.000,0.00,0.000,0.000,0.00,0.000,0.000,0.00,0.000,0.000,0.00,0.000,0.000,0.00,0.000,0.000,0.00,0.000,0.000,0.00,0.000,0.000,0.00
34.7367,0.000,0.000,0.00,0.92,0.00,0.000,0.000,0.00,0.000,0.000,0.00,0.000,0.000,0.00,0.000,0.000,0.00,0.000,0.000,0.00,0.000,0.000,0.00,0.000,0.000,0.00,0.000,0.000,0.00,0.000,0.000,0.00,0.000,0.000,0.00,0.000,0.000,0.00,0.000,0.000,0.00,0.000,0.000,0.00,0.000,0.000,0.00,0.000,0.000,0.00,0.000,0.000,0.00,0.000,0.000,0.00,0.000,0.000,0.00,0.000,0.000,0.00,0.000,0.000,0.00,0.000,0.000,0.00,0.000,0.000,0.00,0.000,0.000,0.00,0.000,0.000,0.00,0.000,0.000,0.00,0.000,0.000,0.00,0.000,0.000,0.00,0.000,0.000,0.00,0.000,0.000,0.00,0.000,0.000,0.00
34.8386,0.000,0.050,0.07,0.77,0.00,0.000,0.000,0.00,0.000,0.000,0.00,0.000,0.000,0.00,0.000,0.000,0.00,0.000,0.000,0.00,0.000,0.000,0.00,0.000,0.000,0.00,0.000,0.000,0.00,0.000,0.000,0.00,0.000,0.000,0.00,0.000,0.000,0.00,0.000,0.000,0.00,0.000,0.000,0.00,0.000,0.000,0.00,0.000,0.000,0.00,0.000,0.000,0.00,0.000,0.000,0.00,0.000,0.000,0.00,0.000,0.000,0.00,0.000,0.000,0.00,0.000,0.000,0.00,0.000,0.000,0.00,0.000,0.050,1.96,0.000,0.000,0.00,0.000,0.000,0.00,0.000,0.000,0.00,0.000,0.000,0.00,0.000,0.000,0.00,0.000,0.000,0.00,0.000,0.000,0.00
34.9404,0.000,0.000,0.00,0.77,0.00,0.000,0.000,0.00,0.000,0.000,0.00,0.000,0.000,0.00,0.000,0.000,0.00,0.000,0.000,0.00,0.000,0.000,0.00,0.000,0.000,0.00,0.000,0.000,0.00,0.000,0.000,0.00,0.000,0.000,0.00,0.000,0.000,0.00,0.000,0.000,0.00,0.000,0.000,0.00,0.000,0.000,0.00,0.000,0.000,0.00,0.000,0.000,0.00,0.000,0.000,0.00,0.000,0.000,0.00,0.000,0.000,0.00,0.000,0.000,0.00,0.000,0.000,0.00,0.000,0.000,0.00,0.000,0.000,0.00,0.000,0.000,0.00,0.000,0.000,0.00,0.000,0.000,0.00,0.000,0.000,0.00,0.000,0.000,0.00,0.000,0.000,0.00,0.000,0.000,0.00
35.0421,0.000,0.000,0.00,0.84,0.00,0.000,0.000,0.00,0.000,0.000,0.00,0.000,0.000,0.00,0.000,0.000,0.00,0.000,0.000,0.00,0.000,0.000,0.00,0.000,0.000,0.00,0.000,0.000,0.00,0.000,0.000,0.00,0.000,0.000,0.00,0.000,0.000,0.00,0.000,0.000,0.00,0.000,0.000,0.00,0.000,0.000,0.00,0.000,0.000,0.00,0.000,0.000,0.00,0.000,0.000,0.00,0.000,0.000,0.00,0.000,0.000,0.00,0.000,0.000,0.00,0.000,0.000,0.00,0.000,0.000,0.00,0.000,0.000,0.00,0.000,0.000,0.00,0.000,0.000,0.00,0.000,0.000,0.00,0.000,0.000,0.00,0.000,0.000,0.00,0.000,0.000,0.00,0.000,0.000,0.00
35.1440,0.000,0.000,0.00,0.77,0.00,0.000,0.000,0.00,0.000,0.000,0.00,0.000,0.000,0.00,0.000,0.000,0.00,0.000,0.000,0.00,0.000,0.000,0.00,0.000,0.000,0.00,0.000,0.000,0.00,0.000,0.000,0.00,0.000,0.000,0.00,0.000,0.000,0.00,0.000,0.000,0.00,0.000,0.000,0.00,0.000,0.000,0.00,0.000,0.000,0.00,0.000,0.000,0.00,0.000,0.000,0.00,0.000,0.000,0.00,0.000,0.000,0.00,0.000,0.000,0.00,0.000,0.000,0.00,0.000,0.000,0.00,0.000,0.000,0.00,0.000,0.000,0.00,0.000,0.000,0.00,0.000,0.000,0.00,0.000,0.000,0.00,0.000,0.000,0.00,0.000,0.000,0.00,0.000,0.000,0.00
35.2458,0.000,0.000,0.00,0.77,0.00,0.000,0.000,0.00,0.000,0.000,0.00,0.000,0.000,0.00,0.000,0.000,0.00,0.000,0.000,0.00,0.000,0.000,0.00,0.000,0.000,0.00,0.000,0.000,0.00,0.000,0.000,0.00,0.000,0.000,0.00,0.000,0.000,0.00,0.000,0.000,0.00,0.000,0.000,0.00,0.000,0.000,0.00,0.000,0.000,0.00,0.000,0.000,0.00,0.000,0.000,0.00,0.000,0.000,0.00,0.000,0.000,0.00,0.000,0.000,0.00,0.000,0.000,0.00,0.000,0.000,0.00,0.000,0.000,0.00,0.000,0.000,0.00,0.000,0.000,0.00,0.000,0.000,0.00,0.000,0.000,0.00,0.000,0.000,0.00,0.000,0.000,0.00,0.000,0.000,0.00
35.3476,0.000,0.372,0.00,0.77,0.00,0.000,0.000,0.00,0.000,0.000,0.00,0.000,0.000,0.00,0.000,0.000,0.00,0.000,0.000,0.00,0.000,0.000,0.00,0.000,0.000,0.00,0.000,0.000,0.00,0.000,0.000,0.00,0.000,0.000,0.00,0.000,0.000,0.00,0.000,0.000,0.00,0.000,0.000,0.00,0.000,0.000,0.00,0.000,0.000,0.00,0.000,0.000,0.00,0.000,0.000,0.00,0.000,0.000,0.00,0.000,0.000,0.00,0.000,0.000,0.00,0.000,0.000,0.00,0.000,0.000,0.00,0.000,0.000,0.00,0.000,0.000,0.00,0.000,0.000,0.00,0.000,0.372,0.00,0.000,0.000,0.00,0.000,0.000,0.00,0.000,0.000,0.00,0.000,0.000,0.00
35.4487,0.000,0.000,0.00,1.07,0.00,0.000,0.000,0.00,0.000,0.000,0.00,0.000,0.000,0.00,0.000,0.000,0.00,0.000,0.000,0.00,0.000,0.000,0.00,0.000,0.000,0.00,0.000,0.000,0.00,0.000,0.000,0.00,0.000,0.000,0.00,0.000,0.000,0.00,0.000,0.000,0.00,0.000,0.000,0.00,0.000,0.000,0.00,0.000,0.000,0.00,0.000,0.000,0.00,0.000,0.000,0.00,0.000,0.000,0.00,0.000,0.000,0.00,0.000,0.000,0.00,0.000,0.000,0.00,0.000,0.000,0.00,0.000,0.000,0.00,0.000,0.000,0.00,0.000,0.000,0.00,0.000,0.000,0.00,0.000,0.000,0.00,0.000,0.000,0.00,0.000,0.000,0.00,0.000,0.000,0.00
35.5506,0.000,0.000,0.00,0.84,0.00,0.000,0.000,0.00,0.000,0.000,0.00,0.000,0.000,0.00,0.000,0.000,0.00,0.000,0.000,0.00,0.000,0.000,0.00,0.000,0.000,0.00,0.000,0.000,0.00,0.000,0.000,0.00,0.000,0.000,0.00,0.000,0.000,0.00,0.000,0.000,0.00,0.000,0.000,0.00,0.000,0.000,0.00,0.000,0.000,0.00,0.000,0.000,0.00,0.000,0.000,0.00,0.000,0.000,0.00,0.000,0.000,0.00,0.000,0.000,0.00,0.000,0.000,0.00,0.000,0.000,0.00,0.000,0.000,0.00,0.000,0.000,0.00,0.000,0.000,0.00,0.000,0.000,0.00,0.000,0.000,0.00,0.000,0.000,0.00,0.000,0.000,0.00,0.000,0.000,0.00
35.6524,0.000,0.000,0.00,0.77,0.00,0.000,0.000,0.00,0.000,0.000,0.00,0.000,0.000,0.00,0.000,0.000,0.00,0.000,0.000,0.00,0.000,0.000,0.00,0.000,0.000,0.00,0.000,0.000,0.00,0.000,0.000,0.00,0.000,0.000,0.00,0.000,0.000,0.00,0.000,0.000,0.00,0.000,0.000,0.00,0.000,0.000,0.00,0.000,0.000,0.00,0.000,0.000,0.00,0.000,0.000,0.00,0.000,0.000,0.00,0.000,0.000,0.00,0.000,0.000,0.00,0.000,0.000,0.00,0.000,0.000,0.00,0.000,0.000,0.00,0.000,0.000,0.00,0.000,0.000,0.00,0.000,0.000,0.00,0.000,0.000,0.00,0.000,0.000,0.00,0.000,0.000,0.00,0.000,0.000,0.00
35.7542,0.000,0.000,0.00,0.92,0.00,0.000,0.000,0.00,0.000,0.000,0.00,0.000,0.000,0.00,0.000,0.000,0.00,0.000,0.000,0.00,0.000,0.000,0.00,0.000,0.000,0.00,0.000,0.000,0.00,0.000,0.000,0.00,0.000,0.000,0.00,0.000,0.000,0.00,0.000,0.000,0.00,0.000,0.000,0.00,0.000,0.000,0.00,0.000,0.000,0.00,0.000,0.000,0.00,0.000,0.000,0.00,0.000,0.000,0.00,0.000,0.000,0.00,0.000,0.000,0.00,0.000,0.000,0.00,0.000,0.000,0.00,0.000,0.000,0.00,0.000,0.000,0.00,0.000,0.000,0.00,0.000,0.000,0.00,0.000,0.000,0.00,0.000,0.000,0.00,0.000,0.000,0.00,0.000,0.000,0.00
35.8559,0.000,0.000,0.00,0.77,0.00,0.000,0.000,0.00,0.000,0.000,0.00,0.000,0.000,0.00,0.000,0.000,0.00,0.000,0.000,0.00,0.000,0.000,0.00,0.000,0.000,0.00,0.000,0.000,0.00,0.000,0.000,0.00,0.000,0.000,0.00,0.000,0.000,0.00,0.000,0.000,0.00,0.000,0.000,0.00,0.000,0.000,0.00,0.000,0.000,0.00,0.000,0.000,0.00,0.000,0.000,0.00,0.000,0.000,0.00,0.000,0.000,0.00,0.000,0.000,0.00,0.000,0.000,0.00,0.000,0.000,0.00,0.000,0.000,0.00,0.000,0.000,0.00,0.000,0.000,0.00,0.000,0.000,0.00,0.000,0.000,0.00,0.000,0.000,0.00,0.000,0.000,0.00,0.000,0.000,0.00
35.9578,0.000,0.000,0.00,0.84,0.00,0.000,0.000,0.00,0.000,0.000,0.00,0.000,0.000,0.00,0.000,0.000,0.00,0.000,0.000,0.00,0.000,0.000,0.00,0.000,0.000,0.00,0.000,0.000,0.00,0.000,0.000,0.00,0.000,0.000,0.00,0.000,0.000,0.00,0.000,0.000,0.00,0.000,0.000,0.00,0.000,0.000,0.00,0.000,0.000,0.00,0.000,0.000,0.00,0.000,0.000,0.00,0.000,0.000,0.00,0.000,0.000,0.00,0.000,0.000,0.00,0.000,0.000,0.00,0.000,0.000,0.00,0.000,0.000,0.00,0.000,0.000,0.00,0.000,0.000,0.00,0.000,0.000,0.00,0.000,0.000,0.00,0.000,0.000,0.00,0.000,0.000,0.00,0.000,0.000,0.00
36.0597,0.000,0.000,0.00,0.77,0.00,0.000,0.000,0.00,0.000,0.000,0.00,0.000,0.000,0.00,0.000,0.000,0.00,0.000,0.000,0.00,0.000,0.000,0.00,0.000,0.000,0.00,0.000,0.000,0.00,0.000,0.000,0.00,0.000,0.000,0.00,0.000,0.000,0.00,0.000,0.000,0.00,0.000,0.000,0.00,0.000,0.000,0.00,0.000,0.000,0.00,0.000,0.000,0.00,0.000,0.000,0.00,0.000,0.000,0.00,0.000,0.000,0.00,0.000,0.000,0.00,0.000,0.000,0.00,0.000,0.000,0.00,0.000,0.000,0.00,0.000,0.000,0.00,0.000,0.000,0.00,0.000,0.000,0.00,0.000,0.000,0.00,0.000,0.000,0.00,0.000,0.000,0.00,0.000,0.000,0.00
36.1615,0.000,0.000,0.00,0.77,0.00,0.000,0.000,0.00,0.000,0.000,0.00,0.000,0.000,0.00,0.000,0.000,0.00,0.000,0.000,0.00,0.000,0.000,0.00,0.000,0.000,0.00,0.000,0.000,0.00,0.000,0.000,0.00,0.000,0.000,0.00,0.000,0.000,0.00,0.000,0.000,0.00,0.000,0.000,0.00,0.000,0.000,0.00,0.000,0.000,0.00,0.000,0.000,0.00,0.000,0.000,0.00,0.000,0.000,0.00,0.000,0.000,0.00,0.000,0.000,0.00,0.000,0.000,0.00,0.000,0.000,0.00,0.000,0.000,0.00,0.000,0.000,0.00,0.000,0.000,0.00,0.000,0.000,0.00,0.000,0.000,0.00,0.000,0.000,0.00,0.000,0.000,0.00,0.000,0.000,0.00
36.2634,0.000,0.000,0.00,0.84,0.00,0.000,0.000,0.00,0.000,0.000,0.00,0.000,0.000,0.00,0.000,0.000,0.00,0.000,0.000,0.00,0.000,0.000,0.00,0.000,0.000,0.00,0.000,0.000,0.00,0.000,0.000,0.00,0.000,0.000,0.00,0.000,0.000,0.00,0.000,0.000,0.00,0.000,0.000,0.00,0.000,0.000,0.00,0.000,0.000,0.00,0.000,0.000,0.00,0.000,0.000,0.00,0.000,0.000,0.00,0.000,0.000,0.00,0.000,0.000,0.00,0.000,0.000,0.00,0.000,0.000,0.00,0.000,0.000,0.00,0.000,0.000,0.00,0.000,0.000,0.00,0.000,0.000,0.00,0.000,0.000,0.00,0.000,0.000,0.00,0.000,0.000,0.00,0.000,0.000,0.00
36.3653,0.000,0.000,0.00,0.84,0.00,0.000,0.000,0.00,0.000,0.000,0.00,0.000,0.000,0.00,0.000,0.000,0.00,0.000,0.000,0.00,0.000,0.000,0.00,0.000,0.000,0.00,0.000,0.000,0.00,0.000,0.000,0.00,0.000,0.000,0.00,0.000,0.000,0.00,0.000,0.000,0.00,0.000,0.000,0.00,0.000,0.000,0.00,0.000,0.000,0.00,0.000,0.000,0.00,0.000,0.000,0.00,0.000,0.000,0.00,0.000,0.000,0.00,0.000,0.000,0.00,0.000,0.000,0.00,0.000,0.000,0.00,0.000,0.000,0.00,0.000,0.000,0.00,0.000,0.000,0.00,0.000,0.000,0.00,0.000,0.000,0.00,0.000,0.000,0.00,0.000,0.000,0.00,0.000,0.000,0.00
36.4671,0.000,0.000,0.00,0.77,0.00,0.000,0.000,0.00,0.000,0.000,0.00,0.000,0.000,0.00,0.000,0.000,0.00,0.000,0.000,0.00,0.000,0.000,0.00,0.000,0.000,0.00,0.000,0.000,0.00,0.000,0.000,0.00,0.000,0.000,0.00,0.000,0.000,0.00,0.000,0.000,0.00,0.000,0.000,0.00,0.000,0.000,0.00,0.000,0.000,0.00,0.000,0.000,0.00,0.000,0.000,0.00,0.000,0.000,0.00,0.000,0.000,0.00,0.000,0.000,0.00,0.000,0.000,0.00,0.000,0.000,0.00,0.000,0.000,0.00,0.000,0.000,0.00,0.000,0.000,0.00,0.000,0.000,0.00,0.000,0.000,0.00,0.000,0.000,0.00,0.000,0.000,0.00,0.000,0.000,0.00
36.5688,0.000,0.000,0.00,0.77,0.00,0.000,0.000,0.00,0.000,0.000,0.00,0.000,0.000,0.00,0.000,0.000,0.00,0.000,0.000,0.00,0.000,0.000,0.00,0.000,0.000,0.00,0.000,0.000,0.00,0.000,0.000,0.00,0.000,0.000,0.00,0.000,0.000,0.00,0.000,0.000,0.00,0.000,0.000,0.00,0.000,0.000,0.00,0.000,0.000,0.00,0.000,0.000,0.00,0.000,0.000,0.00,0.000,0.000,0.00,0.000,0.000,0.00,0.000,0.000,0.00,0.000,0.000,0.00,0.000,0.000,0.00,0.000,0.000,0.00,0.000,0.000,0.00,0.000,0.000,0.00,0.000,0.000,0.00,0.000,0.000,0.00,0.000,0.000,0.00,0.000,0.000,0.00,0.000,0.000,0.00
36.6707,0.000,0.000,0.00,0.92,0.00,0.000,0.000,0.00,0.000,0.000,0.00,0.000,0.000,0.00,0.000,0.000,0.00,0.000,0.000,0.00,0.000,0.000,0.00,0.000,0.000,0.00,0.000,0.000,0.00,0.000,0.000,0.00,0.000,0.000,0.00,0.000,0.000,0.00,0.000,0.000,0.00,0.000,0.000,0.00,0.000,0.000,0.00,0.000,0.000,0.00,0.000,0.000,0.00,0.000,0.000,0.00,0.000,0.000,0.00,0.000,0.000,0.00,0.000,0.000,0.00,0.000,0.000,0.00,0.000,0.000,0.00,0.000,0.000,0.00,0.000,0.000,0.00,0.000,0.000,0.00,0.000,0.000,0.00,0.000,0.000,0.00,0.000,0.000,0.00,0.000,0.000,0.00,0.000,0.000,0.00
36.7725,0.000,0.000,0.00,0.77,0.00,0.000,0.000,0.00,0.000,0.000,0.00,0.000,0.000,0.00,0.000,0.000,0.00,0.000,0.000,0.00,0.000,0.000,0.00,0.000,0.000,0.00,0.000,0.000,0.00,0.000,0.000,0.00,0.000,0.000,0.00,0.000,0.000,0.00,0.000,0.000,0.00,0.000,0.000,0.00,0.000,0.000,0.00,0.000,0.000,0.00,0.000,0.000,0.00,0.000,0.000,0.00,0.000,0.000,0.00,0.000,0.000,0.00,0.000,0.000,0.00,0.000,0.000,0.00,0.000,0.000,0.00,0.000,0.000,0.00,0.000,0.000,0.00,0.000,0.000,0.00,0.000,0.000,0.00,0.000,0.000,0.00,0.000,0.000,0.00,0.000,0.000,0.00,0.000,0.000,0.00
36.8743,0.000,0.000,0.00,0.84,0.00,0.000,0.000,0.00,0.000,0.000,0.00,0.000,0.000,0.00,0.000,0.000,0.00,0.000,0.000,0.00,0.000,0.000,0.00,0.000,0.000,0.00,0.000,0.000,0.00,0.000,0.000,0.00,0.000,0.000,0.00,0.000,0.000,0.00,0.000,0.000,0.00,0.000,0.000,0.00,0.000,0.000,0.00,0.000,0.000,0.00,0.000,0.000,0.00,0.000,0.000,0.00,0.000,0.000,0.00,0.000,0.000,0.00,0.000,0.000,0.00,0.000,0.000,0.00,0.000,0.000,0.00,0.000,0.000,0.00,0.000,0.000,0.00,0.000,0.000,0.00,0.000,0.000,0.00,0.000,0.000,0.00,0.000,0.000,0.00,0.000,0.000,0.00,0.000,0.000,0.00
36.9760,0.000,0.000,0.00,1.00,0.00,0.000,0.000,0.00,0.000,0.000,0.00,0.000,0.000,0.00,0.000,0.000,0.00,0.000,0.000,0.00,0.000,0.000,0.00,0.000,0.000,0.00,0.000,0.000,0.00,0.000,0.000,0.00,0.000,0.000,0.00,0.000,0.000,0.00,0.000,0.000,0.00,0.000,0.000,0.00,0.000,0.000,0.00,0.000,0.000,0.00,0.000,0.000,0.00,0.000,0.000,0.00,0.000,0.000,0.00,0.000,0.000,0.00,0.000,0.000,0.00,0.000,0.000,0.00,0.000,0.000,0.00,0.000,0.000,0.00,0.000,0.000,0.00,0.000,0.000,0.00,0.000,0.000,0.00,0.000,0.000,0.00,0.000,0.000,0.00,0.000,0.000,0.00,0.000,0.000,0.00
37.0780,0.000,0.000,0.00,0.77,0.00,0.000,0.000,0.00,0.000,0.000,0.00,0.000,0.000,0.00,0.000,0.000,0.00,0.000,0.000,0.00,0.000,0.000,0.00,0.000,0.000,0.00,0.000,0.000,0.00,0.000,0.000,0.00,0.000,0.000,0.00,0.000,0.000,0.00,0.000,0.000,0.00,0.000,0.000,0.00,0.000,0.000,0.00,0.000,0.000,0.00,0.000,0.000,0.00,0.000,0.000,0.00,0.000,0.000,0.00,0.000,0.000,0.00,0.000,0.000,0.00,0.000,0.000,0.00,0.000,0.000,0.00,0.000,0.000,0.00,0.000,0.000,0.00,0.000,0.000,0.00,0.000,0.000,0.00,0.000,0.000,0.00,0.000,0.000,0.00,0.000,0.000,0.00,0.000,0.000,0.00
37.1798,0.000,0.000,0.00,0.77,0.00,0.000,0.000,0.00,0.000,0.000,0.00,0.000,0.000,0.00,0.000,0.000,0.00,0.000,0.000,0.00,0.000,0.000,0.00,0.000,0.000,0.00,0.000,0.000,0.00,0.000,0.000,0.00,0.000,0.000,0.00,0.000,0.000,0.00,0.000,0.000,0.00,0.000,0.000,0.00,0.000,0.000,0.00,0.000,0.000,0.00,0.000,0.000,0.00,0.000,0.000,0.00,0.000,0.000,0.00,0.000,0.000,0.00,0.000,0.000,0.00,0.000,0.000,0.00,0.000,0.000,0.00,0.000,0.000,0.00,0.000,0.000,0.00,0.000,0.000,0.00,0.000,0.000,0.00,0.000,0.000,0.00,0.000,0.000,0.00,0.000,0.000,0.00,0.000,0.000,0.00
37.2816,0.000,0.000,0.00,0.84,0.00,0.000,0.000,0.00,0.000,0.000,0.00,0.000,0.000,0.00,0.000,0.000,0.00,0.000,0.000,0.00,0.000,0.000,0.00,0.000,0.000,0.00,0.000,0.000,0.00,0.000,0.000,0.00,0.000,0.000,0.00,0.000,0.000,0.00,0.000,0.000,0.00,0.000,0.000,0.00,0.000,0.000,0.00,0.000,0.000,0.00,0.000,0.000,0.00,0.000,0.000,0.00,0.000,0.000,0.00,0.000,0.000,0.00,0.000,0.000,0.00,0.000,0.000,0.00,0.000,0.000,0.00,0.000,0.000,0.00,0.000,0.000,0.00,0.000,0.000,0.00,0.000,0.000,0.00,0.000,0.000,0.00,0.000,0.000,0.00,0.000,0.000,0.00,0.000,0.000,0.00
37.3833,0.000,0.372,0.00,0.84,0.00,0.000,0.000,0.00,0.000,0.000,0.00,0.000,0.000,0.00,0.000,0.000,0.00,0.000,0.000,0.00,0.000,0.000,0.00,0.000,0.000,0.00,0.000,0.000,0.00,0.000,0.000,0.00,0.000,0.000,0.00,0.000,0.000,0.00,0.000,0.000,0.00,0.000,0.000,0.00,0.000,0.000,0.00,0.000,0.000,0.00,0.000,0.000,0.00,0.000,0.000,0.00,0.000,0.000,0.00,0.000,0.000,0.00,0.000,0.000,0.00,0.000,0.000,0.00,0.000,0.000,0.00,0.000,0.000,0.00,0.000,0.000,0.00,0.000,0.000,0.00,0.000,0.000,0.00,0.000,0.372,0.00,0.000,0.000,0.00,0.000,0.000,0.00,0.000,0.000,0.00
37.4851,0.000,0.000,0.00,0.77,0.00,0.000,0.000,0.00,0.000,0.000,0.00,0.000,0.000,0.00,0.000,0.000,0.00,0.000,0.000,0.00,0.000,0.000,0.00,0.000,0.000,0.00,0.000,0.000,0.00,0.000,0.000,0.00,0.000,0.000,0.00,0.000,0.000,0.00,0.000,0.000,0.00,0.000,0.000,0.00,0.000,0.000,0.00,0.000,0.000,0.00,0.000,0.000,0.00,0.000,0.000,0.00,0.000,0.000,0.00,0.000,0.000,0.00,0.000,0.000,0.00,0.000,0.000,0.00,0.000,0.000,0.00,0.000,0.000,0.00,0.000,0.000,0.00,0.000,0.000,0.00,0.000,0.000,0.00,0.000,0.000,0.00,0.000,0.000,0.00,0.000,0.000,0.00,0.000,0.000,0.00
37.5868,0.000,0.000,0.00,0.77,0.00,0.000,0.000,0.00,0.000,0.000,0.00,0.000,0.000,0.00,0.000,0.000,0.00,0.000,0.000,0.00,0.000,0.000,0.00,0.000,0.000,0.00,0.000,0.000,0.00,0.000,0.000,0.00,0.000,0.000,0.00,0.000,0.000,0.00,0.000,0.000,0.00,0.000,0.000,0.00,0.000,0.000,0.00,0.000,0.000,0.00,0.000,0.000,0.00,0.000,0.000,0.00,0.000,0.000,0.00,0.000,0.000,0.00,0.000,0.000,0.00,0.000,0.000,0.00,0.000,0.000,0.00,0.000,0.000,0.00,0.000,0.000,0.00,0.000,0.000,0.00,0.000,0.000,0.00,0.000,0.000,0.00,0.000,0.000,0.00,0.000,0.000,0.00,0.000,0.000,0.00
37.6886,0.000,0.000,0.00,0.92,0.00,0.000,0.000,0.00,0.000,0.000,0.00,0.000,0.000,0.00,0.000,0.000,0.00,0.000,0.000,0.00,0.000,0.000,0.00,0.000,0.000,0.00,0.000,0.000,0.00,0.000,0.000,0.00,0.000,0.000,0.00,0.000,0.000,0.00,0.000,0.000,0.00,0.000,0.000,0.00,0.000,0.000,0.00,0.000,0.000,0.00,0.000,0.000,0.00,0.000,0.000,0.00,0.000,0.000,0.00,0.000,0.000,0.00,0.000,0.000,0.00,0.000,0.000,0.00,0.000,0.000,0.00,0.000,0.000,0.00,0.000,0.000,0.00,0.000,0.000,0.00,0.000,0.000,0.00,0.000,0.000,0.00,0.000,0.000,0.00,0.000,0.000,0.00,0.000,0.000,0.00
37.7904,0.000,0.000,0.00,0.84,0.00,0.000,0.000,0.00,0.000,0.000,0.00,0.000,0.000,0.00,0.000,0.000,0.00,0.000,0.000,0.00,0.000,0.000,0.00,0.000,0.000,0.00,0.000,0.000,0.00,0.000,0.000,0.00,0.000,0.000,0.00,0.000,0.000,0.00,0.000,0.000,0.00,0.000,0.000,0.00,0.000,0.000,0.00,0.000,0.000,0.00,0.000,0.000,0.00,0.000,0.000,0.00,0.000,0.000,0.00,0.000,0.000,0.00,0.000,0.000,0.00,0.000,0.000,0.00,0.000,0.000,0.00,0.000,0.000,0.00,0.000,0.000,0.00,0.000,0.000,0.00,0.000,0.000,0.00,0.000,0.000,0.00,0.000,0.000,0.00,0.000,0.000,0.00,0.000,0.000,0.00
37.8922,0.000,0.000,0.00,0.84,0.00,0.000,0.000,0.00,0.000,0.000,0.00,0.000,0.000,0.00,0.000,0.000,0.00,0.000,0.000,0.00,0.000,0.000,0.00,0.000,0.000,0.00,0.000,0.000,0.00,0.000,0.000,0.00,0.000,0.000,0.00,0.000,0.000,0.00,0.000,0.000,0.00,0.000,0.000,0.00,0.000,0.000,0.00,0.000,0.000,0.00,0.000,0.000,0.00,0.000,0.000,0.00,0.000,0.000,0.00,0.000,0.000,0.00,0.000,0.000,0.00,0.000,0.000,0.00,0.000,0.000,0.00,0.000,0.000,0.00,0.000,0.000,0.00,0.000,0.000,0.00,0.000,0.000,0.00,0.000,0.000,0.00,0.000,0.000,0.00,0.000,0.000,0.00,0.000,0.000,0.00
37.9940,0.000,0.000,0.00,0.77,0.00,0.000,0.000,0.00,0.000,0.000,0.00,0.000,0.000,0.00,0.000,0.000,0.00,0.000,0.000,0.00,0.000,0.000,0.00,0.000,0.000,0.00,0.000,0.000,0.00,0.000,0.000,0.00,0.000,0.000,0.00,0.000,0.000,0.00,0.000,0.000,0.00,0.000,0.000,0.00,0.000,0.000,0.00,0.000,0.000,0.00,0.000,0.000,0.00,0.000,0.000,0.00,0.000,0.000,0.00,0.000,0.000,0.00,0.000,0.000,0.00,0.000,0.000,0.00,0.000,0.000,0.00,0.000,0.000,0.00,0.000,0.000,0.00,0.000,0.000,0.00,0.000,0.000,0.00,0.000,0.000,0.00,0.000,0.000,0.00,0.000,0.000,0.00,0.000,0.000,0.00
38.0958,0.000,0.000,0.00,0.77,0.00,0.000,0.000,0.00,0.000,0.000,0.00,0.000,0.000,0.00,0.000,0.000,0.00,0.000,0.000,0.00,0.000,0.000,0.00,0.000,0.000,0.00,0.000,0.000,0.00,0.000,0.000,0.00,0.000,0.000,0.00,0.000,0.000,0.00,0.000,0.000,0.00,0.000,0.000,0.00,0.000,0.000,0.00,0.000,0.000,0.00,0.000,0.000,0.00,0.000,0.000,0.00,0.000,0.000,0.00,0.000,0.000,0.00,0.000,0.000,0.00,0.000,0.000,0.00,0.000,0.000,0.00,0.000,0.000,0.00,0.000,0.000,0.00,0.000,0.000,0.00,0.000,0.000,0.00,0.000,0.000,0.00,0.000,0.000,0.00,0.000,0.000,0.00,0.000,0.000,0.00
38.1976,0.000,0.000,0.00,0.84,0.00,0.000,0.000,0.00,0.000,0.000,0.00,0.000,0.000,0.00,0.000,0.000,0.00,0.000,0.000,0.00,0.000,0.000,0.00,0.000,0.000,0.00,0.000,0.000,0.00,0.000,0.000,0.00,0.000,0.000,0.00,0.000,0.000,0.00,0.000,0.000,0.00,0.000,0.000,0.00,0.000,0.000,0.00,0.000,0.000,0.00,0.000,0.000,0.00,0.000,0.000,0.00,0.000,0.000,0.00,0.000,0.000,0.00,0.000,0.000,0.00,0.000,0.000,0.00,0.000,0.000,0.00,0.000,0.000,0.00,0.000,0.000,0.00,0.000,0.000,0.00,0.000,0.000,0.00,0.000,0.000,0.00,0.000,0.000,0.00,0.000,0.000,0.00,0.000,0.000,0.00
38.2995,0.000,0.000,0.00,0.84,0.00,0.000,0.000,0.00,0.000,0.000,0.00,0.000,0.000,0.00,0.000,0.000,0.00,0.000,0.000,0.00,0.000,0.000,0.00,0.000,0.000,0.00,0.000,0.000,0.00,0.000,0.000,0.00,0.000,0.000,0.00,0.000,0.000,0.00,0.000,0.000,0.00,0.000,0.000,0.00,0.000,0.000,0.00,0.000,0.000,0.00,0.000,0.000,0.00,0.000,0.000,0.00,0.000,0.000,0.00,0.000,0.000,0.00,0.000,0.000,0.00,0.000,0.000,0.00,0.000,0.000,0.00,0.000,0.000,0.00,0.000,0.000,0.00,0.000,0.000,0.00,0.000,0.000,0.00,0.000,0.000,0.00,0.000,0.000,0.00,0.000,0.000,0.00,0.000,0.000,0.00
38.4012,0.000,0.000,0.00,0.77,0.00,0.000,0.000,0.00,0.000,0.000,0.00,0.000,0.000,0.00,0.000,0.000,0.00,0.000,0.000,0.00,0.000,0.000,0.00,0.000,0.000,0.00,0.000,0.000,0.00,0.000,0.000,0.00,0.000,0.000,0.00,0.000,0.000,0.00,0.000,0.000,0.00,0.000,0.000,0.00,0.000,0.000,0.00,0.000,0.000,0.00,0.000,0.000,0.00,0.000,0.000,0.00,0.000,0.000,0.00,0.000,0.000,0.00,0.000,0.000,0.00,0.000,0.000,0.00,0.000,0.000,0.00,0.000,0.000,0.00,0.000,0.000,0.00,0.000,0.000,0.00,0.000,0.000,0.00,0.000,0.000,0.00,0.000,0.000,0.00,0.000,0.000,0.00,0.000,0.000,0.00
38.5035,0.000,0.000,0.00,0.92,0.00,0.000,0.000,0.00,0.000,0.000,0.00,0.000,0.000,0.00,0.000,0.000,0.00,0.000,0.000,0.00,0.000,0.000,0.00,0.000,0.000,0.00,0.000,0.000,0.00,0.000,0.000,0.00,0.000,0.000,0.00,0.000,0.000,0.00,0.000,0.000,0.00,0.000,0.000,0.00,0.000,0.000,0.00,0.000,0.000,0.00,0.000,0.000,0.00,0.000,0.000,0.00,0.000,0.000,0.00,0.000,0.000,0.00,0.000,0.000,0.00,0.000,0.000,0.00,0.000,0.000,0.00,0.000,0.000,0.00,0.000,0.000,0.00,0.000,0.000,0.00,0.000,0.000,0.00,0.000,0.000,0.00,0.000,0.000,0.00,0.000,0.000,0.00,0.000,0.000,0.00
38.6053,0.000,0.000,0.00,0.84,0.00,0.000,0.000,0.00,0.000,0.000,0.00,0.000,0.000,0.00,0.000,0.000,0.00,0.000,0.000,0.00,0.000,0.000,0.00,0.000,0.000,0.00,0.000,0.000,0.00,0.000,0.000,0.00,0.000,0.000,0.00,0.000,0.000,0.00,0.000,0.000,0.00,0.000,0.000,0.00,0.000,0.000,0.00,0.000,0.000,0.00,0.000,0.000,0.00,0.000,0.000,0.00,0.000,0.000,0.00,0.000,0.000,0.00,0.000,0.000,0.00,0.000,0.000,0.00,0.000,0.000,0.00,0.000,0.000,0.00,0.000,0.000,0.00,0.000,0.000,0.00,0.000,0.000,0.00,0.000,0.000,0.00,0.000,0.000,0.00,0.000,0.000,0.00,0.000,0.000,0.00
38.7070,0.000,0.000,0.00,0.84,0.00,0.000,0.000,0.00,0.000,0.000,0.00,0.000,0.000,0.00,0.000,0.000,0.00,0.000,0.000,0.00,0.000,0.000,0.00,0.000,0.000,0.00,0.000,0.000,0.00,0.000,0.000,0.00,0.000,0.000,0.00,0.000,0.000,0.00,0.000,0.000,0.00,0.000,0.000,0.00,0.000,0.000,0.00,0.000,0.000,0.00,0.000,0.000,0.00,0.000,0.000,0.00,0.000,0.000,0.00,0.000,0.000,0.00,0.000,0.000,0.00,0.000,0.000,0.00,0.000,0.000,0.00,0.000,0.000,0.00,0.000,0.000,0.00,0.000,0.000,0.00,0.000,0.000,0.00,0.000,0.000,0.00,0.000,0.000,0.00,0.000,0.000,0.00,0.000,0.000,0.00
38.8088,0.000,0.000,0.00,0.84,0.00,0.000,0.000,0.00,0.000,0.000,0.00,0.000,0.000,0.00,0.000,0.000,0.00,0.000,0.000,0.00,0.000,0.000,0.00,0.000,0.000,0.00,0.000,0.000,0.00,0.000,0.000,0.00,0.000,0.000,0.00,0.000,0.000,0.00,0.000,0.000,0.00,0.000,0.000,0.00,0.000,0.000,0.00,0.000,0.000,0.00,0.000,0.000,0.00,0.000,0.000,0.00,0.000,0.000,0.00,0.000,0.000,0.00,0.000,0.000,0.00,0.000,0.000,0.00,0.000,0.000,0.00,0.000,0.000,0.00,0.000,0.000,0.00,0.000,0.000,0.00,0.000,0.000,0.00,0.000,0.000,0.00,0.000,0.000,0.00,0.000,0.000,0.00,0.000,0.000,0.00
38.9106,0.000,0.000,0.00,0.77,0.00,0.000,0.000,0.00,0.000,0.000,0.00,0.000,0.000,0.00,0.000,0.000,0.00,0.000,0.000,0.00,0.000,0.000,0.00,0.000,0.000,0.00,0.000,0.000,0.00,0.000,0.000,0.00,0.000,0.000,0.00,0.000,0.000,0.00,0.000,0.000,0.00,0.000,0.000,0.00,0.000,0.000,0.00,0.000,0.000,0.00,0.000,0.000,0.00,0.000,0.000,0.00,0.000,0.000,0.00,0.000,0.000,0.00,0.000,0.000,0.00,0.000,0.000,0.00,0.000,0.000,0.00,0.000,0.000,0.00,0.000,0.000,0.00,0.000,0.000,0.00,0.000,0.000,0.00,0.000,0.000,0.00,0.000,0.000,0.00,0.000,0.000,0.00,0.000,0.000,0.00
39.0125,0.000,0.000,0.00,0.77,0.00,0.000,0.000,0.00,0.000,0.000,0.00,0.000,0.000,0.00,0.000,0.000,0.00,0.000,0.000,0.00,0.000,0.000,0.00,0.000,0.000,0.00,0.000,0.000,0.00,0.000,0.000,0.00,0.000,0.000,0.00,0.000,0.000,0.00,0.000,0.000,0.00,0.000,0.000,0.00,0.000,0.000,0.00,0.000,0.000,0.00,0.000,0.000,0.00,0.000,0.000,0.00,0.000,0.000,0.00,0.000,0.000,0.00,0.000,0.000,0.00,0.000,0.000,0.00,0.000,0.000,0.00,0.000,0.000,0.00,0.000,0.000,0.00,0.000,0.000,0.00,0.000,0.000,0.00,0.000,0.000,0.00,0.000,0.000,0.00,0.000,0.000,0.00,0.000,0.000,0.00
39.1144,0.000,0.000,0.00,0.84,0.00,0.000,0.000,0.00,0.000,0.000,0.00,0.000,0.000,0.00,0.000,0.000,0.00,0.000,0.000,0.00,0.000,0.000,0.00,0.000,0.000,0.00,0.000,0.000,0.00,0.000,0.000,0.00,0.000,0.000,0.00,0.000,0.000,0.00,0.000,0.000,0.00,0.000,0.000,0.00,0.000,0.000,0.00,0.000,0.000,0.00,0.000,0.000,0.00,0.000,0.000,0.00,0.000,0.000,0.00,0.000,0.000,0.00,0.000,0.000,0.00,0.000,0.000,0.00,0.000,0.000,0.00,0.000,0.000,0.00,0.000,0.000,0.00,0.000,0.000,0.00,0.000,0.000,0.00,0.000,0.000,0.00,0.000,0.000,0.00,0.000,0.000,0.00,0.000,0.000,0.00
39.2162,0.000,0.000,0.00,0.77,0.00,0.000,0.000,0.00,0.000,0.000,0.00,0.000,0.000,0.00,0.000,0.000,0.00,0.000,0.000,0.00,0.000,0.000,0.00,0.000,0.000,0.00,0.000,0.000,0.00,0.000,0.000,0.00,0.000,0.000,0.00,0.000,0.000,0.00,0.000,0.000,0.00,0.000,0.000,0.00,0.000,0.000,0.00,0.000,0.000,0.00,0.000,0.000,0.00,0.000,0.000,0.00,0.000,0.000,0.00,0.000,0.000,0.00,0.000,0.000,0.00,0.000,0.000,0.00,0.000,0.000,0.00,0.000,0.000,0.00,0.000,0.000,0.00,0.000,0.000,0.00,0.000,0.000,0.00,0.000,0.000,0.00,0.000,0.000,0.00,0.000,0.000,0.00,0.000,0.000,0.00
39.3181,0.000,0.000,0.00,0.77,0.00,0.000,0.000,0.00,0.000,0.000,0.00,0.000,0.000,0.00,0.000,0.000,0.00,0.000,0.000,0.00,0.000,0.000,0.00,0.000,0.000,0.00,0.000,0.000,0.00,0.000,0.000,0.00,0.000,0.000,0.00,0.000,0.000,0.00,0.000,0.000,0.00,0.000,0.000,0.00,0.000,0.000,0.00,0.000,0.000,0.00,0.000,0.000,0.00,0.000,0.000,0.00,0.000,0.000,0.00,0.000,0.000,0.00,0.000,0.000,0.00,0.000,0.000,0.00,0.000,0.000,0.00,0.000,0.000,0.00,0.000,0.000,0.00,0.000,0.000,0.00,0.000,0.000,0.00,0.000,0.000,0.00,0.000,0.000,0.00,0.000,0.000,0.00,0.000,0.000,0.00
39.4199,0.000,0.000,0.00,0.84,0.00,0.000,0.000,0.00,0.000,0.000,0.00,0.000,0.000,0.00,0.000,0.000,0.00,0.000,0.000,0.00,0.000,0.000,0.00,0.000,0.000,0.00,0.000,0.000,0.00,0.000,0.000,0.00,0.000,0.000,0.00,0.000,0.000,0.00,0.000,0.000,0.00,0.000,0.000,0.00,0.000,0.000,0.00,0.000,0.000,0.00,0.000,0.000,0.00,0.000,0.000,0.00,0.000,0.000,0.00,0.000,0.000,0.00,0.000,0.000,0.00,0.000,0.000,0.00,0.000,0.000,0.00,0.000,0.000,0.00,0.000,0.000,0.00,0.000,0.000,0.00,0.000,0.000,0.00,0.000,0.000,0.00,0.000,0.000,0.00,0.000,0.000,0.00,0.000,0.000,0.00
39.5218,0.000,0.000,0.00,0.84,0.00,0.000,0.000,0.00,0.000,0.000,0.00,0.000,0.000,0.00,0.000,0.000,0.00,0.000,0.000,0.00,0.000,0.000,0.00,0.000,0.000,0.00,0.000,0.000,0.00,0.000,0.000,0.00,0.000,0.000,0.00,0.000,0.000,0.00,0.000,0.000,0.00,0.000,0.000,0.00,0.000,0.000,0.00,0.000,0.000,0.00,0.000,0.000,0.00,0.000,0.000,0.00,0.000,0.000,0.00,0.000,0.000,0.00,0.000,0.000,0.00,0.000,0.000,0.00,0.000,0.000,0.00,0.000,0.000,0.00,0.000,0.000,0.00,0.000,0.000,0.00,0.000,0.000,0.00,0.000,0.000,0.00,0.000,0.000,0.00,0.000,0.000,0.00,0.000,0.000,0.00
39.6236,0.000,0.000,0.00,0.84,0.00,0.000,0.000,0.00,0.000,0.000,0.00,0.000,0.000,0.00,0.000,0.000,0.00,0.000,0.000,0.00,0.000,0.000,0.00,0.000,0.000,0.00,0.000,0.000,0.00,0.000,0.000,0.00,0.000,0.000,0.00,0.000,0.000,0.00,0.000,0.000,0.00,0.000,0.000,0.00,0.000,0.000,0.00,0.000,0.000,0.00,0.000,0.000,0.00,0.000,0.000,0.00,0.000,0.000,0.00,0.000,0.000,0.00,0.000,0.000,0.00,0.000,0.000,0.00,0.000,0.000,0.00,0.000,0.000,0.00,0.000,0.000,0.00,0.000,0.000,0.00,0.000,0.000,0.00,0.000,0.000,0.00,0.000,0.000,0.00,0.000,0.000,0.00,0.000,0.000,0.00
39.7254,0.000,0.000,0.00,0.84,0.00,0.000,0.000,0.00,0.000,0.000,0.00,0.000,0.000,0.00,0.000,0.000,0.00,0.000,0.000,0.00,0.000,0.000,0.00,0.000,0.000,0.00,0.000,0.000,0.00,0.000,0.000,0.00,0.000,0.000,0.00,0.000,0.000,0.00,0.000,0.000,0.00,0.000,0.000,0.00,0.000,0.000,0.00,0.000,0.000,0.00,0.000,0.000,0.00,0.000,0.000,0.00,0.000,0.000,0.00,0.000,0.000,0.00,0.000,0.000,0.00,0.000,0.000,0.00,0.000,0.000,0.00,0.000,0.000,0.00,0.000,0.000,0.00,0.000,0.000,0.00,0.000,0.000,0.00,0.000,0.000,0.00,0.000,0.000,0.00,0.000,0.000,0.00,0.000,0.000,0.00
39.8273,0.000,0.000,0.00,0.77,0.00,0.000,0.000,0.00,0.000,0.000,0.00,0.000,0.000,0.00,0.000,0.000,0.00,0.000,0.000,0.00,0.000,0.000,0.00,0.000,0.000,0.00,0.000,0.000,0.00,0.000,0.000,0.00,0.000,0.000,0.00,0.000,0.000,0.00,0.000,0.000,0.00,0.000,0.000,0.00,0.000,0.000,0.00,0.000,0.000,0.00,0.000,0.000,0.00,0.000,0.000,0.00,0.000,0.000,0.00,0.000,0.000,0.00,0.000,0.000,0.00,0.000,0.000,0.00,0.000,0.000,0.00,0.000,0.000,0.00,0.000,0.000,0.00,0.000,0.000,0.00,0.000,0.000,0.00,0.000,0.000,0.00,0.000,0.000,0.00,0.000,0.000,0.00,0.000,0.000,0.00
39.9291,0.000,0.000,0.00,1.07,0.00,0.000,0.000,0.00,0.000,0.000,0.00,0.000,0.000,0.00,0.000,0.000,0.00,0.000,0.000,0.00,0.000,0.000,0.00,0.000,0.000,0.00,0.000,0.000,0.00,0.000,0.000,0.00,0.000,0.000,0.00,0.000,0.000,0.00,0.000,0.000,0.00,0.000,0.000,0.00,0.000,0.000,0.00,0.000,0.000,0.00,0.000,0.000,0.00,0.000,0.000,0.00,0.000,0.000,0.00,0.000,0.000,0.00,0.000,0.000,0.00,0.000,0.000,0.00,0.000,0.000,0.00,0.000,0.000,0.00,0.000,0.000,0.00,0.000,0.000,0.00,0.000,0.000,0.00,0.000,0.000,0.00,0.000,0.000,0.00,0.000,0.000,0.00,0.000,0.000,0.00
40.0310,0.000,0.000,0.00,0.84,0.00,0.000,0.000,0.00,0.000,0.000,0.00,0.000,0.000,0.00,0.000,0.000,0.00,0.000,0.000,0.00,0.000,0.000,0.00,0.000,0.000,0.00,0.000,0.000,0.00,0.000,0.000,0.00,0.000,0.000,0.00,0.000,0.000,0.00,0.000,0.000,0.00,0.000,0.000,0.00,0.000,0.000,0.00,0.000,0.000,0.00,0.000,0.000,0.00,0.000,0.000,0.00,0.000,0.000,0.00,0.000,0.000,0.00,0.000,0.000,0.00,0.000,0.000,0.00,0.000,0.000,0.00,0.000,0.000,0.00,0.000,0.000,0.00,0.000,0.000,0.00,0.000,0.000,0.00,0.000,0.000,0.00,0.000,0.000,0.00,0.000,0.000,0.00,0.000,0.000,0.00
40.1336,0.000,0.000,0.00,66.74,0.00,0.000,0.000,0.00,0.000,0.000,0.00,0.000,0.000,0.00,0.000,0.000,0.00,0.000,0.000,0.00,0.000,0.000,0.00,0.000,0.000,0.00,0.000,0.000,0.00,0.000,0.000,0.00,0.000,0.000,0.00,0.000,0.000,0.00,0.000,0.000,0.00,0.000,0.000,0.00,0.000,0.000,0.00,0.000,0.000,0.00,0.000,0.000,0.00,0.000,0.000,0.00,0.000,0.000,0.00,0.000,0.000,0.00,0.000,0.000,0.00,0.000,0.000,0.00,0.000,0.000,0.00,0.000,0.000,0.00,0.000,0.000,0.00,0.000,0.000,0.00,0.000,0.000,0.00,0.000,0.000,0.00,0.000,0.000,0.00,0.000,0.000,0.00,0.000,0.000,0.00
40.2476,0.000,0.000,0.00,98.43,0.00,0.000,0.000,0.00,0.000,0.000,0.00,0.000,0.000,0.00,0.000,0.000,0.00,0.000,0.000,0.00,0.000,0.000,0.00,0.000,0.000,0.00,0.000,0.000,0.00,0.000,0.000,0.00,0.000,0.000,0.00,0.000,0.000,0.00,0.000,0.000,0.00,0.000,0.000,0.00,0.000,0.000,0.00,0.000,0.000,0.00,0.000,0.000,0.00,0.000,0.000,0.00,0.000,0.000,0.00,0.000,0.000,0.00,0.000,0.000,0.00,0.000,0.000,0.00,0.000,0.000,0.00,0.000,0.000,0.00,0.000,0.000,0.00,0.000,0.000,0.00,0.000,0.000,0.00,0.000,0.000,0.00,0.000,0.000,0.00,0.000,0.000,0.00,0.000,0.000,0.00
40.3744,0.000,0.000,0.00,99.33,0.00,0.000,0.000,0.00,0.000,0.000,0.00,0.000,0.000,0.00,0.000,0.000,0.00,0.000,0.000,0.00,0.000,0.000,0.00,0.000,0.000,0.00,0.000,0.000,0.00,0.000,0.000,0.00,0.000,0.000,0.00,0.000,0.000,0.00,0.000,0.000,0.00,0.000,0.000,0.00,0.000,0.000,0.00,0.000,0.000,0.00,0.000,0.000,0.00,0.000,0.000,0.00,0.000,0.000,0.00,0.000,0.000,0.00,0.000,0.000,0.00,0.000,0.000,0.00,0.000,0.000,0.00,0.000,0.000,0.00,0.000,0.000,0.00,0.000,0.000,0.00,0.000,0.000,0.00,0.000,0.000,0.00,0.000,0.000,0.00,0.000,0.000,0.00,0.000,0.000,0.00
40.4827,0.000,0.000,0.00,100.00,0.00,0.000,0.000,0.00,0.000,0.000,0.00,0.000,0.000,0.00,0.000,0.000,0.00,0.000,0.000,0.00,0.000,0.000,0.00,0.000,0.000,0.00,0.000,0.000,0.00,0.000,0.000,0.00,0.000,0.000,0.00,0.000,0.000,0.00,0.000,0.000,0.00,0.000,0.000,0.00,0.000,0.000,0.00,0.000,0.000,0.00,0.000,0.000,0.00,0.000,0.000,0.00,0.000,0.000,0.00,0.000,0.000,0.00,0.000,0.000,0.00,0.000,0.000,0.00,0.000,0.000,0.00,0.000,0.000,0.00,0.000,0.000,0.00,0.000,0.000,0.00,0.000,0.000,0.00,0.000,0.000,0.00,0.000,0.000,0.00,0.000,0.000,0.00,0.000,0.000,0.00
40.5925,0.000,0.000,0.00,100.00,0.00,0.000,0.000,0.00,0.000,0.000,0.00,0.000,0.000,0.00,0.000,0.000,0.00,0.000,0.000,0.00,0.000,0.000,0.00,0.000,0.000,0.00,0.000,0.000,0.00,0.000,0.000,0.00,0.000,0.000,0.00,0.000,0.000,0.00,0.000,0.000,0.00,0.000,0.000,0.00,0.000,0.000,0.00,0.000,0.000,0.00,0.000,0.000,0.00,0.000,0.000,0.00,0.000,0.000,0.00,0.000,0.000,0.00,0.000,0.000,0.00,0.000,0.000,0.00,0.000,0.000,0.00,0.000,0.000,0.00,0.000,0.000,0.00,0.000,0.000,0.00,0.000,0.000,0.00,0.000,0.000,0.00,0.000,0.000,0.00,0.000,0.000,0.00,0.000,0.000,0.00
40.7025,0.000,0.000,0.00,100.00,0.00,0.000,0.000,0.00,0.000,0.000,0.00,0.000,0.000,0.00,0.000,0.000,0.00,0.000,0.000,0.00,0.000,0.000,0.00,0.000,0.000,0.00,0.000,0.000,0.00,0.000,0.000,0.00,0.000,0.000,0.00,0.000,0.000,0.00,0.000,0.000,0.00,0.000,0.000,0.00,0.000,0.000,0.00,0.000,0.000,0.00,0.000,0.000,0.00,0.000,0.000,0.00,0.000,0.000,0.00,0.000,0.000,0.00,0.000,0.000,0.00,0.000,0.000,0.00,0.000,0.000,0.00,0.000,0.000,0.00,0.000,0.000,0.00,0.000,0.000,0.00,0.000,0.000,0.00,0.000,0.000,0.00,0.000,0.000,0.00,0.000,0.000,0.00,0.000,0.000,0.00
40.8115,0.000,0.000,0.00,100.00,0.00,0.000,0.000,0.00,0.000,0.000,0.00,0.000,0.000,0.00,0.000,0.000,0.00,0.000,0.000,0.00,0.000,0.000,0.00,0.000,0.000,0.00,0.000,0.000,0.00,0.000,0.000,0.00,0.000,0.000,0.00,0.000,0.000,0.00,0.000,0.000,0.00,0.000,0.000,0.00,0.000,0.000,0.00,0.000,0.000,0.00,0.000,0.000,0.00,0.000,0.000,0.00,0.000,0.000,0.00,0.000,0.000,0.00,0.000,0.000,0.00,0.000,0.000,0.00,0.000,0.000,0.00,0.000,0.000,0.00,0.000,0.000,0.00,0.000,0.000,0.00,0.000,0.000,0.00,0.000,0.000,0.00,0.000,0.000,0.00,0.000,0.000,0.00,0.000,0.000,0.00
40.9362,0.000,0.000,0.00,100.00,0.00,0.000,0.000,0.00,0.000,0.000,0.00,0.000,0.000,0.00,0.000,0.000,0.00,0.000,0.000,0.00,0.000,0.000,0.00,0.000,0.000,0.00,0.000,0.000,0.00,0.000,0.000,0.00,0.000,0.000,0.00,0.000,0.000,0.00,0.000,0.000,0.00,0.000,0.000,0.00,0.000,0.000,0.00,0.000,0.000,0.00,0.000,0.000,0.00,0.000,0.000,0.00,0.000,0.000,0.00,0.000,0.000,0.00,0.000,0.000,0.00,0.000,0.000,0.00,0.000,0.000,0.00,0.000,0.000,0.00,0.000,0.000,0.00,0.000,0.000,0.00,0.000,0.000,0.00,0.000,0.000,0.00,0.000,0.000,0.00,0.000,0.000,0.00,0.000,0.000,0.00
41.0451,0.000,0.000,0.00,97.61,0.00,0.000,0.000,0.00,0.000,0.000,0.00,0.000,0.000,0.00,0.000,0.000,0.00,0.000,0.000,0.00,0.000,0.000,0.00,0.000,0.000,0.00,0.000,0.000,0.00,0.000,0.000,0.00,0.000,0.000,0.00,0.000,0.000,0.00,0.000,0.000,0.00,0.000,0.000,0.00,0.000,0.000,0.00,0.000,0.000,0.00,0.000,0.000,0.00,0.000,0.000,0.00,0.000,0.000,0.00,0.000,0.000,0.00,0.000,0.000,0.00,0.000,0.000,0.00,0.000,0.000,0.00,0.000,0.000,0.00,0.000,0.000,0.00,0.000,0.000,0.00,0.000,0.000,0.00,0.000,0.000,0.00,0.000,0.000,0.00,0.000,0.000,0.00,0.000,0.000,0.00
41.1518,0.000,0.000,0.00,98.21,0.00,0.000,0.000,0.00,0.000,0.000,0.00,0.000,0.000,0.00,0.000,0.000,0.00,0.000,0.000,0.00,0.000,0.000,0.00,0.000,0.000,0.00,0.000,0.000,0.00,0.000,0.000,0.00,0.000,0.000,0.00,0.000,0.000,0.00,0.000,0.000,0.00,0.000,0.000,0.00,0.000,0.000,0.00,0.000,0.000,0.00,0.000,0.000,0.00,0.000,0.000,0.00,0.000,0.000,0.00,0.000,0.000,0.00,0.000,0.000,0.00,0.000,0.000,0.00,0.000,0.000,0.00,0.000,0.000,0.00,0.000,0.000,0.00,0.000,0.000,0.00,0.000,0.000,0.00,0.000,0.000,0.00,0.000,0.000,0.00,0.000,0.000,0.00,0.000,0.000,0.00
41.2581,0.000,0.000,0.00,98.17,0.00,0.000,0.000,0.00,0.000,0.000,0.00,0.000,0.000,0.00,0.000,0.000,0.00,0.000,0.000,0.00,0.000,0.000,0.00,0.000,0.000,0.00,0.000,0.000,0.00,0.000,0.000,0.00,0.000,0.000,0.00,0.000,0.000,0.00,0.000,0.000,0.00,0.000,0.000,0.00,0.000,0.000,0.00,0.000,0.000,0.00,0.000,0.000,0.00,0.000,0.000,0.00,0.000,0.000,0.00,0.000,0.000,0.00,0.000,0.000,0.00,0.000,0.000,0.00,0.000,0.000,0.00,0.000,0.000,0.00,0.000,0.000,0.00,0.000,0.000,0.00,0.000,0.000,0.00,0.000,0.000,0.00,0.000,0.000,0.00,0.000,0.000,0.00,0.000,0.000,0.00
41.3657,0.000,0.000,0.00,98.39,0.00,0.000,0.000,0.00,0.000,0.000,0.00,0.000,0.000,0.00,0.000,0.000,0.00,0.000,0.000,0.00,0.000,0.000,0.00,0.000,0.000,0.00,0.000,0.000,0.00,0.000,0.000,0.00,0.000,0.000,0.00,0.000,0.000,0.00,0.000,0.000,0.00,0.000,0.000,0.00,0.000,0.000,0.00,0.000,0.000,0.00,0.000,0.000,0.00,0.000,0.000,0.00,0.000,0.000,0.00,0.000,0.000,0.00,0.000,0.000,0.00,0.000,0.000,0.00,0.000,0.000,0.00,0.000,0.000,0.00,0.000,0.000,0.00,0.000,0.000,0.00,0.000,0.000,0.00,0.000,0.000,0.00,0.000,0.000,0.00,0.000,0.000,0.00,0.000,0.000,0.00
41.4789,0.000,0.000,0.00,99.70,0.00,0.000,0.000,0.00,0.000,0.000,0.00,0.000,0.000,0.00,0.000,0.000,0.00,0.000,0.000,0.00,0.000,0.000,0.00,0.000,0.000,0.00,0.000,0.000,0.00,0.000,0.000,0.00,0.000,0.000,0.00,0.000,0.000,0.00,0.000,0.000,0.00,0.000,0.000,0.00,0.000,0.000,0.00,0.000,0.000,0.00,0.000,0.000,0.00,0.000,0.000,0.00,0.000,0.000,0.00,0.000,0.000,0.00,0.000,0.000,0.00,0.000,0.000,0.00,0.000,0.000,0.00,0.000,0.000,0.00,0.000,0.000,0.00,0.000,0.000,0.00,0.000,0.000,0.00,0.000,0.000,0.00,0.000,0.000,0.00,0.000,0.000,0.00,0.000,0.000,0.00
41.5885,0.000,0.000,0.00,100.00,0.00,0.000,0.000,0.00,0.000,0.000,0.00,0.000,0.000,0.00,0.000,0.000,0.00,0.000,0.000,0.00,0.000,0.000,0.00,0.000,0.000,0.00,0.000,0.000,0.00,0.000,0.000,0.00,0.000,0.000,0.00,0.000,0.000,0.00,0.000,0.000,0.00,0.000,0.000,0.00,0.000,0.000,0.00,0.000,0.000,0.00,0.000,0.000,0.00,0.000,0.000,0.00,0.000,0.000,0.00,0.000,0.000,0.00,0.000,0.000,0.00,0.000,0.000,0.00,0.000,0.000,0.00,0.000,0.000,0.00,0.000,0.000,0.00,0.000,0.000,0.00,0.000,0.000,0.00,0.000,0.000,0.00,0.000,0.000,0.00,0.000,0.000,0.00,0.000,0.000,0.00
41.7071,0.000,0.000,0.00,98.66,0.00,0.000,0.000,0.00,0.000,0.000,0.00,0.000,0.000,0.00,0.000,0.000,0.00,0.000,0.000,0.00,0.000,0.000,0.00,0.000,0.000,0.00,0.000,0.000,0.00,0.000,0.000,0.00,0.000,0.000,0.00,0.000,0.000,0.00,0.000,0.000,0.00,0.000,0.000,0.00,0.000,0.000,0.00,0.000,0.000,0.00,0.000,0.000,0.00,0.000,0.000,0.00,0.000,0.000,0.00,0.000,0.000,0.00,0.000,0.000,0.00,0.000,0.000,0.00,0.000,0.000,0.00,0.000,0.000,0.00,0.000,0.000,0.00,0.000,0.000,0.00,0.000,0.000,0.00,0.000,0.000,0.00,0.000,0.000,0.00,0.000,0.000,0.00,0.000,0.000,0.00
41.8356,0.000,0.000,0.00,100.00,0.00,0.000,0.000,0.00,0.000,0.000,0.00,0.000,0.000,0.00,0.000,0.000,0.00,0.000,0.000,0.00,0.000,0.000,0.00,0.000,0.000,0.00,0.000,0.000,0.00,0.000,0.000,0.00,0.000,0.000,0.00,0.000,0.000,0.00,0.000,0.000,0.00,0.000,0.000,0.00,0.000,0.000,0.00,0.000,0.000,0.00,0.000,0.000,0.00,0.000,0.000,0.00,0.000,0.000,0.00,0.000,0.000,0.00,0.000,0.000,0.00,0.000,0.000,0.00,0.000,0.000,0.00,0.000,0.000,0.00,0.000,0.000,0.00,0.000,0.000,0.00,0.000,0.000,0.00,0.000,0.000,0.00,0.000,0.000,0.00,0.000,0.000,0.00,0.000,0.000,0.00
41.9505,0.000,0.000,0.00,99.16,0.00,0.000,0.000,0.00,0.000,0.000,0.00,0.000,0.000,0.00,0.000,0.000,0.00,0.000,0.000,0.00,0.000,0.000,0.00,0.000,0.000,0.00,0.000,0.000,0.00,0.000,0.000,0.00,0.000,0.000,0.00,0.000,0.000,0.00,0.000,0.000,0.00,0.000,0.000,0.00,0.000,0.000,0.00,0.000,0.000,0.00,0.000,0.000,0.00,0.000,0.000,0.00,0.000,0.000,0.00,0.000,0.000,0.00,0.000,0.000,0.00,0.000,0.000,0.00,0.000,0.000,0.00,0.000,0.000,0.00,0.000,0.000,0.00,0.000,0.000,0.00,0.000,0.000,0.00,0.000,0.000,0.00,0.000,0.000,0.00,0.000,0.000,0.00,0.000,0.000,0.00
42.0523,0.000,0.000,0.00,100.00,0.00,0.000,0.000,0.00,0.000,0.000,0.00,0.000,0.000,0.00,0.000,0.000,0.00,0.000,0.000,0.00,0.000,0.000,0.00,0.000,0.000,0.00,0.000,0.000,0.00,0.000,0.000,0.00,0.000,0.000,0.00,0.000,0.000,0.00,0.000,0.000,0.00,0.000,0.000,0.00,0.000,0.000,0.00,0.000,0.000,0.00,0.000,0.000,0.00,0.000,0.000,0.00,0.000,0.000,0.00,0.000,0.000,0.00,0.000,0.000,0.00,0.000,0.000,0.00,0.000,0.000,0.00,0.000,0.000,0.00,0.000,0.000,0.00,0.000,0.000,0.00,0.000,0.000,0.00,0.000,0.000,0.00,0.000,0.000,0.00,0.000,0.000,0.00,0.000,0.000,0.00
42.1545,0.000,0.000,0.00,100.00,0.00,0.000,0.000,0.00,0.000,0.000,0.00,0.000,0.000,0.00,0.000,0.000,0.00,0.000,0.000,0.00,0.000,0.000,0.00,0.000,0.000,0.00,0.000,0.000,0.00,0.000,0.000,0.00,0.000,0.000,0.00,0.000,0.000,0.00,0.000,0.000,0.00,0.000,0.000,0.00,0.000,0.000,0.00,0.000,0.000,0.00,0.000,0.000,0.00,0.000,0.000,0.00,0.000,0.000,0.00,0.000,0.000,0.00,0.000,0.000,0.00,0.000,0.000,0.00,0.000,0.000,0.00,0.000,0.000,0.00,0.000,0.000,0.00,0.000,0.000,0.00,0.000,0.000,0.00,0.000,0.000,0.00,0.000,0.000,0.00,0.000,0.000,0.00,0.000,0.000,0.00
42.2556,0.000,0.000,0.00,100.00,0.00,0.000,0.000,0.00,0.000,0.000,0.00,0.000,0.000,0.00,0.000,0.000,0.00,0.000,0.000,0.00,0.000,0.000,0.00,0.000,0.000,0.00,0.000,0.000,0.00,0.000,0.000,0.00,0.000,0.000,0.00,0.000,0.000,0.00,0.000,0.000,0.00,0.000,0.000,0.00,0.000,0.000,0.00,0.000,0.000,0.00,0.000,0.000,0.00,0.000,0.000,0.00,0.000,0.000,0.00,0.000,0.000,0.00,0.000,0.000,0.00,0.000,0.000,0.00,0.000,0.000,0.00,0.000,0.000,0.00,0.000,0.000,0.00,0.000,0.000,0.00,0.000,0.000,0.00,0.000,0.000,0.00,0.000,0.000,0.00,0.000,0.000,0.00,0.000,0.000,0.00
42.3575,0.000,0.000,0.00,100.00,0.00,0.000,0.000,0.00,0.000,0.000,0.00,0.000,0.000,0.00,0.000,0.000,0.00,0.000,0.000,0.00,0.000,0.000,0.00,0.000,0.000,0.00,0.000,0.000,0.00,0.000,0.000,0.00,0.000,0.000,0.00,0.000,0.000,0.00,0.000,0.000,0.00,0.000,0.000,0.00,0.000,0.000,0.00,0.000,0.000,0.00,0.000,0.000,0.00,0.000,0.000,0.00,0.000,0.000,0.00,0.000,0.000,0.00,0.000,0.000,0.00,0.000,0.000,0.00,0.000,0.000,0.00,0.000,0.000,0.00,0.000,0.000,0.00,0.000,0.000,0.00,0.000,0.000,0.00,0.000,0.000,0.00,0.000,0.000,0.00,0.000,0.000,0.00,0.000,0.000,0.00
42.4594,0.000,0.040,0.00,100.00,0.00,0.000,0.000,0.00,0.000,0.000,0.00,0.000,0.000,0.00,0.000,0.000,0.00,0.000,0.000,0.00,0.000,0.000,0.00,0.000,0.000,0.00,0.000,0.000,0.00,0.000,0.000,0.00,0.000,0.000,0.00,0.000,0.000,0.00,0.000,0.000,0.00,0.000,0.000,0.00,0.000,0.000,0.00,0.000,0.000,0.00,0.000,0.000,0.00,0.000,0.000,0.00,0.000,0.000,0.00,0.000,0.000,0.00,0.000,0.000,0.00,0.000,0.000,0.00,0.000,0.000,0.00,0.000,0.040,0.00,0.000,0.000,0.00,0.000,0.000,0.00,0.000,0.000,0.00,0.000,0.000,0.00,0.000,0.000,0.00,0.000,0.000,0.00,0.000,0.000,0.00
42.5615,0.000,0.000,0.00,100.00,0.00,0.000,0.000,0.00,0.000,0.000,0.00,0.000,0.000,0.00,0.000,0.000,0.00,0.000,0.000,0.00,0.000,0.000,0.00,0.000,0.000,0.00,0.000,0.000,0.00,0.000,0.000,0.00,0.000,0.000,0.00,0.000,0.000,0.00,0.000,0.000,0.00,0.000,0.000,0.00,0.000,0.000,0.00,0.000,0.000,0.00,0.000,0.000,0.00,0.000,0.000,0.00,0.000,0.000,0.00,0.000,0.000,0.00,0.000,0.000,0.00,0.000,0.000,0.00,0.000,0.000,0.00,0.000,0.000,0.00,0.000,0.000,0.00,0.000,0.000,0.00,0.000,0.000,0.00,0.000,0.000,0.00,0.000,0.000,0.00,0.000,0.000,0.00,0.000,0.000,0.00
42.6635,0.000,0.000,0.00,100.00,0.00,0.000,0.000,0.00,0.000,0.000,0.00,0.000,0.000,0.00,0.000,0.000,0.00,0.000,0.000,0.00,0.000,0.000,0.00,0.000,0.000,0.00,0.000,0.000,0.00,0.000,0.000,0.00,0.000,0.000,0.00,0.000,0.000,0.00,0.000,0.000,0.00,0.000,0.000,0.00,0.000,0.000,0.00,0.000,0.000,0.00,0.000,0.000,0.00,0.000,0.000,0.00,0.000,0.000,0.00,0.000,0.000,0.00,0.000,0.000,0.00,0.000,0.000,0.00,0.000,0.000,0.00,0.000,0.000,0.00,0.000,0.000,0.00,0.000,0.000,0.00,0.000,0.000,0.00,0.000,0.000,0.00,0.000,0.000,0.00,0.000,0.000,0.00,0.000,0.000,0.00
42.7655,0.000,0.000,0.00,100.00,0.00,0.000,0.000,0.00,0.000,0.000,0.00,0.000,0.000,0.00,0.000,0.000,0.00,0.000,0.000,0.00,0.000,0.000,0.00,0.000,0.000,0.00,0.000,0.000,0.00,0.000,0.000,0.00,0.000,0.000,0.00,0.000,0.000,0.00,0.000,0.000,0.00,0.000,0.000,0.00,0.000,0.000,0.00,0.000,0.000,0.00,0.000,0.000,0.00,0.000,0.000,0.00,0.000,0.000,0.00,0.000,0.000,0.00,0.000,0.000,0.00,0.000,0.000,0.00,0.000,0.000,0.00,0.000,0.000,0.00,0.000,0.000,0.00,0.000,0.000,0.00,0.000,0.000,0.00,0.000,0.000,0.00,0.000,0.000,0.00,0.000,0.000,0.00,0.000,0.000,0.00
42.8674,0.000,0.000,0.00,100.00,0.00,0.000,0.000,0.00,0.000,0.000,0.00,0.000,0.000,0.00,0.000,0.000,0.00,0.000,0.000,0.00,0.000,0.000,0.00,0.000,0.000,0.00,0.000,0.000,0.00,0.000,0.000,0.00,0.000,0.000,0.00,0.000,0.000,0.00,0.000,0.000,0.00,0.000,0.000,0.00,0.000,0.000,0.00,0.000,0.000,0.00,0.000,0.000,0.00,0.000,0.000,0.00,0.000,0.000,0.00,0.000,0.000,0.00,0.000,0.000,0.00,0.000,0.000,0.00,0.000,0.000,0.00,0.000,0.000,0.00,0.000,0.000,0.00,0.000,0.000,0.00,0.000,0.000,0.00,0.000,0.000,0.00,0.000,0.000,0.00,0.000,0.000,0.00,0.000,0.000,0.00
42.9694,0.000,0.000,0.00,100.00,0.00,0.000,0.000,0.00,0.000,0.000,0.00,0.000,0.000,0.00,0.000,0.000,0.00,0.000,0.000,0.00,0.000,0.000,0.00,0.000,0.000,0.00,0.000,0.000,0.00,0.000,0.000,0.00,0.000,0.000,0.00,0.000,0.000,0.00,0.000,0.000,0.00,0.000,0.000,0.00,0.000,0.000,0.00,0.000,0.000,0.00,0.000,0.000,0.00,0.000,0.000,0.00,0.000,0.000,0.00,0.000,0.000,0.00,0.000,0.000,0.00,0.000,0.000,0.00,0.000,0.000,0.00,0.000,0.000,0.00,0.000,0.000,0.00,0.000,0.000,0.00,0.000,0.000,0.00,0.000,0.000,0.00,0.000,0.000,0.00,0.000,0.000,0.00,0.000,0.000,0.00
43.0715,0.000,0.000,0.00,100.00,0.00,0.000,0.000,0.00,0.000,0.000,0.00,0.000,0.000,0.00,0.000,0.000,0.00,0.000,0.000,0.00,0.000,0.000,0.00,0.000,0.000,0.00,0.000,0.000,0.00,0.000,0.000,0.00,0.000,0.000,0.00,0.000,0.000,0.00,0.000,0.000,0.00,0.000,0.000,0.00,0.000,0.000,0.00,0.000,0.000,0.00,0.000,0.000,0.00,0.000,0.000,0.00,0.000,0.000,0.00,0.000,0.000,0.00,0.000,0.000,0.00,0.000,0.000,0.00,0.000,0.000,0.00,0.000,0.000,0.00,0.000,0.000,0.00,0.000,0.000,0.00,0.000,0.000,0.00,0.000,0.000,0.00,0.000,0.000,0.00,0.000,0.000,0.00,0.000,0.000,0.00
43.1745,0.000,0.000,0.00,100.00,0.00,0.000,0.000,0.00,0.000,0.000,0.00,0.000,0.000,0.00,0.000,0.000,0.00,0.000,0.000,0.00,0.000,0.000,0.00,0.000,0.000,0.00,0.000,0.000,0.00,0.000,0.000,0.00,0.000,0.000,0.00,0.000,0.000,0.00,0.000,0.000,0.00,0.000,0.000,0.00,0.000,0.000,0.00,0.000,0.000,0.00,0.000,0.000,0.00,0.000,0.000,0.00,0.000,0.000,0.00,0.000,0.000,0.00,0.000,0.000,0.00,0.000,0.000,0.00,0.000,0.000,0.00,0.000,0.000,0.00,0.000,0.000,0.00,0.000,0.000,0.00,0.000,0.000,0.00,0.000,0.000,0.00,0.000,0.000,0.00,0.000,0.000,0.00,0.000,0.000,0.00
43.2765,0.000,0.000,0.00,100.00,0.00,0.000,0.000,0.00,0.000,0.000,0.00,0.000,0.000,0.00,0.000,0.000,0.00,0.000,0.000,0.00,0.000,0.000,0.00,0.000,0.000,0.00,0.000,0.000,0.00,0.000,0.000,0.00,0.000,0.000,0.00,0.000,0.000,0.00,0.000,0.000,0.00,0.000,0.000,0.00,0.000,0.000,0.00,0.000,0.000,0.00,0.000,0.000,0.00,0.000,0.000,0.00,0.000,0.000,0.00,0.000,0.000,0.00,0.000,0.000,0.00,0.000,0.000,0.00,0.000,0.000,0.00,0.000,0.000,0.00,0.000,0.000,0.00,0.000,0.000,0.00,0.000,0.000,0.00,0.000,0.000,0.00,0.000,0.000,0.00,0.000,0.000,0.00,0.000,0.000,0.00
43.3784,0.000,0.000,0.00,100.00,0.00,0.000,0.000,0.00,0.000,0.000,0.00,0.000,0.000,0.00,0.000,0.000,0.00,0.000,0.000,0.00,0.000,0.000,0.00,0.000,0.000,0.00,0.000,0.000,0.00,0.000,0.000,0.00,0.000,0.000,0.00,0.000,0.000,0.00,0.000,0.000,0.00,0.000,0.000,0.00,0.000,0.000,0.00,0.000,0.000,0.00,0.000,0.000,0.00,0.000,0.000,0.00,0.000,0.000,0.00,0.000,0.000,0.00,0.000,0.000,0.00,0.000,0.000,0.00,0.000,0.000,0.00,0.000,0.000,0.00,0.000,0.000,0.00,0.000,0.000,0.00,0.000,0.000,0.00,0.000,0.000,0.00,0.000,0.000,0.00,0.000,0.000,0.00,0.000,0.000,0.00
43.4805,0.000,0.000,0.00,100.00,0.00,0.000,0.000,0.00,0.000,0.000,0.00,0.000,0.000,0.00,0.000,0.000,0.00,0.000,0.000,0.00,0.000,0.000,0.00,0.000,0.000,0.00,0.000,0.000,0.00,0.000,0.000,0.00,0.000,0.000,0.00,0.000,0.000,0.00,0.000,0.000,0.00,0.000,0.000,0.00,0.000,0.000,0.00,0.000,0.000,0.00,0.000,0.000,0.00,0.000,0.000,0.00,0.000,0.000,0.00,0.000,0.000,0.00,0.000,0.000,0.00,0.000,0.000,0.00,0.000,0.000,0.00,0.000,0.000,0.00,0.000,0.000,0.00,0.000,0.000,0.00,0.000,0.000,0.00,0.000,0.000,0.00,0.000,0.000,0.00,0.000,0.000,0.00,0.000,0.000,0.00
43.5824,0.000,0.000,0.00,100.00,0.00,0.000,0.000,0.00,0.000,0.000,0.00,0.000,0.000,0.00,0.000,0.000,0.00,0.000,0.000,0.00,0.000,0.000,0.00,0.000,0.000,0.00,0.000,0.000,0.00,0.000,0.000,0.00,0.000,0.000,0.00,0.000,0.000,0.00,0.000,0.000,0.00,0.000,0.000,0.00,0.000,0.000,0.00,0.000,0.000,0.00,0.000,0.000,0.00,0.000,0.000,0.00,0.000,0.000,0.00,0.000,0.000,0.00,0.000,0.000,0.00,0.000,0.000,0.00,0.000,0.000,0.00,0.000,0.000,0.00,0.000,0.000,0.00,0.000,0.000,0.00,0.000,0.000,0.00,0.000,0.000,0.00,0.000,0.000,0.00,0.000,0.000,0.00,0.000,0.000,0.00
43.6844,0.000,0.000,0.00,100.00,0.00,0.000,0.000,0.00,0.000,0.000,0.00,0.000,0.000,0.00,0.000,0.000,0.00,0.000,0.000,0.00,0.000,0.000,0.00,0.000,0.000,0.00,0.000,0.000,0.00,0.000,0.000,0.00,0.000,0.000,0.00,0.000,0.000,0.00,0.000,0.000,0.00,0.000,0.000,0.00,0.000,0.000,0.00,0.000,0.000,0.00,0.000,0.000,0.00,0.000,0.000,0.00,0.000,0.000,0.00,0.000,0.000,0.00,0.000,0.000,0.00,0.000,0.000,0.00,0.000,0.000,0.00,0.000,0.000,0.00,0.000,0.000,0.00,0.000,0.000,0.00,0.000,0.000,0.00,0.000,0.000,0.00,0.000,0.000,0.00,0.000,0.000,0.00,0.000,0.000,0.00
43.7865,0.000,0.000,0.00,100.00,0.00,0.000,0.000,0.00,0.000,0.000,0.00,0.000,0.000,0.00,0.000,0.000,0.00,0.000,0.000,0.00,0.000,0.000,0.00,0.000,0.000,0.00,0.000,0.000,0.00,0.000,0.000,0.00,0.000,0.000,0.00,0.000,0.000,0.00,0.000,0.000,0.00,0.000,0.000,0.00,0.000,0.000,0.00,0.000,0.000,0.00,0.000,0.000,0.00,0.000,0.000,0.00,0.000,0.000,0.00,0.000,0.000,0.00,0.000,0.000,0.00,0.000,0.000,0.00,0.000,0.000,0.00,0.000,0.000,0.00,0.000,0.000,0.00,0.000,0.000,0.00,0.000,0.000,0.00,0.000,0.000,0.00,0.000,0.000,0.00,0.000,0.000,0.00,0.000,0.000,0.00
43.8885,0.000,0.000,0.00,100.00,0.00,0.000,0.000,0.00,0.000,0.000,0.00,0.000,0.000,0.00,0.000,0.000,0.00,0.000,0.000,0.00,0.000,0.000,0.00,0.000,0.000,0.00,0.000,0.000,0.00,0.000,0.000,0.00,0.000,0.000,0.00,0.000,0.000,0.00,0.000,0.000,0.00,0.000,0.000,0.00,0.000,0.000,0.00,0.000,0.000,0.00,0.000,0.000,0.00,0.000,0.000,0.00,0.000,0.000,0.00,0.000,0.000,0.00,0.000,0.000,0.00,0.000,0.000,0.00,0.000,0.000,0.00,0.000,0.000,0.00,0.000,0.000,0.00,0.000,0.000,0.00,0.000,0.000,0.00,0.000,0.000,0.00,0.000,0.000,0.00,0.000,0.000,0.00,0.000,0.000,0.00
43.9905,0.000,0.372,0.00,100.00,0.00,0.000,0.000,0.00,0.000,0.000,0.00,0.000,0.000,0.00,0.000,0.000,0.00,0.000,0.000,0.00,0.000,0.000,0.00,0.000,0.000,0.00,0.000,0.000,0.00,0.000,0.000,0.00,0.000,0.000,0.00,0.000,0.000,0.00,0.000,0.000,0.00,0.000,0.000,0.00,0.000,0.000,0.00,0.000,0.000,0.00,0.000,0.000,0.00,0.000,0.000,0.00,0.000,0.000,0.00,0.000,0.000,0.00,0.000,0.000,0.00,0.000,0.000,0.00,0.000,0.000,0.00,0.000,0.000,0.00,0.000,0.000,0.00,0.000,0.372,0.00,0.000,0.000,0.00,0.000,0.000,0.00,0.000,0.000,0.00,0.000,0.000,0.00,0.000,0.000,0.00
44.0924,0.000,0.000,0.00,100.00,0.00,0.000,0.000,0.00,0.000,0.000,0.00,0.000,0.000,0.00,0.000,0.000,0.00,0.000,0.000,0.00,0.000,0.000,0.00,0.000,0.000,0.00,0.000,0.000,0.00,0.000,0.000,0.00,0.000,0.000,0.00,0.000,0.000,0.00,0.000,0.000,0.00,0.000,0.000,0.00,0.000,0.000,0.00,0.000,0.000,0.00,0.000,0.000,0.00,0.000,0.000,0.00,0.000,0.000,0.00,0.000,0.000,0.00,0.000,0.000,0.00,0.000,0.000,0.00,0.000,0.000,0.00,0.000,0.000,0.00,0.000,0.000,0.00,0.000,0.000,0.00,0.000,0.000,0.00,0.000,0.000,0.00,0.000,0.000,0.00,0.000,0.000,0.00,0.000,0.000,0.00
44.1945,0.000,0.000,0.00,100.00,0.00,0.000,0.000,0.00,0.000,0.000,0.00,0.000,0.000,0.00,0.000,0.000,0.00,0.000,0.000,0.00,0.000,0.000,0.00,0.000,0.000,0.00,0.000,0.000,0.00,0.000,0.000,0.00,0.000,0.000,0.00,0.000,0.000,0.00,0.000,0.000,0.00,0.000,0.000,0.00,0.000,0.000,0.00,0.000,0.000,0.00,0.000,0.000,0.00,0.000,0.000,0.00,0.000,0.000,0.00,0.000,0.000,0.00,0.000,0.000,0.00,0.000,0.000,0.00,0.000,0.000,0.00,0.000,0.000,0.00,0.000,0.000,0.00,0.000,0.000,0.00,0.000,0.000,0.00,0.000,0.000,0.00,0.000,0.000,0.00,0.000,0.000,0.00,0.000,0.000,0.00
44.2964,0.000,0.000,0.00,100.00,0.00,0.000,0.000,0.00,0.000,0.000,0.00,0.000,0.000,0.00,0.000,0.000,0.00,0.000,0.000,0.00,0.000,0.000,0.00,0.000,0.000,0.00,0.000,0.000,0.00,0.000,0.000,0.00,0.000,0.000,0.00,0.000,0.000,0.00,0.000,0.000,0.00,0.000,0.000,0.00,0.000,0.000,0.00,0.000,0.000,0.00,0.000,0.000,0.00,0.000,0.000,0.00,0.000,0.000,0.00,0.000,0.000,0.00,0.000,0.000,0.00,0.000,0.000,0.00,0.000,0.000,0.00,0.000,0.000,0.00,0.000,0.000,0.00,0.000,0.000,0.00,0.000,0.000,0.00,0.000,0.000,0.00,0.000,0.000,0.00,0.000,0.000,0.00,0.000,0.000,0.00
44.3985,0.000,0.000,0.00,100.00,0.00,0.000,0.000,0.00,0.000,0.000,0.00,0.000,0.000,0.00,0.000,0.000,0.00,0.000,0.000,0.00,0.000,0.000,0.00,0.000,0.000,0.00,0.000,0.000,0.00,0.000,0.000,0.00,0.000,0.000,0.00,0.000,0.000,0.00,0.000,0.000,0.00,0.000,0.000,0.00,0.000,0.000,0.00,0.000,0.000,0.00,0.000,0.000,0.00,0.000,0.000,0.00,0.000,0.000,0.00,0.000,0.000,0.00,0.000,0.000,0.00,0.000,0.000,0.00,0.000,0.000,0.00,0.000,0.000,0.00,0.000,0.000,0.00,0.000,0.000,0.00,0.000,0.000,0.00,0.000,0.000,0.00,0.000,0.000,0.00,0.000,0.000,0.00,0.000,0.000,0.00
44.5077,0.000,0.000,0.00,100.00,0.00,0.000,0.000,0.00,0.000,0.000,0.00,0.000,0.000,0.00,0.000,0.000,0.00,0.000,0.000,0.00,0.000,0.000,0.00,0.000,0.000,0.00,0.000,0.000,0.00,0.000,0.000,0.00,0.000,0.000,0.00,0.000,0.000,0.00,0.000,0.000,0.00,0.000,0.000,0.00,0.000,0.000,0.00,0.000,0.000,0.00,0.000,0.000,0.00,0.000,0.000,0.00,0.000,0.000,0.00,0.000,0.000,0.00,0.000,0.000,0.00,0.000,0.000,0.00,0.000,0.000,0.00,0.000,0.000,0.00,0.000,0.000,0.00,0.000,0.000,0.00,0.000,0.000,0.00,0.000,0.000,0.00,0.000,0.000,0.00,0.000,0.000,0.00,0.000,0.000,0.00
44.6105,0.000,0.000,0.00,100.00,0.00,0.000,0.000,0.00,0.000,0.000,0.00,0.000,0.000,0.00,0.000,0.000,0.00,0.000,0.000,0.00,0.000,0.000,0.00,0.000,0.000,0.00,0.000,0.000,0.00,0.000,0.000,0.00,0.000,0.000,0.00,0.000,0.000,0.00,0.000,0.000,0.00,0.000,0.000,0.00,0.000,0.000,0.00,0.000,0.000,0.00,0.000,0.000,0.00,0.000,0.000,0.00,0.000,0.000,0.00,0.000,0.000,0.00,0.000,0.000,0.00,0.000,0.000,0.00,0.000,0.000,0.00,0.000,0.000,0.00,0.000,0.000,0.00,0.000,0.000,0.00,0.000,0.000,0.00,0.000,0.000,0.00,0.000,0.000,0.00,0.000,0.000,0.00,0.000,0.000,0.00
44.7125,0.000,0.000,0.00,100.00,0.00,0.000,0.000,0.00,0.000,0.000,0.00,0.000,0.000,0.00,0.000,0.000,0.00,0.000,0.000,0.00,0.000,0.000,0.00,0.000,0.000,0.00,0.000,0.000,0.00,0.000,0.000,0.00,0.000,0.000,0.00,0.000,0.000,0.00,0.000,0.000,0.00,0.000,0.000,0.00,0.000,0.000,0.00,0.000,0.000,0.00,0.000,0.000,0.00,0.000,0.000,0.00,0.000,0.000,0.00,0.000,0.000,0.00,0.000,0.000,0.00,0.000,0.000,0.00,0.000,0.000,0.00,0.000,0.000,0.00,0.000,0.000,0.00,0.000,0.000,0.00,0.000,0.000,0.00,0.000,0.000,0.00,0.000,0.000,0.00,0.000,0.000,0.00,0.000,0.000,0.00
44.8145,0.000,0.000,0.00,100.00,0.00,0.000,0.000,0.00,0.000,0.000,0.00,0.000,0.000,0.00,0.000,0.000,0.00,0.000,0.000,0.00,0.000,0.000,0.00,0.000,0.000,0.00,0.000,0.000,0.00,0.000,0.000,0.00,0.000,0.000,0.00,0.000,0.000,0.00,0.000,0.000,0.00,0.000,0.000,0.00,0.000,0.000,0.00,0.000,0.000,0.00,0.000,0.000,0.00,0.000,0.000,0.00,0.000,0.000,0.00,0.000,0.000,0.00,0.000,0.000,0.00,0.000,0.000,0.00,0.000,0.000,0.00,0.000,0.000,0.00,0.000,0.000,0.00,0.000,0.000,0.00,0.000,0.000,0.00,0.000,0.000,0.00,0.000,0.000,0.00,0.000,0.000,0.00,0.000,0.000,0.00
44.9164,0.000,0.000,0.00,100.00,0.00,0.000,0.000,0.00,0.000,0.000,0.00,0.000,0.000,0.00,0.000,0.000,0.00,0.000,0.000,0.00,0.000,0.000,0.00,0.000,0.000,0.00,0.000,0.000,0.00,0.000,0.000,0.00,0.000,0.000,0.00,0.000,0.000,0.00,0.000,0.000,0.00,0.000,0.000,0.00,0.000,0.000,0.00,0.000,0.000,0.00,0.000,0.000,0.00,0.000,0.000,0.00,0.000,0.000,0.00,0.000,0.000,0.00,0.000,0.000,0.00,0.000,0.000,0.00,0.000,0.000,0.00,0.000,0.000,0.00,0.000,0.000,0.00,0.000,0.000,0.00,0.000,0.000,0.00,0.000,0.000,0.00,0.000,0.000,0.00,0.000,0.000,0.00,0.000,0.000,0.00
45.0185,0.000,0.000,0.00,100.00,0.00,0.000,0.000,0.00,0.000,0.000,0.00,0.000,0.000,0.00,0.000,0.000,0.00,0.000,0.000,0.00,0.000,0.000,0.00,0.000,0.000,0.00,0.000,0.000,0.00,0.000,0.000,0.00,0.000,0.000,0.00,0.000,0.000,0.00,0.000,0.000,0.00,0.000,0.000,0.00,0.000,0.000,0.00,0.000,0.000,0.00,0.000,0.000,0.00,0.000,0.000,0.00,0.000,0.000,0.00,0.000,0.000,0.00,0.000,0.000,0.00,0.000,0.000,0.00,0.000,0.000,0.00,0.000,0.000,0.00,0.000,0.000,0.00,0.000,0.000,0.00,0.000,0.000,0.00,0.000,0.000,0.00,0.000,0.000,0.00,0.000,0.000,0.00,0.000,0.000,0.00
45.1205,0.000,0.000,0.00,100.00,0.00,0.000,0.000,0.00,0.000,0.000,0.00,0.000,0.000,0.00,0.000,0.000,0.00,0.000,0.000,0.00,0.000,0.000,0.00,0.000,0.000,0.00,0.000,0.000,0.00,0.000,0.000,0.00,0.000,0.000,0.00,0.000,0.000,0.00,0.000,0.000,0.00,0.000,0.000,0.00,0.000,0.000,0.00,0.000,0.000,0.00,0.000,0.000,0.00,0.000,0.000,0.00,0.000,0.000,0.00,0.000,0.000,0.00,0.000,0.000,0.00,0.000,0.000,0.00,0.000,0.000,0.00,0.000,0.000,0.00,0.000,0.000,0.00,0.000,0.000,0.00,0.000,0.000,0.00,0.000,0.000,0.00,0.000,0.000,0.00,0.000,0.000,0.00,0.000,0.000,0.00
45.2225,0.000,0.000,0.00,100.00,0.00,0.000,0.000,0.00,0.000,0.000,0.00,0.000,0.000,0.00,0.000,0.000,0.00,0.000,0.000,0.00,0.000,0.000,0.00,0.000,0.000,0.00,0.000,0.000,0.00,0.000,0.000,0.00,0.000,0.000,0.00,0.000,0.000,0.00,0.000,0.000,0.00,0.000,0.000,0.00,0.000,0.000,0.00,0.000,0.000,0.00,0.000,0.000,0.00,0.000,0.000,0.00,0.000,0.000,0.00,0.000,0.000,0.00,0.000,0.000,0.00,0.000,0.000,0.00,0.000,0.000,0.00,0.000,0.000,0.00,0.000,0.000,0.00,0.000,0.000,0.00,0.000,0.000,0.00,0.000,0.000,0.00,0.000,0.000,0.00,0.000,0.000,0.00,0.000,0.000,0.00
45.3244,0.000,0.000,0.00,100.00,0.00,0.000,0.000,0.00,0.000,0.000,0.00,0.000,0.000,0.00,0.000,0.000,0.00,0.000,0.000,0.00,0.000,0.000,0.00,0.000,0.000,0.00,0.000,0.000,0.00,0.000,0.000,0.00,0.000,0.000,0.00,0.000,0.000,0.00,0.000,0.000,0.00,0.000,0.000,0.00,0.000,0.000,0.00,0.000,0.000,0.00,0.000,0.000,0.00,0.000,0.000,0.00,0.000,0.000,0.00,0.000,0.000,0.00,0.000,0.000,0.00,0.000,0.000,0.00,0.000,0.000,0.00,0.000,0.000,0.00,0.000,0.000,0.00,0.000,0.000,0.00,0.000,0.000,0.00,0.000,0.000,0.00,0.000,0.000,0.00,0.000,0.000,0.00,0.000,0.000,0.00
45.4265,0.000,0.000,0.00,100.00,0.00,0.000,0.000,0.00,0.000,0.000,0.00,0.000,0.000,0.00,0.000,0.000,0.00,0.000,0.000,0.00,0.000,0.000,0.00,0.000,0.000,0.00,0.000,0.000,0.00,0.000,0.000,0.00,0.000,0.000,0.00,0.000,0.000,0.00,0.000,0.000,0.00,0.000,0.000,0.00,0.000,0.000,0.00,0.000,0.000,0.00,0.000,0.000,0.00,0.000,0.000,0.00,0.000,0.000,0.00,0.000,0.000,0.00,0.000,0.000,0.00,0.000,0.000,0.00,0.000,0.000,0.00,0.000,0.000,0.00,0.000,0.000,0.00,0.000,0.000,0.00,0.000,0.000,0.00,0.000,0.000,0.00,0.000,0.000,0.00,0.000,0.000,0.00,0.000,0.000,0.00
45.5285,0.000,0.000,0.00,100.00,0.00,0.000,0.000,0.00,0.000,0.000,0.00,0.000,0.000,0.00,0.000,0.000,0.00,0.000,0.000,0.00,0.000,0.000,0.00,0.000,0.000,0.00,0.000,0.000,0.00,0.000,0.000,0.00,0.000,0.000,0.00,0.000,0.000,0.00,0.000,0.000,0.00,0.000,0.000,0.00,0.000,0.000,0.00,0.000,0.000,0.00,0.000,0.000,0.00,0.000,0.000,0.00,0.000,0.000,0.00,0.000,0.000,0.00,0.000,0.000,0.00,0.000,0.000,0.00,0.000,0.000,0.00,0.000,0.000,0.00,0.000,0.000,0.00,0.000,0.000,0.00,0.000,0.000,0.00,0.000,0.000,0.00,0.000,0.000,0.00,0.000,0.000,0.00,0.000,0.000,0.00
45.6304,0.000,0.000,0.00,100.00,0.00,0.000,0.000,0.00,0.000,0.000,0.00,0.000,0.000,0.00,0.000,0.000,0.00,0.000,0.000,0.00,0.000,0.000,0.00,0.000,0.000,0.00,0.000,0.000,0.00,0.000,0.000,0.00,0.000,0.000,0.00,0.000,0.000,0.00,0.000,0.000,0.00,0.000,0.000,0.00,0.000,0.000,0.00,0.000,0.000,0.00,0.000,0.000,0.00,0.000,0.000,0.00,0.000,0.000,0.00,0.000,0.000,0.00,0.000,0.000,0.00,0.000,0.000,0.00,0.000,0.000,0.00,0.000,0.000,0.00,0.000,0.000,0.00,0.000,0.000,0.00,0.000,0.000,0.00,0.000,0.000,0.00,0.000,0.000,0.00,0.000,0.000,0.00,0.000,0.000,0.00
45.7324,0.000,0.000,0.00,100.00,0.00,0.000,0.000,0.00,0.000,0.000,0.00,0.000,0.000,0.00,0.000,0.000,0.00,0.000,0.000,0.00,0.000,0.000,0.00,0.000,0.000,0.00,0.000,0.000,0.00,0.000,0.000,0.00,0.000,0.000,0.00,0.000,0.000,0.00,0.000,0.000,0.00,0.000,0.000,0.00,0.000,0.000,0.00,0.000,0.000,0.00,0.000,0.000,0.00,0.000,0.000,0.00,0.000,0.000,0.00,0.000,0.000,0.00,0.000,0.000,0.00,0.000,0.000,0.00,0.000,0.000,0.00,0.000,0.000,0.00,0.000,0.000,0.00,0.000,0.000,0.00,0.000,0.000,0.00,0.000,0.000,0.00,0.000,0.000,0.00,0.000,0.000,0.00,0.000,0.000,0.00
45.8345,0.000,0.000,0.00,100.00,0.00,0.000,0.000,0.00,0.000,0.000,0.00,0.000,0.000,0.00,0.000,0.000,0.00,0.000,0.000,0.00,0.000,0.000,0.00,0.000,0.000,0.00,0.000,0.000,0.00,0.000,0.000,0.00,0.000,0.000,0.00,0.000,0.000,0.00,0.000,0.000,0.00,0.000,0.000,0.00,0.000,0.000,0.00,0.000,0.000,0.00,0.000,0.000,0.00,0.000,0.000,0.00,0.000,0.000,0.00,0.000,0.000,0.00,0.000,0.000,0.00,0.000,0.000,0.00,0.000,0.000,0.00,0.000,0.000,0.00,0.000,0.000,0.00,0.000,0.000,0.00,0.000,0.000,0.00,0.000,0.000,0.00,0.000,0.000,0.00,0.000,0.000,0.00,0.000,0.000,0.00
45.9364,0.000,0.000,0.00,100.00,0.00,0.000,0.000,0.00,0.000,0.000,0.00,0.000,0.000,0.00,0.000,0.000,0.00,0.000,0.000,0.00,0.000,0.000,0.00,0.000,0.000,0.00,0.000,0.000,0.00,0.000,0.000,0.00,0.000,0.000,0.00,0.000,0.000,0.00,0.000,0.000,0.00,0.000,0.000,0.00,0.000,0.000,0.00,0.000,0.000,0.00,0.000,0.000,0.00,0.000,0.000,0.00,0.000,0.000,0.00,0.000,0.000,0.00,0.000,0.000,0.00,0.000,0.000,0.00,0.000,0.000,0.00,0.000,0.000,0.00,0.000,0.000,0.00,0.000,0.000,0.00,0.000,0.000,0.00,0.000,0.000,0.00,0.000,0.000,0.00,0.000,0.000,0.00,0.000,0.000,0.00
46.0385,0.000,0.000,0.00,100.00,0.00,0.000,0.000,0.00,0.000,0.000,0.00,0.000,0.000,0.00,0.000,0.000,0.00,0.000,0.000,0.00,0.000,0.000,0.00,0.000,0.000,0.00,0.000,0.000,0.00,0.000,0.000,0.00,0.000,0.000,0.00,0.000,0.000,0.00,0.000,0.000,0.00,0.000,0.000,0.00,0.000,0.000,0.00,0.000,0.000,0.00,0.000,0.000,0.00,0.000,0.000,0.00,0.000,0.000,0.00,0.000,0.000,0.00,0.000,0.000,0.00,0.000,0.000,0.00,0.000,0.000,0.00,0.000,0.000,0.00,0.000,0.000,0.00,0.000,0.000,0.00,0.000,0.000,0.00,0.000,0.000,0.00,0.000,0.000,0.00,0.000,0.000,0.00,0.000,0.000,0.00
46.1405,0.000,0.000,0.00,100.00,0.00,0.000,0.000,0.00,0.000,0.000,0.00,0.000,0.000,0.00,0.000,0.000,0.00,0.000,0.000,0.00,0.000,0.000,0.00,0.000,0.000,0.00,0.000,0.000,0.00,0.000,0.000,0.00,0.000,0.000,0.00,0.000,0.000,0.00,0.000,0.000,0.00,0.000,0.000,0.00,0.000,0.000,0.00,0.000,0.000,0.00,0.000,0.000,0.00,0.000,0.000,0.00,0.000,0.000,0.00,0.000,0.000,0.00,0.000,0.000,0.00,0.000,0.000,0.00,0.000,0.000,0.00,0.000,0.000,0.00,0.000,0.000,0.00,0.000,0.000,0.00,0.000,0.000,0.00,0.000,0.000,0.00,0.000,0.000,0.00,0.000,0.000,0.00,0.000,0.000,0.00
46.2425,0.000,0.000,0.00,100.00,0.00,0.000,0.000,0.00,0.000,0.000,0.00,0.000,0.000,0.00,0.000,0.000,0.00,0.000,0.000,0.00,0.000,0.000,0.00,0.000,0.000,0.00,0.000,0.000,0.00,0.000,0.000,0.00,0.000,0.000,0.00,0.000,0.000,0.00,0.000,0.000,0.00,0.000,0.000,0.00,0.000,0.000,0.00,0.000,0.000,0.00,0.000,0.000,0.00,0.000,0.000,0.00,0.000,0.000,0.00,0.000,0.000,0.00,0.000,0.000,0.00,0.000,0.000,0.00,0.000,0.000,0.00,0.000,0.000,0.00,0.000,0.000,0.00,0.000,0.000,0.00,0.000,0.000,0.00,0.000,0.000,0.00,0.000,0.000,0.00,0.000,0.000,0.00,0.000,0.000,0.00
46.3445,0.000,0.000,0.00,100.00,0.00,0.000,0.000,0.00,0.000,0.000,0.00,0.000,0.000,0.00,0.000,0.000,0.00,0.000,0.000,0.00,0.000,0.000,0.00,0.000,0.000,0.00,0.000,0.000,0.00,0.000,0.000,0.00,0.000,0.000,0.00,0.000,0.000,0.00,0.000,0.000,0.00,0.000,0.000,0.00,0.000,0.000,0.00,0.000,0.000,0.00,0.000,0.000,0.00,0.000,0.000,0.00,0.000,0.000,0.00,0.000,0.000,0.00,0.000,0.000,0.00,0.000,0.000,0.00,0.000,0.000,0.00,0.000,0.000,0.00,0.000,0.000,0.00,0.000,0.000,0.00,0.000,0.000,0.00,0.000,0.000,0.00,0.000,0.000,0.00,0.000,0.000,0.00,0.000,0.000,0.00
46.4465,0.000,0.000,0.00,100.00,0.00,0.000,0.000,0.00,0.000,0.000,0.00,0.000,0.000,0.00,0.000,0.000,0.00,0.000,0.000,0.00,0.000,0.000,0.00,0.000,0.000,0.00,0.000,0.000,0.00,0.000,0.000,0.00,0.000,0.000,0.00,0.000,0.000,0.00,0.000,0.000,0.00,0.000,0.000,0.00,0.000,0.000,0.00,0.000,0.000,0.00,0.000,0.000,0.00,0.000,0.000,0.00,0.000,0.000,0.00,0.000,0.000,0.00,0.000,0.000,0.00,0.000,0.000,0.00,0.000,0.000,0.00,0.000,0.000,0.00,0.000,0.000,0.00,0.000,0.000,0.00,0.000,0.000,0.00,0.000,0.000,0.00,0.000,0.000,0.00,0.000,0.000,0.00,0.000,0.000,0.00
46.5484,0.000,1.250,0.07,100.00,0.00,0.000,0.000,0.00,0.000,0.000,0.00,0.000,0.000,0.00,0.000,0.000,0.00,0.000,0.000,0.00,0.000,0.000,0.00,0.000,0.000,0.00,0.000,0.000,0.00,0.000,0.000,0.00,0.000,0.000,0.00,0.000,0.000,0.00,0.000,0.000,0.00,0.000,0.000,0.00,0.000,0.000,0.00,0.000,0.000,0.00,0.000,0.000,0.00,0.000,0.000,0.00,0.000,0.000,0.00,0.000,0.000,0.00,0.000,0.000,0.00,0.000,0.000,0.00,0.000,0.000,0.00,0.000,1.250,1.96,0.000,0.000,0.00,0.000,0.000,0.00,0.000,0.000,0.00,0.000,0.000,0.00,0.000,0.000,0.00,0.000,0.000,0.00,0.000,0.000,0.00
46.6505,0.000,0.000,0.00,100.00,0.00,0.000,0.000,0.00,0.000,0.000,0.00,0.000,0.000,0.00,0.000,0.000,0.00,0.000,0.000,0.00,0.000,0.000,0.00,0.000,0.000,0.00,0.000,0.000,0.00,0.000,0.000,0.00,0.000,0.000,0.00,0.000,0.000,0.00,0.000,0.000,0.00,0.000,0.000,0.00,0.000,0.000,0.00,0.000,0.000,0.00,0.000,0.000,0.00,0.000,0.000,0.00,0.000,0.000,0.00,0.000,0.000,0.00,0.000,0.000,0.00,0.000,0.000,0.00,0.000,0.000,0.00,0.000,0.000,0.00,0.000,0.000,0.00,0.000,0.000,0.00,0.000,0.000,0.00,0.000,0.000,0.00,0.000,0.000,0.00,0.000,0.000,0.00,0.000,0.000,0.00
46.7525,0.000,0.000,0.00,100.00,0.00,0.000,0.000,0.00,0.000,0.000,0.00,0.000,0.000,0.00,0.000,0.000,0.00,0.000,0.000,0.00,0.000,0.000,0.00,0.000,0.000,0.00,0.000,0.000,0.00,0.000,0.000,0.00,0.000,0.000,0.00,0.000,0.000,0.00,0.000,0.000,0.00,0.000,0.000,0.00,0.000,0.000,0.00,0.000,0.000,0.00,0.000,0.000,0.00,0.000,0.000,0.00,0.000,0.000,0.00,0.000,0.000,0.00,0.000,0.000,0.00,0.000,0.000,0.00,0.000,0.000,0.00,0.000,0.000,0.00,0.000,0.000,0.00,0.000,0.000,0.00,0.000,0.000,0.00,0.000,0.000,0.00,0.000,0.000,0.00,0.000,0.000,0.00,0.000,0.000,0.00
46.8544,0.000,0.000,0.00,100.00,0.00,0.000,0.000,0.00,0.000,0.000,0.00,0.000,0.000,0.00,0.000,0.000,0.00,0.000,0.000,0.00,0.000,0.000,0.00,0.000,0.000,0.00,0.000,0.000,0.00,0.000,0.000,0.00,0.000,0.000,0.00,0.000,0.000,0.00,0.000,0.000,0.00,0.000,0.000,0.00,0.000,0.000,0.00,0.000,0.000,0.00,0.000,0.000,0.00,0.000,0.000,0.00,0.000,0.000,0.00,0.000,0.000,0.00,0.000,0.000,0.00,0.000,0.000,0.00,0.000,0.000,0.00,0.000,0.000,0.00,0.000,0.000,0.00,0.000,0.000,0.00,0.000,0.000,0.00,0.000,0.000,0.00,0.000,0.000,0.00,0.000,0.000,0.00,0.000,0.000,0.00
46.9564,0.000,0.000,0.00,100.00,0.00,0.000,0.000,0.00,0.000,0.000,0.00,0.000,0.000,0.00,0.000,0.000,0.00,0.000,0.000,0.00,0.000,0.000,0.00,0.000,0.000,0.00,0.000,0.000,0.00,0.000,0.000,0.00,0.000,0.000,0.00,0.000,0.000,0.00,0.000,0.000,0.00,0.000,0.000,0.00,0.000,0.000,0.00,0.000,0.000,0.00,0.000,0.000,0.00,0.000,0.000,0.00,0.000,0.000,0.00,0.000,0.000,0.00,0.000,0.000,0.00,0.000,0.000,0.00,0.000,0.000,0.00,0.000,0.000,0.00,0.000,0.000,0.00,0.000,0.000,0.00,0.000,0.000,0.00,0.000,0.000,0.00,0.000,0.000,0.00,0.000,0.000,0.00,0.000,0.000,0.00
47.0585,0.000,0.371,0.00,100.00,0.00,0.000,0.000,0.00,0.000,0.000,0.00,0.000,0.000,0.00,0.000,0.000,0.00,0.000,0.000,0.00,0.000,0.000,0.00,0.000,0.000,0.00,0.000,0.000,0.00,0.000,0.000,0.00,0.000,0.000,0.00,0.000,0.000,0.00,0.000,0.000,0.00,0.000,0.000,0.00,0.000,0.000,0.00,0.000,0.000,0.00,0.000,0.000,0.00,0.000,0.000,0.00,0.000,0.000,0.00,0.000,0.000,0.00,0.000,0.000,0.00,0.000,0.000,0.00,0.000,0.000,0.00,0.000,0.000,0.00,0.000,0.371,0.00,0.000,0.000,0.00,0.000,0.000,0.00,0.000,0.000,0.00,0.000,0.000,0.00,0.000,0.000,0.00,0.000,0.000,0.00
47.1605,0.000,0.000,0.00,100.00,0.00,0.000,0.000,0.00,0.000,0.000,0.00,0.000,0.000,0.00,0.000,0.000,0.00,0.000,0.000,0.00,0.000,0.000,0.00,0.000,0.000,0.00,0.000,0.000,0.00,0.000,0.000,0.00,0.000,0.000,0.00,0.000,0.000,0.00,0.000,0.000,0.00,0.000,0.000,0.00,0.000,0.000,0.00,0.000,0.000,0.00,0.000,0.000,0.00,0.000,0.000,0.00,0.000,0.000,0.00,0.000,0.000,0.00,0.000,0.000,0.00,0.000,0.000,0.00,0.000,0.000,0.00,0.000,0.000,0.00,0.000,0.000,0.00,0.000,0.000,0.00,0.000,0.000,0.00,0.000,0.000,0.00,0.000,0.000,0.00,0.000,0.000,0.00,0.000,0.000,0.00
47.2625,0.000,0.000,0.00,100.00,0.00,0.000,0.000,0.00,0.000,0.000,0.00,0.000,0.000,0.00,0.000,0.000,0.00,0.000,0.000,0.00,0.000,0.000,0.00,0.000,0.000,0.00,0.000,0.000,0.00,0.000,0.000,0.00,0.000,0.000,0.00,0.000,0.000,0.00,0.000,0.000,0.00,0.000,0.000,0.00,0.000,0.000,0.00,0.000,0.000,0.00,0.000,0.000,0.00,0.000,0.000,0.00,0.000,0.000,0.00,0.000,0.000,0.00,0.000,0.000,0.00,0.000,0.000,0.00,0.000,0.000,0.00,0.000,0.000,0.00,0.000,0.000,0.00,0.000,0.000,0.00,0.000,0.000,0.00,0.000,0.000,0.00,0.000,0.000,0.00,0.000,0.000,0.00,0.000,0.000,0.00
47.3645,0.000,0.000,0.00,100.00,0.00,0.000,0.000,0.00,0.000,0.000,0.00,0.000,0.000,0.00,0.000,0.000,0.00,0.000,0.000,0.00,0.000,0.000,0.00,0.000,0.000,0.00,0.000,0.000,0.00,0.000,0.000,0.00,0.000,0.000,0.00,0.000,0.000,0.00,0.000,0.000,0.00,0.000,0.000,0.00,0.000,0.000,0.00,0.000,0.000,0.00,0.000,0.000,0.00,0.000,0.000,0.00,0.000,0.000,0.00,0.000,0.000,0.00,0.000,0.000,0.00,0.000,0.000,0.00,0.000,0.000,0.00,0.000,0.000,0.00,0.000,0.000,0.00,0.000,0.000,0.00,0.000,0.000,0.00,0.000,0.000,0.00,0.000,0.000,0.00,0.000,0.000,0.00,0.000,0.000,0.00
47.4665,0.000,0.000,0.00,100.00,0.00,0.000,0.000,0.00,0.000,0.000,0.00,0.000,0.000,0.00,0.000,0.000,0.00,0.000,0.000,0.00,0.000,0.000,0.00,0.000,0.000,0.00,0.000,0.000,0.00,0.000,0.000,0.00,0.000,0.000,0.00,0.000,0.000,0.00,0.000,0.000,0.00,0.000,0.000,0.00,0.000,0.000,0.00,0.000,0.000,0.00,0.000,0.000,0.00,0.000,0.000,0.00,0.000,0.000,0.00,0.000,0.000,0.00,0.000,0.000,0.00,0.000,0.000,0.00,0.000,0.000,0.00,0.000,0.000,0.00,0.000,0.000,0.00,0.000,0.000,0.00,0.000,0.000,0.00,0.000,0.000,0.00,0.000,0.000,0.00,0.000,0.000,0.00,0.000,0.000,0.00
47.5685,0.000,0.000,0.00,100.00,0.00,0.000,0.000,0.00,0.000,0.000,0.00,0.000,0.000,0.00,0.000,0.000,0.00,0.000,0.000,0.00,0.000,0.000,0.00,0.000,0.000,0.00,0.000,0.000,0.00,0.000,0.000,0.00,0.000,0.000,0.00,0.000,0.000,0.00,0.000,0.000,0.00,0.000,0.000,0.00,0.000,0.000,0.00,0.000,0.000,0.00,0.000,0.000,0.00,0.000,0.000,0.00,0.000,0.000,0.00,0.000,0.000,0.00,0.000,0.000,0.00,0.000,0.000,0.00,0.000,0.000,0.00,0.000,0.000,0.00,0.000,0.000,0.00,0.000,0.000,0.00,0.000,0.000,0.00,0.000,0.000,0.00,0.000,0.000,0.00,0.000,0.000,0.00,0.000,0.000,0.00
47.6715,0.000,0.000,0.00,100.00,0.00,0.000,0.000,0.00,0.000,0.000,0.00,0.000,0.000,0.00,0.000,0.000,0.00,0.000,0.000,0.00,0.000,0.000,0.00,0.000,0.000,0.00,0.000,0.000,0.00,0.000,0.000,0.00,0.000,0.000,0.00,0.000,0.000,0.00,0.000,0.000,0.00,0.000,0.000,0.00,0.000,0.000,0.00,0.000,0.000,0.00,0.000,0.000,0.00,0.000,0.000,0.00,0.000,0.000,0.00,0.000,0.000,0.00,0.000,0.000,0.00,0.000,0.000,0.00,0.000,0.000,0.00,0.000,0.000,0.00,0.000,0.000,0.00,0.000,0.000,0.00,0.000,0.000,0.00,0.000,0.000,0.00,0.000,0.000,0.00,0.000,0.000,0.00,0.000,0.000,0.00
47.7734,0.000,0.000,0.00,100.00,0.00,0.000,0.000,0.00,0.000,0.000,0.00,0.000,0.000,0.00,0.000,0.000,0.00,0.000,0.000,0.00,0.000,0.000,0.00,0.000,0.000,0.00,0.000,0.000,0.00,0.000,0.000,0.00,0.000,0.000,0.00,0.000,0.000,0.00,0.000,0.000,0.00,0.000,0.000,0.00,0.000,0.000,0.00,0.000,0.000,0.00,0.000,0.000,0.00,0.000,0.000,0.00,0.000,0.000,0.00,0.000,0.000,0.00,0.000,0.000,0.00,0.000,0.000,0.00,0.000,0.000,0.00,0.000,0.000,0.00,0.000,0.000,0.00,0.000,0.000,0.00,0.000,0.000,0.00,0.000,0.000,0.00,0.000,0.000,0.00,0.000,0.000,0.00,0.000,0.000,0.00
47.8755,0.000,0.000,0.00,100.00,0.00,0.000,0.000,0.00,0.000,0.000,0.00,0.000,0.000,0.00,0.000,0.000,0.00,0.000,0.000,0.00,0.000,0.000,0.00,0.000,0.000,0.00,0.000,0.000,0.00,0.000,0.000,0.00,0.000,0.000,0.00,0.000,0.000,0.00,0.000,0.000,0.00,0.000,0.000,0.00,0.000,0.000,0.00,0.000,0.000,0.00,0.000,0.000,0.00,0.000,0.000,0.00,0.000,0.000,0.00,0.000,0.000,0.00,0.000,0.000,0.00,0.000,0.000,0.00,0.000,0.000,0.00,0.000,0.000,0.00,0.000,0.000,0.00,0.000,0.000,0.00,0.000,0.000,0.00,0.000,0.000,0.00,0.000,0.000,0.00,0.000,0.000,0.00,0.000,0.000,0.00
47.9774,0.000,0.000,0.00,100.00,0.00,0.000,0.000,0.00,0.000,0.000,0.00,0.000,0.000,0.00,0.000,0.000,0.00,0.000,0.000,0.00,0.000,0.000,0.00,0.000,0.000,0.00,0.000,0.000,0.00,0.000,0.000,0.00,0.000,0.000,0.00,0.000,0.000,0.00,0.000,0.000,0.00,0.000,0.000,0.00,0.000,0.000,0.00,0.000,0.000,0.00,0.000,0.000,0.00,0.000,0.000,0.00,0.000,0.000,0.00,0.000,0.000,0.00,0.000,0.000,0.00,0.000,0.000,0.00,0.000,0.000,0.00,0.000,0.000,0.00,0.000,0.000,0.00,0.000,0.000,0.00,0.000,0.000,0.00,0.000,0.000,0.00,0.000,0.000,0.00,0.000,0.000,0.00,0.000,0.000,0.00
48.0794,0.000,0.000,0.00,100.00,0.00,0.000,0.000,0.00,0.000,0.000,0.00,0.000,0.000,0.00,0.000,0.000,0.00,0.000,0.000,0.00,0.000,0.000,0.00,0.000,0.000,0.00,0.000,0.000,0.00,0.000,0.000,0.00,0.000,0.000,0.00,0.000,0.000,0.00,0.000,0.000,0.00,0.000,0.000,0.00,0.000,0.000,0.00,0.000,0.000,0.00,0.000,0.000,0.00,0.000,0.000,0.00,0.000,0.000,0.00,0.000,0.000,0.00,0.000,0.000,0.00,0.000,0.000,0.00,0.000,0.000,0.00,0.000,0.000,0.00,0.000,0.000,0.00,0.000,0.000,0.00,0.000,0.000,0.00,0.000,0.000,0.00,0.000,0.000,0.00,0.000,0.000,0.00,0.000,0.000,0.00
48.1815,0.000,0.000,0.00,100.00,0.00,0.000,0.000,0.00,0.000,0.000,0.00,0.000,0.000,0.00,0.000,0.000,0.00,0.000,0.000,0.00,0.000,0.000,0.00,0.000,0.000,0.00,0.000,0.000,0.00,0.000,0.000,0.00,0.000,0.000,0.00,0.000,0.000,0.00,0.000,0.000,0.00,0.000,0.000,0.00,0.000,0.000,0.00,0.000,0.000,0.00,0.000,0.000,0.00,0.000,0.000,0.00,0.000,0.000,0.00,0.000,0.000,0.00,0.000,0.000,0.00,0.000,0.000,0.00,0.000,0.000,0.00,0.000,0.000,0.00,0.000,0.000,0.00,0.000,0.000,0.00,0.000,0.000,0.00,0.000,0.000,0.00,0.000,0.000,0.00,0.000,0.000,0.00,0.000,0.000,0.00
48.2834,0.000,0.000,0.00,100.00,0.00,0.000,0.000,0.00,0.000,0.000,0.00,0.000,0.000,0.00,0.000,0.000,0.00,0.000,0.000,0.00,0.000,0.000,0.00,0.000,0.000,0.00,0.000,0.000,0.00,0.000,0.000,0.00,0.000,0.000,0.00,0.000,0.000,0.00,0.000,0.000,0.00,0.000,0.000,0.00,0.000,0.000,0.00,0.000,0.000,0.00,0.000,0.000,0.00,0.000,0.000,0.00,0.000,0.000,0.00,0.000,0.000,0.00,0.000,0.000,0.00,0.000,0.000,0.00,0.000,0.000,0.00,0.000,0.000,0.00,0.000,0.000,0.00,0.000,0.000,0.00,0.000,0.000,0.00,0.000,0.000,0.00,0.000,0.000,0.00,0.000,0.000,0.00,0.000,0.000,0.00
48.3855,0.000,0.000,0.00,100.00,0.00,0.000,0.000,0.00,0.000,0.000,0.00,0.000,0.000,0.00,0.000,0.000,0.00,0.000,0.000,0.00,0.000,0.000,0.00,0.000,0.000,0.00,0.000,0.000,0.00,0.000,0.000,0.00,0.000,0.000,0.00,0.000,0.000,0.00,0.000,0.000,0.00,0.000,0.000,0.00,0.000,0.000,0.00,0.000,0.000,0.00,0.000,0.000,0.00,0.000,0.000,0.00,0.000,0.000,0.00,0.000,0.000,0.00,0.000,0.000,0.00,0.000,0.000,0.00,0.000,0.000,0.00,0.000,0.000,0.00,0.000,0.000,0.00,0.000,0.000,0.00,0.000,0.000,0.00,0.000,0.000,0.00,0.000,0.000,0.00,0.000,0.000,0.00,0.000,0.000,0.00
48.4875,0.000,0.000,0.00,100.00,0.00,0.000,0.000,0.00,0.000,0.000,0.00,0.000,0.000,0.00,0.000,0.000,0.00,0.000,0.000,0.00,0.000,0.000,0.00,0.000,0.000,0.00,0.000,0.000,0.00,0.000,0.000,0.00,0.000,0.000,0.00,0.000,0.000,0.00,0.000,0.000,0.00,0.000,0.000,0.00,0.000,0.000,0.00,0.000,0.000,0.00,0.000,0.000,0.00,0.000,0.000,0.00,0.000,0.000,0.00,0.000,0.000,0.00,0.000,0.000,0.00,0.000,0.000,0.00,0.000,0.000,0.00,0.000,0.000,0.00,0.000,0.000,0.00,0.000,0.000,0.00,0.000,0.000,0.00,0.000,0.000,0.00,0.000,0.000,0.00,0.000,0.000,0.00,0.000,0.000,0.00
48.5895,0.000,0.000,0.00,100.00,0.00,0.000,0.000,0.00,0.000,0.000,0.00,0.000,0.000,0.00,0.000,0.000,0.00,0.000,0.000,0.00,0.000,0.000,0.00,0.000,0.000,0.00,0.000,0.000,0.00,0.000,0.000,0.00,0.000,0.000,0.00,0.000,0.000,0.00,0.000,0.000,0.00,0.000,0.000,0.00,0.000,0.000,0.00,0.000,0.000,0.00,0.000,0.000,0.00,0.000,0.000,0.00,0.000,0.000,0.00,0.000,0.000,0.00,0.000,0.000,0.00,0.000,0.000,0.00,0.000,0.000,0.00,0.000,0.000,0.00,0.000,0.000,0.00,0.000,0.000,0.00,0.000,0.000,0.00,0.000,0.000,0.00,0.000,0.000,0.00,0.000,0.000,0.00,0.000,0.000,0.00
48.6915,0.000,0.372,0.00,100.00,0.00,0.000,0.000,0.00,0.000,0.000,0.00,0.000,0.000,0.00,0.000,0.000,0.00,0.000,0.000,0.00,0.000,0.000,0.00,0.000,0.000,0.00,0.000,0.000,0.00,0.000,0.000,0.00,0.000,0.000,0.00,0.000,0.000,0.00,0.000,0.000,0.00,0.000,0.000,0.00,0.000,0.000,0.00,0.000,0.000,0.00,0.000,0.000,0.00,0.000,0.372,0.00,0.000,0.000,0.00,0.000,0.000,0.00,0.000,0.000,0.00,0.000,0.000,0.00,0.000,0.000,0.00,0.000,0.000,0.00,0.000,0.000,0.00,0.000,0.000,0.00,0.000,0.000,0.00,0.000,0.000,0.00,0.000,0.000,0.00,0.000,0.000,0.00,0.000,0.000,0.00
48.7935,0.000,0.000,0.00,100.00,0.00,0.000,0.000,0.00,0.000,0.000,0.00,0.000,0.000,0.00,0.000,0.000,0.00,0.000,0.000,0.00,0.000,0.000,0.00,0.000,0.000,0.00,0.000,0.000,0.00,0.000,0.000,0.00,0.000,0.000,0.00,0.000,0.000,0.00,0.000,0.000,0.00,0.000,0.000,0.00,0.000,0.000,0.00,0.000,0.000,0.00,0.000,0.000,0.00,0.000,0.000,0.00,0.000,0.000,0.00,0.000,0.000,0.00,0.000,0.000,0.00,0.000,0.000,0.00,0.000,0.000,0.00,0.000,0.000,0.00,0.000,0.000,0.00,0.000,0.000,0.00,0.000,0.000,0.00,0.000,0.000,0.00,0.000,0.000,0.00,0.000,0.000,0.00,0.000,0.000,0.00
48.8955,0.000,0.000,0.00,100.00,0.00,0.000,0.000,0.00,0.000,0.000,0.00,0.000,0.000,0.00,0.000,0.000,0.00,0.000,0.000,0.00,0.000,0.000,0.00,0.000,0.000,0.00,0.000,0.000,0.00,0.000,0.000,0.00,0.000,0.000,0.00,0.000,0.000,0.00,0.000,0.000,0.00,0.000,0.000,0.00,0.000,0.000,0.00,0.000,0.000,0.00,0.000,0.000,0.00,0.000,0.000,0.00,0.000,0.000,0.00,0.000,0.000,0.00,0.000,0.000,0.00,0.000,0.000,0.00,0.000,0.000,0.00,0.000,0.000,0.00,0.000,0.000,0.00,0.000,0.000,0.00,0.000,0.000,0.00,0.000,0.000,0.00,0.000,0.000,0.00,0.000,0.000,0.00,0.000,0.000,0.00
48.9975,0.000,0.000,0.00,100.00,0.00,0.000,0.000,0.00,0.000,0.000,0.00,0.000,0.000,0.00,0.000,0.000,0.00,0.000,0.000,0.00,0.000,0.000,0.00,0.000,0.000,0.00,0.000,0.000,0.00,0.000,0.000,0.00,0.000,0.000,0.00,0.000,0.000,0.00,0.000,0.000,0.00,0.000,0.000,0.00,0.000,0.000,0.00,0.000,0.000,0.00,0.000,0.000,0.00,0.000,0.000,0.00,0.000,0.000,0.00,0.000,0.000,0.00,0.000,0.000,0.00,0.000,0.000,0.00,0.000,0.000,0.00,0.000,0.000,0.00,0.000,0.000,0.00,0.000,0.000,0.00,0.000,0.000,0.00,0.000,0.000,0.00,0.000,0.000,0.00,0.000,0.000,0.00,0.000,0.000,0.00
49.0995,0.000,0.000,0.00,100.00,0.00,0.000,0.000,0.00,0.000,0.000,0.00,0.000,0.000,0.00,0.000,0.000,0.00,0.000,0.000,0.00,0.000,0.000,0.00,0.000,0.000,0.00,0.000,0.000,0.00,0.000,0.000,0.00,0.000,0.000,0.00,0.000,0.000,0.00,0.000,0.000,0.00,0.000,0.000,0.00,0.000,0.000,0.00,0.000,0.000,0.00,0.000,0.000,0.00,0.000,0.000,0.00,0.000,0.000,0.00,0.000,0.000,0.00,0.000,0.000,0.00,0.000,0.000,0.00,0.000,0.000,0.00,0.000,0.000,0.00,0.000,0.000,0.00,0.000,0.000,0.00,0.000,0.000,0.00,0.000,0.000,0.00,0.000,0.000,0.00,0.000,0.000,0.00,0.000,0.000,0.00
49.2024,0.000,0.000,0.00,100.00,0.00,0.000,0.000,0.00,0.000,0.000,0.00,0.000,0.000,0.00,0.000,0.000,0.00,0.000,0.000,0.00,0.000,0.000,0.00,0.000,0.000,0.00,0.000,0.000,0.00,0.000,0.000,0.00,0.000,0.000,0.00,0.000,0.000,0.00,0.000,0.000,0.00,0.000,0.000,0.00,0.000,0.000,0.00,0.000,0.000,0.00,0.000,0.000,0.00,0.000,0.000,0.00,0.000,0.000,0.00,0.000,0.000,0.00,0.000,0.000,0.00,0.000,0.000,0.00,0.000,0.000,0.00,0.000,0.000,0.00,0.000,0.000,0.00,0.000,0.000,0.00,0.000,0.000,0.00,0.000,0.000,0.00,0.000,0.000,0.00,0.000,0.000,0.00,0.000,0.000,0.00
49.3045,0.000,0.000,0.00,100.00,0.00,0.000,0.000,0.00,0.000,0.000,0.00,0.000,0.000,0.00,0.000,0.000,0.00,0.000,0.000,0.00,0.000,0.000,0.00,0.000,0.000,0.00,0.000,0.000,0.00,0.000,0.000,0.00,0.000,0.000,0.00,0.000,0.000,0.00,0.000,0.000,0.00,0.000,0.000,0.00,0.000,0.000,0.00,0.000,0.000,0.00,0.000,0.000,0.00,0.000,0.000,0.00,0.000,0.000,0.00,0.000,0.000,0.00,0.000,0.000,0.00,0.000,0.000,0.00,0.000,0.000,0.00,0.000,0.000,0.00,0.000,0.000,0.00,0.000,0.000,0.00,0.000,0.000,0.00,0.000,0.000,0.00,0.000,0.000,0.00,0.000,0.000,0.00,0.000,0.000,0.00
49.4065,0.000,0.000,0.00,100.00,0.00,0.000,0.000,0.00,0.000,0.000,0.00,0.000,0.000,0.00,0.000,0.000,0.00,0.000,0.000,0.00,0.000,0.000,0.00,0.000,0.000,0.00,0.000,0.000,0.00,0.000,0.000,0.00,0.000,0.000,0.00,0.000,0.000,0.00,0.000,0.000,0.00,0.000,0.000,0.00,0.000,0.000,0.00,0.000,0.000,0.00,0.000,0.000,0.00,0.000,0.000,0.00,0.000,0.000,0.00,0.000,0.000,0.00,0.000,0.000,0.00,0.000,0.000,0.00,0.000,0.000,0.00,0.000,0.000,0.00,0.000,0.000,0.00,0.000,0.000,0.00,0.000,0.000,0.00,0.000,0.000,0.00,0.000,0.000,0.00,0.000,0.000,0.00,0.000,0.000,0.00
49.5084,0.000,0.000,0.00,100.00,0.00,0.000,0.000,0.00,0.000,0.000,0.00,0.000,0.000,0.00,0.000,0.000,0.00,0.000,0.000,0.00,0.000,0.000,0.00,0.000,0.000,0.00,0.000,0.000,0.00,0.000,0.000,0.00,0.000,0.000,0.00,0.000,0.000,0.00,0.000,0.000,0.00,0.000,0.000,0.00,0.000,0.000,0.00,0.000,0.000,0.00,0.000,0.000,0.00,0.000,0.000,0.00,0.000,0.000,0.00,0.000,0.000,0.00,0.000,0.000,0.00,0.000,0.000,0.00,0.000,0.000,0.00,0.000,0.000,0.00,0.000,0.000,0.00,0.000,0.000,0.00,0.000,0.000,0.00,0.000,0.000,0.00,0.000,0.000,0.00,0.000,0.000,0.00,0.000,0.000,0.00
49.6105,0.000,0.000,0.00,100.00,0.00,0.000,0.000,0.00,0.000,0.000,0.00,0.000,0.000,0.00,0.000,0.000,0.00,0.000,0.000,0.00,0.000,0.000,0.00,0.000,0.000,0.00,0.000,0.000,0.00,0.000,0.000,0.00,0.000,0.000,0.00,0.000,0.000,0.00,0.000,0.000,0.00,0.000,0.000,0.00,0.000,0.000,0.00,0.000,0.000,0.00,0.000,0.000,0.00,0.000,0.000,0.00,0.000,0.000,0.00,0.000,0.000,0.00,0.000,0.000,0.00,0.000,0.000,0.00,0.000,0.000,0.00,0.000,0.000,0.00,0.000,0.000,0.00,0.000,0.000,0.00,0.000,0.000,0.00,0.000,0.000,0.00,0.000,0.000,0.00,0.000,0.000,0.00,0.000,0.000,0.00
49.7124,0.000,0.000,0.00,100.00,0.00,0.000,0.000,0.00,0.000,0.000,0.00,0.000,0.000,0.00,0.000,0.000,0.00,0.000,0.000,0.00,0.000,0.000,0.00,0.000,0.000,0.00,0.000,0.000,0.00,0.000,0.000,0.00,0.000,0.000,0.00,0.000,0.000,0.00,0.000,0.000,0.00,0.000,0.000,0.00,0.000,0.000,0.00,0.000,0.000,0.00,0.000,0.000,0.00,0.000,0.000,0.00,0.000,0.000,0.00,0.000,0.000,0.00,0.000,0.000,0.00,0.000,0.000,0.00,0.000,0.000,0.00,0.000,0.000,0.00,0.000,0.000,0.00,0.000,0.000,0.00,0.000,0.000,0.00,0.000,0.000,0.00,0.000,0.000,0.00,0.000,0.000,0.00,0.000,0.000,0.00
49.8145,0.000,0.000,0.00,100.00,0.00,0.000,0.000,0.00,0.000,0.000,0.00,0.000,0.000,0.00,0.000,0.000,0.00,0.000,0.000,0.00,0.000,0.000,0.00,0.000,0.000,0.00,0.000,0.000,0.00,0.000,0.000,0.00,0.000,0.000,0.00,0.000,0.000,0.00,0.000,0.000,0.00,0.000,0.000,0.00,0.000,0.000,0.00,0.000,0.000,0.00,0.000,0.000,0.00,0.000,0.000,0.00,0.000,0.000,0.00,0.000,0.000,0.00,0.000,0.000,0.00,0.000,0.000,0.00,0.000,0.000,0.00,0.000,0.000,0.00,0.000,0.000,0.00,0.000,0.000,0.00,0.000,0.000,0.00,0.000,0.000,0.00,0.000,0.000,0.00,0.000,0.000,0.00,0.000,0.000,0.00
49.9165,0.000,0.000,0.00,100.00,0.00,0.000,0.000,0.00,0.000,0.000,0.00,0.000,0.000,0.00,0.000,0.000,0.00,0.000,0.000,0.00,0.000,0.000,0.00,0.000,0.000,0.00,0.000,0.000,0.00,0.000,0.000,0.00,0.000,0.000,0.00,0.000,0.000,0.00,0.000,0.000,0.00,0.000,0.000,0.00,0.000,0.000,0.00,0.000,0.000,0.00,0.000,0.000,0.00,0.000,0.000,0.00,0.000,0.000,0.00,0.000,0.000,0.00,0.000,0.000,0.00,0.000,0.000,0.00,0.000,0.000,0.00,0.000,0.000,0.00,0.000,0.000,0.00,0.000,0.000,0.00,0.000,0.000,0.00,0.000,0.000,0.00,0.000,0.000,0.00,0.000,0.000,0.00,0.000,0.000,0.00
50.0185,0.000,0.000,0.00,100.00,0.00,0.000,0.000,0.00,0.000,0.000,0.00,0.000,0.000,0.00,0.000,0.000,0.00,0.000,0.000,0.00,0.000,0.000,0.00,0.000,0.000,0.00,0.000,0.000,0.00,0.000,0.000,0.00,0.000,0.000,0.00,0.000,0.000,0.00,0.000,0.000,0.00,0.000,0.000,0.00,0.000,0.000,0.00,0.000,0.000,0.00,0.000,0.000,0.00,0.000,0.000,0.00,0.000,0.000,0.00,0.000,0.000,0.00,0.000,0.000,0.00,0.000,0.000,0.00,0.000,0.000,0.00,0.000,0.000,0.00,0.000,0.000,0.00,0.000,0.000,0.00,0.000,0.000,0.00,0.000,0.000,0.00,0.000,0.000,0.00,0.000,0.000,0.00,0.000,0.000,0.00
50.1204,0.000,0.000,0.00,100.00,0.00,0.000,0.000,0.00,0.000,0.000,0.00,0.000,0.000,0.00,0.000,0.000,0.00,0.000,0.000,0.00,0.000,0.000,0.00,0.000,0.000,0.00,0.000,0.000,0.00,0.000,0.000,0.00,0.000,0.000,0.00,0.000,0.000,0.00,0.000,0.000,0.00,0.000,0.000,0.00,0.000,0.000,0.00,0.000,0.000,0.00,0.000,0.000,0.00,0.000,0.000,0.00,0.000,0.000,0.00,0.000,0.000,0.00,0.000,0.000,0.00,0.000,0.000,0.00,0.000,0.000,0.00,0.000,0.000,0.00,0.000,0.000,0.00,0.000,0.000,0.00,0.000,0.000,0.00,0.000,0.000,0.00,0.000,0.000,0.00,0.000,0.000,0.00,0.000,0.000,0.00
50.2225,0.000,3.714,0.29,100.00,0.00,0.000,0.000,0.00,0.000,0.000,0.00,0.000,0.000,0.00,0.000,0.000,0.00,0.000,0.371,0.98,0.000,0.371,0.00,0.000,0.000,0.00,0.000,0.000,0.00,0.000,0.000,0.00,0.000,0.371,0.98,0.000,0.000,0.00,0.000,0.371,0.98,0.000,0.000,0.00,0.000,0.371,0.98,0.000,0.000,0.00,0.000,0.371,0.98,0.000,0.000,0.00,0.000,0.000,0.00,0.000,0.000,0.00,0.000,0.371,0.98,0.000,0.371,0.98,0.000,0.000,0.00,0.000,0.000,0.00,0.000,0.000,0.00,0.000,0.000,0.00,0.000,0.000,0.00,0.000,0.000,0.00,0.000,0.000,0.00,0.000,0.371,0.98,0.000,0.371,0.98
50.3245,0.000,0.000,0.00,100.00,0.00,0.000,0.000,0.00,0.000,0.000,0.00,0.000,0.000,0.00,0.000,0.000,0.00,0.000,0.000,0.00,0.000,0.000,0.00,0.000,0.000,0.00,0.000,0.000,0.00,0.000,0.000,0.00,0.000,0.000,0.00,0.000,0.000,0.00,0.000,0.000,0.00,0.000,0.000,0.00,0.000,0.000,0.00,0.000,0.000,0.00,0.000,0.000,0.00,0.000,0.000,0.00,0.000,0.000,0.00,0.000,0.000,0.00,0.000,0.000,0.00,0.000,0.000,0.00,0.000,0.000,0.00,0.000,0.000,0.00,0.000,0.000,0.00,0.000,0.000,0.00,0.000,0.000,0.00,0.000,0.000,0.00,0.000,0.000,0.00,0.000,0.000,0.00,0.000,0.000,0.00
50.4265,0.000,0.000,0.00,100.00,0.00,0.000,0.000,0.00,0.000,0.000,0.00,0.000,0.000,0.00,0.000,0.000,0.00,0.000,0.000,0.00,0.000,0.000,0.00,0.000,0.000,0.00,0.000,0.000,0.00,0.000,0.000,0.00,0.000,0.000,0.00,0.000,0.000,0.00,0.000,0.000,0.00,0.000,0.000,0.00,0.000,0.000,0.00,0.000,0.000,0.00,0.000,0.000,0.00,0.000,0.000,0.00,0.000,0.000,0.00,0.000,0.000,0.00,0.000,0.000,0.00,0.000,0.000,0.00,0.000,0.000,0.00,0.000,0.000,0.00,0.000,0.000,0.00,0.000,0.000,0.00,0.000,0.000,0.00,0.000,0.000,0.00,0.000,0.000,0.00,0.000,0.000,0.00,0.000,0.000,0.00
50.5285,0.000,0.000,0.00,100.00,0.00,0.000,0.000,0.00,0.000,0.000,0.00,0.000,0.000,0.00,0.000,0.000,0.00,0.000,0.000,0.00,0.000,0.000,0.00,0.000,0.000,0.00,0.000,0.000,0.00,0.000,0.000,0.00,0.000,0.000,0.00,0.000,0.000,0.00,0.000,0.000,0.00,0.000,0.000,0.00,0.000,0.000,0.00,0.000,0.000,0.00,0.000,0.000,0.00,0.000,0.000,0.00,0.000,0.000,0.00,0.000,0.000,0.00,0.000,0.000,0.00,0.000,0.000,0.00,0.000,0.000,0.00,0.000,0.000,0.00,0.000,0.000,0.00,0.000,0.000,0.00,0.000,0.000,0.00,0.000,0.000,0.00,0.000,0.000,0.00,0.000,0.000,0.00,0.000,0.000,0.00
50.6305,0.000,0.000,0.00,100.00,0.00,0.000,0.000,0.00,0.000,0.000,0.00,0.000,0.000,0.00,0.000,0.000,0.00,0.000,0.000,0.00,0.000,0.000,0.00,0.000,0.000,0.00,0.000,0.000,0.00,0.000,0.000,0.00,0.000,0.000,0.00,0.000,0.000,0.00,0.000,0.000,0.00,0.000,0.000,0.00,0.000,0.000,0.00,0.000,0.000,0.00,0.000,0.000,0.00,0.000,0.000,0.00,0.000,0.000,0.00,0.000,0.000,0.00,0.000,0.000,0.00,0.000,0.000,0.00,0.000,0.000,0.00,0.000,0.000,0.00,0.000,0.000,0.00,0.000,0.000,0.00,0.000,0.000,0.00,0.000,0.000,0.00,0.000,0.000,0.00,0.000,0.000,0.00,0.000,0.000,0.00
50.7334,0.000,0.368,0.00,100.00,0.00,0.000,0.000,0.00,0.000,0.368,0.00,0.000,0.000,0.00,0.000,0.000,0.00,0.000,0.000,0.00,0.000,0.000,0.00,0.000,0.000,0.00,0.000,0.000,0.00,0.000,0.000,0.00,0.000,0.000,0.00,0.000,0.000,0.00,0.000,0.000,0.00,0.000,0.000,0.00,0.000,0.000,0.00,0.000,0.000,0.00,0.000,0.000,0.00,0.000,0.000,0.00,0.000,0.000,0.00,0.000,0.000,0.00,0.000,0.000,0.00,0.000,0.000,0.00,0.000,0.000,0.00,0.000,0.000,0.00,0.000,0.000,0.00,0.000,0.000,0.00,0.000,0.000,0.00,0.000,0.000,0.00,0.000,0.000,0.00,0.000,0.000,0.00,0.000,0.000,0.00
50.8355,0.000,0.000,0.00,100.00,0.00,0.000,0.000,0.00,0.000,0.000,0.00,0.000,0.000,0.00,0.000,0.000,0.00,0.000,0.000,0.00,0.000,0.000,0.00,0.000,0.000,0.00,0.000,0.000,0.00,0.000,0.000,0.00,0.000,0.000,0.00,0.000,0.000,0.00,0.000,0.000,0.00,0.000,0.000,0.00,0.000,0.000,0.00,0.000,0.000,0.00,0.000,0.000,0.00,0.000,0.000,0.00,0.000,0.000,0.00,0.000,0.000,0.00,0.000,0.000,0.00,0.000,0.000,0.00,0.000,0.000,0.00,0.000,0.000,0.00,0.000,0.000,0.00,0.000,0.000,0.00,0.000,0.000,0.00,0.000,0.000,0.00,0.000,0.000,0.00,0.000,0.000,0.00,0.000,0.000,0.00
50.9375,0.000,0.000,0.00,100.00,0.00,0.000,0.000,0.00,0.000,0.000,0.00,0.000,0.000,0.00,0.000,0.000,0.00,0.000,0.000,0.00,0.000,0.000,0.00,0.000,0.000,0.00,0.000,0.000,0.00,0.000,0.000,0.00,0.000,0.000,0.00,0.000,0.000,0.00,0.000,0.000,0.00,0.000,0.000,0.00,0.000,0.000,0.00,0.000,0.000,0.00,0.000,0.000,0.00,0.000,0.000,0.00,0.000,0.000,0.00,0.000,0.000,0.00,0.000,0.000,0.00,0.000,0.000,0.00,0.000,0.000,0.00,0.000,0.000,0.00,0.000,0.000,0.00,0.000,0.000,0.00,0.000,0.000,0.00,0.000,0.000,0.00,0.000,0.000,0.00,0.000,0.000,0.00,0.000,0.000,0.00
51.0395,0.000,0.000,0.00,100.00,0.00,0.000,0.000,0.00,0.000,0.000,0.00,0.000,0.000,0.00,0.000,0.000,0.00,0.000,0.000,0.00,0.000,0.000,0.00,0.000,0.000,0.00,0.000,0.000,0.00,0.000,0.000,0.00,0.000,0.000,0.00,0.000,0.000,0.00,0.000,0.000,0.00,0.000,0.000,0.00,0.000,0.000,0.00,0.000,0.000,0.00,0.000,0.000,0.00,0.000,0.000,0.00,0.000,0.000,0.00,0.000,0.000,0.00,0.000,0.000,0.00,0.000,0.000,0.00,0.000,0.000,0.00,0.000,0.000,0.00,0.000,0.000,0.00,0.000,0.000,0.00,0.000,0.000,0.00,0.000,0.000,0.00,0.000,0.000,0.00,0.000,0.000,0.00,0.000,0.000,0.00
51.1415,0.000,0.000,0.00,100.00,0.00,0.000,0.000,0.00,0.000,0.000,0.00,0.000,0.000,0.00,0.000,0.000,0.00,0.000,0.000,0.00,0.000,0.000,0.00,0.000,0.000,0.00,0.000,0.000,0.00,0.000,0.000,0.00,0.000,0.000,0.00,0.000,0.000,0.00,0.000,0.000,0.00,0.000,0.000,0.00,0.000,0.000,0.00,0.000,0.000,0.00,0.000,0.000,0.00,0.000,0.000,0.00,0.000,0.000,0.00,0.000,0.000,0.00,0.000,0.000,0.00,0.000,0.000,0.00,0.000,0.000,0.00,0.000,0.000,0.00,0.000,0.000,0.00,0.000,0.000,0.00,0.000,0.000,0.00,0.000,0.000,0.00,0.000,0.000,0.00,0.000,0.000,0.00,0.000,0.000,0.00
51.2435,0.000,0.000,0.00,100.00,0.00,0.000,0.000,0.00,0.000,0.000,0.00,0.000,0.000,0.00,0.000,0.000,0.00,0.000,0.000,0.00,0.000,0.000,0.00,0.000,0.000,0.00,0.000,0.000,0.00,0.000,0.000,0.00,0.000,0.000,0.00,0.000,0.000,0.00,0.000,0.000,0.00,0.000,0.000,0.00,0.000,0.000,0.00,0.000,0.000,0.00,0.000,0.000,0.00,0.000,0.000,0.00,0.000,0.000,0.00,0.000,0.000,0.00,0.000,0.000,0.00,0.000,0.000,0.00,0.000,0.000,0.00,0.000,0.000,0.00,0.000,0.000,0.00,0.000,0.000,0.00,0.000,0.000,0.00,0.000,0.000,0.00,0.000,0.000,0.00,0.000,0.000,0.00,0.000,0.000,0.00
51.3455,0.000,0.000,0.00,100.00,0.00,0.000,0.000,0.00,0.000,0.000,0.00,0.000,0.000,0.00,0.000,0.000,0.00,0.000,0.000,0.00,0.000,0.000,0.00,0.000,0.000,0.00,0.000,0.000,0.00,0.000,0.000,0.00,0.000,0.000,0.00,0.000,0.000,0.00,0.000,0.000,0.00,0.000,0.000,0.00,0.000,0.000,0.00,0.000,0.000,0.00,0.000,0.000,0.00,0.000,0.000,0.00,0.000,0.000,0.00,0.000,0.000,0.00,0.000,0.000,0.00,0.000,0.000,0.00,0.000,0.000,0.00,0.000,0.000,0.00,0.000,0.000,0.00,0.000,0.000,0.00,0.000,0.000,0.00,0.000,0.000,0.00,0.000,0.000,0.00,0.000,0.000,0.00,0.000,0.000,0.00
51.4475,0.000,0.000,0.00,100.00,0.00,0.000,0.000,0.00,0.000,0.000,0.00,0.000,0.000,0.00,0.000,0.000,0.00,0.000,0.000,0.00,0.000,0.000,0.00,0.000,0.000,0.00,0.000,0.000,0.00,0.000,0.000,0.00,0.000,0.000,0.00,0.000,0.000,0.00,0.000,0.000,0.00,0.000,0.000,0.00,0.000,0.000,0.00,0.000,0.000,0.00,0.000,0.000,0.00,0.000,0.000,0.00,0.000,0.000,0.00,0.000,0.000,0.00,0.000,0.000,0.00,0.000,0.000,0.00,0.000,0.000,0.00,0.000,0.000,0.00,0.000,0.000,0.00,0.000,0.000,0.00,0.000,0.000,0.00,0.000,0.000,0.00,0.000,0.000,0.00,0.000,0.000,0.00,0.000,0.000,0.00
51.5495,0.000,0.000,0.00,100.00,0.00,0.000,0.000,0.00,0.000,0.000,0.00,0.000,0.000,0.00,0.000,0.000,0.00,0.000,0.000,0.00,0.000,0.000,0.00,0.000,0.000,0.00,0.000,0.000,0.00,0.000,0.000,0.00,0.000,0.000,0.00,0.000,0.000,0.00,0.000,0.000,0.00,0.000,0.000,0.00,0.000,0.000,0.00,0.000,0.000,0.00,0.000,0.000,0.00,0.000,0.000,0.00,0.000,0.000,0.00,0.000,0.000,0.00,0.000,0.000,0.00,0.000,0.000,0.00,0.000,0.000,0.00,0.000,0.000,0.00,0.000,0.000,0.00,0.000,0.000,0.00,0.000,0.000,0.00,0.000,0.000,0.00,0.000,0.000,0.00,0.000,0.000,0.00,0.000,0.000,0.00
51.6515,0.000,0.000,0.00,100.00,0.00,0.000,0.000,0.00,0.000,0.000,0.00,0.000,0.000,0.00,0.000,0.000,0.00,0.000,0.000,0.00,0.000,0.000,0.00,0.000,0.000,0.00,0.000,0.000,0.00,0.000,0.000,0.00,0.000,0.000,0.00,0.000,0.000,0.00,0.000,0.000,0.00,0.000,0.000,0.00,0.000,0.000,0.00,0.000,0.000,0.00,0.000,0.000,0.00,0.000,0.000,0.00,0.000,0.000,0.00,0.000,0.000,0.00,0.000,0.000,0.00,0.000,0.000,0.00,0.000,0.000,0.00,0.000,0.000,0.00,0.000,0.000,0.00,0.000,0.000,0.00,0.000,0.000,0.00,0.000,0.000,0.00,0.000,0.000,0.00,0.000,0.000,0.00,0.000,0.000,0.00
51.7535,0.000,0.015,0.07,100.00,0.00,0.000,0.000,0.00,0.000,0.000,0.00,0.000,0.000,0.00,0.000,0.000,0.00,0.000,0.000,0.00,0.000,0.000,0.00,0.000,0.000,0.00,0.000,0.015,1.96,0.000,0.000,0.00,0.000,0.000,0.00,0.000,0.000,0.00,0.000,0.000,0.00,0.000,0.000,0.00,0.000,0.000,0.00,0.000,0.000,0.00,0.000,0.000,0.00,0.000,0.000,0.00,0.000,0.000,0.00,0.000,0.000,0.00,0.000,0.000,0.00,0.000,0.000,0.00,0.000,0.000,0.00,0.000,0.000,0.00,0.000,0.000,0.00,0.000,0.000,0.00,0.000,0.000,0.00,0.000,0.000,0.00,0.000,0.000,0.00,0.000,0.000,0.00,0.000,0.000,0.00
51.8555,0.000,0.000,0.00,100.00,0.00,0.000,0.000,0.00,0.000,0.000,0.00,0.000,0.000,0.00,0.000,0.000,0.00,0.000,0.000,0.00,0.000,0.000,0.00,0.000,0.000,0.00,0.000,0.000,0.00,0.000,0.000,0.00,0.000,0.000,0.00,0.000,0.000,0.00,0.000,0.000,0.00,0.000,0.000,0.00,0.000,0.000,0.00,0.000,0.000,0.00,0.000,0.000,0.00,0.000,0.000,0.00,0.000,0.000,0.00,0.000,0.000,0.00,0.000,0.000,0.00,0.000,0.000,0.00,0.000,0.000,0.00,0.000,0.000,0.00,0.000,0.000,0.00,0.000,0.000,0.00,0.000,0.000,0.00,0.000,0.000,0.00,0.000,0.000,0.00,0.000,0.000,0.00,0.000,0.000,0.00
51.9574,0.000,0.000,0.00,100.00,0.00,0.000,0.000,0.00,0.000,0.000,0.00,0.000,0.000,0.00,0.000,0.000,0.00,0.000,0.000,0.00,0.000,0.000,0.00,0.000,0.000,0.00,0.000,0.000,0.00,0.000,0.000,0.00,0.000,0.000,0.00,0.000,0.000,0.00,0.000,0.000,0.00,0.000,0.000,0.00,0.000,0.000,0.00,0.000,0.000,0.00,0.000,0.000,0.00,0.000,0.000,0.00,0.000,0.000,0.00,0.000,0.000,0.00,0.000,0.000,0.00,0.000,0.000,0.00,0.000,0.000,0.00,0.000,0.000,0.00,0.000,0.000,0.00,0.000,0.000,0.00,0.000,0.000,0.00,0.000,0.000,0.00,0.000,0.000,0.00,0.000,0.000,0.00,0.000,0.000,0.00
52.0595,0.000,0.000,0.00,100.00,0.00,0.000,0.000,0.00,0.000,0.000,0.00,0.000,0.000,0.00,0.000,0.000,0.00,0.000,0.000,0.00,0.000,0.000,0.00,0.000,0.000,0.00,0.000,0.000,0.00,0.000,0.000,0.00,0.000,0.000,0.00,0.000,0.000,0.00,0.000,0.000,0.00,0.000,0.000,0.00,0.000,0.000,0.00,0.000,0.000,0.00,0.000,0.000,0.00,0.000,0.000,0.00,0.000,0.000,0.00,0.000,0.000,0.00,0.000,0.000,0.00,0.000,0.000,0.00,0.000,0.000,0.00,0.000,0.000,0.00,0.000,0.000,0.00,0.000,0.000,0.00,0.000,0.000,0.00,0.000,0.000,0.00,0.000,0.000,0.00,0.000,0.000,0.00,0.000,0.000,0.00
52.1615,0.000,0.000,0.00,99.62,0.00,0.000,0.000,0.00,0.000,0.000,0.00,0.000,0.000,0.00,0.000,0.000,0.00,0.000,0.000,0.00,0.000,0.000,0.00,0.000,0.000,0.00,0.000,0.000,0.00,0.000,0.000,0.00,0.000,0.000,0.00,0.000,0.000,0.00,0.000,0.000,0.00,0.000,0.000,0.00,0.000,0.000,0.00,0.000,0.000,0.00,0.000,0.000,0.00,0.000,0.000,0.00,0.000,0.000,0.00,0.000,0.000,0.00,0.000,0.000,0.00,0.000,0.000,0.00,0.000,0.000,0.00,0.000,0.000,0.00,0.000,0.000,0.00,0.000,0.000,0.00,0.000,0.000,0.00,0.000,0.000,0.00,0.000,0.000,0.00,0.000,0.000,0.00,0.000,0.000,0.00
52.2635,0.000,0.000,0.00,100.00,0.00,0.000,0.000,0.00,0.000,0.000,0.00,0.000,0.000,0.00,0.000,0.000,0.00,0.000,0.000,0.00,0.000,0.000,0.00,0.000,0.000,0.00,0.000,0.000,0.00,0.000,0.000,0.00,0.000,0.000,0.00,0.000,0.000,0.00,0.000,0.000,0.00,0.000,0.000,0.00,0.000,0.000,0.00,0.000,0.000,0.00,0.000,0.000,0.00,0.000,0.000,0.00,0.000,0.000,0.00,0.000,0.000,0.00,0.000,0.000,0.00,0.000,0.000,0.00,0.000,0.000,0.00,0.000,0.000,0.00,0.000,0.000,0.00,0.000,0.000,0.00,0.000,0.000,0.00,0.000,0.000,0.00,0.000,0.000,0.00,0.000,0.000,0.00,0.000,0.000,0.00
52.3655,0.000,0.000,0.00,100.00,0.00,0.000,0.000,0.00,0.000,0.000,0.00,0.000,0.000,0.00,0.000,0.000,0.00,0.000,0.000,0.00,0.000,0.000,0.00,0.000,0.000,0.00,0.000,0.000,0.00,0.000,0.000,0.00,0.000,0.000,0.00,0.000,0.000,0.00,0.000,0.000,0.00,0.000,0.000,0.00,0.000,0.000,0.00,0.000,0.000,0.00,0.000,0.000,0.00,0.000,0.000,0.00,0.000,0.000,0.00,0.000,0.000,0.00,0.000,0.000,0.00,0.000,0.000,0.00,0.000,0.000,0.00,0.000,0.000,0.00,0.000,0.000,0.00,0.000,0.000,0.00,0.000,0.000,0.00,0.000,0.000,0.00,0.000,0.000,0.00,0.000,0.000,0.00,0.000,0.000,0.00
52.4675,0.000,0.000,0.00,100.00,0.00,0.000,0.000,0.00,0.000,0.000,0.00,0.000,0.000,0.00,0.000,0.000,0.00,0.000,0.000,0.00,0.000,0.000,0.00,0.000,0.000,0.00,0.000,0.000,0.00,0.000,0.000,0.00,0.000,0.000,0.00,0.000,0.000,0.00,0.000,0.000,0.00,0.000,0.000,0.00,0.000,0.000,0.00,0.000,0.000,0.00,0.000,0.000,0.00,0.000,0.000,0.00,0.000,0.000,0.00,0.000,0.000,0.00,0.000,0.000,0.00,0.000,0.000,0.00,0.000,0.000,0.00,0.000,0.000,0.00,0.000,0.000,0.00,0.000,0.000,0.00,0.000,0.000,0.00,0.000,0.000,0.00,0.000,0.000,0.00,0.000,0.000,0.00,0.000,0.000,0.00
52.5695,0.000,0.000,0.00,100.00,0.00,0.000,0.000,0.00,0.000,0.000,0.00,0.000,0.000,0.00,0.000,0.000,0.00,0.000,0.000,0.00,0.000,0.000,0.00,0.000,0.000,0.00,0.000,0.000,0.00,0.000,0.000,0.00,0.000,0.000,0.00,0.000,0.000,0.00,0.000,0.000,0.00,0.000,0.000,0.00,0.000,0.000,0.00,0.000,0.000,0.00,0.000,0.000,0.00,0.000,0.000,0.00,0.000,0.000,0.00,0.000,0.000,0.00,0.000,0.000,0.00,0.000,0.000,0.00,0.000,0.000,0.00,0.000,0.000,0.00,0.000,0.000,0.00,0.000,0.000,0.00,0.000,0.000,0.00,0.000,0.000,0.00,0.000,0.000,0.00,0.000,0.000,0.00,0.000,0.000,0.00
52.6715,0.000,0.000,0.00,100.00,0.00,0.000,0.000,0.00,0.000,0.000,0.00,0.000,0.000,0.00,0.000,0.000,0.00,0.000,0.000,0.00,0.000,0.000,0.00,0.000,0.000,0.00,0.000,0.000,0.00,0.000,0.000,0.00,0.000,0.000,0.00,0.000,0.000,0.00,0.000,0.000,0.00,0.000,0.000,0.00,0.000,0.000,0.00,0.000,0.000,0.00,0.000,0.000,0.00,0.000,0.000,0.00,0.000,0.000,0.00,0.000,0.000,0.00,0.000,0.000,0.00,0.000,0.000,0.00,0.000,0.000,0.00,0.000,0.000,0.00,0.000,0.000,0.00,0.000,0.000,0.00,0.000,0.000,0.00,0.000,0.000,0.00,0.000,0.000,0.00,0.000,0.000,0.00,0.000,0.000,0.00
52.7735,0.000,0.000,0.00,100.00,0.00,0.000,0.000,0.00,0.000,0.000,0.00,0.000,0.000,0.00,0.000,0.000,0.00,0.000,0.000,0.00,0.000,0.000,0.00,0.000,0.000,0.00,0.000,0.000,0.00,0.000,0.000,0.00,0.000,0.000,0.00,0.000,0.000,0.00,0.000,0.000,0.00,0.000,0.000,0.00,0.000,0.000,0.00,0.000,0.000,0.00,0.000,0.000,0.00,0.000,0.000,0.00,0.000,0.000,0.00,0.000,0.000,0.00,0.000,0.000,0.00,0.000,0.000,0.00,0.000,0.000,0.00,0.000,0.000,0.00,0.000,0.000,0.00,0.000,0.000,0.00,0.000,0.000,0.00,0.000,0.000,0.00,0.000,0.000,0.00,0.000,0.000,0.00,0.000,0.000,0.00
52.8754,0.000,0.000,0.00,100.00,0.00,0.000,0.000,0.00,0.000,0.000,0.00,0.000,0.000,0.00,0.000,0.000,0.00,0.000,0.000,0.00,0.000,0.000,0.00,0.000,0.000,0.00,0.000,0.000,0.00,0.000,0.000,0.00,0.000,0.000,0.00,0.000,0.000,0.00,0.000,0.000,0.00,0.000,0.000,0.00,0.000,0.000,0.00,0.000,0.000,0.00,0.000,0.000,0.00,0.000,0.000,0.00,0.000,0.000,0.00,0.000,0.000,0.00,0.000,0.000,0.00,0.000,0.000,0.00,0.000,0.000,0.00,0.000,0.000,0.00,0.000,0.000,0.00,0.000,0.000,0.00,0.000,0.000,0.00,0.000,0.000,0.00,0.000,0.000,0.00,0.000,0.000,0.00,0.000,0.000,0.00
52.9775,0.000,0.000,0.00,99.61,0.00,0.000,0.000,0.00,0.000,0.000,0.00,0.000,0.000,0.00,0.000,0.000,0.00,0.000,0.000,0.00,0.000,0.000,0.00,0.000,0.000,0.00,0.000,0.000,0.00,0.000,0.000,0.00,0.000,0.000,0.00,0.000,0.000,0.00,0.000,0.000,0.00,0.000,0.000,0.00,0.000,0.000,0.00,0.000,0.000,0.00,0.000,0.000,0.00,0.000,0.000,0.00,0.000,0.000,0.00,0.000,0.000,0.00,0.000,0.000,0.00,0.000,0.000,0.00,0.000,0.000,0.00,0.000,0.000,0.00,0.000,0.000,0.00,0.000,0.000,0.00,0.000,0.000,0.00,0.000,0.000,0.00,0.000,0.000,0.00,0.000,0.000,0.00,0.000,0.000,0.00
53.0926,0.000,0.000,0.00,100.00,0.00,0.000,0.000,0.00,0.000,0.000,0.00,0.000,0.000,0.00,0.000,0.000,0.00,0.000,0.000,0.00,0.000,0.000,0.00,0.000,0.000,0.00,0.000,0.000,0.00,0.000,0.000,0.00,0.000,0.000,0.00,0.000,0.000,0.00,0.000,0.000,0.00,0.000,0.000,0.00,0.000,0.000,0.00,0.000,0.000,0.00,0.000,0.000,0.00,0.000,0.000,0.00,0.000,0.000,0.00,0.000,0.000,0.00,0.000,0.000,0.00,0.000,0.000,0.00,0.000,0.000,0.00,0.000,0.000,0.00,0.000,0.000,0.00,0.000,0.000,0.00,0.000,0.000,0.00,0.000,0.000,0.00,0.000,0.000,0.00,0.000,0.000,0.00,0.000,0.000,0.00
53.2071,0.000,0.662,0.26,100.00,0.00,0.000,0.000,0.00,0.000,0.000,0.00,0.000,0.331,0.87,0.000,0.000,0.00,0.000,0.000,0.00,0.000,0.000,0.00,0.000,0.000,1.75,0.000,0.000,0.00,0.000,0.000,0.87,0.000,0.000,0.00,0.000,0.000,0.00,0.000,0.000,0.00,0.000,0.331,0.87,0.000,0.000,0.00,0.000,0.000,1.75,0.000,0.000,0.00,0.000,0.000,0.00,0.000,0.000,0.00,0.000,0.000,1.75,0.000,0.000,0.00,0.000,0.000,0.00,0.000,0.000,0.00,0.000,0.000,0.00,0.000,0.000,0.00,0.000,0.000,0.00,0.000,0.000,0.00,0.000,0.000,0.00,0.000,0.000,0.00,0.000,0.000,0.00,0.000,0.000,0.00
53.3209,0.000,1.998,0.38,100.00,0.00,0.000,0.000,0.00,0.000,0.000,0.00,0.000,0.000,0.00,0.000,0.333,1.76,0.000,0.000,0.00,0.000,0.000,0.00,0.000,0.333,3.52,0.000,0.000,0.00,0.000,0.333,0.88,0.000,0.000,0.00,0.000,0.000,0.00,0.000,0.000,0.00,0.000,0.000,0.00,0.000,0.000,0.00,0.000,0.333,0.00,0.000,0.000,0.00,0.000,0.000,0.00,0.000,0.333,1.76,0.000,0.333,3.52,0.000,0.000,0.00,0.000,0.000,0.00,0.000,0.000,0.00,0.000,0.000,0.00,0.000,0.000,0.00,0.000,0.000,0.00,0.000,0.000,0.00,0.000,0.000,0.00,0.000,0.000,0.00,0.000,0.000,0.00,0.000,0.000,0.00
53.4314,0.000,0.000,0.00,100.00,0.00,0.000,0.000,0.00,0.000,0.000,0.00,0.000,0.000,0.00,0.000,0.000,0.00,0.000,0.000,0.00,0.000,0.000,0.00,0.000,0.000,0.00,0.000,0.000,0.00,0.000,0.000,0.00,0.000,0.000,0.00,0.000,0.000,0.00,0.000,0.000,0.00,0.000,0.000,0.00,0.000,0.000,0.00,0.000,0.000,0.00,0.000,0.000,0.00,0.000,0.000,0.00,0.000,0.000,0.00,0.000,0.000,0.00,0.000,0.000,0.00,0.000,0.000,0.00,0.000,0.000,0.00,0.000,0.000,0.00,0.000,0.000,0.00,0.000,0.000,0.00,0.000,0.000,0.00,0.000,0.000,0.00,0.000,0.000,0.00,0.000,0.000,0.00,0.000,0.000,0.00
53.5386,0.000,0.000,0.00,100.00,0.00,0.000,0.000,0.00,0.000,0.000,0.00,0.000,0.000,0.00,0.000,0.000,0.00,0.000,0.000,0.00,0.000,0.000,0.00,0.000,0.000,0.00,0.000,0.000,0.00,0.000,0.000,0.00,0.000,0.000,0.00,0.000,0.000,0.00,0.000,0.000,0.00,0.000,0.000,0.00,0.000,0.000,0.00,0.000,0.000,0.00,0.000,0.000,0.00,0.000,0.000,0.00,0.000,0.000,0.00,0.000,0.000,0.00,0.000,0.000,0.00,0.000,0.000,0.00,0.000,0.000,0.00,0.000,0.000,0.00,0.000,0.000,0.00,0.000,0.000,0.00,0.000,0.000,0.00,0.000,0.000,0.00,0.000,0.000,0.00,0.000,0.000,0.00,0.000,0.000,0.00
53.6535,0.000,0.000,0.00,100.00,0.00,0.000,0.000,0.00,0.000,0.000,0.00,0.000,0.000,0.00,0.000,0.000,0.00,0.000,0.000,0.00,0.000,0.000,0.00,0.000,0.000,0.00,0.000,0.000,0.00,0.000,0.000,0.00,0.000,0.000,0.00,0.000,0.000,0.00,0.000,0.000,0.00,0.000,0.000,0.00,0.000,0.000,0.00,0.000,0.000,0.00,0.000,0.000,0.00,0.000,0.000,0.00,0.000,0.000,0.00,0.000,0.000,0.00,0.000,0.000,0.00,0.000,0.000,0.00,0.000,0.000,0.00,0.000,0.000,0.00,0.000,0.000,0.00,0.000,0.000,0.00,0.000,0.000,0.00,0.000,0.000,0.00,0.000,0.000,0.00,0.000,0.000,0.00,0.000,0.000,0.00
53.7626,0.000,0.000,0.00,89.51,1.82,0.000,0.000,0.00,0.000,0.000,0.00,0.000,0.000,0.00,0.000,0.000,0.00,0.000,0.000,0.00,0.000,0.000,0.00,0.000,0.000,0.00,0.000,0.000,0.00,0.000,0.000,0.00,0.000,0.000,0.00,0.000,0.000,0.00,0.000,0.000,0.00,0.000,0.000,0.00,0.000,0.000,0.00,0.000,0.000,0.00,0.000,0.000,0.00,0.000,0.000,0.00,0.000,0.000,0.00,0.000,0.000,0.00,0.000,0.000,0.00,0.000,0.000,0.00,0.000,0.000,0.00,0.000,0.000,0.00,0.000,0.000,0.00,0.000,0.000,0.00,0.000,0.000,0.00,0.000,0.000,0.00,0.000,0.000,0.00,0.000,0.000,0.00,0.000,0.000,0.00
53.8805,0.000,0.000,0.00,91.05,0.00,0.000,0.000,0.00,0.000,0.000,0.00,0.000,0.000,0.00,0.000,0.000,0.00,0.000,0.000,0.00,0.000,0.000,0.00,0.000,0.000,0.00,0.000,0.000,0.00,0.000,0.000,0.00,0.000,0.000,0.00,0.000,0.000,0.00,0.000,0.000,0.00,0.000,0.000,0.00,0.000,0.000,0.00,0.000,0.000,0.00,0.000,0.000,0.00,0.000,0.000,0.00,0.000,0.000,0.00,0.000,0.000,0.00,0.000,0.000,0.00,0.000,0.000,0.00,0.000,0.000,0.00,0.000,0.000,0.00,0.000,0.000,0.00,0.000,0.000,0.00,0.000,0.000,0.00,0.000,0.000,0.00,0.000,0.000,0.00,0.000,0.000,0.00,0.000,0.000,0.00
54.0056,0.000,0.000,0.00,94.51,0.00,0.000,0.000,0.00,0.000,0.000,0.00,0.000,0.000,0.00,0.000,0.000,0.00,0.000,0.000,0.00,0.000,0.000,0.00,0.000,0.000,0.00,0.000,0.000,0.00,0.000,0.000,0.00,0.000,0.000,0.00,0.000,0.000,0.00,0.000,0.000,0.00,0.000,0.000,0.00,0.000,0.000,0.00,0.000,0.000,0.00,0.000,0.000,0.00,0.000,0.000,0.00,0.000,0.000,0.00,0.000,0.000,0.00,0.000,0.000,0.00,0.000,0.000,0.00,0.000,0.000,0.00,0.000,0.000,0.00,0.000,0.000,0.00,0.000,0.000,0.00,0.000,0.000,0.00,0.000,0.000,0.00,0.000,0.000,0.00,0.000,0.000,0.00,0.000,0.000,0.00
54.1196,0.000,0.000,0.00,97.11,0.00,0.000,0.000,0.00,0.000,0.000,0.00,0.000,0.000,0.00,0.000,0.000,0.00,0.000,0.000,0.00,0.000,0.000,0.00,0.000,0.000,0.00,0.000,0.000,0.00,0.000,0.000,0.00,0.000,0.000,0.00,0.000,0.000,0.00,0.000,0.000,0.00,0.000,0.000,0.00,0.000,0.000,0.00,0.000,0.000,0.00,0.000,0.000,0.00,0.000,0.000,0.00,0.000,0.000,0.00,0.000,0.000,0.00,0.000,0.000,0.00,0.000,0.000,0.00,0.000,0.000,0.00,0.000,0.000,0.00,0.000,0.000,0.00,0.000,0.000,0.00,0.000,0.000,0.00,0.000,0.000,0.00,0.000,0.000,0.00,0.000,0.000,0.00,0.000,0.000,0.00
54.2356,0.000,2.154,0.06,98.93,0.00,0.000,0.000,0.00,0.000,0.000,0.00,0.000,0.000,0.00,0.000,0.000,0.00,0.000,0.000,0.00,0.000,0.000,0.00,0.000,0.000,0.00,0.000,0.000,0.00,0.000,0.000,0.00,0.000,0.000,0.00,0.000,0.000,0.00,0.000,0.000,0.00,0.000,0.000,0.00,0.000,0.000,0.00,0.000,0.000,0.00,0.000,0.000,0.00,0.000,0.000,0.00,0.000,0.000,0.00,0.000,0.000,0.00,0.000,0.000,0.00,0.000,0.000,0.00,0.000,0.000,0.00,0.000,2.154,1.72,0.000,0.000,0.00,0.000,0.000,0.00,0.000,0.000,0.00,0.000,0.000,0.00,0.000,0.000,0.00,0.000,0.000,0.00,0.000,0.000,0.00
54.3581,0.000,2.775,0.00,100.00,0.00,0.000,0.000,0.00,0.000,0.000,0.00,0.000,0.000,0.00,0.000,0.000,0.00,0.000,0.000,0.00,0.000,0.000,0.00,0.000,0.000,0.00,0.000,0.000,0.00,0.000,0.000,0.00,0.000,0.000,0.00,0.000,0.000,0.00,0.000,0.000,0.00,0.000,0.000,0.00,0.000,0.000,0.00,0.000,0.000,0.00,0.000,0.000,0.00,0.000,0.000,0.00,0.000,0.000,0.00,0.000,0.000,0.00,0.000,0.000,0.00,0.000,0.000,0.00,0.000,0.000,0.00,0.000,2.775,0.00,0.000,0.000,0.00,0.000,0.000,0.00,0.000,0.000,0.00,0.000,0.000,0.00,0.000,0.000,0.00,0.000,0.000,0.00,0.000,0.000,0.00
54.4791,0.000,0.000,0.00,100.00,0.00,0.000,0.000,0.00,0.000,0.000,0.00,0.000,0.000,0.00,0.000,0.000,0.00,0.000,0.000,0.00,0.000,0.000,0.00,0.000,0.000,0.00,0.000,0.000,0.00,0.000,0.000,0.00,0.000,0.000,0.00,0.000,0.000,0.00,0.000,0.000,0.00,0.000,0.000,0.00,0.000,0.000,0.00,0.000,0.000,0.00,0.000,0.000,0.00,0.000,0.000,0.00,0.000,0.000,0.00,0.000,0.000,0.00,0.000,0.000,0.00,0.000,0.000,0.00,0.000,0.000,0.00,0.000,0.000,0.00,0.000,0.000,0.00,0.000,0.000,0.00,0.000,0.000,0.00,0.000,0.000,0.00,0.000,0.000,0.00,0.000,0.000,0.00,0.000,0.000,0.00
54.6166,0.000,0.000,0.00,100.00,0.00,0.000,0.000,0.00,0.000,0.000,0.00,0.000,0.000,0.00,0.000,0.000,0.00,0.000,0.000,0.00,0.000,0.000,0.00,0.000,0.000,0.00,0.000,0.000,0.00,0.000,0.000,0.00,0.000,0.000,0.00,0.000,0.000,0.00,0.000,0.000,0.00,0.000,0.000,0.00,0.000,0.000,0.00,0.000,0.000,0.00,0.000,0.000,0.00,0.000,0.000,0.00,0.000,0.000,0.00,0.000,0.000,0.00,0.000,0.000,0.00,0.000,0.000,0.00,0.000,0.000,0.00,0.000,0.000,0.00,0.000,0.000,0.00,0.000,0.000,0.00,0.000,0.000,0.00,0.000,0.000,0.00,0.000,0.000,0.00,0.000,0.000,0.00,0.000,0.000,0.00
54.7396,0.000,0.133,0.03,100.00,0.00,0.000,0.133,0.81,0.000,0.000,0.00,0.000,0.000,0.00,0.000,0.000,0.00,0.000,0.000,0.00,0.000,0.000,0.00,0.000,0.000,0.00,0.000,0.000,0.00,0.000,0.000,0.00,0.000,0.000,0.00,0.000,0.000,0.00,0.000,0.000,0.00,0.000,0.000,0.00,0.000,0.000,0.00,0.000,0.000,0.00,0.000,0.000,0.00,0.000,0.000,0.00,0.000,0.000,0.00,0.000,0.000,0.00,0.000,0.000,0.00,0.000,0.000,0.00,0.000,0.000,0.00,0.000,0.000,0.00,0.000,0.000,0.00,0.000,0.000,0.00,0.000,0.000,0.00,0.000,0.000,0.00,0.000,0.000,0.00,0.000,0.000,0.00,0.000,0.000,0.00
54.8548,0.000,0.000,0.00,100.00,0.00,0.000,0.000,0.00,0.000,0.000,0.00,0.000,0.000,0.00,0.000,0.000,0.00,0.000,0.000,0.00,0.000,0.000,0.00,0.000,0.000,0.00,0.000,0.000,0.00,0.000,0.000,0.00,0.000,0.000,0.00,0.000,0.000,0.00,0.000,0.000,0.00,0.000,0.000,0.00,0.000,0.000,0.00,0.000,0.000,0.00,0.000,0.000,0.00,0.000,0.000,0.00,0.000,0.000,0.00,0.000,0.000,0.00,0.000,0.000,0.00,0.000,0.000,0.00,0.000,0.000,0.00,0.000,0.000,0.00,0.000,0.000,0.00,0.000,0.000,0.00,0.000,0.000,0.00,0.000,0.000,0.00,0.000,0.000,0.00,0.000,0.000,0.00,0.000,0.000,0.00
54.9637,0.000,0.000,0.00,100.00,0.00,0.000,0.000,0.00,0.000,0.000,0.00,0.000,0.000,0.00,0.000,0.000,0.00,0.000,0.000,0.00,0.000,0.000,0.00,0.000,0.000,0.00,0.000,0.000,0.00,0.000,0.000,0.00,0.000,0.000,0.00,0.000,0.000,0.00,0.000,0.000,0.00,0.000,0.000,0.00,0.000,0.000,0.00,0.000,0.000,0.00,0.000,0.000,0.00,0.000,0.000,0.00,0.000,0.000,0.00,0.000,0.000,0.00,0.000,0.000,0.00,0.000,0.000,0.00,0.000,0.000,0.00,0.000,0.000,0.00,0.000,0.000,0.00,0.000,0.000,0.00,0.000,0.000,0.00,0.000,0.000,0.00,0.000,0.000,0.00,0.000,0.000,0.00,0.000,0.000,0.00
55.0716,0.000,0.000,0.00,100.00,0.00,0.000,0.000,0.00,0.000,0.000,0.00,0.000,0.000,0.00,0.000,0.000,0.00,0.000,0.000,0.00,0.000,0.000,0.00,0.000,0.000,0.00,0.000,0.000,0.00,0.000,0.000,0.00,0.000,0.000,0.00,0.000,0.000,0.00,0.000,0.000,0.00,0.000,0.000,0.00,0.000,0.000,0.00,0.000,0.000,0.00,0.000,0.000,0.00,0.000,0.000,0.00,0.000,0.000,0.00,0.000,0.000,0.00,0.000,0.000,0.00,0.000,0.000,0.00,0.000,0.000,0.00,0.000,0.000,0.00,0.000,0.000,0.00,0.000,0.000,0.00,0.000,0.000,0.00,0.000,0.000,0.00,0.000,0.000,0.00,0.000,0.000,0.00,0.000,0.000,0.00
55.2104,0.000,0.000,0.00,100.00,0.00,0.000,0.000,0.00,0.000,0.000,0.00,0.000,0.000,0.00,0.000,0.000,0.00,0.000,0.000,0.00,0.000,0.000,0.00,0.000,0.000,0.00,0.000,0.000,0.00,0.000,0.000,0.00,0.000,0.000,0.00,0.000,0.000,0.00,0.000,0.000,0.00,0.000,0.000,0.00,0.000,0.000,0.00,0.000,0.000,0.00,0.000,0.000,0.00,0.000,0.000,0.00,0.000,0.000,0.00,0.000,0.000,0.00,0.000,0.000,0.00,0.000,0.000,0.00,0.000,0.000,0.00,0.000,0.000,0.00,0.000,0.000,0.00,0.000,0.000,0.00,0.000,0.000,0.00,0.000,0.000,0.00,0.000,0.000,0.00,0.000,0.000,0.00,0.000,0.000,0.00
55.3317,0.000,0.000,0.00,99.45,0.00,0.000,0.000,0.00,0.000,0.000,0.00,0.000,0.000,0.00,0.000,0.000,0.00,0.000,0.000,0.00,0.000,0.000,0.00,0.000,0.000,0.00,0.000,0.000,0.00,0.000,0.000,0.00,0.000,0.000,0.00,0.000,0.000,0.00,0.000,0.000,0.00,0.000,0.000,0.00,0.000,0.000,0.00,0.000,0.000,0.00,0.000,0.000,0.00,0.000,0.000,0.00,0.000,0.000,0.00,0.000,0.000,0.00,0.000,0.000,0.00,0.000,0.000,0.00,0.000,0.000,0.00,0.000,0.000,0.00,0.000,0.000,0.00,0.000,0.000,0.00,0.000,0.000,0.00,0.000,0.000,0.00,0.000,0.000,0.00,0.000,0.000,0.00,0.000,0.000,0.00
55.4561,0.000,0.000,0.00,92.75,0.00,0.000,0.000,0.00,0.000,0.000,0.00,0.000,0.000,0.00,0.000,0.000,0.00,0.000,0.000,0.00,0.000,0.000,0.00,0.000,0.000,0.00,0.000,0.000,0.00,0.000,0.000,0.00,0.000,0.000,0.00,0.000,0.000,0.00,0.000,0.000,0.00,0.000,0.000,0.00,0.000,0.000,0.00,0.000,0.000,0.00,0.000,0.000,0.00,0.000,0.000,0.00,0.000,0.000,0.00,0.000,0.000,0.00,0.000,0.000,0.00,0.000,0.000,0.00,0.000,0.000,0.00,0.000,0.000,0.00,0.000,0.000,0.00,0.000,0.000,0.00,0.000,0.000,0.00,0.000,0.000,0.00,0.000,0.000,0.00,0.000,0.000,0.00,0.000,0.000,0.00
55.5652,0.000,0.000,0.00,67.11,0.00,0.000,0.000,0.00,0.000,0.000,0.00,0.000,0.000,0.00,0.000,0.000,0.00,0.000,0.000,0.00,0.000,0.000,0.00,0.000,0.000,0.00,0.000,0.000,0.00,0.000,0.000,0.00,0.000,0.000,0.00,0.000,0.000,0.00,0.000,0.000,0.00,0.000,0.000,0.00,0.000,0.000,0.00,0.000,0.000,0.00,0.000,0.000,0.00,0.000,0.000,0.00,0.000,0.000,0.00,0.000,0.000,0.00,0.000,0.000,0.00,0.000,0.000,0.00,0.000,0.000,0.00,0.000,0.000,0.00,0.000,0.000,0.00,0.000,0.000,0.00,0.000,0.000,0.00,0.000,0.000,0.00,0.000,0.000,0.00,0.000,0.000,0.00,0.000,0.000,0.00
55.6706,0.000,0.000,0.00,61.59,0.00,0.000,0.000,0.00,0.000,0.000,0.00,0.000,0.000,0.00,0.000,0.000,0.00,0.000,0.000,0.00,0.000,0.000,0.00,0.000,0.000,0.00,0.000,0.000,0.00,0.000,0.000,0.00,0.000,0.000,0.00,0.000,0.000,0.00,0.000,0.000,0.00,0.000,0.000,0.00,0.000,0.000,0.00,0.000,0.000,0.00,0.000,0.000,0.00,0.000,0.000,0.00,0.000,0.000,0.00,0.000,0.000,0.00,0.000,0.000,0.00,0.000,0.000,0.00,0.000,0.000,0.00,0.000,0.000,0.00,0.000,0.000,0.00,0.000,0.000,0.00,0.000,0.000,0.00,0.000,0.000,0.00,0.000,0.000,0.00,0.000,0.000,0.00,0.000,0.000,0.00
55.7794,0.000,0.000,0.00,60.13,0.00,0.000,0.000,0.00,0.000,0.000,0.00,0.000,0.000,0.00,0.000,0.000,0.00,0.000,0.000,0.00,0.000,0.000,0.00,0.000,0.000,0.00,0.000,0.000,0.00,0.000,0.000,0.00,0.000,0.000,0.00,0.000,0.000,0.00,0.000,0.000,0.00,0.000,0.000,0.00,0.000,0.000,0.00,0.000,0.000,0.00,0.000,0.000,0.00,0.000,0.000,0.00,0.000,0.000,0.00,0.000,0.000,0.00,0.000,0.000,0.00,0.000,0.000,0.00,0.000,0.000,0.00,0.000,0.000,0.00,0.000,0.000,0.00,0.000,0.000,0.00,0.000,0.000,0.00,0.000,0.000,0.00,0.000,0.000,0.00,0.000,0.000,0.00,0.000,0.000,0.00
55.8867,0.000,0.000,0.00,81.22,0.00,0.000,0.000,0.00,0.000,0.000,0.00,0.000,0.000,0.00,0.000,0.000,0.00,0.000,0.000,0.00,0.000,0.000,0.00,0.000,0.000,0.00,0.000,0.000,0.00,0.000,0.000,0.00,0.000,0.000,0.00,0.000,0.000,0.00,0.000,0.000,0.00,0.000,0.000,0.00,0.000,0.000,0.00,0.000,0.000,0.00,0.000,0.000,0.00,0.000,0.000,0.00,0.000,0.000,0.00,0.000,0.000,0.00,0.000,0.000,0.00,0.000,0.000,0.00,0.000,0.000,0.00,0.000,0.000,0.00,0.000,0.000,0.00,0.000,0.000,0.00,0.000,0.000,0.00,0.000,0.000,0.00,0.000,0.000,0.00,0.000,0.000,0.00,0.000,0.000,0.00
56.0177,0.000,0.000,0.00,99.76,0.00,0.000,0.000,0.00,0.000,0.000,0.00,0.000,0.000,0.00,0.000,0.000,0.00,0.000,0.000,0.00,0.000,0.000,0.00,0.000,0.000,0.00,0.000,0.000,0.00,0.000,0.000,0.00,0.000,0.000,0.00,0.000,0.000,0.00,0.000,0.000,0.00,0.000,0.000,0.00,0.000,0.000,0.00,0.000,0.000,0.00,0.000,0.000,0.00,0.000,0.000,0.00,0.000,0.000,0.00,0.000,0.000,0.00,0.000,0.000,0.00,0.000,0.000,0.00,0.000,0.000,0.00,0.000,0.000,0.00,0.000,0.000,0.00,0.000,0.000,0.00,0.000,0.000,0.00,0.000,0.000,0.00,0.000,0.000,0.00,0.000,0.000,0.00,0.000,0.000,0.00
56.1449,0.000,0.000,0.00,96.98,0.00,0.000,0.000,0.00,0.000,0.000,0.00,0.000,0.000,0.00,0.000,0.000,0.00,0.000,0.000,0.00,0.000,0.000,0.00,0.000,0.000,0.00,0.000,0.000,0.00,0.000,0.000,0.00,0.000,0.000,0.00,0.000,0.000,0.00,0.000,0.000,0.00,0.000,0.000,0.00,0.000,0.000,0.00,0.000,0.000,0.00,0.000,0.000,0.00,0.000,0.000,0.00,0.000,0.000,0.00,0.000,0.000,0.00,0.000,0.000,0.00,0.000,0.000,0.00,0.000,0.000,0.00,0.000,0.000,0.00,0.000,0.000,0.00,0.000,0.000,0.00,0.000,0.000,0.00,0.000,0.000,0.00,0.000,0.000,0.00,0.000,0.000,0.00,0.000,0.000,0.00
56.2546,0.000,0.000,0.00,95.79,0.00,0.000,0.000,0.00,0.000,0.000,0.00,0.000,0.000,0.00,0.000,0.000,0.00,0.000,0.000,0.00,0.000,0.000,0.00,0.000,0.000,0.00,0.000,0.000,0.00,0.000,0.000,0.00,0.000,0.000,0.00,0.000,0.000,0.00,0.000,0.000,0.00,0.000,0.000,0.00,0.000,0.000,0.00,0.000,0.000,0.00,0.000,0.000,0.00,0.000,0.000,0.00,0.000,0.000,0.00,0.000,0.000,0.00,0.000,0.000,0.00,0.000,0.000,0.00,0.000,0.000,0.00,0.000,0.000,0.00,0.000,0.000,0.00,0.000,0.000,0.00,0.000,0.000,0.00,0.000,0.000,0.00,0.000,0.000,0.00,0.000,0.000,0.00,0.000,0.000,0.00
56.3676,0.000,0.000,0.00,98.50,0.00,0.000,0.000,0.00,0.000,0.000,0.00,0.000,0.000,0.00,0.000,0.000,0.00,0.000,0.000,0.00,0.000,0.000,0.00,0.000,0.000,0.00,0.000,0.000,0.00,0.000,0.000,0.00,0.000,0.000,0.00,0.000,0.000,0.00,0.000,0.000,0.00,0.000,0.000,0.00,0.000,0.000,0.00,0.000,0.000,0.00,0.000,0.000,0.00,0.000,0.000,0.00,0.000,0.000,0.00,0.000,0.000,0.00,0.000,0.000,0.00,0.000,0.000,0.00,0.000,0.000,0.00,0.000,0.000,0.00,0.000,0.000,0.00,0.000,0.000,0.00,0.000,0.000,0.00,0.000,0.000,0.00,0.000,0.000,0.00,0.000,0.000,0.00,0.000,0.000,0.00
56.4814,0.000,0.000,0.00,98.51,0.00,0.000,0.000,0.00,0.000,0.000,0.00,0.000,0.000,0.00,0.000,0.000,0.00,0.000,0.000,0.00,0.000,0.000,0.00,0.000,0.000,0.00,0.000,0.000,0.00,0.000,0.000,0.00,0.000,0.000,0.00,0.000,0.000,0.00,0.000,0.000,0.00,0.000,0.000,0.00,0.000,0.000,0.00,0.000,0.000,0.00,0.000,0.000,0.00,0.000,0.000,0.00,0.000,0.000,0.00,0.000,0.000,0.00,0.000,0.000,0.00,0.000,0.000,0.00,0.000,0.000,0.00,0.000,0.000,0.00,0.000,0.000,0.00,0.000,0.000,0.00,0.000,0.000,0.00,0.000,0.000,0.00,0.000,0.000,0.00,0.000,0.000,0.00,0.000,0.000,0.00
56.5916,0.000,0.000,0.00,99.80,0.00,0.000,0.000,0.00,0.000,0.000,0.00,0.000,0.000,0.00,0.000,0.000,0.00,0.000,0.000,0.00,0.000,0.000,0.00,0.000,0.000,0.00,0.000,0.000,0.00,0.000,0.000,0.00,0.000,0.000,0.00,0.000,0.000,0.00,0.000,0.000,0.00,0.000,0.000,0.00,0.000,0.000,0.00,0.000,0.000,0.00,0.000,0.000,0.00,0.000,0.000,0.00,0.000,0.000,0.00,0.000,0.000,0.00,0.000,0.000,0.00,0.000,0.000,0.00,0.000,0.000,0.00,0.000,0.000,0.00,0.000,0.000,0.00,0.000,0.000,0.00,0.000,0.000,0.00,0.000,0.000,0.00,0.000,0.000,0.00,0.000,0.000,0.00,0.000,0.000,0.00
56.7143,0.000,0.000,0.00,100.00,0.00,0.000,0.000,0.00,0.000,0.000,0.00,0.000,0.000,0.00,0.000,0.000,0.00,0.000,0.000,0.00,0.000,0.000,0.00,0.000,0.000,0.00,0.000,0.000,0.00,0.000,0.000,0.00,0.000,0.000,0.00,0.000,0.000,0.00,0.000,0.000,0.00,0.000,0.000,0.00,0.000,0.000,0.00,0.000,0.000,0.00,0.000,0.000,0.00,0.000,0.000,0.00,0.000,0.000,0.00,0.000,0.000,0.00,0.000,0.000,0.00,0.000,0.000,0.00,0.000,0.000,0.00,0.000,0.000,0.00,0.000,0.000,0.00,0.000,0.000,0.00,0.000,0.000,0.00,0.000,0.000,0.00,0.000,0.000,0.00,0.000,0.000,0.00,0.000,0.000,0.00
56.8445,0.000,0.126,0.03,100.00,0.00,0.000,0.000,0.00,0.000,0.000,0.00,0.000,0.000,0.00,0.000,0.000,0.00,0.000,0.000,0.00,0.000,0.000,0.00,0.000,0.000,0.00,0.000,0.000,0.00,0.000,0.000,0.00,0.000,0.000,0.00,0.000,0.126,0.77,0.000,0.000,0.00,0.000,0.000,0.00,0.000,0.000,0.00,0.000,0.000,0.00,0.000,0.000,0.00,0.000,0.000,0.00,0.000,0.000,0.00,0.000,0.000,0.00,0.000,0.000,0.00,0.000,0.000,0.00,0.000,0.000,0.00,0.000,0.000,0.00,0.000,0.000,0.00,0.000,0.000,0.00,0.000,0.000,0.00,0.000,0.000,0.00,0.000,0.000,0.00,0.000,0.000,0.00,0.000,0.000,0.00
56.9710,0.000,0.000,0.00,100.00,0.00,0.000,0.000,0.00,0.000,0.000,0.00,0.000,0.000,0.00,0.000,0.000,0.00,0.000,0.000,0.00,0.000,0.000,0.00,0.000,0.000,0.00,0.000,0.000,0.00,0.000,0.000,0.00,0.000,0.000,0.00,0.000,0.000,0.00,0.000,0.000,0.00,0.000,0.000,0.00,0.000,0.000,0.00,0.000,0.000,0.00,0.000,0.000,0.00,0.000,0.000,0.00,0.000,0.000,0.00,0.000,0.000,0.00,0.000,0.000,0.00,0.000,0.000,0.00,0.000,0.000,0.00,0.000,0.000,0.00,0.000,0.000,0.00,0.000,0.000,0.00,0.000,0.000,0.00,0.000,0.000,0.00,0.000,0.000,0.00,0.000,0.000,0.00,0.000,0.000,0.00
57.0756,0.000,0.000,0.00,100.00,0.00,0.000,0.000,0.00,0.000,0.000,0.00,0.000,0.000,0.00,0.000,0.000,0.00,0.000,0.000,0.00,0.000,0.000,0.00,0.000,0.000,0.00,0.000,0.000,0.00,0.000,0.000,0.00,0.000,0.000,0.00,0.000,0.000,0.00,0.000,0.000,0.00,0.000,0.000,0.00,0.000,0.000,0.00,0.000,0.000,0.00,0.000,0.000,0.00,0.000,0.000,0.00,0.000,0.000,0.00,0.000,0.000,0.00,0.000,0.000,0.00,0.000,0.000,0.00,0.000,0.000,0.00,0.000,0.000,0.00,0.000,0.000,0.00,0.000,0.000,0.00,0.000,0.000,0.00,0.000,0.000,0.00,0.000,0.000,0.00,0.000,0.000,0.00,0.000,0.000,0.00
57.2076,0.000,0.000,0.00,100.00,0.00,0.000,0.000,0.00,0.000,0.000,0.00,0.000,0.000,0.00,0.000,0.000,0.00,0.000,0.000,0.00,0.000,0.000,0.00,0.000,0.000,0.00,0.000,0.000,0.00,0.000,0.000,0.00,0.000,0.000,0.00,0.000,0.000,0.00,0.000,0.000,0.00,0.000,0.000,0.00,0.000,0.000,0.00,0.000,0.000,0.00,0.000,0.000,0.00,0.000,0.000,0.00,0.000,0.000,0.00,0.000,0.000,0.00,0.000,0.000,0.00,0.000,0.000,0.00,0.000,0.000,0.00,0.000,0.000,0.00,0.000,0.000,0.00,0.000,0.000,0.00,0.000,0.000,0.00,0.000,0.000,0.00,0.000,0.000,0.00,0.000,0.000,0.00,0.000,0.000,0.00
57.3172,0.000,0.000,0.00,100.00,0.00,0.000,0.000,0.00,0.000,0.000,0.00,0.000,0.000,0.00,0.000,0.000,0.00,0.000,0.000,0.00,0.000,0.000,0.00,0.000,0.000,0.00,0.000,0.000,0.00,0.000,0.000,0.00,0.000,0.000,0.00,0.000,0.000,0.00,0.000,0.000,0.00,0.000,0.000,0.00,0.000,0.000,0.00,0.000,0.000,0.00,0.000,0.000,0.00,0.000,0.000,0.00,0.000,0.000,0.00,0.000,0.000,0.00,0.000,0.000,0.00,0.000,0.000,0.00,0.000,0.000,0.00,0.000,0.000,0.00,0.000,0.000,0.00,0.000,0.000,0.00,0.000,0.000,0.00,0.000,0.000,0.00,0.000,0.000,0.00,0.000,0.000,0.00,0.000,0.000,0.00
57.4338,0.000,0.000,0.00,100.00,0.00,0.000,0.000,0.00,0.000,0.000,0.00,0.000,0.000,0.00,0.000,0.000,0.00,0.000,0.000,0.00,0.000,0.000,0.00,0.000,0.000,0.00,0.000,0.000,0.00,0.000,0.000,0.00,0.000,0.000,0.00,0.000,0.000,0.00,0.000,0.000,0.00,0.000,0.000,0.00,0.000,0.000,0.00,0.000,0.000,0.00,0.000,0.000,0.00,0.000,0.000,0.00,0.000,0.000,0.00,0.000,0.000,0.00,0.000,0.000,0.00,0.000,0.000,0.00,0.000,0.000,0.00,0.000,0.000,0.00,0.000,0.000,0.00,0.000,0.000,0.00,0.000,0.000,0.00,0.000,0.000,0.00,0.000,0.000,0.00,0.000,0.000,0.00,0.000,0.000,0.00
57.5496,0.000,0.000,0.00,100.00,0.00,0.000,0.000,0.00,0.000,0.000,0.00,0.000,0.000,0.00,0.000,0.000,0.00,0.000,0.000,0.00,0.000,0.000,0.00,0.000,0.000,0.00,0.000,0.000,0.00,0.000,0.000,0.00,0.000,0.000,0.00,0.000,0.000,0.00,0.000,0.000,0.00,0.000,0.000,0.00,0.000,0.000,0.00,0.000,0.000,0.00,0.000,0.000,0.00,0.000,0.000,0.00,0.000,0.000,0.00,0.000,0.000,0.00,0.000,0.000,0.00,0.000,0.000,0.00,0.000,0.000,0.00,0.000,0.000,0.00,0.000,0.000,0.00,0.000,0.000,0.00,0.000,0.000,0.00,0.000,0.000,0.00,0.000,0.000,0.00,0.000,0.000,0.00,0.000,0.000,0.00
57.6687,0.000,0.000,0.00,100.00,0.00,0.000,0.000,0.00,0.000,0.000,0.00,0.000,0.000,0.00,0.000,0.000,0.00,0.000,0.000,0.00,0.000,0.000,0.00,0.000,0.000,0.00,0.000,0.000,0.00,0.000,0.000,0.00,0.000,0.000,0.00,0.000,0.000,0.00,0.000,0.000,0.00,0.000,0.000,0.00,0.000,0.000,0.00,0.000,0.000,0.00,0.000,0.000,0.00,0.000,0.000,0.00,0.000,0.000,0.00,0.000,0.000,0.00,0.000,0.000,0.00,0.000,0.000,0.00,0.000,0.000,0.00,0.000,0.000,0.00,0.000,0.000,0.00,0.000,0.000,0.00,0.000,0.000,0.00,0.000,0.000,0.00,0.000,0.000,0.00,0.000,0.000,0.00,0.000,0.000,0.00
57.8069,0.000,0.000,0.00,100.00,0.00,0.000,0.000,0.00,0.000,0.000,0.00,0.000,0.000,0.00,0.000,0.000,0.00,0.000,0.000,0.00,0.000,0.000,0.00,0.000,0.000,0.00,0.000,0.000,0.00,0.000,0.000,0.00,0.000,0.000,0.00,0.000,0.000,0.00,0.000,0.000,0.00,0.000,0.000,0.00,0.000,0.000,0.00,0.000,0.000,0.00,0.000,0.000,0.00,0.000,0.000,0.00,0.000,0.000,0.00,0.000,0.000,0.00,0.000,0.000,0.00,0.000,0.000,0.00,0.000,0.000,0.00,0.000,0.000,0.00,0.000,0.000,0.00,0.000,0.000,0.00,0.000,0.000,0.00,0.000,0.000,0.00,0.000,0.000,0.00,0.000,0.000,0.00,0.000,0.000,0.00
57.9289,0.000,0.000,0.00,100.00,0.00,0.000,0.000,0.00,0.000,0.000,0.00,0.000,0.000,0.00,0.000,0.000,0.00,0.000,0.000,0.00,0.000,0.000,0.00,0.000,0.000,0.00,0.000,0.000,0.00,0.000,0.000,0.00,0.000,0.000,0.00,0.000,0.000,0.00,0.000,0.000,0.00,0.000,0.000,0.00,0.000,0.000,0.00,0.000,0.000,0.00,0.000,0.000,0.00,0.000,0.000,0.00,0.000,0.000,0.00,0.000,0.000,0.00,0.000,0.000,0.00,0.000,0.000,0.00,0.000,0.000,0.00,0.000,0.000,0.00,0.000,0.000,0.00,0.000,0.000,0.00,0.000,0.000,0.00,0.000,0.000,0.00,0.000,0.000,0.00,0.000,0.000,0.00,0.000,0.000,0.00
58.0461,0.000,0.000,0.00,100.00,0.00,0.000,0.000,0.00,0.000,0.000,0.00,0.000,0.000,0.00,0.000,0.000,0.00,0.000,0.000,0.00,0.000,0.000,0.00,0.000,0.000,0.00,0.000,0.000,0.00,0.000,0.000,0.00,0.000,0.000,0.00,0.000,0.000,0.00,0.000,0.000,0.00,0.000,0.000,0.00,0.000,0.000,0.00,0.000,0.000,0.00,0.000,0.000,0.00,0.000,0.000,0.00,0.000,0.000,0.00,0.000,0.000,0.00,0.000,0.000,0.00,0.000,0.000,0.00,0.000,0.000,0.00,0.000,0.000,0.00,0.000,0.000,0.00,0.000,0.000,0.00,0.000,0.000,0.00,0.000,0.000,0.00,0.000,0.000,0.00,0.000,0.000,0.00,0.000,0.000,0.00
58.1756,0.000,0.000,0.00,100.00,0.00,0.000,0.000,0.00,0.000,0.000,0.00,0.000,0.000,0.00,0.000,0.000,0.00,0.000,0.000,0.00,0.000,0.000,0.00,0.000,0.000,0.00,0.000,0.000,0.00,0.000,0.000,0.00,0.000,0.000,0.00,0.000,0.000,0.00,0.000,0.000,0.00,0.000,0.000,0.00,0.000,0.000,0.00,0.000,0.000,0.00,0.000,0.000,0.00,0.000,0.000,0.00,0.000,0.000,0.00,0.000,0.000,0.00,0.000,0.000,0.00,0.000,0.000,0.00,0.000,0.000,0.00,0.000,0.000,0.00,0.000,0.000,0.00,0.000,0.000,0.00,0.000,0.000,0.00,0.000,0.000,0.00,0.000,0.000,0.00,0.000,0.000,0.00,0.000,0.000,0.00
58.2889,0.000,0.000,0.00,87.08,0.00,0.000,0.000,0.00,0.000,0.000,0.00,0.000,0.000,0.00,0.000,0.000,0.00,0.000,0.000,0.00,0.000,0.000,0.00,0.000,0.000,0.00,0.000,0.000,0.00,0.000,0.000,0.00,0.000,0.000,0.00,0.000,0.000,0.00,0.000,0.000,0.00,0.000,0.000,0.00,0.000,0.000,0.00,0.000,0.000,0.00,0.000,0.000,0.00,0.000,0.000,0.00,0.000,0.000,0.00,0.000,0.000,0.00,0.000,0.000,0.00,0.000,0.000,0.00,0.000,0.000,0.00,0.000,0.000,0.00,0.000,0.000,0.00,0.000,0.000,0.00,0.000,0.000,0.00,0.000,0.000,0.00,0.000,0.000,0.00,0.000,0.000,0.00,0.000,0.000,0.00
58.3907,0.000,0.080,0.00,1.00,0.00,0.000,0.000,0.00,0.000,0.000,0.00,0.000,0.000,0.00,0.000,0.000,0.00,0.000,0.000,0.00,0.000,0.000,0.00,0.000,0.000,0.00,0.000,0.000,0.00,0.000,0.000,0.00,0.000,0.000,0.00,0.000,0.000,0.00,0.000,0.000,0.00,0.000,0.000,0.00,0.000,0.000,0.00,0.000,0.000,0.00,0.000,0.000,0.00,0.000,0.000,0.00,0.000,0.000,0.00,0.000,0.000,0.00,0.000,0.000,0.00,0.000,0.000,0.00,0.000,0.000,0.00,0.000,0.080,0.00,0.000,0.000,0.00,0.000,0.000,0.00,0.000,0.000,0.00,0.000,0.000,0.00,0.000,0.000,0.00,0.000,0.000,0.00,0.000,0.000,0.00
58.4919,0.000,0.000,0.00,0.77,0.00,0.000,0.000,0.00,0.000,0.000,0.00,0.000,0.000,0.00,0.000,0.000,0.00,0.000,0.000,0.00,0.000,0.000,0.00,0.000,0.000,0.00,0.000,0.000,0.00,0.000,0.000,0.00,0.000,0.000,0.00,0.000,0.000,0.00,0.000,0.000,0.00,0.000,0.000,0.00,0.000,0.000,0.00,0.000,0.000,0.00,0.000,0.000,0.00,0.000,0.000,0.00,0.000,0.000,0.00,0.000,0.000,0.00,0.000,0.000,0.00,0.000,0.000,0.00,0.000,0.000,0.00,0.000,0.000,0.00,0.000,0.000,0.00,0.000,0.000,0.00,0.000,0.000,0.00,0.000,0.000,0.00,0.000,0.000,0.00,0.000,0.000,0.00,0.000,0.000,0.00
58.5930,0.000,0.000,0.00,0.77,0.00,0.000,0.000,0.00,0.000,0.000,0.00,0.000,0.000,0.00,0.000,0.000,0.00,0.000,0.000,0.00,0.000,0.000,0.00,0.000,0.000,0.00,0.000,0.000,0.00,0.000,0.000,0.00,0.000,0.000,0.00,0.000,0.000,0.00,0.000,0.000,0.00,0.000,0.000,0.00,0.000,0.000,0.00,0.000,0.000,0.00,0.000,0.000,0.00,0.000,0.000,0.00,0.000,0.000,0.00,0.000,0.000,0.00,0.000,0.000,0.00,0.000,0.000,0.00,0.000,0.000,0.00,0.000,0.000,0.00,0.000,0.000,0.00,0.000,0.000,0.00,0.000,0.000,0.00,0.000,0.000,0.00,0.000,0.000,0.00,0.000,0.000,0.00,0.000,0.000,0.00
58.6944,0.000,0.000,0.00,1.07,0.00,0.000,0.000,0.00,0.000,0.000,0.00,0.000,0.000,0.00,0.000,0.000,0.00,0.000,0.000,0.00,0.000,0.000,0.00,0.000,0.000,0.00,0.000,0.000,0.00,0.000,0.000,0.00,0.000,0.000,0.00,0.000,0.000,0.00,0.000,0.000,0.00,0.000,0.000,0.00,0.000,0.000,0.00,0.000,0.000,0.00,0.000,0.000,0.00,0.000,0.000,0.00,0.000,0.000,0.00,0.000,0.000,0.00,0.000,0.000,0.00,0.000,0.000,0.00,0.000,0.000,0.00,0.000,0.000,0.00,0.000,0.000,0.00,0.000,0.000,0.00,0.000,0.000,0.00,0.000,0.000,0.00,0.000,0.000,0.00,0.000,0.000,0.00,0.000,0.000,0.00
58.7962,0.000,0.000,0.00,0.77,0.00,0.000,0.000,0.00,0.000,0.000,0.00,0.000,0.000,0.00,0.000,0.000,0.00,0.000,0.000,0.00,0.000,0.000,0.00,0.000,0.000,0.00,0.000,0.000,0.00,0.000,0.000,0.00,0.000,0.000,0.00,0.000,0.000,0.00,0.000,0.000,0.00,0.000,0.000,0.00,0.000,0.000,0.00,0.000,0.000,0.00,0.000,0.000,0.00,0.000,0.000,0.00,0.000,0.000,0.00,0.000,0.000,0.00,0.000,0.000,0.00,0.000,0.000,0.00,0.000,0.000,0.00,0.000,0.000,0.00,0.000,0.000,0.00,0.000,0.000,0.00,0.000,0.000,0.00,0.000,0.000,0.00,0.000,0.000,0.00,0.000,0.000,0.00,0.000,0.000,0.00
58.8981,0.000,0.000,0.00,0.77,0.00,0.000,0.000,0.00,0.000,0.000,0.00,0.000,0.000,0.00,0.000,0.000,0.00,0.000,0.000,0.00,0.000,0.000,0.00,0.000,0.000,0.00,0.000,0.000,0.00,0.000,0.000,0.00,0.000,0.000,0.00,0.000,0.000,0.00,0.000,0.000,0.00,0.000,0.000,0.00,0.000,0.000,0.00,0.000,0.000,0.00,0.000,0.000,0.00,0.000,0.000,0.00,0.000,0.000,0.00,0.000,0.000,0.00,0.000,0.000,0.00,0.000,0.000,0.00,0.000,0.000,0.00,0.000,0.000,0.00,0.000,0.000,0.00,0.000,0.000,0.00,0.000,0.000,0.00,0.000,0.000,0.00,0.000,0.000,0.00,0.000,0.000,0.00,0.000,0.000,0.00
58.9999,0.000,0.000,0.00,0.77,0.00,0.000,0.000,0.00,0.000,0.000,0.00,0.000,0.000,0.00,0.000,0.000,0.00,0.000,0.000,0.00,0.000,0.000,0.00,0.000,0.000,0.00,0.000,0.000,0.00,0.000,0.000,0.00,0.000,0.000,0.00,0.000,0.000,0.00,0.000,0.000,0.00,0.000,0.000,0.00,0.000,0.000,0.00,0.000,0.000,0.00,0.000,0.000,0.00,0.000,0.000,0.00,0.000,0.000,0.00,0.000,0.000,0.00,0.000,0.000,0.00,0.000,0.000,0.00,0.000,0.000,0.00,0.000,0.000,0.00,0.000,0.000,0.00,0.000,0.000,0.00,0.000,0.000,0.00,0.000,0.000,0.00,0.000,0.000,0.00,0.000,0.000,0.00,0.000,0.000,0.00
59.1017,0.000,0.000,0.00,0.77,0.00,0.000,0.000,0.00,0.000,0.000,0.00,0.000,0.000,0.00,0.000,0.000,0.00,0.000,0.000,0.00,0.000,0.000,0.00,0.000,0.000,0.00,0.000,0.000,0.00,0.000,0.000,0.00,0.000,0.000,0.00,0.000,0.000,0.00,0.000,0.000,0.00,0.000,0.000,0.00,0.000,0.000,0.00,0.000,0.000,0.00,0.000,0.000,0.00,0.000,0.000,0.00,0.000,0.000,0.00,0.000,0.000,0.00,0.000,0.000,0.00,0.000,0.000,0.00,0.000,0.000,0.00,0.000,0.000,0.00,0.000,0.000,0.00,0.000,0.000,0.00,0.000,0.000,0.00,0.000,0.000,0.00,0.000,0.000,0.00,0.000,0.000,0.00,0.000,0.000,0.00
59.2036,0.000,0.000,0.00,0.84,0.00,0.000,0.000,0.00,0.000,0.000,0.00,0.000,0.000,0.00,0.000,0.000,0.00,0.000,0.000,0.00,0.000,0.000,0.00,0.000,0.000,0.00,0.000,0.000,0.00,0.000,0.000,0.00,0.000,0.000,0.00,0.000,0.000,0.00,0.000,0.000,0.00,0.000,0.000,0.00,0.000,0.000,0.00,0.000,0.000,0.00,0.000,0.000,0.00,0.000,0.000,0.00,0.000,0.000,0.00,0.000,0.000,0.00,0.000,0.000,0.00,0.000,0.000,0.00,0.000,0.000,0.00,0.000,0.000,0.00,0.000,0.000,0.00,0.000,0.000,0.00,0.000,0.000,0.00,0.000,0.000,0.00,0.000,0.000,0.00,0.000,0.000,0.00,0.000,0.000,0.00
59.3053,0.000,0.000,0.00,0.84,0.00,0.000,0.000,0.00,0.000,0.000,0.00,0.000,0.000,0.00,0.000,0.000,0.00,0.000,0.000,0.00,0.000,0.000,0.00,0.000,0.000,0.00,0.000,0.000,0.00,0.000,0.000,0.00,0.000,0.000,0.00,0.000,0.000,0.00,0.000,0.000,0.00,0.000,0.000,0.00,0.000,0.000,0.00,0.000,0.000,0.00,0.000,0.000,0.00,0.000,0.000,0.00,0.000,0.000,0.00,0.000,0.000,0.00,0.000,0.000,0.00,0.000,0.000,0.00,0.000,0.000,0.00,0.000,0.000,0.00,0.000,0.000,0.00,0.000,0.000,0.00,0.000,0.000,0.00,0.000,0.000,0.00,0.000,0.000,0.00,0.000,0.000,0.00,0.000,0.000,0.00
59.4072,0.000,0.000,0.00,0.77,0.00,0.000,0.000,0.00,0.000,0.000,0.00,0.000,0.000,0.00,0.000,0.000,0.00,0.000,0.000,0.00,0.000,0.000,0.00,0.000,0.000,0.00,0.000,0.000,0.00,0.000,0.000,0.00,0.000,0.000,0.00,0.000,0.000,0.00,0.000,0.000,0.00,0.000,0.000,0.00,0.000,0.000,0.00,0.000,0.000,0.00,0.000,0.000,0.00,0.000,0.000,0.00,0.000,0.000,0.00,0.000,0.000,0.00,0.000,0.000,0.00,0.000,0.000,0.00,0.000,0.000,0.00,0.000,0.000,0.00,0.000,0.000,0.00,0.000,0.000,0.00,0.000,0.000,0.00,0.000,0.000,0.00,0.000,0.000,0.00,0.000,0.000,0.00,0.000,0.000,0.00
59.5090,0.000,0.000,0.00,0.77,0.00,0.000,0.000,0.00,0.000,0.000,0.00,0.000,0.000,0.00,0.000,0.000,0.00,0.000,0.000,0.00,0.000,0.000,0.00,0.000,0.000,0.00,0.000,0.000,0.00,0.000,0.000,0.00,0.000,0.000,0.00,0.000,0.000,0.00,0.000,0.000,0.00,0.000,0.000,0.00,0.000,0.000,0.00,0.000,0.000,0.00,0.000,0.000,0.00,0.000,0.000,0.00,0.000,0.000,0.00,0.000,0.000,0.00,0.000,0.000,0.00,0.000,0.000,0.00,0.000,0.000,0.00,0.000,0.000,0.00,0.000,0.000,0.00,0.000,0.000,0.00,0.000,0.000,0.00,0.000,0.000,0.00,0.000,0.000,0.00,0.000,0.000,0.00,0.000,0.000,0.00
59.6117,0.000,0.000,0.00,81.05,0.00,0.000,0.000,0.00,0.000,0.000,0.00,0.000,0.000,0.00,0.000,0.000,0.00,0.000,0.000,0.00,0.000,0.000,0.00,0.000,0.000,0.00,0.000,0.000,0.00,0.000,0.000,0.00,0.000,0.000,0.00,0.000,0.000,0.00,0.000,0.000,0.00,0.000,0.000,0.00,0.000,0.000,0.00,0.000,0.000,0.00,0.000,0.000,0.00,0.000,0.000,0.00,0.000,0.000,0.00,0.000,0.000,0.00,0.000,0.000,0.00,0.000,0.000,0.00,0.000,0.000,0.00,0.000,0.000,0.00,0.000,0.000,0.00,0.000,0.000,0.00,0.000,0.000,0.00,0.000,0.000,0.00,0.000,0.000,0.00,0.000,0.000,0.00,0.000,0.000,0.00
59.7495,0.000,0.000,0.00,91.45,0.00,0.000,0.000,0.00,0.000,0.000,0.00,0.000,0.000,0.00,0.000,0.000,0.00,0.000,0.000,0.00,0.000,0.000,0.00,0.000,0.000,0.00,0.000,0.000,0.00,0.000,0.000,0.00,0.000,0.000,0.00,0.000,0.000,0.00,0.000,0.000,0.00,0.000,0.000,0.00,0.000,0.000,0.00,0.000,0.000,0.00,0.000,0.000,0.00,0.000,0.000,0.00,0.000,0.000,0.00,0.000,0.000,0.00,0.000,0.000,0.00,0.000,0.000,0.00,0.000,0.000,0.00,0.000,0.000,0.00,0.000,0.000,0.00,0.000,0.000,0.00,0.000,0.000,0.00,0.000,0.000,0.00,0.000,0.000,0.00,0.000,0.000,0.00,0.000,0.000,0.00
59.8625,0.000,0.145,0.03,62.91,0.00,0.000,0.000,0.00,0.000,0.000,0.00,0.000,0.000,0.00,0.000,0.000,0.00,0.000,0.000,0.00,0.000,0.000,0.00,0.000,0.000,0.00,0.000,0.000,0.00,0.000,0.000,0.00,0.000,0.000,0.00,0.000,0.000,0.00,0.000,0.000,0.00,0.000,0.000,0.00,0.000,0.000,0.00,0.000,0.000,0.00,0.000,0.000,0.00,0.000,0.000,0.00,0.000,0.000,0.00,0.000,0.000,0.00,0.000,0.000,0.00,0.000,0.000,0.00,0.000,0.145,0.89,0.000,0.000,0.00,0.000,0.000,0.00,0.000,0.000,0.00,0.000,0.000,0.00,0.000,0.000,0.00,0.000,0.000,0.00,0.000,0.000,0.00,0.000,0.000,0.00
59.9685,0.000,0.000,0.00,64.03,0.00,0.000,0.000,0.00,0.000,0.000,0.00,0.000,0.000,0.00,0.000,0.000,0.00,0.000,0.000,0.00,0.000,0.000,0.00,0.000,0.000,0.00,0.000,0.000,0.00,0.000,0.000,0.00,0.000,0.000,0.00,0.000,0.000,0.00,0.000,0.000,0.00,0.000,0.000,0.00,0.000,0.000,0.00,0.000,0.000,0.00,0.000,0.000,0.00,0.000,0.000,0.00,0.000,0.000,0.00,0.000,0.000,0.00,0.000,0.000,0.00,0.000,0.000,0.00,0.000,0.000,0.00,0.000,0.000,0.00,0.000,0.000,0.00,0.000,0.000,0.00,0.000,0.000,0.00,0.000,0.000,0.00,0.000,0.000,0.00,0.000,0.000,0.00,0.000,0.000,0.00
60.0752,0.000,0.000,0.00,54.76,0.00,0.000,0.000,0.00,0.000,0.000,0.00,0.000,0.000,0.00,0.000,0.000,0.00,0.000,0.000,0.00,0.000,0.000,0.00,0.000,0.000,0.00,0.000,0.000,0.00,0.000,0.000,0.00,0.000,0.000,0.00,0.000,0.000,0.00,0.000,0.000,0.00,0.000,0.000,0.00,0.000,0.000,0.00,0.000,0.000,0.00,0.000,0.000,0.00,0.000,0.000,0.00,0.000,0.000,0.00,0.000,0.000,0.00,0.000,0.000,0.00,0.000,0.000,0.00,0.000,0.000,0.00,0.000,0.000,0.00,0.000,0.000,0.00,0.000,0.000,0.00,0.000,0.000,0.00,0.000,0.000,0.00,0.000,0.000,0.00,0.000,0.000,0.00,0.000,0.000,0.00
60.1800,0.000,0.000,0.00,77.47,0.00,0.000,0.000,0.00,0.000,0.000,0.00,0.000,0.000,0.00,0.000,0.000,0.00,0.000,0.000,0.00,0.000,0.000,0.00,0.000,0.000,0.00,0.000,0.000,0.00,0.000,0.000,0.00,0.000,0.000,0.00,0.000,0.000,0.00,0.000,0.000,0.00,0.000,0.000,0.00,0.000,0.000,0.00,0.000,0.000,0.00,0.000,0.000,0.00,0.000,0.000,0.00,0.000,0.000,0.00,0.000,0.000,0.00,0.000,0.000,0.00,0.000,0.000,0.00,0.000,0.000,0.00,0.000,0.000,0.00,0.000,0.000,0.00,0.000,0.000,0.00,0.000,0.000,0.00,0.000,0.000,0.00,0.000,0.000,0.00,0.000,0.000,0.00,0.000,0.000,0.00
60.2835,0.000,0.000,0.00,84.73,0.00,0.000,0.000,0.00,0.000,0.000,0.00,0.000,0.000,0.00,0.000,0.000,0.00,0.000,0.000,0.00,0.000,0.000,0.00,0.000,0.000,0.00,0.000,0.000,0.00,0.000,0.000,0.00,0.000,0.000,0.00,0.000,0.000,0.00,0.000,0.000,0.00,0.000,0.000,0.00,0.000,0.000,0.00,0.000,0.000,0.00,0.000,0.000,0.00,0.000,0.000,0.00,0.000,0.000,0.00,0.000,0.000,0.00,0.000,0.000,0.00,0.000,0.000,0.00,0.000,0.000,0.00,0.000,0.000,0.00,0.000,0.000,0.00,0.000,0.000,0.00,0.000,0.000,0.00,0.000,0.000,0.00,0.000,0.000,0.00,0.000,0.000,0.00,0.000,0.000,0.00
60.3865,0.000,0.000,0.00,85.44,0.00,0.000,0.000,0.00,0.000,0.000,0.00,0.000,0.000,0.00,0.000,0.000,0.00,0.000,0.000,0.00,0.000,0.000,0.00,0.000,0.000,0.00,0.000,0.000,0.00,0.000,0.000,0.00,0.000,0.000,0.00,0.000,0.000,0.00,0.000,0.000,0.00,0.000,0.000,0.00,0.000,0.000,0.00,0.000,0.000,0.00,0.000,0.000,0.00,0.000,0.000,0.00,0.000,0.000,0.00,0.000,0.000,0.00,0.000,0.000,0.00,0.000,0.000,0.00,0.000,0.000,0.00,0.000,0.000,0.00,0.000,0.000,0.00,0.000,0.000,0.00,0.000,0.000,0.00,0.000,0.000,0.00,0.000,0.000,0.00,0.000,0.000,0.00,0.000,0.000,0.00
60.4895,0.000,0.000,0.00,84.25,0.00,0.000,0.000,0.00,0.000,0.000,0.00,0.000,0.000,0.00,0.000,0.000,0.00,0.000,0.000,0.00,0.000,0.000,0.00,0.000,0.000,0.00,0.000,0.000,0.00,0.000,0.000,0.00,0.000,0.000,0.00,0.000,0.000,0.00,0.000,0.000,0.00,0.000,0.000,0.00,0.000,0.000,0.00,0.000,0.000,0.00,0.000,0.000,0.00,0.000,0.000,0.00,0.000,0.000,0.00,0.000,0.000,0.00,0.000,0.000,0.00,0.000,0.000,0.00,0.000,0.000,0.00,0.000,0.000,0.00,0.000,0.000,0.00,0.000,0.000,0.00,0.000,0.000,0.00,0.000,0.000,0.00,0.000,0.000,0.00,0.000,0.000,0.00,0.000,0.000,0.00
60.5954,0.000,0.000,0.00,89.35,0.00,0.000,0.000,0.00,0.000,0.000,0.00,0.000,0.000,0.00,0.000,0.000,0.00,0.000,0.000,0.00,0.000,0.000,0.00,0.000,0.000,0.00,0.000,0.000,0.00,0.000,0.000,0.00,0.000,0.000,0.00,0.000,0.000,0.00,0.000,0.000,0.00,0.000,0.000,0.00,0.000,0.000,0.00,0.000,0.000,0.00,0.000,0.000,0.00,0.000,0.000,0.00,0.000,0.000,0.00,0.000,0.000,0.00,0.000,0.000,0.00,0.000,0.000,0.00,0.000,0.000,0.00,0.000,0.000,0.00,0.000,0.000,0.00,0.000,0.000,0.00,0.000,0.000,0.00,0.000,0.000,0.00,0.000,0.000,0.00,0.000,0.000,0.00,0.000,0.000,0.00
60.6985,0.000,0.000,0.00,90.19,0.00,0.000,0.000,0.00,0.000,0.000,0.00,0.000,0.000,0.00,0.000,0.000,0.00,0.000,0.000,0.00,0.000,0.000,0.00,0.000,0.000,0.00,0.000,0.000,0.00,0.000,0.000,0.00,0.000,0.000,0.00,0.000,0.000,0.00,0.000,0.000,0.00,0.000,0.000,0.00,0.000,0.000,0.00,0.000,0.000,0.00,0.000,0.000,0.00,0.000,0.000,0.00,0.000,0.000,0.00,0.000,0.000,0.00,0.000,0.000,0.00,0.000,0.000,0.00,0.000,0.000,0.00,0.000,0.000,0.00,0.000,0.000,0.00,0.000,0.000,0.00,0.000,0.000,0.00,0.000,0.000,0.00,0.000,0.000,0.00,0.000,0.000,0.00,0.000,0.000,0.00
60.8014,0.000,0.000,0.00,85.03,0.00,0.000,0.000,0.00,0.000,0.000,0.00,0.000,0.000,0.00,0.000,0.000,0.00,0.000,0.000,0.00,0.000,0.000,0.00,0.000,0.000,0.00,0.000,0.000,0.00,0.000,0.000,0.00,0.000,0.000,0.00,0.000,0.000,0.00,0.000,0.000,0.00,0.000,0.000,0.00,0.000,0.000,0.00,0.000,0.000,0.00,0.000,0.000,0.00,0.000,0.000,0.00,0.000,0.000,0.00,0.000,0.000,0.00,0.000,0.000,0.00,0.000,0.000,0.00,0.000,0.000,0.00,0.000,0.000,0.00,0.000,0.000,0.00,0.000,0.000,0.00,0.000,0.000,0.00,0.000,0.000,0.00,0.000,0.000,0.00,0.000,0.000,0.00,0.000,0.000,0.00
60.9044,0.000,0.000,0.00,86.98,0.00,0.000,0.000,0.00,0.000,0.000,0.00,0.000,0.000,0.00,0.000,0.000,0.00,0.000,0.000,0.00,0.000,0.000,0.00,0.000,0.000,0.00,0.000,0.000,0.00,0.000,0.000,0.00,0.000,0.000,0.00,0.000,0.000,0.00,0.000,0.000,0.00,0.000,0.000,0.00,0.000,0.000,0.00,0.000,0.000,0.00,0.000,0.000,0.00,0.000,0.000,0.00,0.000,0.000,0.00,0.000,0.000,0.00,0.000,0.000,0.00,0.000,0.000,0.00,0.000,0.000,0.00,0.000,0.000,0.00,0.000,0.000,0.00,0.000,0.000,0.00,0.000,0.000,0.00,0.000,0.000,0.00,0.000,0.000,0.00,0.000,0.000,0.00,0.000,0.000,0.00
61.0075,0.000,0.000,0.00,87.48,0.00,0.000,0.000,0.00,0.000,0.000,0.00,0.000,0.000,0.00,0.000,0.000,0.00,0.000,0.000,0.00,0.000,0.000,0.00,0.000,0.000,0.00,0.000,0.000,0.00,0.000,0.000,0.00,0.000,0.000,0.00,0.000,0.000,0.00,0.000,0.000,0.00,0.000,0.000,0.00,0.000,0.000,0.00,0.000,0.000,0.00,0.000,0.000,0.00,0.000,0.000,0.00,0.000,0.000,0.00,0.000,0.000,0.00,0.000,0.000,0.00,0.000,0.000,0.00,0.000,0.000,0.00,0.000,0.000,0.00,0.000,0.000,0.00,0.000,0.000,0.00,0.000,0.000,0.00,0.000,0.000,0.00,0.000,0.000,0.00,0.000,0.000,0.00,0.000,0.000,0.00
61.1104,0.000,0.000,0.00,84.18,0.00,0.000,0.000,0.00,0.000,0.000,0.00,0.000,0.000,0.00,0.000,0.000,0.00,0.000,0.000,0.00,0.000,0.000,0.00,0.000,0.000,0.00,0.000,0.000,0.00,0.000,0.000,0.00,0.000,0.000,0.00,0.000,0.000,0.00,0.000,0.000,0.00,0.000,0.000,0.00,0.000,0.000,0.00,0.000,0.000,0.00,0.000,0.000,0.00,0.000,0.000,0.00,0.000,0.000,0.00,0.000,0.000,0.00,0.000,0.000,0.00,0.000,0.000,0.00,0.000,0.000,0.00,0.000,0.000,0.00,0.000,0.000,0.00,0.000,0.000,0.00,0.000,0.000,0.00,0.000,0.000,0.00,0.000,0.000,0.00,0.000,0.000,0.00,0.000,0.000,0.00
61.2138,0.000,0.000,0.00,85.17,0.00,0.000,0.000,0.00,0.000,0.000,0.00,0.000,0.000,0.00,0.000,0.000,0.00,0.000,0.000,0.00,0.000,0.000,0.00,0.000,0.000,0.00,0.000,0.000,0.00,0.000,0.000,0.00,0.000,0.000,0.00,0.000,0.000,0.00,0.000,0.000,0.00,0.000,0.000,0.00,0.000,0.000,0.00,0.000,0.000,0.00,0.000,0.000,0.00,0.000,0.000,0.00,0.000,0.000,0.00,0.000,0.000,0.00,0.000,0.000,0.00,0.000,0.000,0.00,0.000,0.000,0.00,0.000,0.000,0.00,0.000,0.000,0.00,0.000,0.000,0.00,0.000,0.000,0.00,0.000,0.000,0.00,0.000,0.000,0.00,0.000,0.000,0.00,0.000,0.000,0.00
61.3175,0.000,0.000,0.00,91.26,0.00,0.000,0.000,0.00,0.000,0.000,0.00,0.000,0.000,0.00,0.000,0.000,0.00,0.000,0.000,0.00,0.000,0.000,0.00,0.000,0.000,0.00,0.000,0.000,0.00,0.000,0.000,0.00,0.000,0.000,0.00,0.000,0.000,0.00,0.000,0.000,0.00,0.000,0.000,0.00,0.000,0.000,0.00,0.000,0.000,0.00,0.000,0.000,0.00,0.000,0.000,0.00,0.000,0.000,0.00,0.000,0.000,0.00,0.000,0.000,0.00,0.000,0.000,0.00,0.000,0.000,0.00,0.000,0.000,0.00,0.000,0.000,0.00,0.000,0.000,0.00,0.000,0.000,0.00,0.000,0.000,0.00,0.000,0.000,0.00,0.000,0.000,0.00,0.000,0.000,0.00
61.4215,0.000,0.000,0.00,84.77,0.00,0.000,0.000,0.00,0.000,0.000,0.00,0.000,0.000,0.00,0.000,0.000,0.00,0.000,0.000,0.00,0.000,0.000,0.00,0.000,0.000,0.00,0.000,0.000,0.00,0.000,0.000,0.00,0.000,0.000,0.00,0.000,0.000,0.00,0.000,0.000,0.00,0.000,0.000,0.00,0.000,0.000,0.00,0.000,0.000,0.00,0.000,0.000,0.00,0.000,0.000,0.00,0.000,0.000,0.00,0.000,0.000,0.00,0.000,0.000,0.00,0.000,0.000,0.00,0.000,0.000,0.00,0.000,0.000,0.00,0.000,0.000,0.00,0.000,0.000,0.00,0.000,0.000,0.00,0.000,0.000,0.00,0.000,0.000,0.00,0.000,0.000,0.00,0.000,0.000,0.00
61.5276,0.000,0.000,0.00,85.84,0.00,0.000,0.000,0.00,0.000,0.000,0.00,0.000,0.000,0.00,0.000,0.000,0.00,0.000,0.000,0.00,0.000,0.000,0.00,0.000,0.000,0.00,0.000,0.000,0.00,0.000,0.000,0.00,0.000,0.000,0.00,0.000,0.000,0.00,0.000,0.000,0.00,0.000,0.000,0.00,0.000,0.000,0.00,0.000,0.000,0.00,0.000,0.000,0.00,0.000,0.000,0.00,0.000,0.000,0.00,0.000,0.000,0.00,0.000,0.000,0.00,0.000,0.000,0.00,0.000,0.000,0.00,0.000,0.000,0.00,0.000,0.000,0.00,0.000,0.000,0.00,0.000,0.000,0.00,0.000,0.000,0.00,0.000,0.000,0.00,0.000,0.000,0.00,0.000,0.000,0.00
61.6315,0.000,0.000,0.00,95.90,0.00,0.000,0.000,0.00,0.000,0.000,0.00,0.000,0.000,0.00,0.000,0.000,0.00,0.000,0.000,0.00,0.000,0.000,0.00,0.000,0.000,0.00,0.000,0.000,0.00,0.000,0.000,0.00,0.000,0.000,0.00,0.000,0.000,0.00,0.000,0.000,0.00,0.000,0.000,0.00,0.000,0.000,0.00,0.000,0.000,0.00,0.000,0.000,0.00,0.000,0.000,0.00,0.000,0.000,0.00,0.000,0.000,0.00,0.000,0.000,0.00,0.000,0.000,0.00,0.000,0.000,0.00,0.000,0.000,0.00,0.000,0.000,0.00,0.000,0.000,0.00,0.000,0.000,0.00,0.000,0.000,0.00,0.000,0.000,0.00,0.000,0.000,0.00,0.000,0.000,0.00
61.7346,0.000,0.000,0.00,99.92,0.00,0.000,0.000,0.00,0.000,0.000,0.00,0.000,0.000,0.00,0.000,0.000,0.00,0.000,0.000,0.00,0.000,0.000,0.00,0.000,0.000,0.00,0.000,0.000,0.00,0.000,0.000,0.00,0.000,0.000,0.00,0.000,0.000,0.00,0.000,0.000,0.00,0.000,0.000,0.00,0.000,0.000,0.00,0.000,0.000,0.00,0.000,0.000,0.00,0.000,0.000,0.00,0.000,0.000,0.00,0.000,0.000,0.00,0.000,0.000,0.00,0.000,0.000,0.00,0.000,0.000,0.00,0.000,0.000,0.00,0.000,0.000,0.00,0.000,0.000,0.00,0.000,0.000,0.00,0.000,0.000,0.00,0.000,0.000,0.00,0.000,0.000,0.00,0.000,0.000,0.00
61.8405,0.000,0.000,0.00,99.39,0.00,0.000,0.000,0.00,0.000,0.000,0.00,0.000,0.000,0.00,0.000,0.000,0.00,0.000,0.000,0.00,0.000,0.000,0.00,0.000,0.000,0.00,0.000,0.000,0.00,0.000,0.000,0.00,0.000,0.000,0.00,0.000,0.000,0.00,0.000,0.000,0.00,0.000,0.000,0.00,0.000,0.000,0.00,0.000,0.000,0.00,0.000,0.000,0.00,0.000,0.000,0.00,0.000,0.000,0.00,0.000,0.000,0.00,0.000,0.000,0.00,0.000,0.000,0.00,0.000,0.000,0.00,0.000,0.000,0.00,0.000,0.000,0.00,0.000,0.000,0.00,0.000,0.000,0.00,0.000,0.000,0.00,0.000,0.000,0.00,0.000,0.000,0.00,0.000,0.000,0.00
61.9465,0.000,0.000,0.00,90.60,0.00,0.000,0.000,0.00,0.000,0.000,0.00,0.000,0.000,0.00,0.000,0.000,0.00,0.000,0.000,0.00,0.000,0.000,0.00,0.000,0.000,0.00,0.000,0.000,0.00,0.000,0.000,0.00,0.000,0.000,0.00,0.000,0.000,0.00,0.000,0.000,0.00,0.000,0.000,0.00,0.000,0.000,0.00,0.000,0.000,0.00,0.000,0.000,0.00,0.000,0.000,0.00,0.000,0.000,0.00,0.000,0.000,0.00,0.000,0.000,0.00,0.000,0.000,0.00,0.000,0.000,0.00,0.000,0.000,0.00,0.000,0.000,0.00,0.000,0.000,0.00,0.000,0.000,0.00,0.000,0.000,0.00,0.000,0.000,0.00,0.000,0.000,0.00,0.000,0.000,0.00
62.0566,0.000,0.000,0.00,92.88,0.00,0.000,0.000,0.00,0.000,0.000,0.00,0.000,0.000,0.00,0.000,0.000,0.00,0.000,0.000,0.00,0.000,0.000,0.00,0.000,0.000,0.00,0.000,0.000,0.00,0.000,0.000,0.00,0.000,0.000,0.00,0.000,0.000,0.00,0.000,0.000,0.00,0.000,0.000,0.00,0.000,0.000,0.00,0.000,0.000,0.00,0.000,0.000,0.00,0.000,0.000,0.00,0.000,0.000,0.00,0.000,0.000,0.00,0.000,0.000,0.00,0.000,0.000,0.00,0.000,0.000,0.00,0.000,0.000,0.00,0.000,0.000,0.00,0.000,0.000,0.00,0.000,0.000,0.00,0.000,0.000,0.00,0.000,0.000,0.00,0.000,0.000,0.00,0.000,0.000,0.00
62.1666,0.000,0.000,0.00,84.93,0.00,0.000,0.000,0.00,0.000,0.000,0.00,0.000,0.000,0.00,0.000,0.000,0.00,0.000,0.000,0.00,0.000,0.000,0.00,0.000,0.000,0.00,0.000,0.000,0.00,0.000,0.000,0.00,0.000,0.000,0.00,0.000,0.000,0.00,0.000,0.000,0.00,0.000,0.000,0.00,0.000,0.000,0.00,0.000,0.000,0.00,0.000,0.000,0.00,0.000,0.000,0.00,0.000,0.000,0.00,0.000,0.000,0.00,0.000,0.000,0.00,0.000,0.000,0.00,0.000,0.000,0.00,0.000,0.000,0.00,0.000,0.000,0.00,0.000,0.000,0.00,0.000,0.000,0.00,0.000,0.000,0.00,0.000,0.000,0.00,0.000,0.000,0.00,0.000,0.000,0.00
62.2724,0.000,0.000,0.00,80.53,0.00,0.000,0.000,0.00,0.000,0.000,0.00,0.000,0.000,0.00,0.000,0.000,0.00,0.000,0.000,0.00,0.000,0.000,0.00,0.000,0.000,0.00,0.000,0.000,0.00,0.000,0.000,0.00,0.000,0.000,0.00,0.000,0.000,0.00,0.000,0.000,0.00,0.000,0.000,0.00,0.000,0.000,0.00,0.000,0.000,0.00,0.000,0.000,0.00,0.000,0.000,0.00,0.000,0.000,0.00,0.000,0.000,0.00,0.000,0.000,0.00,0.000,0.000,0.00,0.000,0.000,0.00,0.000,0.000,0.00,0.000,0.000,0.00,0.000,0.000,0.00,0.000,0.000,0.00,0.000,0.000,0.00,0.000,0.000,0.00,0.000,0.000,0.00,0.000,0.000,0.00
62.3765,0.000,0.000,0.00,92.36,0.00,0.000,0.000,0.00,0.000,0.000,0.00,0.000,0.000,0.00,0.000,0.000,0.00,0.000,0.000,0.00,0.000,0.000,0.00,0.000,0.000,0.00,0.000,0.000,0.00,0.000,0.000,0.00,0.000,0.000,0.00,0.000,0.000,0.00,0.000,0.000,0.00,0.000,0.000,0.00,0.000,0.000,0.00,0.000,0.000,0.00,0.000,0.000,0.00,0.000,0.000,0.00,0.000,0.000,0.00,0.000,0.000,0.00,0.000,0.000,0.00,0.000,0.000,0.00,0.000,0.000,0.00,0.000,0.000,0.00,0.000,0.000,0.00,0.000,0.000,0.00,0.000,0.000,0.00,0.000,0.000,0.00,0.000,0.000,0.00,0.000,0.000,0.00,0.000,0.000,0.00
62.4815,0.000,0.015,0.06,99.93,0.00,0.000,0.000,0.00,0.000,0.000,0.00,0.000,0.000,0.00,0.000,0.000,0.00,0.000,0.000,0.00,0.000,0.000,0.00,0.000,0.000,0.00,0.000,0.000,0.00,0.000,0.000,0.00,0.000,0.000,0.00,0.000,0.000,0.00,0.000,0.000,0.00,0.000,0.000,0.00,0.000,0.000,0.00,0.000,0.000,0.00,0.000,0.000,0.00,0.000,0.000,0.00,0.000,0.000,0.00,0.000,0.000,0.00,0.000,0.000,0.00,0.000,0.000,0.00,0.000,0.000,0.00,0.000,0.000,0.00,0.000,0.000,0.00,0.000,0.000,0.00,0.000,0.000,0.00,0.000,0.000,0.00,0.000,0.015,1.90,0.000,0.000,0.00,0.000,0.000,0.00
62.5882,0.000,0.000,0.00,99.93,0.00,0.000,0.000,0.00,0.000,0.000,0.00,0.000,0.000,0.00,0.000,0.000,0.00,0.000,0.000,0.00,0.000,0.000,0.00,0.000,0.000,0.00,0.000,0.000,0.00,0.000,0.000,0.00,0.000,0.000,0.00,0.000,0.000,0.00,0.000,0.000,0.00,0.000,0.000,0.00,0.000,0.000,0.00,0.000,0.000,0.00,0.000,0.000,0.00,0.000,0.000,0.00,0.000,0.000,0.00,0.000,0.000,0.00,0.000,0.000,0.00,0.000,0.000,0.00,0.000,0.000,0.00,0.000,0.000,0.00,0.000,0.000,0.00,0.000,0.000,0.00,0.000,0.000,0.00,0.000,0.000,0.00,0.000,0.000,0.00,0.000,0.000,0.00,0.000,0.000,0.00
62.6925,0.000,0.000,0.00,83.26,0.00,0.000,0.000,0.00,0.000,0.000,0.00,0.000,0.000,0.00,0.000,0.000,0.00,0.000,0.000,0.00,0.000,0.000,0.00,0.000,0.000,0.00,0.000,0.000,0.00,0.000,0.000,0.00,0.000,0.000,0.00,0.000,0.000,0.00,0.000,0.000,0.00,0.000,0.000,0.00,0.000,0.000,0.00,0.000,0.000,0.00,0.000,0.000,0.00,0.000,0.000,0.00,0.000,0.000,0.00,0.000,0.000,0.00,0.000,0.000,0.00,0.000,0.000,0.00,0.000,0.000,0.00,0.000,0.000,0.00,0.000,0.000,0.00,0.000,0.000,0.00,0.000,0.000,0.00,0.000,0.000,0.00,0.000,0.000,0.00,0.000,0.000,0.00,0.000,0.000,0.00
62.7965,0.000,0.000,0.00,92.59,0.00,0.000,0.000,0.00,0.000,0.000,0.00,0.000,0.000,0.00,0.000,0.000,0.00,0.000,0.000,0.00,0.000,0.000,0.00,0.000,0.000,0.00,0.000,0.000,0.00,0.000,0.000,0.00,0.000,0.000,0.00,0.000,0.000,0.00,0.000,0.000,0.00,0.000,0.000,0.00,0.000,0.000,0.00,0.000,0.000,0.00,0.000,0.000,0.00,0.000,0.000,0.00,0.000,0.000,0.00,0.000,0.000,0.00,0.000,0.000,0.00,0.000,0.000,0.00,0.000,0.000,0.00,0.000,0.000,0.00,0.000,0.000,0.00,0.000,0.000,0.00,0.000,0.000,0.00,0.000,0.000,0.00,0.000,0.000,0.00,0.000,0.000,0.00,0.000,0.000,0.00
62.9009,0.000,0.000,0.00,85.60,0.00,0.000,0.000,0.00,0.000,0.000,0.00,0.000,0.000,0.00,0.000,0.000,0.00,0.000,0.000,0.00,0.000,0.000,0.00,0.000,0.000,0.00,0.000,0.000,0.00,0.000,0.000,0.00,0.000,0.000,0.00,0.000,0.000,0.00,0.000,0.000,0.00,0.000,0.000,0.00,0.000,0.000,0.00,0.000,0.000,0.00,0.000,0.000,0.00,0.000,0.000,0.00,0.000,0.000,0.00,0.000,0.000,0.00,0.000,0.000,0.00,0.000,0.000,0.00,0.000,0.000,0.00,0.000,0.000,0.00,0.000,0.000,0.00,0.000,0.000,0.00,0.000,0.000,0.00,0.000,0.000,0.00,0.000,0.000,0.00,0.000,0.000,0.00,0.000,0.000,0.00
63.0047,0.000,0.000,0.00,83.18,0.00,0.000,0.000,0.00,0.000,0.000,0.00,0.000,0.000,0.00,0.000,0.000,0.00,0.000,0.000,0.00,0.000,0.000,0.00,0.000,0.000,0.00,0.000,0.000,0.00,0.000,0.000,0.00,0.000,0.000,0.00,0.000,0.000,0.00,0.000,0.000,0.00,0.000,0.000,0.00,0.000,0.000,0.00,0.000,0.000,0.00,0.000,0.000,0.00,0.000,0.000,0.00,0.000,0.000,0.00,0.000,0.000,0.00,0.000,0.000,0.00,0.000,0.000,0.00,0.000,0.000,0.00,0.000,0.000,0.00,0.000,0.000,0.00,0.000,0.000,0.00,0.000,0.000,0.00,0.000,0.000,0.00,0.000,0.000,0.00,0.000,0.000,0.00,0.000,0.000,0.00
63.1081,0.000,0.000,0.00,72.42,0.00,0.000,0.000,0.00,0.000,0.000,0.00,0.000,0.000,0.00,0.000,0.000,0.00,0.000,0.000,0.00,0.000,0.000,0.00,0.000,0.000,0.00,0.000,0.000,0.00,0.000,0.000,0.00,0.000,0.000,0.00,0.000,0.000,0.00,0.000,0.000,0.00,0.000,0.000,0.00,0.000,0.000,0.00,0.000,0.000,0.00,0.000,0.000,0.00,0.000,0.000,0.00,0.000,0.000,0.00,0.000,0.000,0.00,0.000,0.000,0.00,0.000,0.000,0.00,0.000,0.000,0.00,0.000,0.000,0.00,0.000,0.000,0.00,0.000,0.000,0.00,0.000,0.000,0.00,0.000,0.000,0.00,0.000,0.000,0.00,0.000,0.000,0.00,0.000,0.000,0.00
63.2120,0.000,0.000,0.00,72.14,0.00,0.000,0.000,0.00,0.000,0.000,0.00,0.000,0.000,0.00,0.000,0.000,0.00,0.000,0.000,0.00,0.000,0.000,0.00,0.000,0.000,0.00,0.000,0.000,0.00,0.000,0.000,0.00,0.000,0.000,0.00,0.000,0.000,0.00,0.000,0.000,0.00,0.000,0.000,0.00,0.000,0.000,0.00,0.000,0.000,0.00,0.000,0.000,0.00,0.000,0.000,0.00,0.000,0.000,0.00,0.000,0.000,0.00,0.000,0.000,0.00,0.000,0.000,0.00,0.000,0.000,0.00,0.000,0.000,0.00,0.000,0.000,0.00,0.000,0.000,0.00,0.000,0.000,0.00,0.000,0.000,0.00,0.000,0.000,0.00,0.000,0.000,0.00,0.000,0.000,0.00
63.3147,0.000,0.000,0.00,97.58,0.00,0.000,0.000,0.00,0.000,0.000,0.00,0.000,0.000,0.00,0.000,0.000,0.00,0.000,0.000,0.00,0.000,0.000,0.00,0.000,0.000,0.00,0.000,0.000,0.00,0.000,0.000,0.00,0.000,0.000,0.00,0.000,0.000,0.00,0.000,0.000,0.00,0.000,0.000,0.00,0.000,0.000,0.00,0.000,0.000,0.00,0.000,0.000,0.00,0.000,0.000,0.00,0.000,0.000,0.00,0.000,0.000,0.00,0.000,0.000,0.00,0.000,0.000,0.00,0.000,0.000,0.00,0.000,0.000,0.00,0.000,0.000,0.00,0.000,0.000,0.00,0.000,0.000,0.00,0.000,0.000,0.00,0.000,0.000,0.00,0.000,0.000,0.00,0.000,0.000,0.00
63.4478,0.000,0.000,0.00,99.61,0.00,0.000,0.000,0.00,0.000,0.000,0.00,0.000,0.000,0.00,0.000,0.000,0.00,0.000,0.000,0.00,0.000,0.000,0.00,0.000,0.000,0.00,0.000,0.000,0.00,0.000,0.000,0.00,0.000,0.000,0.00,0.000,0.000,0.00,0.000,0.000,0.00,0.000,0.000,0.00,0.000,0.000,0.00,0.000,0.000,0.00,0.000,0.000,0.00,0.000,0.000,0.00,0.000,0.000,0.00,0.000,0.000,0.00,0.000,0.000,0.00,0.000,0.000,0.00,0.000,0.000,0.00,0.000,0.000,0.00,0.000,0.000,0.00,0.000,0.000,0.00,0.000,0.000,0.00,0.000,0.000,0.00,0.000,0.000,0.00,0.000,0.000,0.00,0.000,0.000,0.00
63.5635,0.000,0.000,0.00,85.14,0.00,0.000,0.000,0.00,0.000,0.000,0.00,0.000,0.000,0.00,0.000,0.000,0.00,0.000,0.000,0.00,0.000,0.000,0.00,0.000,0.000,0.00,0.000,0.000,0.00,0.000,0.000,0.00,0.000,0.000,0.00,0.000,0.000,0.00,0.000,0.000,0.00,0.000,0.000,0.00,0.000,0.000,0.00,0.000,0.000,0.00,0.000,0.000,0.00,0.000,0.000,0.00,0.000,0.000,0.00,0.000,0.000,0.00,0.000,0.000,0.00,0.000,0.000,0.00,0.000,0.000,0.00,0.000,0.000,0.00,0.000,0.000,0.00,0.000,0.000,0.00,0.000,0.000,0.00,0.000,0.000,0.00,0.000,0.000,0.00,0.000,0.000,0.00,0.000,0.000,0.00
63.6745,0.000,0.000,0.00,97.78,0.00,0.000,0.000,0.00,0.000,0.000,0.00,0.000,0.000,0.00,0.000,0.000,0.00,0.000,0.000,0.00,0.000,0.000,0.00,0.000,0.000,0.00,0.000,0.000,0.00,0.000,0.000,0.00,0.000,0.000,0.00,0.000,0.000,0.00,0.000,0.000,0.00,0.000,0.000,0.00,0.000,0.000,0.00,0.000,0.000,0.00,0.000,0.000,0.00,0.000,0.000,0.00,0.000,0.000,0.00,0.000,0.000,0.00,0.000,0.000,0.00,0.000,0.000,0.00,0.000,0.000,0.00,0.000,0.000,0.00,0.000,0.000,0.00,0.000,0.000,0.00,0.000,0.000,0.00,0.000,0.000,0.00,0.000,0.000,0.00,0.000,0.000,0.00,0.000,0.000,0.00
63.7858,0.000,0.000,0.00,75.76,0.00,0.000,0.000,0.00,0.000,0.000,0.00,0.000,0.000,0.00,0.000,0.000,0.00,0.000,0.000,0.00,0.000,0.000,0.00,0.000,0.000,0.00,0.000,0.000,0.00,0.000,0.000,0.00,0.000,0.000,0.00,0.000,0.000,0.00,0.000,0.000,0.00,0.000,0.000,0.00,0.000,0.000,0.00,0.000,0.000,0.00,0.000,0.000,0.00,0.000,0.000,0.00,0.000,0.000,0.00,0.000,0.000,0.00,0.000,0.000,0.00,0.000,0.000,0.00,0.000,0.000,0.00,0.000,0.000,0.00,0.000,0.000,0.00,0.000,0.000,0.00,0.000,0.000,0.00,0.000,0.000,0.00,0.000,0.000,0.00,0.000,0.000,0.00,0.000,0.000,0.00
63.8945,0.000,0.000,0.00,68.69,0.00,0.000,0.000,0.00,0.000,0.000,0.00,0.000,0.000,0.00,0.000,0.000,0.00,0.000,0.000,0.00,0.000,0.000,0.00,0.000,0.000,0.00,0.000,0.000,0.00,0.000,0.000,0.00,0.000,0.000,0.00,0.000,0.000,0.00,0.000,0.000,0.00,0.000,0.000,0.00,0.000,0.000,0.00,0.000,0.000,0.00,0.000,0.000,0.00,0.000,0.000,0.00,0.000,0.000,0.00,0.000,0.000,0.00,0.000,0.000,0.00,0.000,0.000,0.00,0.000,0.000,0.00,0.000,0.000,0.00,0.000,0.000,0.00,0.000,0.000,0.00,0.000,0.000,0.00,0.000,0.000,0.00,0.000,0.000,0.00,0.000,0.000,0.00,0.000,0.000,0.00
64.0015,0.000,0.000,0.00,67.67,0.00,0.000,0.000,0.00,0.000,0.000,0.00,0.000,0.000,0.00,0.000,0.000,0.00,0.000,0.000,0.00,0.000,0.000,0.00,0.000,0.000,0.00,0.000,0.000,0.00,0.000,0.000,0.00,0.000,0.000,0.00,0.000,0.000,0.00,0.000,0.000,0.00,0.000,0.000,0.00,0.000,0.000,0.00,0.000,0.000,0.00,0.000,0.000,0.00,0.000,0.000,0.00,0.000,0.000,0.00,0.000,0.000,0.00,0.000,0.000,0.00,0.000,0.000,0.00,0.000,0.000,0.00,0.000,0.000,0.00,0.000,0.000,0.00,0.000,0.000,0.00,0.000,0.000,0.00,0.000,0.000,0.00,0.000,0.000,0.00,0.000,0.000,0.00,0.000,0.000,0.00
64.1086,0.000,0.000,0.00,74.19,0.00,0.000,0.000,0.00,0.000,0.000,0.00,0.000,0.000,0.00,0.000,0.000,0.00,0.000,0.000,0.00,0.000,0.000,0.00,0.000,0.000,0.00,0.000,0.000,0.00,0.000,0.000,0.00,0.000,0.000,0.00,0.000,0.000,0.00,0.000,0.000,0.00,0.000,0.000,0.00,0.000,0.000,0.00,0.000,0.000,0.00,0.000,0.000,0.00,0.000,0.000,0.00,0.000,0.000,0.00,0.000,0.000,0.00,0.000,0.000,0.00,0.000,0.000,0.00,0.000,0.000,0.00,0.000,0.000,0.00,0.000,0.000,0.00,0.000,0.000,0.00,0.000,0.000,0.00,0.000,0.000,0.00,0.000,0.000,0.00,0.000,0.000,0.00,0.000,0.000,0.00
64.2128,0.000,0.000,0.00,72.06,0.00,0.000,0.000,0.00,0.000,0.000,0.00,0.000,0.000,0.00,0.000,0.000,0.00,0.000,0.000,0.00,0.000,0.000,0.00,0.000,0.000,0.00,0.000,0.000,0.00,0.000,0.000,0.00,0.000,0.000,0.00,0.000,0.000,0.00,0.000,0.000,0.00,0.000,0.000,0.00,0.000,0.000,0.00,0.000,0.000,0.00,0.000,0.000,0.00,0.000,0.000,0.00,0.000,0.000,0.00,0.000,0.000,0.00,0.000,0.000,0.00,0.000,0.000,0.00,0.000,0.000,0.00,0.000,0.000,0.00,0.000,0.000,0.00,0.000,0.000,0.00,0.000,0.000,0.00,0.000,0.000,0.00,0.000,0.000,0.00,0.000,0.000,0.00,0.000,0.000,0.00
64.3193,0.000,0.000,0.00,70.43,0.00,0.000,0.000,0.00,0.000,0.000,0.00,0.000,0.000,0.00,0.000,0.000,0.00,0.000,0.000,0.00,0.000,0.000,0.00,0.000,0.000,0.00,0.000,0.000,0.00,0.000,0.000,0.00,0.000,0.000,0.00,0.000,0.000,0.00,0.000,0.000,0.00,0.000,0.000,0.00,0.000,0.000,0.00,0.000,0.000,0.00,0.000,0.000,0.00,0.000,0.000,0.00,0.000,0.000,0.00,0.000,0.000,0.00,0.000,0.000,0.00,0.000,0.000,0.00,0.000,0.000,0.00,0.000,0.000,0.00,0.000,0.000,0.00,0.000,0.000,0.00,0.000,0.000,0.00,0.000,0.000,0.00,0.000,0.000,0.00,0.000,0.000,0.00,0.000,0.000,0.00
64.4212,0.000,0.000,0.00,60.19,0.00,0.000,0.000,0.00,0.000,0.000,0.00,0.000,0.000,0.00,0.000,0.000,0.00,0.000,0.000,0.00,0.000,0.000,0.00,0.000,0.000,0.00,0.000,0.000,0.00,0.000,0.000,0.00,0.000,0.000,0.00,0.000,0.000,0.00,0.000,0.000,0.00,0.000,0.000,0.00,0.000,0.000,0.00,0.000,0.000,0.00,0.000,0.000,0.00,0.000,0.000,0.00,0.000,0.000,0.00,0.000,0.000,0.00,0.000,0.000,0.00,0.000,0.000,0.00,0.000,0.000,0.00,0.000,0.000,0.00,0.000,0.000,0.00,0.000,0.000,0.00,0.000,0.000,0.00,0.000,0.000,0.00,0.000,0.000,0.00,0.000,0.000,0.00,0.000,0.000,0.00
64.5270,0.000,0.000,0.00,74.61,0.00,0.000,0.000,0.00,0.000,0.000,0.00,0.000,0.000,0.00,0.000,0.000,0.00,0.000,0.000,0.00,0.000,0.000,0.00,0.000,0.000,0.00,0.000,0.000,0.00,0.000,0.000,0.00,0.000,0.000,0.00,0.000,0.000,0.00,0.000,0.000,0.00,0.000,0.000,0.00,0.000,0.000,0.00,0.000,0.000,0.00,0.000,0.000,0.00,0.000,0.000,0.00,0.000,0.000,0.00,0.000,0.000,0.00,0.000,0.000,0.00,0.000,0.000,0.00,0.000,0.000,0.00,0.000,0.000,0.00,0.000,0.000,0.00,0.000,0.000,0.00,0.000,0.000,0.00,0.000,0.000,0.00,0.000,0.000,0.00,0.000,0.000,0.00,0.000,0.000,0.00
64.6333,0.000,0.000,0.00,77.24,0.00,0.000,0.000,0.00,0.000,0.000,0.00,0.000,0.000,0.00,0.000,0.000,0.00,0.000,0.000,0.00,0.000,0.000,0.00,0.000,0.000,0.00,0.000,0.000,0.00,0.000,0.000,0.00,0.000,0.000,0.00,0.000,0.000,0.00,0.000,0.000,0.00,0.000,0.000,0.00,0.000,0.000,0.00,0.000,0.000,0.00,0.000,0.000,0.00,0.000,0.000,0.00,0.000,0.000,0.00,0.000,0.000,0.00,0.000,0.000,0.00,0.000,0.000,0.00,0.000,0.000,0.00,0.000,0.000,0.00,0.000,0.000,0.00,0.000,0.000,0.00,0.000,0.000,0.00,0.000,0.000,0.00,0.000,0.000,0.00,0.000,0.000,0.00,0.000,0.000,0.00
64.7386,0.000,0.000,0.00,71.33,0.00,0.000,0.000,0.00,0.000,0.000,0.00,0.000,0.000,0.00,0.000,0.000,0.00,0.000,0.000,0.00,0.000,0.000,0.00,0.000,0.000,0.00,0.000,0.000,0.00,0.000,0.000,0.00,0.000,0.000,0.00,0.000,0.000,0.00,0.000,0.000,0.00,0.000,0.000,0.00,0.000,0.000,0.00,0.000,0.000,0.00,0.000,0.000,0.00,0.000,0.000,0.00,0.000,0.000,0.00,0.000,0.000,0.00,0.000,0.000,0.00,0.000,0.000,0.00,0.000,0.000,0.00,0.000,0.000,0.00,0.000,0.000,0.00,0.000,0.000,0.00,0.000,0.000,0.00,0.000,0.000,0.00,0.000,0.000,0.00,0.000,0.000,0.00,0.000,0.000,0.00
64.8465,0.000,0.000,0.00,64.94,0.00,0.000,0.000,0.00,0.000,0.000,0.00,0.000,0.000,0.00,0.000,0.000,0.00,0.000,0.000,0.00,0.000,0.000,0.00,0.000,0.000,0.00,0.000,0.000,0.00,0.000,0.000,0.00,0.000,0.000,0.00,0.000,0.000,0.00,0.000,0.000,0.00,0.000,0.000,0.00,0.000,0.000,0.00,0.000,0.000,0.00,0.000,0.000,0.00,0.000,0.000,0.00,0.000,0.000,0.00,0.000,0.000,0.00,0.000,0.000,0.00,0.000,0.000,0.00,0.000,0.000,0.00,0.000,0.000,0.00,0.000,0.000,0.00,0.000,0.000,0.00,0.000,0.000,0.00,0.000,0.000,0.00,0.000,0.000,0.00,0.000,0.000,0.00,0.000,0.000,0.00
64.9522,0.000,0.000,0.00,66.69,0.00,0.000,0.000,0.00,0.000,0.000,0.00,0.000,0.000,0.00,0.000,0.000,0.00,0.000,0.000,0.00,0.000,0.000,0.00,0.000,0.000,0.00,0.000,0.000,0.00,0.000,0.000,0.00,0.000,0.000,0.00,0.000,0.000,0.00,0.000,0.000,0.00,0.000,0.000,0.00,0.000,0.000,0.00,0.000,0.000,0.00,0.000,0.000,0.00,0.000,0.000,0.00,0.000,0.000,0.00,0.000,0.000,0.00,0.000,0.000,0.00,0.000,0.000,0.00,0.000,0.000,0.00,0.000,0.000,0.00,0.000,0.000,0.00,0.000,0.000,0.00,0.000,0.000,0.00,0.000,0.000,0.00,0.000,0.000,0.00,0.000,0.000,0.00,0.000,0.000,0.00
65.0569,0.000,0.000,0.00,61.48,0.00,0.000,0.000,0.00,0.000,0.000,0.00,0.000,0.000,0.00,0.000,0.000,0.00,0.000,0.000,0.00,0.000,0.000,0.00,0.000,0.000,0.00,0.000,0.000,0.00,0.000,0.000,0.00,0.000,0.000,0.00,0.000,0.000,0.00,0.000,0.000,0.00,0.000,0.000,0.00,0.000,0.000,0.00,0.000,0.000,0.00,0.000,0.000,0.00,0.000,0.000,0.00,0.000,0.000,0.00,0.000,0.000,0.00,0.000,0.000,0.00,0.000,0.000,0.00,0.000,0.000,0.00,0.000,0.000,0.00,0.000,0.000,0.00,0.000,0.000,0.00,0.000,0.000,0.00,0.000,0.000,0.00,0.000,0.000,0.00,0.000,0.000,0.00,0.000,0.000,0.00
65.1635,0.000,0.000,0.00,78.42,0.00,0.000,0.000,0.00,0.000,0.000,0.00,0.000,0.000,0.00,0.000,0.000,0.00,0.000,0.000,0.00,0.000,0.000,0.00,0.000,0.000,0.00,0.000,0.000,0.00,0.000,0.000,0.00,0.000,0.000,0.00,0.000,0.000,0.00,0.000,0.000,0.00,0.000,0.000,0.00,0.000,0.000,0.00,0.000,0.000,0.00,0.000,0.000,0.00,0.000,0.000,0.00,0.000,0.000,0.00,0.000,0.000,0.00,0.000,0.000,0.00,0.000,0.000,0.00,0.000,0.000,0.00,0.000,0.000,0.00,0.000,0.000,0.00,0.000,0.000,0.00,0.000,0.000,0.00,0.000,0.000,0.00,0.000,0.000,0.00,0.000,0.000,0.00,0.000,0.000,0.00
65.2745,0.000,0.000,0.00,89.83,0.00,0.000,0.000,0.00,0.000,0.000,0.00,0.000,0.000,0.00,0.000,0.000,0.00,0.000,0.000,0.00,0.000,0.000,0.00,0.000,0.000,0.00,0.000,0.000,0.00,0.000,0.000,0.00,0.000,0.000,0.00,0.000,0.000,0.00,0.000,0.000,0.00,0.000,0.000,0.00,0.000,0.000,0.00,0.000,0.000,0.00,0.000,0.000,0.00,0.000,0.000,0.00,0.000,0.000,0.00,0.000,0.000,0.00,0.000,0.000,0.00,0.000,0.000,0.00,0.000,0.000,0.00,0.000,0.000,0.00,0.000,0.000,0.00,0.000,0.000,0.00,0.000,0.000,0.00,0.000,0.000,0.00,0.000,0.000,0.00,0.000,0.000,0.00,0.000,0.000,0.00
65.3895,0.000,0.000,0.00,90.41,0.00,0.000,0.000,0.00,0.000,0.000,0.00,0.000,0.000,0.00,0.000,0.000,0.00,0.000,0.000,0.00,0.000,0.000,0.00,0.000,0.000,0.00,0.000,0.000,0.00,0.000,0.000,0.00,0.000,0.000,0.00,0.000,0.000,0.00,0.000,0.000,0.00,0.000,0.000,0.00,0.000,0.000,0.00,0.000,0.000,0.00,0.000,0.000,0.00,0.000,0.000,0.00,0.000,0.000,0.00,0.000,0.000,0.00,0.000,0.000,0.00,0.000,0.000,0.00,0.000,0.000,0.00,0.000,0.000,0.00,0.000,0.000,0.00,0.000,0.000,0.00,0.000,0.000,0.00,0.000,0.000,0.00,0.000,0.000,0.00,0.000,0.000,0.00,0.000,0.000,0.00
65.5055,0.000,0.013,0.14,93.50,0.00,0.000,0.000,0.00,0.000,0.000,0.00,0.000,0.000,0.00,0.000,0.000,0.00,0.000,0.000,0.00,0.000,0.000,0.00,0.000,0.000,0.00,0.000,0.000,0.00,0.000,0.000,0.00,0.000,0.000,0.00,0.000,0.000,0.00,0.000,0.000,0.00,0.000,0.000,0.00,0.000,0.000,0.00,0.000,0.000,0.00,0.000,0.000,0.00,0.000,0.000,0.00,0.000,0.000,0.00,0.000,0.000,0.00,0.000,0.000,0.00,0.000,0.000,0.00,0.000,0.000,0.00,0.000,0.000,0.00,0.000,0.000,0.00,0.000,0.000,0.00,0.000,0.013,4.31,0.000,0.000,0.00,0.000,0.000,0.00,0.000,0.000,0.00,0.000,0.000,0.00
65.6235,0.000,0.000,0.00,94.11,0.00,0.000,0.000,0.00,0.000,0.000,0.00,0.000,0.000,0.00,0.000,0.000,0.00,0.000,0.000,0.00,0.000,0.000,0.00,0.000,0.000,0.00,0.000,0.000,0.00,0.000,0.000,0.00,0.000,0.000,0.00,0.000,0.000,0.00,0.000,0.000,0.00,0.000,0.000,0.00,0.000,0.000,0.00,0.000,0.000,0.00,0.000,0.000,0.00,0.000,0.000,0.00,0.000,0.000,0.00,0.000,0.000,0.00,0.000,0.000,0.00,0.000,0.000,0.00,0.000,0.000,0.00,0.000,0.000,0.00,0.000,0.000,0.00,0.000,0.000,0.00,0.000,0.000,0.00,0.000,0.000,0.00,0.000,0.000,0.00,0.000,0.000,0.00,0.000,0.000,0.00
65.7345,0.000,0.000,0.00,94.85,0.00,0.000,0.000,0.00,0.000,0.000,0.00,0.000,0.000,0.00,0.000,0.000,0.00,0.000,0.000,0.00,0.000,0.000,0.00,0.000,0.000,0.00,0.000,0.000,0.00,0.000,0.000,0.00,0.000,0.000,0.00,0.000,0.000,0.00,0.000,0.000,0.00,0.000,0.000,0.00,0.000,0.000,0.00,0.000,0.000,0.00,0.000,0.000,0.00,0.000,0.000,0.00,0.000,0.000,0.00,0.000,0.000,0.00,0.000,0.000,0.00,0.000,0.000,0.00,0.000,0.000,0.00,0.000,0.000,0.00,0.000,0.000,0.00,0.000,0.000,0.00,0.000,0.000,0.00,0.000,0.000,0.00,0.000,0.000,0.00,0.000,0.000,0.00,0.000,0.000,0.00
65.8528,0.000,0.000,0.00,96.97,0.00,0.000,0.000,0.00,0.000,0.000,0.00,0.000,0.000,0.00,0.000,0.000,0.00,0.000,0.000,0.00,0.000,0.000,0.00,0.000,0.000,0.00,0.000,0.000,0.00,0.000,0.000,0.00,0.000,0.000,0.00,0.000,0.000,0.00,0.000,0.000,0.00,0.000,0.000,0.00,0.000,0.000,0.00,0.000,0.000,0.00,0.000,0.000,0.00,0.000,0.000,0.00,0.000,0.000,0.00,0.000,0.000,0.00,0.000,0.000,0.00,0.000,0.000,0.00,0.000,0.000,0.00,0.000,0.000,0.00,0.000,0.000,0.00,0.000,0.000,0.00,0.000,0.000,0.00,0.000,0.000,0.00,0.000,0.000,0.00,0.000,0.000,0.00,0.000,0.000,0.00
65.9575,0.000,0.000,0.00,97.52,0.00,0.000,0.000,0.00,0.000,0.000,0.00,0.000,0.000,0.00,0.000,0.000,0.00,0.000,0.000,0.00,0.000,0.000,0.00,0.000,0.000,0.00,0.000,0.000,0.00,0.000,0.000,0.00,0.000,0.000,0.00,0.000,0.000,0.00,0.000,0.000,0.00,0.000,0.000,0.00,0.000,0.000,0.00,0.000,0.000,0.00,0.000,0.000,0.00,0.000,0.000,0.00,0.000,0.000,0.00,0.000,0.000,0.00,0.000,0.000,0.00,0.000,0.000,0.00,0.000,0.000,0.00,0.000,0.000,0.00,0.000,0.000,0.00,0.000,0.000,0.00,0.000,0.000,0.00,0.000,0.000,0.00,0.000,0.000,0.00,0.000,0.000,0.00,0.000,0.000,0.00
66.0670,0.000,0.000,0.00,100.00,0.00,0.000,0.000,0.00,0.000,0.000,0.00,0.000,0.000,0.00,0.000,0.000,0.00,0.000,0.000,0.00,0.000,0.000,0.00,0.000,0.000,0.00,0.000,0.000,0.00,0.000,0.000,0.00,0.000,0.000,0.00,0.000,0.000,0.00,0.000,0.000,0.00,0.000,0.000,0.00,0.000,0.000,0.00,0.000,0.000,0.00,0.000,0.000,0.00,0.000,0.000,0.00,0.000,0.000,0.00,0.000,0.000,0.00,0.000,0.000,0.00,0.000,0.000,0.00,0.000,0.000,0.00,0.000,0.000,0.00,0.000,0.000,0.00,0.000,0.000,0.00,0.000,0.000,0.00,0.000,0.000,0.00,0.000,0.000,0.00,0.000,0.000,0.00,0.000,0.000,0.00
66.1715,0.000,0.000,0.00,100.00,0.00,0.000,0.000,0.00,0.000,0.000,0.00,0.000,0.000,0.00,0.000,0.000,0.00,0.000,0.000,0.00,0.000,0.000,0.00,0.000,0.000,0.00,0.000,0.000,0.00,0.000,0.000,0.00,0.000,0.000,0.00,0.000,0.000,0.00,0.000,0.000,0.00,0.000,0.000,0.00,0.000,0.000,0.00,0.000,0.000,0.00,0.000,0.000,0.00,0.000,0.000,0.00,0.000,0.000,0.00,0.000,0.000,0.00,0.000,0.000,0.00,0.000,0.000,0.00,0.000,0.000,0.00,0.000,0.000,0.00,0.000,0.000,0.00,0.000,0.000,0.00,0.000,0.000,0.00,0.000,0.000,0.00,0.000,0.000,0.00,0.000,0.000,0.00,0.000,0.000,0.00
66.2915,0.000,0.000,0.00,100.00,0.00,0.000,0.000,0.00,0.000,0.000,0.00,0.000,0.000,0.00,0.000,0.000,0.00,0.000,0.000,0.00,0.000,0.000,0.00,0.000,0.000,0.00,0.000,0.000,0.00,0.000,0.000,0.00,0.000,0.000,0.00,0.000,0.000,0.00,0.000,0.000,0.00,0.000,0.000,0.00,0.000,0.000,0.00,0.000,0.000,0.00,0.000,0.000,0.00,0.000,0.000,0.00,0.000,0.000,0.00,0.000,0.000,0.00,0.000,0.000,0.00,0.000,0.000,0.00,0.000,0.000,0.00,0.000,0.000,0.00,0.000,0.000,0.00,0.000,0.000,0.00,0.000,0.000,0.00,0.000,0.000,0.00,0.000,0.000,0.00,0.000,0.000,0.00,0.000,0.000,0.00
66.3995,0.000,0.000,0.00,100.00,0.00,0.000,0.000,0.00,0.000,0.000,0.00,0.000,0.000,0.00,0.000,0.000,0.00,0.000,0.000,0.00,0.000,0.000,0.00,0.000,0.000,0.00,0.000,0.000,0.00,0.000,0.000,0.00,0.000,0.000,0.00,0.000,0.000,0.00,0.000,0.000,0.00,0.000,0.000,0.00,0.000,0.000,0.00,0.000,0.000,0.00,0.000,0.000,0.00,0.000,0.000,0.00,0.000,0.000,0.00,0.000,0.000,0.00,0.000,0.000,0.00,0.000,0.000,0.00,0.000,0.000,0.00,0.000,0.000,0.00,0.000,0.000,0.00,0.000,0.000,0.00,0.000,0.000,0.00,0.000,0.000,0.00,0.000,0.000,0.00,0.000,0.000,0.00,0.000,0.000,0.00
66.5167,0.000,0.000,0.00,100.00,0.00,0.000,0.000,0.00,0.000,0.000,0.00,0.000,0.000,0.00,0.000,0.000,0.00,0.000,0.000,0.00,0.000,0.000,0.00,0.000,0.000,0.00,0.000,0.000,0.00,0.000,0.000,0.00,0.000,0.000,0.00,0.000,0.000,0.00,0.000,0.000,0.00,0.000,0.000,0.00,0.000,0.000,0.00,0.000,0.000,0.00,0.000,0.000,0.00,0.000,0.000,0.00,0.000,0.000,0.00,0.000,0.000,0.00,0.000,0.000,0.00,0.000,0.000,0.00,0.000,0.000,0.00,0.000,0.000,0.00,0.000,0.000,0.00,0.000,0.000,0.00,0.000,0.000,0.00,0.000,0.000,0.00,0.000,0.000,0.00,0.000,0.000,0.00,0.000,0.000,0.00
66.6321,0.000,0.000,0.00,100.00,0.00,0.000,0.000,0.00,0.000,0.000,0.00,0.000,0.000,0.00,0.000,0.000,0.00,0.000,0.000,0.00,0.000,0.000,0.00,0.000,0.000,0.00,0.000,0.000,0.00,0.000,0.000,0.00,0.000,0.000,0.00,0.000,0.000,0.00,0.000,0.000,0.00,0.000,0.000,0.00,0.000,0.000,0.00,0.000,0.000,0.00,0.000,0.000,0.00,0.000,0.000,0.00,0.000,0.000,0.00,0.000,0.000,0.00,0.000,0.000,0.00,0.000,0.000,0.00,0.000,0.000,0.00,0.000,0.000,0.00,0.000,0.000,0.00,0.000,0.000,0.00,0.000,0.000,0.00,0.000,0.000,0.00,0.000,0.000,0.00,0.000,0.000,0.00,0.000,0.000,0.00
66.7397,0.000,0.000,0.00,100.00,0.00,0.000,0.000,0.00,0.000,0.000,0.00,0.000,0.000,0.00,0.000,0.000,0.00,0.000,0.000,0.00,0.000,0.000,0.00,0.000,0.000,0.00,0.000,0.000,0.00,0.000,0.000,0.00,0.000,0.000,0.00,0.000,0.000,0.00,0.000,0.000,0.00,0.000,0.000,0.00,0.000,0.000,0.00,0.000,0.000,0.00,0.000,0.000,0.00,0.000,0.000,0.00,0.000,0.000,0.00,0.000,0.000,0.00,0.000,0.000,0.00,0.000,0.000,0.00,0.000,0.000,0.00,0.000,0.000,0.00,0.000,0.000,0.00,0.000,0.000,0.00,0.000,0.000,0.00,0.000,0.000,0.00,0.000,0.000,0.00,0.000,0.000,0.00,0.000,0.000,0.00
66.8577,0.000,0.000,0.00,100.00,0.00,0.000,0.000,0.00,0.000,0.000,0.00,0.000,0.000,0.00,0.000,0.000,0.00,0.000,0.000,0.00,0.000,0.000,0.00,0.000,0.000,0.00,0.000,0.000,0.00,0.000,0.000,0.00,0.000,0.000,0.00,0.000,0.000,0.00,0.000,0.000,0.00,0.000,0.000,0.00,0.000,0.000,0.00,0.000,0.000,0.00,0.000,0.000,0.00,0.000,0.000,0.00,0.000,0.000,0.00,0.000,0.000,0.00,0.000,0.000,0.00,0.000,0.000,0.00,0.000,0.000,0.00,0.000,0.000,0.00,0.000,0.000,0.00,0.000,0.000,0.00,0.000,0.000,0.00,0.000,0.000,0.00,0.000,0.000,0.00,0.000,0.000,0.00,0.000,0.000,0.00
66.9666,0.000,0.000,0.00,100.00,0.00,0.000,0.000,0.00,0.000,0.000,0.00,0.000,0.000,0.00,0.000,0.000,0.00,0.000,0.000,0.00,0.000,0.000,0.00,0.000,0.000,0.00,0.000,0.000,0.00,0.000,0.000,0.00,0.000,0.000,0.00,0.000,0.000,0.00,0.000,0.000,0.00,0.000,0.000,0.00,0.000,0.000,0.00,0.000,0.000,0.00,0.000,0.000,0.00,0.000,0.000,0.00,0.000,0.000,0.00,0.000,0.000,0.00,0.000,0.000,0.00,0.000,0.000,0.00,0.000,0.000,0.00,0.000,0.000,0.00,0.000,0.000,0.00,0.000,0.000,0.00,0.000,0.000,0.00,0.000,0.000,0.00,0.000,0.000,0.00,0.000,0.000,0.00,0.000,0.000,0.00
67.0718,0.000,994.729,2.16,90.13,0.00,0.000,69.806,4.76,0.000,119.667,4.76,0.000,49.861,3.80,0.000,39.889,3.80,0.000,79.778,2.85,0.000,0.000,0.00,0.000,0.000,0.00,0.000,127.146,5.71,0.000,0.000,0.95,0.000,0.000,0.00,0.000,0.000,1.90,0.000,22.438,1.90,0.000,32.410,2.85,0.000,39.889,2.85,0.000,64.819,3.80,0.000,79.778,3.80,0.000,0.000,0.00,0.000,32.410,1.90,0.000,79.778,4.76,0.000,0.000,0.00,0.000,0.000,0.00,0.000,0.000,0.00,0.000,4.986,1.90,0.000,0.000,0.00,0.000,0.000,1.90,0.000,44.875,3.80,0.000,27.424,1.90,0.000,0.000,0.95,0.000,79.778,3.80,0.000,0.000,0.00
67.1785,0.000,29556.460,60.48,95.92,0.00,0.000,1026.471,61.83,0.000,1085.407,60.89,0.000,869.308,54.33,0.000,1178.722,64.64,0.000,1296.594,60.89,0.000,923.332,60.89,0.000,1087.862,66.51,0.000,778.448,62.76,0.000,1178.722,65.57,0.000,677.765,53.40,0.000,1070.673,64.64,0.000,1117.330,49.65,0.000,1186.089,64.64,0.000,1021.559,56.21,0.000,879.130,60.89,0.000,1100.141,56.21,0.000,1033.838,60.89,0.000,1068.217,67.45,0.000,825.106,58.08,0.000,982.269,61.83,0.000,982.269,63.70,0.000,665.487,56.21,0.000,1227.836,66.51,0.000,672.854,53.40,0.000,972.446,56.21,0.000,1078.040,66.51,0.000,837.384,61.83,0.000,1001.914,65.57,0.000,866.852,59.02,0.000,864.396,53.40
67.2873,0.000,36480.756,51.51,86.51,0.00,0.000,1132.643,36.77,0.000,1325.434,71.71,0.000,1388.091,63.43,0.000,1272.416,48.72,0.000,848.278,28.50,0.000,1621.849,68.03,0.000,973.591,54.24,0.000,1079.626,34.93,0.000,1349.533,58.83,0.000,877.196,41.37,0.000,1339.893,56.08,0.000,1079.626,47.80,0.000,1260.367,64.35,0.000,1272.416,42.29,0.000,1183.251,43.21,0.000,1060.347,32.18,0.000,1183.251,41.37,0.000,727.784,29.42,0.000,1503.765,57.00,0.000,1233.858,63.43,0.000,1310.974,45.96,0.000,1236.268,67.11,0.000,1212.169,61.59,0.000,1190.480,60.67,0.000,1282.056,58.83,0.000,1566.422,50.56,0.000,1388.091,55.16,0.000,1176.021,44.13,0.000,1248.318,57.00,0.000,1156.742,60.67
67.4042,0.000,37552.249,66.85,95.68,0.00,0.000,1102.961,79.53,0.000,1147.797,56.44,0.000,1493.033,64.99,0.000,1327.141,63.28,0.000,1255.403,35.92,0.000,1493.033,77.82,0.000,1297.997,74.40,0.000,1152.281,62.43,0.000,1183.666,51.31,0.000,1111.929,35.06,0.000,1067.093,75.26,0.000,968.454,53.88,0.000,1481.824,71.83,0.000,1470.615,70.12,0.000,1555.803,76.11,0.000,1380.944,67.56,0.000,1363.009,67.56,0.000,1403.361,73.55,0.000,1255.403,60.72,0.000,1040.191,52.17,0.000,1159.006,59.01,0.000,1208.326,80.39,0.000,979.663,49.60,0.000,1190.391,82.10,0.000,860.848,65.85,0.000,1407.845,90.65,0.000,1268.854,77.82,0.000,1107.445,79.53,0.000,1347.317,70.98,0.000,1470.615,79.53
67.5217,0.000,34114.894,45.59,95.44,0.00,0.000,830.437,43.43,0.000,973.308,30.66,0.000,1178.685,38.32,0.000,1071.532,36.62,0.000,1000.096,28.10,0.000,968.843,40.02,0.000,1209.938,51.95,0.000,995.632,35.77,0.000,915.267,30.66,0.000,1163.058,35.77,0.000,1212.170,64.72,0.000,872.852,28.95,0.000,1035.814,31.51,0.000,1071.532,34.91,0.000,1221.100,42.58,0.000,1392.991,43.43,0.000,1216.635,42.58,0.000,1718.916,51.09,0.000,1000.096,38.32,0.000,1000.096,39.17,0.000,1096.088,45.13,0.000,1102.785,56.20,0.000,993.399,35.77,0.000,1379.597,68.98,0.000,1147.432,68.98,0.000,1352.809,68.98,0.000,1343.879,74.09,0.000,1361.738,75.79,0.000,1169.756,45.13,0.000,1118.411,40.02
67.6360,0.000,37927.745,67.93,96.49,0.00,0.000,1451.865,97.99,0.000,1289.017,59.50,0.000,1467.920,66.50,0.000,1178.923,57.75,0.000,1504.618,51.62,0.000,1456.452,64.75,0.000,1582.601,61.25,0.000,1284.430,70.87,0.000,1371.588,63.87,0.000,1116.995,47.25,0.000,1385.349,99.74,0.000,1194.979,65.62,0.000,1137.638,54.25,0.000,1100.940,56.87,0.000,1532.141,62.12,0.000,1247.732,67.37,0.000,1245.438,67.37,0.000,1022.957,55.12,0.000,1247.732,59.50,0.000,1282.136,62.12,0.000,1211.034,58.62,0.000,1403.698,99.74,0.000,1396.818,63.00,0.000,1116.995,87.49,0.000,1353.239,88.37,0.000,979.378,75.25,0.000,991.209,78.75,0.000,1027.544,72.62,0.000,1256.906,62.12,0.000,1089.472,60.37
67.7527,0.000,36809.206,61.95,95.89,0.00,0.000,983.374,65.09,0.000,1459.345,70.23,0.000,1439.139,71.09,0.000,1001.335,53.96,0.000,1472.816,48.82,0.000,1443.629,65.09,0.000,1180.947,53.96,0.000,1360.559,68.52,0.000,1400.972,75.37,0.000,1005.826,38.54,0.000,1122.573,68.52,0.000,1160.741,63.38,0.000,1481.797,60.81,0.000,969.903,47.96,0.000,1261.772,53.10,0.000,1041.748,59.95,0.000,1102.367,59.95,0.000,1059.709,45.39,0.000,1185.437,52.24,0.000,1259.527,61.66,0.000,1109.102,54.81,0.000,1032.767,65.95,0.000,1246.056,56.53,0.000,1362.804,75.37,0.000,1652.428,84.79,0.000,776.821,54.81,0.000,1257.308,75.37,0.000,1358.314,78.79,0.000,1221.360,62.52,0.000,1398.726,65.95
67.8697,0.000,35497.692,52.83,96.86,0.00,0.000,1257.210,72.66,0.000,1174.292,54.71,0.000,1609.049,58.99,0.000,932.263,41.89,0.000,1470.106,47.02,0.000,1362.538,52.15,0.000,1039.831,48.73,0.000,1597.844,69.25,0.000,1189.979,50.44,0.000,1577.675,47.02,0.000,914.334,58.13,0.000,997.252,47.02,0.000,1030.867,49.58,0.000,1254.969,49.58,0.000,1465.624,58.99,0.000,793.320,37.61,0.000,1093.616,47.87,0.000,1021.903,49.58,0.000,968.119,38.47,0.000,1075.688,41.03,0.000,1349.092,46.16,0.000,1479.071,78.65,0.000,1207.908,47.02,0.000,961.396,61.55,0.000,1362.538,64.12,0.000,1017.421,53.86,0.000,793.320,47.02,0.000,1169.810,58.13,0.000,1449.937,63.26,0.000,880.719,44.45
67.9878,0.000,33927.066,58.08,95.33,0.00,0.000,1376.036,83.82,0.000,1249.530,53.34,0.000,887.765,45.72,0.000,921.057,45.72,0.000,1136.340,37.25,0.000,1511.421,70.27,0.000,1029.808,56.72,0.000,1014.272,47.41,0.000,1047.563,49.11,0.000,1207.361,38.95,0.000,1129.716,85.51,0.000,976.542,49.95,0.000,1136.340,46.57,0.000,887.765,42.33,0.000,1136.340,42.33,0.000,1167.412,55.88,0.000,1662.341,69.42,0.000,1171.850,47.41,0.000,1103.049,38.95,0.000,781.234,30.48,0.000,791.186,36.41,0.000,1320.551,88.90,0.000,1052.002,40.64,0.000,1029.808,77.04,0.000,1087.513,79.58,0.000,1012.053,75.35,0.000,1267.285,86.36,0.000,1038.686,77.04,0.000,1569.125,76.20,0.000,1225.116,67.73
68.1018,0.000,36342.962,58.03,96.13,0.00,0.000,1722.961,87.75,0.000,1101.867,49.14,0.000,950.044,43.00,0.000,1069.662,47.39,0.000,1067.362,35.10,0.000,966.147,44.75,0.000,1396.312,56.16,0.000,846.528,45.63,0.000,1299.697,55.28,0.000,1251.390,47.39,0.000,1216.885,67.57,0.000,1377.909,58.79,0.000,1181.229,60.55,0.000,1628.647,67.57,0.000,1138.673,57.04,0.000,1391.711,57.04,0.000,1104.168,47.39,0.000,1325.001,57.92,0.000,1382.510,57.04,0.000,1173.178,53.53,0.000,1245.675,55.28,0.000,713.108,50.90,0.000,963.846,46.51,0.000,922.440,57.92,0.000,1175.478,79.85,0.000,1223.786,82.49,0.000,910.651,66.69,0.000,2183.031,100.00,0.000,1193.881,53.53,0.000,1219.185,51.77
68.2227,0.000,36646.612,62.99,94.98,0.00,0.000,1429.202,89.35,0.000,871.835,47.98,0.000,1188.471,52.95,0.000,1283.896,52.12,0.000,930.391,26.47,0.000,1457.396,61.22,0.000,1355.465,67.84,0.000,1203.653,43.85,0.000,1006.297,43.02,0.000,902.197,26.47,0.000,1348.958,91.83,0.000,1090.878,35.57,0.000,1662.342,86.04,0.000,1240.521,69.49,0.000,973.766,56.26,0.000,1357.633,53.78,0.000,1307.752,46.33,0.000,1084.372,65.36,0.000,1296.909,71.98,0.000,1288.234,70.32,0.000,984.609,59.57,0.000,1270.884,91.83,0.000,1624.389,86.87,0.000,1218.834,86.04,0.000,1249.196,76.94,0.000,945.572,61.22,0.000,889.456,61.22,0.000,1483.420,75.29,0.000,1177.628,57.08,0.000,1522.458,75.29
68.3437,0.000,37200.988,59.23,96.76,0.00,0.000,1535.334,77.65,0.000,829.383,50.39,0.000,1303.626,66.09,0.000,1725.897,80.13,0.000,1496.355,50.39,0.000,1379.418,67.74,0.000,1591.637,79.30,0.000,1401.073,57.82,0.000,1255.985,65.26,0.000,1297.130,43.78,0.000,1305.792,61.13,0.000,1100.070,51.22,0.000,1143.380,47.09,0.000,935.493,44.61,0.000,1212.676,52.87,0.000,1089.242,49.56,0.000,946.320,39.65,0.000,1559.154,61.96,0.000,1123.890,53.69,0.000,1108.732,51.22,0.000,1366.425,53.69,0.000,831.549,47.91,0.000,1420.563,60.30,0.000,868.362,48.74,0.000,1275.475,67.74,0.000,970.140,66.91,0.000,1019.947,64.43,0.000,1455.211,78.48,0.000,1511.513,76.82,0.000,1141.214,60.30
68.4649,0.000,34552.865,52.94,94.99,0.00,0.000,750.867,43.75,0.000,1040.827,50.35,0.000,1294.001,61.91,0.000,1529.864,73.47,0.000,865.553,26.41,0.000,1183.643,54.48,0.000,1248.560,57.78,0.000,1068.958,42.92,0.000,1272.363,62.73,0.000,1127.382,33.02,0.000,1086.269,56.96,0.000,1168.496,45.40,0.000,900.175,36.32,0.000,1107.907,42.10,0.000,1073.285,45.40,0.000,1198.791,38.80,0.000,1004.041,39.62,0.000,995.386,42.10,0.000,1058.138,44.57,0.000,1177.152,52.00,0.000,1335.115,52.83,0.000,1038.663,56.96,0.000,1350.262,60.26,0.000,995.386,56.13,0.000,1239.904,74.29,0.000,1211.774,67.69,0.000,1744.089,89.97,0.000,1151.185,72.64,0.000,1051.647,52.00,0.000,1283.182,55.31
68.5827,0.000,37918.859,68.27,95.34,0.00,0.000,909.604,72.96,0.000,1174.256,55.14,0.000,1174.256,52.60,0.000,1423.341,59.39,0.000,1174.256,39.03,0.000,1458.924,78.05,0.000,1779.176,83.14,0.000,1138.673,53.45,0.000,1103.089,52.60,0.000,1174.256,36.48,0.000,1232.079,87.38,0.000,954.083,50.05,0.000,1281.007,65.33,0.000,854.004,51.75,0.000,1138.673,62.78,0.000,1316.590,63.63,0.000,1383.309,62.78,0.000,1485.612,75.51,0.000,1281.007,67.02,0.000,1245.423,66.17,0.000,1423.341,72.11,0.000,1256.543,89.08,0.000,1281.007,62.78,0.000,1276.559,86.53,0.000,1530.091,91.62,0.000,1289.902,91.62,0.000,1227.631,84.84,0.000,1025.424,79.75,0.000,1281.007,73.81,0.000,1645.738,80.60
68.6970,0.000,33425.001,56.74,97.38,0.00,0.000,1096.624,67.39,0.000,844.263,36.76,0.000,1064.506,47.26,0.000,1211.334,54.26,0.000,1321.455,45.51,0.000,1211.334,67.39,0.000,1119.566,63.89,0.000,894.735,50.76,0.000,734.142,32.38,0.000,1394.870,42.01,0.000,1550.875,85.77,0.000,667.610,36.76,0.000,807.556,42.88,0.000,1537.110,60.39,0.000,997.974,44.63,0.000,1027.799,51.63,0.000,1326.044,61.26,0.000,1147.097,53.39,0.000,991.092,41.13,0.000,770.849,33.26,0.000,1156.274,49.01,0.000,819.027,56.89,0.000,1101.213,38.51,0.000,1251.411,75.26,0.000,1094.330,79.64,0.000,1275.572,81.39,0.000,1397.164,88.39,0.000,1126.270,83.14,0.000,1101.213,62.14,0.000,1385.693,69.14
68.8118,0.000,36705.356,63.98,96.53,0.00,0.000,1335.508,94.05,0.000,1570.649,67.93,0.000,1205.382,60.96,0.000,876.641,49.64,0.000,1388.015,43.54,0.000,977.090,47.03,0.000,931.431,47.90,0.000,1627.080,78.38,0.000,1059.275,53.99,0.000,1159.723,37.45,0.000,1502.161,95.80,0.000,949.695,56.61,0.000,1278.435,60.09,0.000,1319.528,64.44,0.000,1109.499,61.83,0.000,1052.426,60.96,0.000,1497.595,70.54,0.000,1424.542,66.19,0.000,1157.440,54.86,0.000,520.506,29.61,0.000,1691.644,64.44,0.000,1255.606,89.70,0.000,963.392,51.38,0.000,1268.233,84.47,0.000,1362.903,81.86,0.000,817.285,57.48,0.000,1111.782,77.51,0.000,1406.279,84.47,0.000,1351.489,60.09,0.000,1534.122,66.19
68.9297,0.000,40445.804,63.24,96.15,0.00,0.000,1505.155,82.27,0.000,982.686,44.95,0.000,1336.187,57.67,0.000,1636.328,67.85,0.000,1316.177,40.71,0.000,1787.511,69.55,0.000,1209.460,50.89,0.000,1165.620,55.98,0.000,1529.611,62.76,0.000,1253.926,37.32,0.000,1278.382,74.63,0.000,1368.945,62.76,0.000,1636.328,77.18,0.000,1422.894,72.09,0.000,1240.586,71.24,0.000,1038.268,48.34,0.000,1458.467,65.30,0.000,1418.448,72.94,0.000,1434.011,67.85,0.000,1485.146,68.70,0.000,1180.558,59.37,0.000,1616.319,83.11,0.000,1336.187,64.46,0.000,1649.668,81.42,0.000,920.435,51.73,0.000,1231.693,66.15,0.000,1127.199,55.13,0.000,1102.743,67.00,0.000,1600.756,65.30,0.000,1176.111,52.58
69.0632,0.000,31520.854,59.07,96.07,0.00,0.000,1260.605,74.15,0.000,1221.333,65.17,0.000,1013.196,61.42,0.000,920.909,55.43,0.000,1131.010,42.70,0.000,999.451,53.93,0.000,977.852,56.18,0.000,1077.994,64.42,0.000,1044.613,62.92,0.000,1239.006,47.94,0.000,838.440,61.42,0.000,1137.422,62.92,0.000,1032.832,51.68,0.000,651.901,32.96,0.000,1062.285,49.44,0.000,1017.123,62.92,0.000,1211.516,66.66,0.000,1103.520,48.69,0.000,1076.030,50.93,0.000,722.590,44.19,0.000,1072.103,53.93,0.000,1040.686,70.41,0.000,1164.390,53.93,0.000,1085.848,72.66,0.000,1106.772,76.40,0.000,1079.957,73.41,0.000,1003.378,71.16,0.000,883.601,65.17,0.000,973.925,53.18,0.000,1370.564,65.92
69.1796,0.000,36214.708,66.20,96.30,0.00,0.000,1606.254,87.66,0.000,1387.731,63.59,0.000,1196.243,67.03,0.000,1358.445,72.19,0.000,720.899,24.92,0.000,979.973,55.86,0.000,1401.248,63.59,0.000,1261.574,59.30,0.000,1432.788,69.61,0.000,1065.579,36.09,0.000,1500.372,86.80,0.000,1020.523,54.14,0.000,1338.170,70.47,0.000,1234.540,66.17,0.000,1144.428,62.73,0.000,959.697,48.98,0.000,1637.793,79.06,0.000,1225.529,69.61,0.000,1180.473,51.56,0.000,973.214,54.14,0.000,1040.799,49.84,0.000,901.124,65.31,0.000,1297.619,63.59,0.000,919.147,63.59,0.000,1300.646,96.25,0.000,1320.147,93.67,0.000,1342.675,99.69,0.000,1257.068,92.81,0.000,1225.529,61.88,0.000,984.478,55.86
69.2914,0.000,34569.086,61.48,91.95,0.00,0.000,1233.354,93.92,0.000,862.879,42.93,0.000,1012.945,46.51,0.000,1275.560,56.35,0.000,1050.461,36.67,0.000,1050.461,50.98,0.000,1238.044,48.30,0.000,1275.560,55.46,0.000,862.879,43.83,0.000,937.912,36.67,0.000,1223.975,93.02,0.000,1050.461,50.98,0.000,1012.945,59.03,0.000,1350.593,67.98,0.000,1200.527,59.93,0.000,1275.560,58.14,0.000,1012.945,50.98,0.000,1275.560,69.77,0.000,820.673,38.46,0.000,1198.182,51.88,0.000,900.395,41.15,0.000,1275.560,94.81,0.000,1425.626,57.25,0.000,1289.629,96.60,0.000,1374.041,91.24,0.000,1163.011,84.97,0.000,1392.799,86.76,0.000,1050.461,75.13,0.000,1087.978,48.30,0.000,1388.110,56.35
69.3979,0.000,43951.395,59.80,38.26,0.31,0.000,1264.895,62.90,0.000,1181.225,54.45,0.000,1850.585,68.53,0.000,1456.844,61.96,0.000,1181.225,30.04,0.000,1378.095,54.45,0.000,1693.088,61.96,0.000,1063.102,50.69,0.000,1417.469,61.96,0.000,1378.095,34.73,0.000,1383.017,68.53,0.000,1102.476,45.06,0.000,1496.218,61.96,0.000,1732.463,64.77,0.000,1535.592,58.20,0.000,1535.592,58.20,0.000,1259.973,50.69,0.000,1181.225,54.45,0.000,1619.262,61.02,0.000,1065.563,46.94,0.000,1771.837,67.59,0.000,1985.934,79.79,0.000,1338.721,57.26,0.000,1673.401,75.10,0.000,1806.289,76.98,0.000,1968.708,76.98,0.000,1456.844,69.47,0.000,1417.469,67.59,0.000,1141.850,52.57,0.000,1614.340,59.14
69.5002,0.000,0.000,0.00,2.07,0.00,0.000,0.000,0.00,0.000,0.000,0.00,0.000,0.000,0.00,0.000,0.000,0.00,0.000,0.000,0.00,0.000,0.000,0.00,0.000,0.000,0.00,0.000,0.000,0.00,0.000,0.000,0.00,0.000,0.000,0.00,0.000,0.000,0.00,0.000,0.000,0.00,0.000,0.000,0.00,0.000,0.000,0.00,0.000,0.000,0.00,0.000,0.000,0.00,0.000,0.000,0.00,0.000,0.000,0.00,0.000,0.000,0.00,0.000,0.000,0.00,0.000,0.000,0.00,0.000,0.000,0.00,0.000,0.000,0.00,0.000,0.000,0.00,0.000,0.000,0.00,0.000,0.000,0.00,0.000,0.000,0.00,0.000,0.000,0.00,0.000,0.000,0.00,0.000,0.000,0.00
69.6020,0.000,0.000,0.00,0.77,0.00,0.000,0.000,0.00,0.000,0.000,0.00,0.000,0.000,0.00,0.000,0.000,0.00,0.000,0.000,0.00,0.000,0.000,0.00,0.000,0.000,0.00,0.000,0.000,0.00,0.000,0.000,0.00,0.000,0.000,0.00,0.000,0.000,0.00,0.000,0.000,0.00,0.000,0.000,0.00,0.000,0.000,0.00,0.000,0.000,0.00,0.000,0.000,0.00,0.000,0.000,0.00,0.000,0.000,0.00,0.000,0.000,0.00,0.000,0.000,0.00,0.000,0.000,0.00,0.000,0.000,0.00,0.000,0.000,0.00,0.000,0.000,0.00,0.000,0.000,0.00,0.000,0.000,0.00,0.000,0.000,0.00,0.000,0.000,0.00,0.000,0.000,0.00,0.000,0.000,0.00
69.7039,0.000,0.000,0.00,0.84,0.00,0.000,0.000,0.00,0.000,0.000,0.00,0.000,0.000,0.00,0.000,0.000,0.00,0.000,0.000,0.00,0.000,0.000,0.00,0.000,0.000,0.00,0.000,0.000,0.00,0.000,0.000,0.00,0.000,0.000,0.00,0.000,0.000,0.00,0.000,0.000,0.00,0.000,0.000,0.00,0.000,0.000,0.00,0.000,0.000,0.00,0.000,0.000,0.00,0.000,0.000,0.00,0.000,0.000,0.00,0.000,0.000,0.00,0.000,0.000,0.00,0.000,0.000,0.00,0.000,0.000,0.00,0.000,0.000,0.00,0.000,0.000,0.00,0.000,0.000,0.00,0.000,0.000,0.00,0.000,0.000,0.00,0.000,0.000,0.00,0.000,0.000,0.00,0.000,0.000,0.00
69.8060,0.000,0.000,0.00,0.77,0.00,0.000,0.000,0.00,0.000,0.000,0.00,0.000,0.000,0.00,0.000,0.000,0.00,0.000,0.000,0.00,0.000,0.000,0.00,0.000,0.000,0.00,0.000,0.000,0.00,0.000,0.000,0.00,0.000,0.000,0.00,0.000,0.000,0.00,0.000,0.000,0.00,0.000,0.000,0.00,0.000,0.000,0.00,0.000,0.000,0.00,0.000,0.000,0.00,0.000,0.000,0.00,0.000,0.000,0.00,0.000,0.000,0.00,0.000,0.000,0.00,0.000,0.000,0.00,0.000,0.000,0.00,0.000,0.000,0.00,0.000,0.000,0.00,0.000,0.000,0.00,0.000,0.000,0.00,0.000,0.000,0.00,0.000,0.000,0.00,0.000,0.000,0.00,0.000,0.000,0.00
69.9078,0.000,0.000,0.00,0.84,0.00,0.000,0.000,0.00,0.000,0.000,0.00,0.000,0.000,0.00,0.000,0.000,0.00,0.000,0.000,0.00,0.000,0.000,0.00,0.000,0.000,0.00,0.000,0.000,0.00,0.000,0.000,0.00,0.000,0.000,0.00,0.000,0.000,0.00,0.000,0.000,0.00,0.000,0.000,0.00,0.000,0.000,0.00,0.000,0.000,0.00,0.000,0.000,0.00,0.000,0.000,0.00,0.000,0.000,0.00,0.000,0.000,0.00,0.000,0.000,0.00,0.000,0.000,0.00,0.000,0.000,0.00,0.000,0.000,0.00,0.000,0.000,0.00,0.000,0.000,0.00,0.000,0.000,0.00,0.000,0.000,0.00,0.000,0.000,0.00,0.000,0.000,0.00,0.000,0.000,0.00
70.0097,0.000,0.000,0.00,0.77,0.00,0.000,0.000,0.00,0.000,0.000,0.00,0.000,0.000,0.00,0.000,0.000,0.00,0.000,0.000,0.00,0.000,0.000,0.00,0.000,0.000,0.00,0.000,0.000,0.00,0.000,0.000,0.00,0.000,0.000,0.00,0.000,0.000,0.00,0.000,0.000,0.00,0.000,0.000,0.00,0.000,0.000,0.00,0.000,0.000,0.00,0.000,0.000,0.00,0.000,0.000,0.00,0.000,0.000,0.00,0.000,0.000,0.00,0.000,0.000,0.00,0.000,0.000,0.00,0.000,0.000,0.00,0.000,0.000,0.00,0.000,0.000,0.00,0.000,0.000,0.00,0.000,0.000,0.00,0.000,0.000,0.00,0.000,0.000,0.00,0.000,0.000,0.00,0.000,0.000,0.00
70.1117,0.000,0.000,0.00,0.77,0.00,0.000,0.000,0.00,0.000,0.000,0.00,0.000,0.000,0.00,0.000,0.000,0.00,0.000,0.000,0.00,0.000,0.000,0.00,0.000,0.000,0.00,0.000,0.000,0.00,0.000,0.000,0.00,0.000,0.000,0.00,0.000,0.000,0.00,0.000,0.000,0.00,0.000,0.000,0.00,0.000,0.000,0.00,0.000,0.000,0.00,0.000,0.000,0.00,0.000,0.000,0.00,0.000,0.000,0.00,0.000,0.000,0.00,0.000,0.000,0.00,0.000,0.000,0.00,0.000,0.000,0.00,0.000,0.000,0.00,0.000,0.000,0.00,0.000,0.000,0.00,0.000,0.000,0.00,0.000,0.000,0.00,0.000,0.000,0.00,0.000,0.000,0.00,0.000,0.000,0.00
70.2137,0.000,0.000,0.00,0.84,0.00,0.000,0.000,0.00,0.000,0.000,0.00,0.000,0.000,0.00,0.000,0.000,0.00,0.000,0.000,0.00,0.000,0.000,0.00,0.000,0.000,0.00,0.000,0.000,0.00,0.000,0.000,0.00,0.000,0.000,0.00,0.000,0.000,0.00,0.000,0.000,0.00,0.000,0.000,0.00,0.000,0.000,0.00,0.000,0.000,0.00,0.000,0.000,0.00,0.000,0.000,0.00,0.000,0.000,0.00,0.000,0.000,0.00,0.000,0.000,0.00,0.000,0.000,0.00,0.000,0.000,0.00,0.000,0.000,0.00,0.000,0.000,0.00,0.000,0.000,0.00,0.000,0.000,0.00,0.000,0.000,0.00,0.000,0.000,0.00,0.000,0.000,0.00,0.000,0.000,0.00
70.3155,0.000,0.000,0.00,0.77,0.00,0.000,0.000,0.00,0.000,0.000,0.00,0.000,0.000,0.00,0.000,0.000,0.00,0.000,0.000,0.00,0.000,0.000,0.00,0.000,0.000,0.00,0.000,0.000,0.00,0.000,0.000,0.00,0.000,0.000,0.00,0.000,0.000,0.00,0.000,0.000,0.00,0.000,0.000,0.00,0.000,0.000,0.00,0.000,0.000,0.00,0.000,0.000,0.00,0.000,0.000,0.00,0.000,0.000,0.00,0.000,0.000,0.00,0.000,0.000,0.00,0.000,0.000,0.00,0.000,0.000,0.00,0.000,0.000,0.00,0.000,0.000,0.00,0.000,0.000,0.00,0.000,0.000,0.00,0.000,0.000,0.00,0.000,0.000,0.00,0.000,0.000,0.00,0.000,0.000,0.00
70.4173,0.000,0.000,0.00,0.84,0.00,0.000,0.000,0.00,0.000,0.000,0.00,0.000,0.000,0.00,0.000,0.000,0.00,0.000,0.000,0.00,0.000,0.000,0.00,0.000,0.000,0.00,0.000,0.000,0.00,0.000,0.000,0.00,0.000,0.000,0.00,0.000,0.000,0.00,0.000,0.000,0.00,0.000,0.000,0.00,0.000,0.000,0.00,0.000,0.000,0.00,0.000,0.000,0.00,0.000,0.000,0.00,0.000,0.000,0.00,0.000,0.000,0.00,0.000,0.000,0.00,0.000,0.000,0.00,0.000,0.000,0.00,0.000,0.000,0.00,0.000,0.000,0.00,0.000,0.000,0.00,0.000,0.000,0.00,0.000,0.000,0.00,0.000,0.000,0.00,0.000,0.000,0.00,0.000,0.000,0.00
70.5192,0.000,0.000,0.00,0.92,0.00,0.000,0.000,0.00,0.000,0.000,0.00,0.000,0.000,0.00,0.000,0.000,0.00,0.000,0.000,0.00,0.000,0.000,0.00,0.000,0.000,0.00,0.000,0.000,0.00,0.000,0.000,0.00,0.000,0.000,0.00,0.000,0.000,0.00,0.000,0.000,0.00,0.000,0.000,0.00,0.000,0.000,0.00,0.000,0.000,0.00,0.000,0.000,0.00,0.000,0.000,0.00,0.000,0.000,0.00,0.000,0.000,0.00,0.000,0.000,0.00,0.000,0.000,0.00,0.000,0.000,0.00,0.000,0.000,0.00,0.000,0.000,0.00,0.000,0.000,0.00,0.000,0.000,0.00,0.000,0.000,0.00,0.000,0.000,0.00,0.000,0.000,0.00,0.000,0.000,0.00
70.6211,0.000,0.000,0.00,0.84,0.00,0.000,0.000,0.00,0.000,0.000,0.00,0.000,0.000,0.00,0.000,0.000,0.00,0.000,0.000,0.00,0.000,0.000,0.00,0.000,0.000,0.00,0.000,0.000,0.00,0.000,0.000,0.00,0.000,0.000,0.00,0.000,0.000,0.00,0.000,0.000,0.00,0.000,0.000,0.00,0.000,0.000,0.00,0.000,0.000,0.00,0.000,0.000,0.00,0.000,0.000,0.00,0.000,0.000,0.00,0.000,0.000,0.00,0.000,0.000,0.00,0.000,0.000,0.00,0.000,0.000,0.00,0.000,0.000,0.00,0.000,0.000,0.00,0.000,0.000,0.00,0.000,0.000,0.00,0.000,0.000,0.00,0.000,0.000,0.00,0.000,0.000,0.00,0.000,0.000,0.00
70.7230,0.000,0.000,0.00,0.92,0.00,0.000,0.000,0.00,0.000,0.000,0.00,0.000,0.000,0.00,0.000,0.000,0.00,0.000,0.000,0.00,0.000,0.000,0.00,0.000,0.000,0.00,0.000,0.000,0.00,0.000,0.000,0.00,0.000,0.000,0.00,0.000,0.000,0.00,0.000,0.000,0.00,0.000,0.000,0.00,0.000,0.000,0.00,0.000,0.000,0.00,0.000,0.000,0.00,0.000,0.000,0.00,0.000,0.000,0.00,0.000,0.000,0.00,0.000,0.000,0.00,0.000,0.000,0.00,0.000,0.000,0.00,0.000,0.000,0.00,0.000,0.000,0.00,0.000,0.000,0.00,0.000,0.000,0.00,0.000,0.000,0.00,0.000,0.000,0.00,0.000,0.000,0.00,0.000,0.000,0.00
70.8250,0.000,0.000,0.00,1.07,0.00,0.000,0.000,0.00,0.000,0.000,0.00,0.000,0.000,0.00,0.000,0.000,0.00,0.000,0.000,0.00,0.000,0.000,0.00,0.000,0.000,0.00,0.000,0.000,0.00,0.000,0.000,0.00,0.000,0.000,0.00,0.000,0.000,0.00,0.000,0.000,0.00,0.000,0.000,0.00,0.000,0.000,0.00,0.000,0.000,0.00,0.000,0.000,0.00,0.000,0.000,0.00,0.000,0.000,0.00,0.000,0.000,0.00,0.000,0.000,0.00,0.000,0.000,0.00,0.000,0.000,0.00,0.000,0.000,0.00,0.000,0.000,0.00,0.000,0.000,0.00,0.000,0.000,0.00,0.000,0.000,0.00,0.000,0.000,0.00,0.000,0.000,0.00,0.000,0.000,0.00
70.9268,0.000,0.000,0.00,0.77,0.00,0.000,0.000,0.00,0.000,0.000,0.00,0.000,0.000,0.00,0.000,0.000,0.00,0.000,0.000,0.00,0.000,0.000,0.00,0.000,0.000,0.00,0.000,0.000,0.00,0.000,0.000,0.00,0.000,0.000,0.00,0.000,0.000,0.00,0.000,0.000,0.00,0.000,0.000,0.00,0.000,0.000,0.00,0.000,0.000,0.00,0.000,0.000,0.00,0.000,0.000,0.00,0.000,0.000,0.00,0.000,0.000,0.00,0.000,0.000,0.00,0.000,0.000,0.00,0.000,0.000,0.00,0.000,0.000,0.00,0.000,0.000,0.00,0.000,0.000,0.00,0.000,0.000,0.00,0.000,0.000,0.00,0.000,0.000,0.00,0.000,0.000,0.00,0.000,0.000,0.00
71.0287,0.000,0.000,0.00,0.84,0.00,0.000,0.000,0.00,0.000,0.000,0.00,0.000,0.000,0.00,0.000,0.000,0.00,0.000,0.000,0.00,0.000,0.000,0.00,0.000,0.000,0.00,0.000,0.000,0.00,0.000,0.000,0.00,0.000,0.000,0.00,0.000,0.000,0.00,0.000,0.000,0.00,0.000,0.000,0.00,0.000,0.000,0.00,0.000,0.000,0.00,0.000,0.000,0.00,0.000,0.000,0.00,0.000,0.000,0.00,0.000,0.000,0.00,0.000,0.000,0.00,0.000,0.000,0.00,0.000,0.000,0.00,0.000,0.000,0.00,0.000,0.000,0.00,0.000,0.000,0.00,0.000,0.000,0.00,0.000,0.000,0.00,0.000,0.000,0.00,0.000,0.000,0.00,0.000,0.000,0.00
71.1307,0.000,0.000,0.00,0.77,0.00,0.000,0.000,0.00,0.000,0.000,0.00,0.000,0.000,0.00,0.000,0.000,0.00,0.000,0.000,0.00,0.000,0.000,0.00,0.000,0.000,0.00,0.000,0.000,0.00,0.000,0.000,0.00,0.000,0.000,0.00,0.000,0.000,0.00,0.000,0.000,0.00,0.000,0.000,0.00,0.000,0.000,0.00,0.000,0.000,0.00,0.000,0.000,0.00,0.000,0.000,0.00,0.000,0.000,0.00,0.000,0.000,0.00,0.000,0.000,0.00,0.000,0.000,0.00,0.000,0.000,0.00,0.000,0.000,0.00,0.000,0.000,0.00,0.000,0.000,0.00,0.000,0.000,0.00,0.000,0.000,0.00,0.000,0.000,0.00,0.000,0.000,0.00,0.000,0.000,0.00
71.2327,0.000,0.000,0.00,0.77,0.00,0.000,0.000,0.00,0.000,0.000,0.00,0.000,0.000,0.00,0.000,0.000,0.00,0.000,0.000,0.00,0.000,0.000,0.00,0.000,0.000,0.00,0.000,0.000,0.00,0.000,0.000,0.00,0.000,0.000,0.00,0.000,0.000,0.00,0.000,0.000,0.00,0.000,0.000,0.00,0.000,0.000,0.00,0.000,0.000,0.00,0.000,0.000,0.00,0.000,0.000,0.00,0.000,0.000,0.00,0.000,0.000,0.00,0.000,0.000,0.00,0.000,0.000,0.00,0.000,0.000,0.00,0.000,0.000,0.00,0.000,0.000,0.00,0.000,0.000,0.00,0.000,0.000,0.00,0.000,0.000,0.00,0.000,0.000,0.00,0.000,0.000,0.00,0.000,0.000,0.00
71.3345,0.000,0.000,0.00,0.84,0.00,0.000,0.000,0.00,0.000,0.000,0.00,0.000,0.000,0.00,0.000,0.000,0.00,0.000,0.000,0.00,0.000,0.000,0.00,0.000,0.000,0.00,0.000,0.000,0.00,0.000,0.000,0.00,0.000,0.000,0.00,0.000,0.000,0.00,0.000,0.000,0.00,0.000,0.000,0.00,0.000,0.000,0.00,0.000,0.000,0.00,0.000,0.000,0.00,0.000,0.000,0.00,0.000,0.000,0.00,0.000,0.000,0.00,0.000,0.000,0.00,0.000,0.000,0.00,0.000,0.000,0.00,0.000,0.000,0.00,0.000,0.000,0.00,0.000,0.000,0.00,0.000,0.000,0.00,0.000,0.000,0.00,0.000,0.000,0.00,0.000,0.000,0.00,0.000,0.000,0.00
71.4364,0.000,0.000,0.00,0.77,0.00,0.000,0.000,0.00,0.000,0.000,0.00,0.000,0.000,0.00,0.000,0.000,0.00,0.000,0.000,0.00,0.000,0.000,0.00,0.000,0.000,0.00,0.000,0.000,0.00,0.000,0.000,0.00,0.000,0.000,0.00,0.000,0.000,0.00,0.000,0.000,0.00,0.000,0.000,0.00,0.000,0.000,0.00,0.000,0.000,0.00,0.000,0.000,0.00,0.000,0.000,0.00,0.000,0.000,0.00,0.000,0.000,0.00,0.000,0.000,0.00,0.000,0.000,0.00,0.000,0.000,0.00,0.000,0.000,0.00,0.000,0.000,0.00,0.000,0.000,0.00,0.000,0.000,0.00,0.000,0.000,0.00,0.000,0.000,0.00,0.000,0.000,0.00,0.000,0.000,0.00
71.5383,0.000,0.000,0.00,0.84,0.00,0.000,0.000,0.00,0.000,0.000,0.00,0.000,0.000,0.00,0.000,0.000,0.00,0.000,0.000,0.00,0.000,0.000,0.00,0.000,0.000,0.00,0.000,0.000,0.00,0.000,0.000,0.00,0.000,0.000,0.00,0.000,0.000,0.00,0.000,0.000,0.00,0.000,0.000,0.00,0.000,0.000,0.00,0.000,0.000,0.00,0.000,0.000,0.00,0.000,0.000,0.00,0.000,0.000,0.00,0.000,0.000,0.00,0.000,0.000,0.00,0.000,0.000,0.00,0.000,0.000,0.00,0.000,0.000,0.00,0.000,0.000,0.00,0.000,0.000,0.00,0.000,0.000,0.00,0.000,0.000,0.00,0.000,0.000,0.00,0.000,0.000,0.00,0.000,0.000,0.00
71.6402,0.000,0.000,0.00,0.77,0.00,0.000,0.000,0.00,0.000,0.000,0.00,0.000,0.000,0.00,0.000,0.000,0.00,0.000,0.000,0.00,0.000,0.000,0.00,0.000,0.000,0.00,0.000,0.000,0.00,0.000,0.000,0.00,0.000,0.000,0.00,0.000,0.000,0.00,0.000,0.000,0.00,0.000,0.000,0.00,0.000,0.000,0.00,0.000,0.000,0.00,0.000,0.000,0.00,0.000,0.000,0.00,0.000,0.000,0.00,0.000,0.000,0.00,0.000,0.000,0.00,0.000,0.000,0.00,0.000,0.000,0.00,0.000,0.000,0.00,0.000,0.000,0.00,0.000,0.000,0.00,0.000,0.000,0.00,0.000,0.000,0.00,0.000,0.000,0.00,0.000,0.000,0.00,0.000,0.000,0.00
71.7420,0.000,0.000,0.00,0.92,0.00,0.000,0.000,0.00,0.000,0.000,0.00,0.000,0.000,0.00,0.000,0.000,0.00,0.000,0.000,0.00,0.000,0.000,0.00,0.000,0.000,0.00,0.000,0.000,0.00,0.000,0.000,0.00,0.000,0.000,0.00,0.000,0.000,0.00,0.000,0.000,0.00,0.000,0.000,0.00,0.000,0.000,0.00,0.000,0.000,0.00,0.000,0.000,0.00,0.000,0.000,0.00,0.000,0.000,0.00,0.000,0.000,0.00,0.000,0.000,0.00,0.000,0.000,0.00,0.000,0.000,0.00,0.000,0.000,0.00,0.000,0.000,0.00,0.000,0.000,0.00,0.000,0.000,0.00,0.000,0.000,0.00,0.000,0.000,0.00,0.000,0.000,0.00,0.000,0.000,0.00
71.8439,0.000,0.000,0.00,0.77,0.00,0.000,0.000,0.00,0.000,0.000,0.00,0.000,0.000,0.00,0.000,0.000,0.00,0.000,0.000,0.00,0.000,0.000,0.00,0.000,0.000,0.00,0.000,0.000,0.00,0.000,0.000,0.00,0.000,0.000,0.00,0.000,0.000,0.00,0.000,0.000,0.00,0.000,0.000,0.00,0.000,0.000,0.00,0.000,0.000,0.00,0.000,0.000,0.00,0.000,0.000,0.00,0.000,0.000,0.00,0.000,0.000,0.00,0.000,0.000,0.00,0.000,0.000,0.00,0.000,0.000,0.00,0.000,0.000,0.00,0.000,0.000,0.00,0.000,0.000,0.00,0.000,0.000,0.00,0.000,0.000,0.00,0.000,0.000,0.00,0.000,0.000,0.00,0.000,0.000,0.00
71.9458,0.000,0.000,0.00,0.77,0.00,0.000,0.000,0.00,0.000,0.000,0.00,0.000,0.000,0.00,0.000,0.000,0.00,0.000,0.000,0.00,0.000,0.000,0.00,0.000,0.000,0.00,0.000,0.000,0.00,0.000,0.000,0.00,0.000,0.000,0.00,0.000,0.000,0.00,0.000,0.000,0.00,0.000,0.000,0.00,0.000,0.000,0.00,0.000,0.000,0.00,0.000,0.000,0.00,0.000,0.000,0.00,0.000,0.000,0.00,0.000,0.000,0.00,0.000,0.000,0.00,0.000,0.000,0.00,0.000,0.000,0.00,0.000,0.000,0.00,0.000,0.000,0.00,0.000,0.000,0.00,0.000,0.000,0.00,0.000,0.000,0.00,0.000,0.000,0.00,0.000,0.000,0.00,0.000,0.000,0.00
72.0477,0.000,0.000,0.00,0.84,0.00,0.000,0.000,0.00,0.000,0.000,0.00,0.000,0.000,0.00,0.000,0.000,0.00,0.000,0.000,0.00,0.000,0.000,0.00,0.000,0.000,0.00,0.000,0.000,0.00,0.000,0.000,0.00,0.000,0.000,0.00,0.000,0.000,0.00,0.000,0.000,0.00,0.000,0.000,0.00,0.000,0.000,0.00,0.000,0.000,0.00,0.000,0.000,0.00,0.000,0.000,0.00,0.000,0.000,0.00,0.000,0.000,0.00,0.000,0.000,0.00,0.000,0.000,0.00,0.000,0.000,0.00,0.000,0.000,0.00,0.000,0.000,0.00,0.000,0.000,0.00,0.000,0.000,0.00,0.000,0.000,0.00,0.000,0.000,0.00,0.000,0.000,0.00,0.000,0.000,0.00
72.1497,0.000,1.446,0.03,0.84,0.00,0.000,0.000,0.00,0.000,0.000,0.00,0.000,0.000,0.00,0.000,0.000,0.00,0.000,0.000,0.00,0.000,0.000,0.00,0.000,0.000,0.00,0.000,0.000,0.00,0.000,0.000,0.00,0.000,0.000,0.00,0.000,0.000,0.00,0.000,0.000,0.00,0.000,0.000,0.00,0.000,0.000,0.00,0.000,0.000,0.00,0.000,0.000,0.00,0.000,0.000,0.00,0.000,0.000,0.00,0.000,0.000,0.00,0.000,0.000,0.00,0.000,0.000,0.00,0.000,0.000,0.00,0.000,1.446,0.98,0.000,0.000,0.00,0.000,0.000,0.00,0.000,0.000,0.00,0.000,0.000,0.00,0.000,0.000,0.00,0.000,0.000,0.00,0.000,0.000,0.00
72.2516,0.000,0.000,0.00,0.84,0.00,0.000,0.000,0.00,0.000,0.000,0.00,0.000,0.000,0.00,0.000,0.000,0.00,0.000,0.000,0.00,0.000,0.000,0.00,0.000,0.000,0.00,0.000,0.000,0.00,0.000,0.000,0.00,0.000,0.000,0.00,0.000,0.000,0.00,0.000,0.000,0.00,0.000,0.000,0.00,0.000,0.000,0.00,0.000,0.000,0.00,0.000,0.000,0.00,0.000,0.000,0.00,0.000,0.000,0.00,0.000,0.000,0.00,0.000,0.000,0.00,0.000,0.000,0.00,0.000,0.000,0.00,0.000,0.000,0.00,0.000,0.000,0.00,0.000,0.000,0.00,0.000,0.000,0.00,0.000,0.000,0.00,0.000,0.000,0.00,0.000,0.000,0.00,0.000,0.000,0.00
72.3534,0.000,14.030,2.03,0.38,0.00,0.000,0.040,1.96,0.000,0.040,1.96,0.000,0.040,2.95,0.000,0.040,1.96,0.000,0.040,1.96,0.000,0.040,1.96,0.000,0.045,2.95,0.000,0.040,1.96,0.000,0.040,1.96,0.000,0.040,1.96,0.000,0.030,2.95,0.000,0.040,1.96,0.000,0.040,1.96,0.000,0.040,1.96,0.000,0.040,2.95,0.000,0.040,0.98,0.000,0.040,1.96,0.000,0.045,2.95,0.000,0.040,1.96,0.000,0.040,1.96,0.000,0.040,1.96,0.000,0.045,1.96,0.000,12.853,0.98,0.000,0.040,0.98,0.000,0.040,2.95,0.000,0.040,0.98,0.000,0.035,1.96,0.000,0.045,1.96,0.000,0.040,1.96,0.000,0.045,1.96
72.4552,0.000,0.000,0.00,0.00,0.00,0.000,0.000,0.00,0.000,0.000,0.00,0.000,0.000,0.00,0.000,0.000,0.00,0.000,0.000,0.00,0.000,0.000,0.00,0.000,0.000,0.00,0.000,0.000,0.00,0.000,0.000,0.00,0.000,0.000,0.00,0.000,0.000,0.00,0.000,0.000,0.00,0.000,0.000,0.00,0.000,0.000,0.00,0.000,0.000,0.00,0.000,0.000,0.00,0.000,0.000,0.00,0.000,0.000,0.00,0.000,0.000,0.00,0.000,0.000,0.00,0.000,0.000,0.00,0.000,0.000,0.00,0.000,0.000,0.00,0.000,0.000,0.00,0.000,0.000,0.00,0.000,0.000,0.00,0.000,0.000,0.00,0.000,0.000,0.00,0.000,0.000,0.00,0.000,0.000,0.00
72.5562,0.000,0.000,0.00,0.00,0.00,0.000,0.000,0.00,0.000,0.000,0.00,0.000,0.000,0.00,0.000,0.000,0.00,0.000,0.000,0.00,0.000,0.000,0.00,0.000,0.000,0.00,0.000,0.000,0.00,0.000,0.000,0.00,0.000,0.000,0.00,0.000,0.000,0.00,0.000,0.000,0.00,0.000,0.000,0.00,0.000,0.000,0.00,0.000,0.000,0.00,0.000,0.000,0.00,0.000,0.000,0.00,0.000,0.000,0.00,0.000,0.000,0.00,0.000,0.000,0.00,0.000,0.000,0.00,0.000,0.000,0.00,0.000,0.000,0.00,0.000,0.000,0.00,0.000,0.000,0.00,0.000,0.000,0.00,0.000,0.000,0.00,0.000,0.000,0.00,0.000,0.000,0.00,0.000,0.000,0.00
72.6572,0.000,0.000,0.00,0.08,0.00,0.000,0.000,0.00,0.000,0.000,0.00,0.000,0.000,0.00,0.000,0.000,0.00,0.000,0.000,0.00,0.000,0.000,0.00,0.000,0.000,0.00,0.000,0.000,0.00,0.000,0.000,0.00,0.000,0.000,0.00,0.000,0.000,0.00,0.000,0.000,0.00,0.000,0.000,0.00,0.000,0.000,0.00,0.000,0.000,0.00,0.000,0.000,0.00,0.000,0.000,0.00,0.000,0.000,0.00,0.000,0.000,0.00,0.000,0.000,0.00,0.000,0.000,0.00,0.000,0.000,0.00,0.000,0.000,0.00,0.000,0.000,0.00,0.000,0.000,0.00,0.000,0.000,0.00,0.000,0.000,0.00,0.000,0.000,0.00,0.000,0.000,0.00,0.000,0.000,0.00
72.7581,0.000,0.000,0.00,0.08,0.00,0.000,0.000,0.00,0.000,0.000,0.00,0.000,0.000,0.00,0.000,0.000,0.00,0.000,0.000,0.00,0.000,0.000,0.00,0.000,0.000,0.00,0.000,0.000,0.00,0.000,0.000,0.00,0.000,0.000,0.00,0.000,0.000,0.00,0.000,0.000,0.00,0.000,0.000,0.00,0.000,0.000,0.00,0.000,0.000,0.00,0.000,0.000,0.00,0.000,0.000,0.00,0.000,0.000,0.00,0.000,0.000,0.00,0.000,0.000,0.00,0.000,0.000,0.00,0.000,0.000,0.00,0.000,0.000,0.00,0.000,0.000,0.00,0.000,0.000,0.00,0.000,0.000,0.00,0.000,0.000,0.00,0.000,0.000,0.00,0.000,0.000,0.00,0.000,0.000,0.00
72.8592,0.000,0.000,0.00,0.00,0.00,0.000,0.000,0.00,0.000,0.000,0.00,0.000,0.000,0.00,0.000,0.000,0.00,0.000,0.000,0.00,0.000,0.000,0.00,0.000,0.000,0.00,0.000,0.000,0.00,0.000,0.000,0.00,0.000,0.000,0.00,0.000,0.000,0.00,0.000,0.000,0.00,0.000,0.000,0.00,0.000,0.000,0.00,0.000,0.000,0.00,0.000,0.000,0.00,0.000,0.000,0.00,0.000,0.000,0.00,0.000,0.000,0.00,0.000,0.000,0.00,0.000,0.000,0.00,0.000,0.000,0.00,0.000,0.000,0.00,0.000,0.000,0.00,0.000,0.000,0.00,0.000,0.000,0.00,0.000,0.000,0.00,0.000,0.000,0.00,0.000,0.000,0.00,0.000,0.000,0.00
72.9602,0.000,0.000,0.00,0.00,0.00,0.000,0.000,0.00,0.000,0.000,0.00,0.000,0.000,0.00,0.000,0.000,0.00,0.000,0.000,0.00,0.000,0.000,0.00,0.000,0.000,0.00,0.000,0.000,0.00,0.000,0.000,0.00,0.000,0.000,0.00,0.000,0.000,0.00,0.000,0.000,0.00,0.000,0.000,0.00,0.000,0.000,0.00,0.000,0.000,0.00,0.000,0.000,0.00,0.000,0.000,0.00,0.000,0.000,0.00,0.000,0.000,0.00,0.000,0.000,0.00,0.000,0.000,0.00,0.000,0.000,0.00,0.000,0.000,0.00,0.000,0.000,0.00,0.000,0.000,0.00,0.000,0.000,0.00,0.000,0.000,0.00,0.000,0.000,0.00,0.000,0.000,0.00,0.000,0.000,0.00
73.0613,0.000,0.000,0.00,0.15,0.00,0.000,0.000,0.00,0.000,0.000,0.00,0.000,0.000,0.00,0.000,0.000,0.00,0.000,0.000,0.00,0.000,0.000,0.00,0.000,0.000,0.00,0.000,0.000,0.00,0.000,0.000,0.00,0.000,0.000,0.00,0.000,0.000,0.00,0.000,0.000,0.00,0.000,0.000,0.00,0.000,0.000,0.00,0.000,0.000,0.00,0.000,0.000,0.00,0.000,0.000,0.00,0.000,0.000,0.00,0.000,0.000,0.00,0.000,0.000,0.00,0.000,0.000,0.00,0.000,0.000,0.00,0.000,0.000,0.00,0.000,0.000,0.00,0.000,0.000,0.00,0.000,0.000,0.00,0.000,0.000,0.00,0.000,0.000,0.00,0.000,0.000,0.00,0.000,0.000,0.00
73.1623,0.000,0.000,0.00,0.00,0.00,0.000,0.000,0.00,0.000,0.000,0.00,0.000,0.000,0.00,0.000,0.000,0.00,0.000,0.000,0.00,0.000,0.000,0.00,0.000,0.000,0.00,0.000,0.000,0.00,0.000,0.000,0.00,0.000,0.000,0.00,0.000,0.000,0.00,0.000,0.000,0.00,0.000,0.000,0.00,0.000,0.000,0.00,0.000,0.000,0.00,0.000,0.000,0.00,0.000,0.000,0.00,0.000,0.000,0.00,0.000,0.000,0.00,0.000,0.000,0.00,0.000,0.000,0.00,0.000,0.000,0.00,0.000,0.000,0.00,0.000,0.000,0.00,0.000,0.000,0.00,0.000,0.000,0.00,0.000,0.000,0.00,0.000,0.000,0.00,0.000,0.000,0.00,0.000,0.000,0.00
73.2634,0.000,0.000,0.00,0.15,0.00,0.000,0.000,0.00,0.000,0.000,0.00,0.000,0.000,0.00,0.000,0.000,0.00,0.000,0.000,0.00,0.000,0.000,0.00,0.000,0.000,0.00,0.000,0.000,0.00,0.000,0.000,0.00,0.000,0.000,0.00,0.000,0.000,0.00,0.000,0.000,0.00,0.000,0.000,0.00,0.000,0.000,0.00,0.000,0.000,0.00,0.000,0.000,0.00,0.000,0.000,0.00,0.000,0.000,0.00,0.000,0.000,0.00,0.000,0.000,0.00,0.000,0.000,0.00,0.000,0.000,0.00,0.000,0.000,0.00,0.000,0.000,0.00,0.000,0.000,0.00,0.000,0.000,0.00,0.000,0.000,0.00,0.000,0.000,0.00,0.000,0.000,0.00,0.000,0.000,0.00
73.3643,0.000,0.000,0.00,0.00,0.00,0.000,0.000,0.00,0.000,0.000,0.00,0.000,0.000,0.00,0.000,0.000,0.00,0.000,0.000,0.00,0.000,0.000,0.00,0.000,0.000,0.00,0.000,0.000,0.00,0.000,0.000,0.00,0.000,0.000,0.00,0.000,0.000,0.00,0.000,0.000,0.00,0.000,0.000,0.00,0.000,0.000,0.00,0.000,0.000,0.00,0.000,0.000,0.00,0.000,0.000,0.00,0.000,0.000,0.00,0.000,0.000,0.00,0.000,0.000,0.00,0.000,0.000,0.00,0.000,0.000,0.00,0.000,0.000,0.00,0.000,0.000,0.00,0.000,0.000,0.00,0.000,0.000,0.00,0.000,0.000,0.00,0.000,0.000,0.00,0.000,0.000,0.00,0.000,0.000,0.00
73.4652,0.000,0.000,0.00,0.00,0.00,0.000,0.000,0.00,0.000,0.000,0.00,0.000,0.000,0.00,0.000,0.000,0.00,0.000,0.000,0.00,0.000,0.000,0.00,0.000,0.000,0.00,0.000,0.000,0.00,0.000,0.000,0.00,0.000,0.000,0.00,0.000,0.000,0.00,0.000,0.000,0.00,0.000,0.000,0.00,0.000,0.000,0.00,0.000,0.000,0.00,0.000,0.000,0.00,0.000,0.000,0.00,0.000,0.000,0.00,0.000,0.000,0.00,0.000,0.000,0.00,0.000,0.000,0.00,0.000,0.000,0.00,0.000,0.000,0.00,0.000,0.000,0.00,0.000,0.000,0.00,0.000,0.000,0.00,0.000,0.000,0.00,0.000,0.000,0.00,0.000,0.000,0.00,0.000,0.000,0.00
73.5663,0.000,0.000,0.00,0.00,0.00,0.000,0.000,0.00,0.000,0.000,0.00,0.000,0.000,0.00,0.000,0.000,0.00,0.000,0.000,0.00,0.000,0.000,0.00,0.000,0.000,0.00,0.000,0.000,0.00,0.000,0.000,0.00,0.000,0.000,0.00,0.000,0.000,0.00,0.000,0.000,0.00,0.000,0.000,0.00,0.000,0.000,0.00,0.000,0.000,0.00,0.000,0.000,0.00,0.000,0.000,0.00,0.000,0.000,0.00,0.000,0.000,0.00,0.000,0.000,0.00,0.000,0.000,0.00,0.000,0.000,0.00,0.000,0.000,0.00,0.000,0.000,0.00,0.000,0.000,0.00,0.000,0.000,0.00,0.000,0.000,0.00,0.000,0.000,0.00,0.000,0.000,0.00,0.000,0.000,0.00
73.6674,0.000,0.000,0.00,0.08,0.00,0.000,0.000,0.00,0.000,0.000,0.00,0.000,0.000,0.00,0.000,0.000,0.00,0.000,0.000,0.00,0.000,0.000,0.00,0.000,0.000,0.00,0.000,0.000,0.00,0.000,0.000,0.00,0.000,0.000,0.00,0.000,0.000,0.00,0.000,0.000,0.00,0.000,0.000,0.00,0.000,0.000,0.00,0.000,0.000,0.00,0.000,0.000,0.00,0.000,0.000,0.00,0.000,0.000,0.00,0.000,0.000,0.00,0.000,0.000,0.00,0.000,0.000,0.00,0.000,0.000,0.00,0.000,0.000,0.00,0.000,0.000,0.00,0.000,0.000,0.00,0.000,0.000,0.00,0.000,0.000,0.00,0.000,0.000,0.00,0.000,0.000,0.00,0.000,0.000,0.00
73.7684,0.000,0.000,0.00,0.00,0.00,0.000,0.000,0.00,0.000,0.000,0.00,0.000,0.000,0.00,0.000,0.000,0.00,0.000,0.000,0.00,0.000,0.000,0.00,0.000,0.000,0.00,0.000,0.000,0.00,0.000,0.000,0.00,0.000,0.000,0.00,0.000,0.000,0.00,0.000,0.000,0.00,0.000,0.000,0.00,0.000,0.000,0.00,0.000,0.000,0.00,0.000,0.000,0.00,0.000,0.000,0.00,0.000,0.000,0.00,0.000,0.000,0.00,0.000,0.000,0.00,0.000,0.000,0.00,0.000,0.000,0.00,0.000,0.000,0.00,0.000,0.000,0.00,0.000,0.000,0.00,0.000,0.000,0.00,0.000,0.000,0.00,0.000,0.000,0.00,0.000,0.000,0.00,0.000,0.000,0.00
73.8694,0.000,0.000,0.00,0.31,0.00,0.000,0.000,0.00,0.000,0.000,0.00,0.000,0.000,0.00,0.000,0.000,0.00,0.000,0.000,0.00,0.000,0.000,0.00,0.000,0.000,0.00,0.000,0.000,0.00,0.000,0.000,0.00,0.000,0.000,0.00,0.000,0.000,0.00,0.000,0.000,0.00,0.000,0.000,0.00,0.000,0.000,0.00,0.000,0.000,0.00,0.000,0.000,0.00,0.000,0.000,0.00,0.000,0.000,0.00,0.000,0.000,0.00,0.000,0.000,0.00,0.000,0.000,0.00,0.000,0.000,0.00,0.000,0.000,0.00,0.000,0.000,0.00,0.000,0.000,0.00,0.000,0.000,0.00,0.000,0.000,0.00,0.000,0.000,0.00,0.000,0.000,0.00,0.000,0.000,0.00
73.9703,0.000,0.000,0.00,0.08,0.00,0.000,0.000,0.00,0.000,0.000,0.00,0.000,0.000,0.00,0.000,0.000,0.00,0.000,0.000,0.00,0.000,0.000,0.00,0.000,0.000,0.00,0.000,0.000,0.00,0.000,0.000,0.00,0.000,0.000,0.00,0.000,0.000,0.00,0.000,0.000,0.00,0.000,0.000,0.00,0.000,0.000,0.00,0.000,0.000,0.00,0.000,0.000,0.00,0.000,0.000,0.00,0.000,0.000,0.00,0.000,0.000,0.00,0.000,0.000,0.00,0.000,0.000,0.00,0.000,0.000,0.00,0.000,0.000,0.00,0.000,0.000,0.00,0.000,0.000,0.00,0.000,0.000,0.00,0.000,0.000,0.00,0.000,0.000,0.00,0.000,0.000,0.00,0.000,0.000,0.00
74.0714,0.000,0.000,0.00,0.00,0.00,0.000,0.000,0.00,0.000,0.000,0.00,0.000,0.000,0.00,0.000,0.000,0.00,0.000,0.000,0.00,0.000,0.000,0.00,0.000,0.000,0.00,0.000,0.000,0.00,0.000,0.000,0.00,0.000,0.000,0.00,0.000,0.000,0.00,0.000,0.000,0.00,0.000,0.000,0.00,0.000,0.000,0.00,0.000,0.000,0.00,0.000,0.000,0.00,0.000,0.000,0.00,0.000,0.000,0.00,0.000,0.000,0.00,0.000,0.000,0.00,0.000,0.000,0.00,0.000,0.000,0.00,0.000,0.000,0.00,0.000,0.000,0.00,0.000,0.000,0.00,0.000,0.000,0.00,0.000,0.000,0.00,0.000,0.000,0.00,0.000,0.000,0.00,0.000,0.000,0.00
74.1725,0.000,0.000,0.00,0.00,0.00,0.000,0.000,0.00,0.000,0.000,0.00,0.000,0.000,0.00,0.000,0.000,0.00,0.000,0.000,0.00,0.000,0.000,0.00,0.000,0.000,0.00,0.000,0.000,0.00,0.000,0.000,0.00,0.000,0.000,0.00,0.000,0.000,0.00,0.000,0.000,0.00,0.000,0.000,0.00,0.000,0.000,0.00,0.000,0.000,0.00,0.000,0.000,0.00,0.000,0.000,0.00,0.000,0.000,0.00,0.000,0.000,0.00,0.000,0.000,0.00,0.000,0.000,0.00,0.000,0.000,0.00,0.000,0.000,0.00,0.000,0.000,0.00,0.000,0.000,0.00,0.000,0.000,0.00,0.000,0.000,0.00,0.000,0.000,0.00,0.000,0.000,0.00,0.000,0.000,0.00
74.2737,0.000,0.375,0.00,0.00,0.00,0.000,0.000,0.00,0.000,0.000,0.00,0.000,0.000,0.00,0.000,0.000,0.00,0.000,0.000,0.00,0.000,0.000,0.00,0.000,0.000,0.00,0.000,0.000,0.00,0.000,0.000,0.00,0.000,0.000,0.00,0.000,0.000,0.00,0.000,0.000,0.00,0.000,0.000,0.00,0.000,0.000,0.00,0.000,0.000,0.00,0.000,0.000,0.00,0.000,0.000,0.00,0.000,0.000,0.00,0.000,0.000,0.00,0.000,0.000,0.00,0.000,0.000,0.00,0.000,0.000,0.00,0.000,0.000,0.00,0.000,0.000,0.00,0.000,0.375,0.00,0.000,0.000,0.00,0.000,0.000,0.00,0.000,0.000,0.00,0.000,0.000,0.00,0.000,0.000,0.00
74.3749,13357.173,0.000,18.51,15.48,0.00,455.868,0.000,21.74,619.048,0.000,21.74,388.524,0.000,13.83,573.963,0.000,20.75,580.196,0.000,19.76,466.229,0.000,17.79,445.508,0.000,20.75,455.868,0.000,18.77,502.491,0.000,22.73,331.541,0.000,16.80,445.508,0.000,20.75,367.803,0.000,11.86,639.770,0.000,24.70,393.704,0.000,12.84,365.213,0.000,14.82,510.262,0.000,17.79,313.409,0.000,16.80,471.409,0.000,22.73,506.336,0.000,18.77,401.475,0.000,20.75,256.426,0.000,12.84,220.164,0.000,12.84,365.213,0.000,19.76,297.868,0.000,12.84,424.786,0.000,18.77,817.115,0.000,27.67,554.294,0.000,21.74,507.671,0.000,20.75,300.459,0.000,15.81,379.054,0.000,15.81
74.4801,65432.196,0.000,86.28,23.38,2.64,2287.231,0.000,85.54,2195.044,0.000,97.90,2264.807,0.000,99.80,2265.819,0.000,99.80,2050.535,0.000,41.82,2394.367,0.000,96.00,2003.196,0.000,82.69,2055.518,0.000,53.22,2286.024,0.000,99.80,1574.651,0.000,32.32,2361.977,0.000,90.29,2476.588,0.000,65.58,2110.332,0.000,99.80,2102.857,0.000,99.80,2092.891,0.000,99.80,2252.349,0.000,59.88,2249.858,0.000,59.88,1997.200,0.000,96.00,2086.701,0.000,99.80,2000.704,0.000,96.95,2097.874,0.000,98.85,2414.299,0.000,93.14,2106.205,0.000,100.00,1950.873,0.000,82.69,2172.620,0.000,92.19,2472.928,0.000,95.04,2217.468,0.000,88.39,2262.315,0.000,92.19,2360.030,0.000,96.00,2268.934,0.000,93.14
74.5849,67288.472,0.000,81.63,24.74,2.17,1785.308,0.000,54.37,2120.365,0.000,90.61,2442.921,0.000,100.00,2445.421,0.000,100.00,2330.402,0.000,47.69,2362.907,0.000,100.00,2240.386,0.000,96.34,1840.434,0.000,50.55,2149.081,0.000,92.52,2360.407,0.000,48.65,2320.400,0.000,70.58,1667.787,0.000,47.69,2212.881,0.000,100.00,2225.384,0.000,100.00,2242.535,0.000,100.00,2687.963,0.000,65.81,2400.414,0.000,58.18,2159.669,0.000,98.25,2250.388,0.000,100.00,2130.367,0.000,97.29,2240.386,0.000,100.00,2085.359,0.000,62.95,2234.526,0.000,100.00,2595.447,0.000,77.26,2017.848,0.000,66.77,2450.422,0.000,73.45,2520.434,0.000,82.98,2273.400,0.000,72.49,2159.825,0.000,94.43,2335.403,0.000,100.00
74.6906,65585.775,0.000,79.80,23.86,2.20,2340.680,0.000,83.24,2186.949,0.000,91.75,2499.371,0.000,99.32,1715.838,0.000,72.83,2422.505,0.000,46.35,2256.376,0.000,98.37,2245.916,0.000,99.32,2595.956,0.000,64.32,2387.792,0.000,96.48,1651.370,0.000,33.11,2301.008,0.000,80.40,1837.335,0.000,53.91,2219.532,0.000,98.37,2211.745,0.000,98.37,2187.298,0.000,98.37,2102.645,0.000,54.86,2459.698,0.000,66.21,2196.093,0.000,99.32,2038.177,0.000,86.07,2058.013,0.000,87.02,2308.446,0.000,95.53,2181.990,0.000,76.62,2412.587,0.000,97.42,2358.037,0.000,85.13,2494.412,0.000,69.05,1810.060,0.000,51.08,1862.130,0.000,56.75,1953.369,0.000,62.43,2244.831,0.000,99.32,2045.616,0.000,92.69
74.7951,67078.149,0.000,78.84,25.09,2.18,2329.653,0.000,75.65,2435.090,0.000,100.00,2431.364,0.000,100.00,1970.666,0.000,86.19,2620.860,0.000,54.59,2520.444,0.000,100.00,2515.972,0.000,100.00,2452.663,0.000,68.95,2435.090,0.000,99.59,2657.496,0.000,52.67,1850.167,0.000,66.08,1927.989,0.000,56.50,2264.030,0.000,100.00,2048.488,0.000,93.85,2269.404,0.000,100.00,1727.157,0.000,50.76,2216.685,0.000,58.42,2268.423,0.000,100.00,2281.956,0.000,83.31,2146.394,0.000,77.57,2168.988,0.000,77.57,2467.726,0.000,79.48,2209.154,0.000,79.48,1820.787,0.000,62.25,2527.975,0.000,69.91,1724.646,0.000,55.54,2063.551,0.000,63.20,2435.483,0.000,71.82,2381.940,0.000,97.68,1907.906,0.000,84.27
74.9006,65848.710,0.000,78.28,24.72,2.27,2734.130,0.000,89.99,2349.216,0.000,88.10,2320.619,0.000,89.99,2033.835,0.000,77.68,2066.118,0.000,41.68,2366.599,0.000,99.47,1932.019,0.000,85.26,1872.420,0.000,52.10,1748.254,0.000,73.89,2452.041,0.000,51.15,2123.234,0.000,74.84,2304.516,0.000,59.68,2180.351,0.000,96.63,2270.487,0.000,99.47,2269.750,0.000,99.47,2463.449,0.000,64.42,2575.198,0.000,72.00,2268.237,0.000,99.47,2371.566,0.000,79.57,1845.220,0.000,63.47,2138.134,0.000,72.94,1770.604,0.000,66.31,2088.468,0.000,67.26,1765.676,0.000,63.47,2121.954,0.000,81.47,1964.302,0.000,73.89,1706.038,0.000,68.21,3086.373,0.000,99.47,2378.938,0.000,99.47,2280.964,0.000,97.57
75.0050,66442.081,0.000,73.40,23.56,2.34,2860.211,0.000,74.72,1579.520,0.000,56.52,1991.350,0.000,62.27,2481.026,0.000,76.63,2049.107,0.000,41.19,2327.845,0.000,99.62,2302.734,0.000,99.62,2209.821,0.000,50.77,2257.533,0.000,69.93,1647.321,0.000,35.44,2390.624,0.000,61.31,2250.000,0.000,48.85,2325.766,0.000,99.62,2325.177,0.000,100.00,2321.097,0.000,99.62,2330.357,0.000,55.56,2008.928,0.000,44.06,2131.975,0.000,92.92,2182.198,0.000,87.17,2237.326,0.000,90.05,2076.729,0.000,86.21,2085.048,0.000,55.56,2585.200,0.000,99.62,1960.431,0.000,57.48,2457.209,0.000,68.97,1767.857,0.000,56.52,1958.705,0.000,60.35,2676.897,0.000,71.84,2324.981,0.000,99.62,2339.106,0.000,100.00
75.1100,65977.914,0.000,68.61,22.74,2.33,1615.778,0.000,40.95,1887.532,0.000,81.91,2421.833,0.000,100.00,2399.363,0.000,100.00,2197.127,0.000,36.19,2269.533,0.000,100.00,2294.500,0.000,100.00,1949.950,0.000,39.05,2371.899,0.000,98.10,2237.075,0.000,41.91,2214.604,0.000,44.76,1837.597,0.000,38.10,2646.111,0.000,92.39,1692.202,0.000,63.81,2720.661,0.000,93.34,2212.108,0.000,45.72,1797.650,0.000,41.91,2818.814,0.000,95.24,2142.199,0.000,70.48,2294.500,0.000,72.38,2242.069,0.000,72.38,1841.811,0.000,44.76,2240.859,0.000,70.48,1625.375,0.000,40.00,2454.291,0.000,60.96,2237.075,0.000,55.24,2683.991,0.000,66.67,2077.284,0.000,51.43,2279.520,0.000,100.00,2274.604,0.000,100.00
75.2141,66422.389,0.000,72.76,23.52,2.21,2239.528,0.000,78.81,1730.963,0.000,64.40,2444.009,0.000,79.78,2776.595,0.000,86.50,2418.813,0.000,47.10,2287.794,0.000,99.96,2295.746,0.000,99.96,2096.304,0.000,53.82,1685.610,0.000,63.44,2539.753,0.000,49.02,2527.155,0.000,86.50,1368.141,0.000,35.56,2055.991,0.000,71.13,2338.186,0.000,75.93,1935.050,0.000,68.24,1814.109,0.000,46.14,2660.694,0.000,60.55,2315.509,0.000,71.13,1912.374,0.000,65.36,1935.050,0.000,66.32,2675.811,0.000,82.66,2136.618,0.000,76.89,2421.332,0.000,77.85,2338.186,0.000,83.62,2358.854,0.000,72.09,2128.193,0.000,71.13,2354.524,0.000,78.81,2028.275,0.000,70.16,2295.352,0.000,99.96,2307.872,0.000,99.96
75.3181,66962.844,0.000,72.46,23.35,2.48,2021.211,0.000,74.03,2381.601,0.000,83.64,2096.817,0.000,73.07,1734.773,0.000,71.14,2179.984,0.000,43.26,2331.197,0.000,99.98,2356.005,0.000,100.00,2477.369,0.000,60.57,2065.236,0.000,74.99,2137.141,0.000,40.38,2600.860,0.000,83.64,1978.367,0.000,49.99,2459.728,0.000,74.99,2714.269,0.000,79.79,1960.726,0.000,62.49,2242.989,0.000,56.72,2661.345,0.000,63.45,2041.372,0.000,65.37,2457.208,0.000,71.14,1370.996,0.000,44.22,2484.930,0.000,72.10,2351.359,0.000,80.76,1849.836,0.000,57.68,2754.593,0.000,85.56,2149.230,0.000,76.91,2064.921,0.000,72.10,1992.268,0.000,74.99,2374.041,0.000,80.76,2351.359,0.000,100.00,2321.116,0.000,99.98
75.4232,66682.195,0.000,69.69,22.72,2.69,2893.654,0.000,75.18,2245.193,0.000,91.35,2048.008,0.000,84.69,2488.683,0.000,100.00,2232.604,0.000,43.77,2317.418,0.000,99.92,2342.714,0.000,99.92,2457.111,0.000,59.00,2535.767,0.000,99.92,1995.623,0.000,36.16,2372.297,0.000,69.47,2359.825,0.000,51.39,2205.164,0.000,67.56,1798.556,0.000,60.90,2170.240,0.000,67.56,1596.499,0.000,41.87,2447.133,0.000,60.90,2778.906,0.000,79.93,1756.149,0.000,57.10,1598.993,0.000,48.53,2474.573,0.000,63.76,1821.006,0.000,58.05,2364.814,0.000,65.66,2255.054,0.000,67.56,2080.437,0.000,57.10,1983.151,0.000,58.05,2132.822,0.000,63.76,2307.439,0.000,61.85,2319.912,0.000,99.92,2302.450,0.000,99.92
75.5287,66997.304,0.000,77.18,23.31,2.53,2318.848,0.000,83.34,2112.667,0.000,88.08,2090.439,0.000,88.08,2557.187,0.000,100.00,1747.825,0.000,36.94,2226.988,0.000,100.00,2206.777,0.000,100.00,2090.439,0.000,56.82,2177.333,0.000,89.97,2343.675,0.000,46.41,2182.299,0.000,79.55,2060.646,0.000,52.09,2219.539,0.000,68.19,1978.717,0.000,61.56,2224.505,0.000,68.19,2582.015,0.000,63.45,2259.263,0.000,58.72,2090.439,0.000,65.35,2423.121,0.000,82.40,2023.406,0.000,74.82,2075.542,0.000,72.92,2400.777,0.000,85.24,2601.876,0.000,91.87,2246.849,0.000,80.50,2028.837,0.000,73.87,2492.637,0.000,83.34,2976.765,0.000,95.65,1787.549,0.000,68.19,2238.392,0.000,100.00,2231.953,0.000,100.00
75.6344,55971.772,0.000,51.07,21.30,2.76,1706.794,0.000,43.53,1513.291,0.000,54.89,2185.589,0.000,70.98,1915.182,0.000,66.24,1351.341,0.000,25.55,2262.494,0.000,82.33,2887.657,0.000,88.01,1443.829,0.000,26.50,1590.196,0.000,57.73,1548.022,0.000,28.39,1627.408,0.000,43.53,1270.172,0.000,20.82,1662.139,0.000,47.32,2453.516,0.000,63.41,1944.951,0.000,53.94,1508.330,0.000,34.07,1739.044,0.000,36.91,1615.004,0.000,46.37,1706.794,0.000,45.42,1627.408,0.000,44.48,1513.291,0.000,40.69,2168.224,0.000,49.21,1786.180,0.000,48.26,1863.085,0.000,47.32,2539.879,0.000,64.35,2284.822,0.000,56.78,1334.673,0.000,34.07,1667.101,0.000,38.80,1990.614,0.000,77.60,3264.740,0.000,94.64
75.7367,52097.394,0.000,69.82,29.72,2.02,2046.849,0.000,76.22,1767.617,0.000,78.18,1729.191,0.000,76.22,1772.741,0.000,77.20,2090.399,0.000,40.07,1832.662,0.000,70.36,1636.967,0.000,62.54,1729.191,0.000,54.73,1719.304,0.000,78.18,1280.882,0.000,28.34,1844.470,0.000,70.36,1903.391,0.000,56.68,1680.517,0.000,78.18,1670.270,0.000,78.18,1660.023,0.000,78.18,1803.482,0.000,51.79,1800.920,0.000,51.79,1660.023,0.000,77.20,1767.617,0.000,79.16,1534.497,0.000,69.38,1613.911,0.000,72.32,1598.541,0.000,100.00,1777.864,0.000,77.20,1557.553,0.000,65.47,1749.685,0.000,77.20,1795.797,0.000,79.16,1747.123,0.000,78.18,1785.550,0.000,79.16,1744.561,0.000,64.50,1795.797,0.000,68.41
75.8429,65906.351,0.000,80.77,24.15,2.57,1740.365,0.000,62.15,2179.777,0.000,94.17,2303.207,0.000,98.88,2300.738,0.000,98.88,1935.385,0.000,36.73,2489.857,0.000,96.99,2078.564,0.000,85.69,1792.206,0.000,44.26,2302.860,0.000,98.88,1728.022,0.000,36.73,2369.859,0.000,78.16,1681.119,0.000,39.55,2258.772,0.000,98.88,2241.492,0.000,98.88,2268.647,0.000,98.88,2318.019,0.000,50.85,2253.835,0.000,53.68,2089.943,0.000,95.11,2338.500,0.000,94.17,2191.580,0.000,93.23,2261.241,0.000,92.29,2231.733,0.000,77.22,2085.970,0.000,86.64,2424.169,0.000,80.99,1900.825,0.000,74.39,2997.887,0.000,99.82,2555.005,0.000,91.34,2127.936,0.000,79.10,2182.785,0.000,92.29,2276.052,0.000,94.17
75.9476,66863.123,0.000,87.23,24.32,2.27,2011.190,0.000,83.09,2203.143,0.000,98.37,2271.952,0.000,100.00,2263.229,0.000,99.32,2483.543,0.000,52.53,2268.236,0.000,100.00,2275.747,0.000,100.00,2355.861,0.000,75.45,2198.410,0.000,97.41,2363.372,0.000,51.57,2185.618,0.000,89.77,2163.086,0.000,67.81,2255.718,0.000,100.00,2278.250,0.000,100.00,2258.222,0.000,99.32,2483.543,0.000,73.54,2323.314,0.000,66.85,2274.730,0.000,100.00,1967.064,0.000,78.31,2091.421,0.000,79.27,2080.468,0.000,78.31,2145.444,0.000,84.04,2300.782,0.000,85.00,2128.036,0.000,87.86,2250.711,0.000,97.41,2134.530,0.000,90.73,2128.036,0.000,90.73,2323.314,0.000,96.46,2225.128,0.000,98.37,2171.027,0.000,95.50
76.0525,66508.601,0.000,79.01,23.46,2.71,2355.594,0.000,88.65,2281.917,0.000,100.00,2297.730,0.000,100.00,2022.779,0.000,93.42,2238.968,0.000,46.71,2418.885,0.000,99.14,2402.369,0.000,100.00,2783.717,0.000,65.77,2298.667,0.000,99.14,2278.950,0.000,47.66,2275.162,0.000,81.02,1799.171,0.000,49.57,2348.917,0.000,99.14,1826.658,0.000,82.93,2355.399,0.000,100.00,1811.665,0.000,45.76,2238.968,0.000,51.47,2313.426,0.000,100.00,2076.543,0.000,81.02,2233.580,0.000,81.98,2258.959,0.000,83.88,2458.867,0.000,81.98,2236.469,0.000,83.88,2136.515,0.000,77.21,2958.636,0.000,77.21,1464.325,0.000,49.57,1981.587,0.000,61.01,2181.494,0.000,62.91,2231.471,0.000,94.37,1941.215,0.000,84.84
76.1575,66584.039,0.000,76.07,24.02,2.42,2673.224,0.000,71.48,2410.430,0.000,100.00,2423.468,0.000,100.00,1815.083,0.000,82.91,2398.406,0.000,46.70,2410.898,0.000,100.00,2032.673,0.000,88.63,1848.772,0.000,51.46,2338.563,0.000,97.21,2375.921,0.000,51.46,1700.159,0.000,49.56,1811.296,0.000,50.51,2288.479,0.000,96.26,2383.416,0.000,99.12,2392.902,0.000,100.00,2335.948,0.000,64.81,2733.184,0.000,69.57,2243.509,0.000,97.21,2318.459,0.000,75.29,1641.409,0.000,62.90,2156.067,0.000,71.48,2136.081,0.000,59.09,2305.968,0.000,74.34,1801.303,0.000,52.42,2043.642,0.000,63.85,2116.094,0.000,69.57,2038.645,0.000,62.90,2878.088,0.000,81.96,2420.891,0.000,100.00,2111.058,0.000,91.49
76.2622,66671.476,0.000,77.37,23.81,2.42,2857.631,0.000,96.41,1981.770,0.000,71.59,2402.068,0.000,81.13,2242.003,0.000,80.18,1921.717,0.000,34.36,2340.020,0.000,100.00,2345.142,0.000,100.00,1871.672,0.000,42.00,2226.872,0.000,77.32,1986.775,0.000,41.04,2562.289,0.000,84.00,2709.921,0.000,60.14,2347.097,0.000,99.27,2261.239,0.000,96.41,2403.671,0.000,100.00,2384.630,0.000,54.41,2111.887,0.000,56.32,2039.322,0.000,88.77,2385.412,0.000,93.54,2301.275,0.000,92.59,2021.806,0.000,86.86,2061.842,0.000,71.59,1921.717,0.000,83.04,1999.286,0.000,71.59,2156.927,0.000,64.91,1578.911,0.000,56.32,1599.241,0.000,55.36,2972.656,0.000,82.09,2342.092,0.000,100.00,2334.586,0.000,100.00
76.3668,66148.336,0.000,72.29,23.56,2.57,2191.812,0.000,53.57,1747.995,0.000,67.92,2509.373,0.000,90.88,2665.881,0.000,92.80,2445.030,0.000,44.01,2301.806,0.000,99.49,2331.783,0.000,99.49,2412.584,0.000,51.66,2111.638,0.000,77.49,1923.547,0.000,36.35,2367.442,0.000,60.27,1725.424,0.000,38.27,2384.998,0.000,99.49,2079.819,0.000,88.97,2402.553,0.000,99.49,2206.938,0.000,49.75,1760.534,0.000,32.53,2206.977,0.000,93.75,1945.334,0.000,77.49,2089.851,0.000,84.19,2038.910,0.000,80.36,1504.730,0.000,40.18,2959.303,0.000,98.54,1607.554,0.000,44.01,2688.451,0.000,69.84,2016.339,0.000,60.27,2677.715,0.000,72.71,2196.906,0.000,66.01,2317.285,0.000,99.49,2329.824,0.000,99.49
76.4715,66597.320,0.000,73.11,23.13,2.57,1824.247,0.000,51.55,1971.888,0.000,76.37,2168.092,0.000,83.05,2865.243,0.000,99.28,1964.537,0.000,42.00,2292.195,0.000,100.00,2279.683,0.000,100.00,2059.472,0.000,44.87,2147.056,0.000,84.00,2762.645,0.000,52.50,2064.829,0.000,55.37,1519.072,0.000,38.18,2432.329,0.000,85.91,2034.448,0.000,74.46,1976.893,0.000,73.50,1924.343,0.000,46.77,2202.108,0.000,47.73,2642.491,0.000,85.91,2242.147,0.000,92.60,2399.798,0.000,97.37,2462.358,0.000,100.00,2322.223,0.000,57.28,2172.080,0.000,92.60,2164.573,0.000,54.41,2387.286,0.000,66.82,2392.291,0.000,67.78,2375.165,0.000,63.96,1961.878,0.000,59.18,2292.742,0.000,100.00,2293.211,0.000,100.00
76.5758,66660.068,0.000,73.43,23.92,2.35,2079.978,0.000,88.27,2002.011,0.000,57.57,2253.519,0.000,63.32,1639.838,0.000,50.85,2600.602,0.000,48.93,2553.247,0.000,99.78,2575.451,0.000,99.78,2361.668,0.000,67.16,1664.989,0.000,48.93,2173.037,0.000,39.34,2454.373,0.000,96.90,1887.181,0.000,60.44,1961.769,0.000,60.44,2572.936,0.000,71.96,1836.015,0.000,58.53,2411.970,0.000,67.16,2952.714,0.000,76.75,2409.455,0.000,71.96,2220.823,0.000,65.24,1192.152,0.000,37.42,3065.893,0.000,76.75,1795.773,0.000,76.75,1931.588,0.000,56.61,2434.606,0.000,96.90,2110.945,0.000,89.23,2085.009,0.000,89.23,2150.401,0.000,94.02,2162.976,0.000,93.06,2559.810,0.000,99.78,2559.339,0.000,99.78
76.6803,66625.464,0.000,74.78,24.64,1.88,2292.686,0.000,93.77,2182.316,0.000,93.77,2347.479,0.000,98.56,2360.413,0.000,97.60,2302.720,0.000,44.97,2333.095,0.000,100.00,2348.224,0.000,100.00,1913.916,0.000,45.93,2447.659,0.000,100.00,1823.613,0.000,34.45,2561.086,0.000,100.00,2334.349,0.000,57.41,2445.699,0.000,77.51,2005.081,0.000,62.20,1914.426,0.000,66.98,1525.113,0.000,40.19,2282.652,0.000,52.63,2568.611,0.000,76.55,1941.509,0.000,59.33,1653.042,0.000,50.71,2086.996,0.000,61.24,2568.611,0.000,100.00,2478.308,0.000,68.90,2515.934,0.000,98.56,2206.930,0.000,66.98,1979.135,0.000,58.37,1949.034,0.000,62.20,2568.611,0.000,74.64,2350.379,0.000,100.00,2337.837,0.000,100.00
76.7853,66536.641,1.243,79.33,25.49,1.88,2891.963,0.000,99.96,2413.141,0.000,99.00,1976.820,0.000,84.72,2413.141,0.000,99.96,1776.790,0.000,40.93,2262.709,0.000,100.00,2283.024,0.000,99.96,2468.042,0.000,63.78,2318.858,0.000,97.10,2278.384,0.000,41.89,2260.916,0.000,82.82,2196.033,0.000,59.97,1983.916,0.000,70.44,1815.860,0.000,63.78,2537.409,0.000,81.87,2196.033,0.000,54.26,2545.402,0.000,66.64,2123.664,0.000,72.35,2138.637,0.000,86.63,1989.063,0.000,79.96,2355.744,0.000,89.48,1657.007,0.000,62.83,2134.854,1.243,84.72,2228.552,0.000,87.58,2075.937,0.000,74.25,2395.672,0.000,82.82,2370.717,0.000,82.82,1886.592,0.000,69.49,2270.898,0.000,99.96,2290.862,0.000,99.96
76.8903,65943.646,0.000,78.17,23.55,2.21,2005.289,0.000,80.96,1785.253,0.000,60.96,2451.914,0.000,84.77,2761.524,0.000,85.72,1617.964,0.000,32.38,2257.159,0.000,99.06,2234.687,0.000,99.06,2014.964,0.000,45.72,1900.109,0.000,65.72,2050.622,0.000,41.91,2436.933,0.000,93.34,1717.838,0.000,46.67,2227.197,0.000,88.58,2506.845,0.000,97.15,1970.021,0.000,82.87,2317.084,0.000,53.34,2117.335,0.000,46.67,2334.562,0.000,91.44,2219.706,0.000,76.20,1787.594,0.000,67.63,1926.365,0.000,71.44,2722.862,0.000,99.06,2442.707,0.000,80.96,2194.660,0.000,88.58,2671.638,0.000,100.00,2596.732,0.000,97.15,2302.103,0.000,90.49,1877.637,0.000,78.10,2254.662,0.000,99.06,2239.681,0.000,100.00
76.9940,47142.248,0.000,53.83,29.76,2.82,1855.597,0.000,59.78,1425.493,0.000,52.06,1445.713,0.000,53.03,1205.840,0.000,47.24,1862.034,0.000,30.85,1751.537,0.000,61.71,2282.305,0.000,70.38,1407.801,0.000,38.57,1506.372,0.000,53.03,1179.618,0.000,24.10,1289.010,0.000,45.32,1496.262,0.000,40.49,1546.891,0.000,64.60,1819.778,0.000,67.49,1690.917,0.000,65.56,1564.504,0.000,39.53,1415.383,0.000,38.57,1185.383,0.000,53.03,1508.978,0.000,60.74,1524.064,0.000,62.67,1275.069,0.000,53.03,1565.728,0.000,49.17,1484.138,0.000,57.85,1627.691,0.000,53.03,1615.053,0.000,64.60,1678.240,0.000,63.63,1493.735,0.000,56.89,1524.064,0.000,60.74,1334.504,0.000,53.99,2580.547,0.000,73.28
77.0975,67052.006,0.000,81.14,23.73,2.57,1909.268,0.000,69.56,2347.871,0.000,100.00,2352.937,0.000,100.00,2355.786,0.000,100.00,1904.638,0.000,34.78,2532.802,0.000,86.96,1931.469,0.000,73.43,2109.791,0.000,48.31,2340.273,0.000,99.52,1823.589,0.000,37.68,2494.771,0.000,77.29,2066.734,0.000,48.31,2185.695,0.000,99.52,2183.242,0.000,99.52,2160.684,0.000,100.00,2038.874,0.000,52.17,2444.116,0.000,55.07,2112.324,0.000,97.58,2213.556,0.000,100.00,2033.809,0.000,94.68,2229.187,0.000,100.00,2408.657,0.000,78.26,2203.504,0.000,100.00,2036.341,0.000,67.63,1978.088,0.000,76.33,3127.962,0.000,97.58,2466.911,0.000,87.92,2160.447,0.000,77.29,2472.293,0.000,86.96,2426.387,0.000,87.92
77.2026,67121.152,0.000,85.77,24.16,2.03,1853.797,0.000,71.38,2130.699,0.000,92.32,2392.670,0.000,100.00,2384.912,0.000,100.00,2362.731,0.000,45.68,2318.991,0.000,100.00,2358.754,0.000,99.93,1953.557,0.000,58.06,2213.579,0.000,95.18,2355.246,0.000,46.64,2110.739,0.000,80.90,1836.293,0.000,59.01,2252.952,0.000,100.00,2228.353,0.000,100.00,2242.700,0.000,100.00,2874.198,0.000,79.95,2223.013,0.000,65.67,2235.994,0.000,100.00,2282.892,0.000,90.42,2233.772,0.000,91.37,2142.823,0.000,86.61,2105.749,0.000,77.09,2218.023,0.000,87.56,2330.296,0.000,85.66,2257.942,0.000,91.37,2058.345,0.000,85.66,2305.347,0.000,93.27,2479.994,0.000,97.08,2077.993,0.000,93.27,2298.797,0.000,98.98
77.3086,66121.269,0.367,80.56,24.81,2.01,2513.735,0.000,84.86,2320.011,0.000,99.95,2316.033,0.000,99.00,1964.774,0.000,89.58,2358.053,0.000,45.26,2287.647,0.000,97.12,2358.980,0.000,99.95,2585.455,0.000,59.40,2310.549,0.000,99.00,1777.346,0.000,40.54,2202.333,0.000,76.37,1826.626,0.000,48.09,2207.276,0.000,99.00,2244.005,0.000,99.00,2235.006,0.000,99.95,1700.567,0.000,42.43,2333.336,0.000,60.35,2229.020,0.000,99.00,2061.443,0.000,83.92,2162.012,0.000,86.75,2291.316,0.000,90.52,2167.728,0.000,74.49,2360.525,0.000,89.58,2319.355,0.367,79.20,2941.387,0.000,88.63,1843.928,0.000,65.06,1923.024,0.000,66.00,2024.366,0.000,69.77,2296.259,0.000,97.12,1959.174,0.000,86.75
77.4141,66888.501,0.000,78.18,23.36,2.42,2408.322,0.000,76.78,2341.815,0.000,100.00,2385.415,0.000,100.00,1908.332,0.000,84.36,2459.960,0.000,51.19,2541.958,0.000,100.00,2131.033,0.000,87.20,2330.750,0.000,60.66,2389.065,0.000,100.00,2626.286,0.000,53.08,1938.150,0.000,67.30,1940.635,0.000,56.87,2402.809,0.000,100.00,1987.846,0.000,87.20,2384.639,0.000,99.53,2186.631,0.000,60.66,2544.443,0.000,66.35,2289.323,0.000,98.58,2246.266,0.000,74.88,1878.515,0.000,66.35,2052.451,0.000,67.30,2273.599,0.000,71.09,2492.262,0.000,78.67,1810.571,0.000,61.61,2204.024,0.000,76.78,1731.911,0.000,65.40,2211.479,0.000,72.99,2454.019,0.000,82.47,2365.537,0.000,94.79,1970.453,0.000,83.41
77.5194,66720.399,0.000,77.12,23.91,2.48,3006.796,0.000,84.59,2292.101,0.000,88.39,2588.755,0.000,96.95,2053.065,0.000,85.54,2005.725,0.000,42.77,2289.765,0.000,99.80,2244.917,0.000,98.85,1594.613,0.000,42.77,2074.321,0.000,84.59,2232.459,0.000,47.52,2386.937,0.000,73.19,2330.175,0.000,60.83,2380.396,0.000,96.95,2446.735,0.000,99.80,2451.952,0.000,99.80,2324.647,0.000,63.68,2230.006,0.000,59.88,2131.978,0.000,90.29,2456.701,0.000,81.74,2100.405,0.000,71.28,2122.829,0.000,76.04,2035.624,0.000,64.63,1689.294,0.000,60.83,1711.718,0.000,54.18,2150.236,0.000,72.24,2010.708,0.000,64.63,1602.088,0.000,59.88,3302.321,0.000,95.05,2283.030,0.000,100.00,2190.102,0.000,96.95
77.6251,66177.334,0.000,73.48,23.87,1.96,2268.037,0.000,67.13,1459.971,0.000,52.95,2149.058,0.000,72.81,2580.357,0.000,82.26,2379.580,0.000,49.17,2285.388,0.000,100.00,2270.516,0.000,99.28,2617.538,0.000,59.57,2158.973,0.000,71.86,1784.685,0.000,33.09,2558.048,0.000,73.75,2098.941,0.000,50.11,2383.608,0.000,100.00,2270.516,0.000,97.39,2391.973,0.000,99.28,2416.761,0.000,54.84,2057.306,0.000,50.11,2213.505,0.000,94.56,1923.494,0.000,74.70,2087.090,0.000,77.54,2131.707,0.000,76.59,1695.451,0.000,56.73,3014.134,0.000,98.34,1916.057,0.000,61.46,2347.356,0.000,69.97,1643.397,0.000,51.06,1930.930,0.000,57.68,2558.048,0.000,72.81,2284.652,0.000,99.28,2300.260,0.000,100.00
77.7286,66343.043,0.000,71.56,23.38,2.11,1614.231,0.000,43.50,2039.962,0.000,84.10,2385.433,0.000,96.67,2496.103,0.000,100.00,2027.292,0.000,40.60,2306.044,0.000,100.00,2346.590,0.000,100.00,1786.551,0.000,42.53,2293.374,0.000,94.74,2432.750,0.000,43.50,2002.703,0.000,51.23,1809.358,0.000,40.60,2366.863,0.000,80.24,1743.471,0.000,64.77,2300.976,0.000,82.17,2017.155,0.000,42.53,1832.165,0.000,41.57,2681.093,0.000,87.00,2430.216,0.000,87.97,2228.358,0.000,80.24,2447.955,0.000,91.84,2166.668,0.000,56.07,2032.360,0.000,78.30,2136.259,0.000,58.00,2303.510,0.000,63.80,2617.740,0.000,67.67,2901.561,0.000,74.43,1971.541,0.000,53.17,2333.920,0.000,100.00,2290.840,0.000,99.57
77.8333,66402.481,0.000,71.34,24.09,1.97,2316.884,0.000,84.95,1881.530,0.000,53.45,2376.112,0.000,63.95,2296.868,0.000,62.04,2682.181,0.000,56.31,2539.565,0.000,99.26,2547.072,0.000,100.00,2199.289,0.000,60.13,1481.205,0.000,43.90,2241.823,0.000,47.72,2413.721,0.000,87.81,1558.768,0.000,44.86,2181.774,0.000,69.67,2564.586,0.000,78.26,1904.049,0.000,62.04,1981.612,0.000,59.18,2869.834,0.000,72.54,2344.407,0.000,74.45,1803.967,0.000,55.36,1522.879,0.000,52.49,2769.792,0.000,80.17,1874.024,0.000,69.67,2236.819,0.000,67.77,2316.923,0.000,83.04,2411.962,0.000,82.08,1854.008,0.000,73.49,2189.281,0.000,80.17,1941.579,0.000,75.40,2555.829,0.000,100.00,2544.139,0.000,100.00
77.9380,66605.045,0.000,77.71,23.66,2.19,2166.476,0.000,89.81,2211.559,0.000,84.08,2018.705,0.000,82.17,2106.366,0.000,83.12,2011.191,0.000,43.95,2434.468,0.000,99.36,2441.981,0.000,99.36,2444.486,0.000,64.01,2354.321,0.000,89.81,2083.824,0.000,37.26,2401.908,0.000,99.36,2296.715,0.000,57.33,2345.515,0.000,83.12,2148.944,0.000,77.39,1823.346,0.000,70.70,1783.273,0.000,44.91,2399.403,0.000,60.19,2414.431,0.000,85.99,2244.118,0.000,71.66,1763.236,0.000,61.15,2421.906,0.000,77.39,2416.936,0.000,99.36,1845.888,0.000,63.06,2414.392,0.000,99.36,2234.100,0.000,80.26,2066.292,0.000,71.66,2046.255,0.000,73.57,2384.376,0.000,83.12,2415.683,0.000,99.36,2464.953,0.000,99.36
78.0433,66902.443,0.000,80.75,23.79,2.34,2630.088,0.000,97.77,2413.610,0.000,96.82,2137.413,0.000,88.28,2510.652,0.000,100.00,2142.390,0.000,39.87,2347.010,0.000,100.00,2319.095,0.000,98.72,2468.352,0.000,70.24,2363.845,0.000,96.82,2069.219,0.000,46.51,2597.741,0.000,96.82,1940.841,0.000,59.80,2128.743,0.000,84.48,1724.363,0.000,74.04,2324.033,0.000,89.22,2030.418,0.000,62.65,2684.830,0.000,67.39,2440.981,0.000,92.07,1843.799,0.000,67.39,1786.841,0.000,63.60,2289.975,0.000,78.78,1848.775,0.000,76.88,2458.398,0.000,79.73,2231.967,0.000,87.33,2010.512,0.000,73.09,2264.314,0.000,77.83,1980.653,0.000,76.88,2189.667,0.000,79.73,2367.538,0.000,99.67,2356.380,0.000,100.00
78.1480,66506.843,0.000,80.17,23.81,1.97,2430.884,0.000,97.48,2011.723,0.000,82.19,2299.828,0.000,84.10,2635.533,0.000,95.57,1723.618,0.000,36.32,2221.656,0.000,95.57,2342.496,0.000,100.00,1883.955,0.000,43.01,2202.123,0.000,85.06,2285.814,0.000,42.05,2157.028,0.000,88.88,2084.376,0.000,50.65,2259.744,0.000,90.79,2289.807,0.000,89.83,2154.523,0.000,84.10,2192.102,0.000,55.43,2044.292,0.000,47.78,2172.060,0.000,86.01,2445.133,0.000,85.06,1728.355,0.000,66.90,1777.951,0.000,67.85,2317.365,0.000,94.61,2729.402,0.000,88.88,2247.218,0.000,91.75,2476.723,0.000,94.61,2302.333,0.000,88.88,2708.185,0.000,100.00,1763.702,0.000,71.68,2333.727,0.000,100.00,2285.188,0.000,100.00
78.2522,50255.232,0.000,56.69,29.45,1.97,1735.244,0.000,62.39,1325.924,0.000,47.99,1678.162,0.000,54.71,1479.399,0.000,49.91,1420.824,0.000,25.91,1652.924,0.000,60.47,2222.047,0.000,71.02,1489.463,0.000,38.39,1426.564,0.000,47.03,1401.404,0.000,26.87,1509.591,0.000,65.26,1330.956,0.000,35.51,1552.363,0.000,65.26,2176.327,0.000,74.86,1771.254,0.000,69.10,1904.601,0.000,45.11,1569.975,0.000,39.35,1353.757,0.000,59.51,1637.906,0.000,64.30,1655.518,0.000,62.39,1549.847,0.000,58.55,2191.423,0.000,69.10,1455.576,0.000,53.75,1688.226,0.000,54.71,1930.743,0.000,70.06,2126.008,0.000,73.90,1504.559,0.000,60.47,1592.619,0.000,67.18,1303.241,0.000,50.87,2618.787,0.000,76.78
78.3568,67079.832,0.000,83.63,23.46,2.41,2214.617,0.000,76.45,2294.784,0.000,99.39,2282.258,0.000,99.39,2287.268,0.000,99.39,2114.408,0.000,41.09,2457.623,0.000,92.70,2098.828,0.000,85.05,1936.537,0.000,47.78,2289.773,0.000,100.00,1650.941,0.000,36.32,2360.467,0.000,81.23,2202.090,0.000,51.61,2269.731,0.000,100.00,2274.742,0.000,100.00,2284.763,0.000,99.39,2084.345,0.000,49.69,2164.512,0.000,53.52,2129.282,0.000,94.61,2332.479,0.000,100.00,1977.834,0.000,89.83,2267.226,0.000,99.39,2277.247,0.000,79.32,2309.815,0.000,99.39,2111.902,0.000,76.45,2242.174,0.000,91.74,2708.419,0.000,100.00,2480.170,0.000,95.57,2408.223,0.000,91.74,2285.154,0.000,88.88,2282.218,0.000,88.88
78.4622,66671.700,0.000,85.26,24.63,2.23,1780.320,0.000,73.98,2212.967,0.000,95.80,2334.416,0.000,100.00,2327.345,0.000,100.00,2307.454,0.000,48.37,2369.616,0.000,100.00,2091.130,0.000,92.95,1909.617,0.000,55.01,2153.292,0.000,94.85,2307.454,0.000,43.63,2277.072,0.000,87.26,1738.050,0.000,56.91,2280.452,0.000,100.00,2267.670,0.000,100.00,2252.751,0.000,100.00,2650.588,0.000,74.93,2426.805,0.000,68.29,2190.589,0.000,98.65,2220.310,0.000,92.01,2236.628,0.000,89.16,2190.589,0.000,86.32,2185.616,0.000,78.73,1966.806,0.000,81.57,2471.561,0.000,87.26,1966.806,0.000,80.62,2583.181,0.000,97.70,2379.561,0.000,93.90,2000.917,0.000,85.37,2229.984,0.000,94.85,2362.156,0.000,99.59
78.5677,65986.814,0.000,82.98,23.76,2.51,2464.012,0.000,95.75,2119.854,0.000,93.85,2274.323,0.000,99.54,2157.131,0.000,96.70,2226.716,0.000,42.66,2293.816,0.000,98.59,2288.846,0.000,97.65,2572.155,0.000,64.47,2288.846,0.000,98.59,1630.274,0.000,35.08,2368.371,0.000,93.85,1846.485,0.000,54.04,2268.615,0.000,97.65,2147.191,0.000,93.85,2313.697,0.000,98.59,2082.576,0.000,55.93,2465.293,0.000,63.52,2313.697,0.000,99.54,1983.169,0.000,80.58,1986.858,0.000,80.58,2159.616,0.000,86.27,2027.902,0.000,84.37,2408.134,0.000,90.06,2249.083,0.000,89.11,2609.938,0.000,88.17,1848.970,0.000,70.15,1973.228,0.000,71.10,2348.490,0.000,81.53,2281.390,0.000,98.59,1988.139,0.000,89.11
78.6714,66836.210,0.000,77.68,23.00,2.44,2355.290,0.000,67.52,2364.100,0.000,100.00,2381.800,0.000,100.00,1893.809,0.000,84.88,2713.027,0.000,53.05,2389.385,0.000,100.00,2402.027,0.000,100.00,2467.767,0.000,58.84,2377.770,0.000,100.00,2707.970,0.000,54.98,1701.647,0.000,60.77,1881.167,0.000,54.98,2399.499,0.000,98.38,1871.053,0.000,82.95,2452.636,0.000,100.00,1997.475,0.000,54.01,2374.214,0.000,60.77,2156.768,0.000,92.59,2240.206,0.000,87.77,2067.047,0.000,79.09,2157.123,0.000,81.02,2548.677,0.000,77.16,2298.361,0.000,88.74,1926.679,0.000,66.55,2457.140,0.000,61.73,1618.208,0.000,54.01,2063.215,0.000,58.84,2270.548,0.000,66.55,2294.015,0.000,97.42,2007.589,0.000,87.77
78.7751,66703.864,0.000,75.64,23.03,2.58,2553.238,0.000,71.36,2469.816,0.000,99.33,2444.299,0.000,99.33,1933.888,0.000,83.90,2077.982,0.000,38.57,2356.373,0.000,100.00,2047.647,0.000,90.65,1981.920,0.000,50.15,2180.878,0.000,92.58,2275.163,0.000,40.50,2166.461,0.000,66.54,2482.455,0.000,60.75,2222.076,0.000,93.54,2434.424,0.000,100.00,2431.857,0.000,99.33,2330.778,0.000,55.93,2479.927,0.000,61.72,2315.610,0.000,95.47,2386.393,0.000,71.36,1898.497,0.000,64.61,2037.179,0.000,65.58,1913.665,0.000,59.79,2050.175,0.000,63.65,1688.676,0.000,56.90,2058.114,0.000,70.40,2143.709,0.000,69.43,1772.099,0.000,63.65,2993.143,0.000,88.72,2362.930,0.000,100.00,2214.492,0.000,95.47
78.8795,66573.903,0.373,77.58,23.28,2.20,3001.942,0.000,90.00,1782.089,0.000,67.98,2317.932,0.000,82.34,2497.435,0.000,90.96,2055.678,0.000,44.04,2307.657,0.000,100.00,2289.106,0.000,100.00,2208.787,0.000,54.58,2155.803,0.000,76.60,1879.979,0.000,34.47,2376.956,0.000,77.56,2113.407,0.000,54.58,2366.681,0.000,100.00,2381.976,0.000,99.58,2331.776,0.000,99.58,2105.877,0.000,57.45,1967.828,0.373,50.75,2033.088,0.000,90.00,2118.427,0.000,90.00,2301.656,0.000,92.88,2369.426,0.000,95.75,1955.278,0.000,66.07,2218.866,0.000,94.79,2050.658,0.000,67.02,2534.732,0.000,69.90,1721.850,0.000,52.66,1654.080,0.000,50.75,2898.994,0.000,77.56,2296.126,0.000,100.00,2279.812,0.000,99.58
78.9848,66126.955,0.000,70.45,23.23,2.51,1840.905,0.000,50.36,1594.288,0.000,69.37,2502.558,0.000,96.93,2588.227,0.000,99.78,2286.807,0.000,45.61,2265.594,0.000,98.83,2279.334,0.000,98.83,1992.860,0.000,49.41,2390.109,0.000,95.98,2112.432,0.000,40.86,2319.191,0.000,57.02,1848.378,0.000,41.81,2431.523,0.000,83.62,1606.744,0.000,58.92,2057.628,0.000,75.07,2373.995,0.000,49.41,1793.574,0.000,37.06,2922.031,0.000,92.18,2236.986,0.000,79.82,2117.414,0.000,76.02,2055.137,0.000,71.27,1992.860,0.000,48.46,2662.921,0.000,83.62,1703.895,0.000,43.71,2134.851,0.000,63.67,2316.700,0.000,68.42,2857.263,0.000,74.12,2246.950,0.000,64.62,2287.313,0.000,98.83,2308.487,0.000,99.78
79.0878,66772.308,0.000,69.84,22.73,2.49,2034.899,0.000,64.04,1953.503,0.000,69.86,2528.362,0.000,79.57,2701.328,0.000,82.48,2177.342,0.000,38.81,2442.316,0.000,100.00,2441.362,0.000,100.00,2052.704,0.000,38.81,1484.284,0.000,57.25,2686.067,0.000,52.40,2525.818,0.000,70.83,1406.743,0.000,35.90,2029.812,0.000,65.01,2411.355,0.000,80.54,2057.792,0.000,69.86,1807.364,0.000,42.69,2597.040,0.000,59.19,2187.516,0.000,73.74,1963.678,0.000,74.71,2078.141,0.000,77.63,2866.664,0.000,97.03,1828.865,0.000,54.34,2464.771,0.000,87.33,2368.114,0.000,68.89,2558.885,0.000,67.92,2004.375,0.000,62.10,2525.818,0.000,68.89,1696.597,0.000,55.31,2441.879,0.000,100.00,2448.913,0.000,99.94
79.1925,66649.063,0.000,74.15,22.80,2.43,1935.945,0.000,83.12,2330.710,0.000,75.47,1788.182,0.000,62.10,1743.102,0.000,59.23,2444.349,0.000,43.95,2451.432,0.000,99.36,2464.894,0.000,99.36,2466.890,0.000,67.83,2289.073,0.000,76.43,2083.708,0.000,42.04,2380.447,0.000,97.45,2051.032,0.000,59.23,2524.492,0.000,73.56,2490.643,0.000,71.65,1828.253,0.000,58.28,2267.668,0.000,63.05,2612.148,0.000,74.52,2311.613,0.000,70.70,2213.939,0.000,60.19,1407.504,0.000,42.04,2409.287,0.000,64.01,2279.055,0.000,93.63,1730.579,0.000,50.63,2406.783,0.000,94.58,2326.640,0.000,91.72,2081.203,0.000,80.25,1984.077,0.000,81.21,2414.296,0.000,88.85,2465.168,0.000,100.00,2465.950,0.000,100.00
79.2968,67029.294,0.000,73.89,22.67,2.41,2901.556,0.000,91.12,2188.424,0.000,92.08,2300.627,0.000,96.87,2358.457,0.000,99.75,2215.139,0.000,44.12,2313.199,0.000,100.00,2295.598,0.000,100.00,2191.214,0.000,56.59,2373.543,0.000,100.00,1971.248,0.000,36.45,2500.557,0.000,87.28,2192.510,0.000,60.43,2198.325,0.000,70.98,1794.025,0.000,58.51,2227.711,0.000,71.94,1770.100,0.000,44.12,2599.834,0.000,65.22,2577.205,0.000,79.61,2020.160,0.000,63.30,1531.237,0.000,48.92,2295.598,0.000,71.94,2019.020,0.000,75.77,2534.461,0.000,71.94,2574.691,0.000,89.20,2152.281,0.000,59.47,2159.824,0.000,64.26,1844.980,0.000,52.75,2308.170,0.000,64.26,2312.413,0.000,99.75,2307.188,0.000,100.00
79.4014,66897.832,0.000,76.92,22.94,2.25,2227.727,0.000,77.43,2185.127,0.000,92.72,1939.551,0.000,86.03,2594.369,0.000,100.00,1861.869,0.000,33.46,2260.304,0.000,100.00,2248.283,0.000,100.00,2106.231,0.000,49.71,2332.974,0.000,95.59,2281.134,0.000,43.97,2215.198,0.000,80.30,2317.939,0.000,60.22,2141.744,0.000,69.78,2072.363,0.000,70.74,2198.048,0.000,69.78,2285.363,0.000,54.49,2340.492,0.000,57.36,2122.480,0.000,74.56,2371.933,0.000,73.61,2109.951,0.000,69.78,1957.092,0.000,62.13,2415.668,0.000,81.25,2510.892,0.000,78.39,2124.986,0.000,74.56,2212.692,0.000,88.90,2355.527,0.000,88.90,2715.395,0.000,98.46,1844.328,0.000,75.52,2267.821,0.000,100.00,2280.351,0.000,100.00
79.5073,57940.177,0.000,60.92,21.30,2.98,1940.238,0.000,62.31,1581.393,0.000,57.59,2294.134,0.000,79.30,2023.608,0.000,71.75,1268.873,0.000,20.77,2158.020,0.000,84.02,2803.438,0.000,91.57,1742.255,0.000,33.99,1606.141,0.000,57.59,1667.238,0.000,33.04,1747.204,0.000,55.70,1145.829,0.000,30.21,1779.377,0.000,66.08,2546.563,0.000,82.13,2028.944,0.000,74.58,1742.255,0.000,36.82,1742.255,0.000,33.04,1635.839,0.000,59.48,1742.255,0.000,62.31,1623.465,0.000,58.53,1821.448,0.000,61.36,2286.709,0.000,62.31,1836.297,0.000,59.48,1979.835,0.000,60.42,2328.781,0.000,72.69,2311.457,0.000,67.97,1827.364,0.000,60.42,1742.255,0.000,56.64,1913.015,0.000,78.36,3073.694,0.000,97.24
79.6099,0.000,0.000,0.00,49.92,0.00,0.000,0.000,0.00,0.000,0.000,0.00,0.000,0.000,0.00,0.000,0.000,0.00,0.000,0.000,0.00,0.000,0.000,0.00,0.000,0.000,0.00,0.000,0.000,0.00,0.000,0.000,0.00,0.000,0.000,0.00,0.000,0.000,0.00,0.000,0.000,0.00,0.000,0.000,0.00,0.000,0.000,0.00,0.000,0.000,0.00,0.000,0.000,0.00,0.000,0.000,0.00,0.000,0.000,0.00,0.000,0.000,0.00,0.000,0.000,0.00,0.000,0.000,0.00,0.000,0.000,0.00,0.000,0.000,0.00,0.000,0.000,0.00,0.000,0.000,0.00,0.000,0.000,0.00,0.000,0.000,0.00,0.000,0.000,0.00,0.000,0.000,0.00,0.000,0.000,0.00
79.7116,0.000,0.000,0.00,0.93,0.00,0.000,0.000,0.00,0.000,0.000,0.00,0.000,0.000,0.00,0.000,0.000,0.00,0.000,0.000,0.00,0.000,0.000,0.00,0.000,0.000,0.00,0.000,0.000,0.00,0.000,0.000,0.00,0.000,0.000,0.00,0.000,0.000,0.00,0.000,0.000,0.00,0.000,0.000,0.00,0.000,0.000,0.00,0.000,0.000,0.00,0.000,0.000,0.00,0.000,0.000,0.00,0.000,0.000,0.00,0.000,0.000,0.00,0.000,0.000,0.00,0.000,0.000,0.00,0.000,0.000,0.00,0.000,0.000,0.00,0.000,0.000,0.00,0.000,0.000,0.00,0.000,0.000,0.00,0.000,0.000,0.00,0.000,0.000,0.00,0.000,0.000,0.00,0.000,0.000,0.00
79.8127,0.000,0.000,0.00,0.85,0.00,0.000,0.000,0.00,0.000,0.000,0.00,0.000,0.000,0.00,0.000,0.000,0.00,0.000,0.000,0.00,0.000,0.000,0.00,0.000,0.000,0.00,0.000,0.000,0.00,0.000,0.000,0.00,0.000,0.000,0.00,0.000,0.000,0.00,0.000,0.000,0.00,0.000,0.000,0.00,0.000,0.000,0.00,0.000,0.000,0.00,0.000,0.000,0.00,0.000,0.000,0.00,0.000,0.000,0.00,0.000,0.000,0.00,0.000,0.000,0.00,0.000,0.000,0.00,0.000,0.000,0.00,0.000,0.000,0.00,0.000,0.000,0.00,0.000,0.000,0.00,0.000,0.000,0.00,0.000,0.000,0.00,0.000,0.000,0.00,0.000,0.000,0.00,0.000,0.000,0.00
79.9137,0.000,0.000,0.00,0.85,0.00,0.000,0.000,0.00,0.000,0.000,0.00,0.000,0.000,0.00,0.000,0.000,0.00,0.000,0.000,0.00,0.000,0.000,0.00,0.000,0.000,0.00,0.000,0.000,0.00,0.000,0.000,0.00,0.000,0.000,0.00,0.000,0.000,0.00,0.000,0.000,0.00,0.000,0.000,0.00,0.000,0.000,0.00,0.000,0.000,0.00,0.000,0.000,0.00,0.000,0.000,0.00,0.000,0.000,0.00,0.000,0.000,0.00,0.000,0.000,0.00,0.000,0.000,0.00,0.000,0.000,0.00,0.000,0.000,0.00,0.000,0.000,0.00,0.000,0.000,0.00,0.000,0.000,0.00,0.000,0.000,0.00,0.000,0.000,0.00,0.000,0.000,0.00,0.000,0.000,0.00
80.0148,0.000,0.000,0.00,0.93,0.00,0.000,0.000,0.00,0.000,0.000,0.00,0.000,0.000,0.00,0.000,0.000,0.00,0.000,0.000,0.00,0.000,0.000,0.00,0.000,0.000,0.00,0.000,0.000,0.00,0.000,0.000,0.00,0.000,0.000,0.00,0.000,0.000,0.00,0.000,0.000,0.00,0.000,0.000,0.00,0.000,0.000,0.00,0.000,0.000,0.00,0.000,0.000,0.00,0.000,0.000,0.00,0.000,0.000,0.00,0.000,0.000,0.00,0.000,0.000,0.00,0.000,0.000,0.00,0.000,0.000,0.00,0.000,0.000,0.00,0.000,0.000,0.00,0.000,0.000,0.00,0.000,0.000,0.00,0.000,0.000,0.00,0.000,0.000,0.00,0.000,0.000,0.00,0.000,0.000,0.00
80.1164,0.000,0.000,0.00,0.91,0.00,0.000,0.000,0.00,0.000,0.000,0.00,0.000,0.000,0.00,0.000,0.000,0.00,0.000,0.000,0.00,0.000,0.000,0.00,0.000,0.000,0.00,0.000,0.000,0.00,0.000,0.000,0.00,0.000,0.000,0.00,0.000,0.000,0.00,0.000,0.000,0.00,0.000,0.000,0.00,0.000,0.000,0.00,0.000,0.000,0.00,0.000,0.000,0.00,0.000,0.000,0.00,0.000,0.000,0.00,0.000,0.000,0.00,0.000,0.000,0.00,0.000,0.000,0.00,0.000,0.000,0.00,0.000,0.000,0.00,0.000,0.000,0.00,0.000,0.000,0.00,0.000,0.000,0.00,0.000,0.000,0.00,0.000,0.000,0.00,0.000,0.000,0.00,0.000,0.000,0.00
80.2185,0.000,0.000,0.00,0.84,0.00,0.000,0.000,0.00,0.000,0.000,0.00,0.000,0.000,0.00,0.000,0.000,0.00,0.000,0.000,0.00,0.000,0.000,0.00,0.000,0.000,0.00,0.000,0.000,0.00,0.000,0.000,0.00,0.000,0.000,0.00,0.000,0.000,0.00,0.000,0.000,0.00,0.000,0.000,0.00,0.000,0.000,0.00,0.000,0.000,0.00,0.000,0.000,0.00,0.000,0.000,0.00,0.000,0.000,0.00,0.000,0.000,0.00,0.000,0.000,0.00,0.000,0.000,0.00,0.000,0.000,0.00,0.000,0.000,0.00,0.000,0.000,0.00,0.000,0.000,0.00,0.000,0.000,0.00,0.000,0.000,0.00,0.000,0.000,0.00,0.000,0.000,0.00,0.000,0.000,0.00
80.3203,0.000,0.000,0.00,0.77,0.00,0.000,0.000,0.00,0.000,0.000,0.00,0.000,0.000,0.00,0.000,0.000,0.00,0.000,0.000,0.00,0.000,0.000,0.00,0.000,0.000,0.00,0.000,0.000,0.00,0.000,0.000,0.00,0.000,0.000,0.00,0.000,0.000,0.00,0.000,0.000,0.00,0.000,0.000,0.00,0.000,0.000,0.00,0.000,0.000,0.00,0.000,0.000,0.00,0.000,0.000,0.00,0.000,0.000,0.00,0.000,0.000,0.00,0.000,0.000,0.00,0.000,0.000,0.00,0.000,0.000,0.00,0.000,0.000,0.00,0.000,0.000,0.00,0.000,0.000,0.00,0.000,0.000,0.00,0.000,0.000,0.00,0.000,0.000,0.00,0.000,0.000,0.00,0.000,0.000,0.00
80.4221,0.000,0.367,0.39,0.77,0.00,0.000,0.000,0.00,0.000,0.000,0.00,0.000,0.000,0.00,0.000,0.000,0.00,0.000,0.040,0.98,0.000,0.035,0.98,0.000,0.000,0.00,0.000,0.000,0.00,0.000,0.000,0.00,0.000,0.035,0.98,0.000,0.000,0.00,0.000,0.035,1.96,0.000,0.000,0.00,0.000,0.040,0.98,0.000,0.000,0.00,0.000,0.035,0.98,0.000,0.000,0.00,0.000,0.000,0.00,0.000,0.000,0.00,0.000,0.035,0.98,0.000,0.035,0.98,0.000,0.000,0.00,0.000,0.000,0.00,0.000,0.000,0.00,0.000,0.000,0.00,0.000,0.000,0.00,0.000,0.000,0.00,0.000,0.000,0.00,0.000,0.035,0.98,0.000,0.040,1.96
80.5240,0.000,0.000,0.00,1.00,0.00,0.000,0.000,0.00,0.000,0.000,0.00,0.000,0.000,0.00,0.000,0.000,0.00,0.000,0.000,0.00,0.000,0.000,0.00,0.000,0.000,0.00,0.000,0.000,0.00,0.000,0.000,0.00,0.000,0.000,0.00,0.000,0.000,0.00,0.000,0.000,0.00,0.000,0.000,0.00,0.000,0.000,0.00,0.000,0.000,0.00,0.000,0.000,0.00,0.000,0.000,0.00,0.000,0.000,0.00,0.000,0.000,0.00,0.000,0.000,0.00,0.000,0.000,0.00,0.000,0.000,0.00,0.000,0.000,0.00,0.000,0.000,0.00,0.000,0.000,0.00,0.000,0.000,0.00,0.000,0.000,0.00,0.000,0.000,0.00,0.000,0.000,0.00,0.000,0.000,0.00
80.6259,0.000,0.000,0.00,0.77,0.00,0.000,0.000,0.00,0.000,0.000,0.00,0.000,0.000,0.00,0.000,0.000,0.00,0.000,0.000,0.00,0.000,0.000,0.00,0.000,0.000,0.00,0.000,0.000,0.00,0.000,0.000,0.00,0.000,0.000,0.00,0.000,0.000,0.00,0.000,0.000,0.00,0.000,0.000,0.00,0.000,0.000,0.00,0.000,0.000,0.00,0.000,0.000,0.00,0.000,0.000,0.00,0.000,0.000,0.00,0.000,0.000,0.00,0.000,0.000,0.00,0.000,0.000,0.00,0.000,0.000,0.00,0.000,0.000,0.00,0.000,0.000,0.00,0.000,0.000,0.00,0.000,0.000,0.00,0.000,0.000,0.00,0.000,0.000,0.00,0.000,0.000,0.00,0.000,0.000,0.00
80.7278,0.000,0.000,0.00,0.84,0.00,0.000,0.000,0.00,0.000,0.000,0.00,0.000,0.000,0.00,0.000,0.000,0.00,0.000,0.000,0.00,0.000,0.000,0.00,0.000,0.000,0.00,0.000,0.000,0.00,0.000,0.000,0.00,0.000,0.000,0.00,0.000,0.000,0.00,0.000,0.000,0.00,0.000,0.000,0.00,0.000,0.000,0.00,0.000,0.000,0.00,0.000,0.000,0.00,0.000,0.000,0.00,0.000,0.000,0.00,0.000,0.000,0.00,0.000,0.000,0.00,0.000,0.000,0.00,0.000,0.000,0.00,0.000,0.000,0.00,0.000,0.000,0.00,0.000,0.000,0.00,0.000,0.000,0.00,0.000,0.000,0.00,0.000,0.000,0.00,0.000,0.000,0.00,0.000,0.000,0.00
80.8296,0.000,0.000,0.00,0.77,0.00,0.000,0.000,0.00,0.000,0.000,0.00,0.000,0.000,0.00,0.000,0.000,0.00,0.000,0.000,0.00,0.000,0.000,0.00,0.000,0.000,0.00,0.000,0.000,0.00,0.000,0.000,0.00,0.000,0.000,0.00,0.000,0.000,0.00,0.000,0.000,0.00,0.000,0.000,0.00,0.000,0.000,0.00,0.000,0.000,0.00,0.000,0.000,0.00,0.000,0.000,0.00,0.000,0.000,0.00,0.000,0.000,0.00,0.000,0.000,0.00,0.000,0.000,0.00,0.000,0.000,0.00,0.000,0.000,0.00,0.000,0.000,0.00,0.000,0.000,0.00,0.000,0.000,0.00,0.000,0.000,0.00,0.000,0.000,0.00,0.000,0.000,0.00,0.000,0.000,0.00
80.9314,0.000,0.040,0.10,0.92,0.00,0.000,0.000,0.00,0.000,0.040,2.95,0.000,0.000,0.00,0.000,0.000,0.00,0.000,0.000,0.00,0.000,0.000,0.00,0.000,0.000,0.00,0.000,0.000,0.00,0.000,0.000,0.00,0.000,0.000,0.00,0.000,0.000,0.00,0.000,0.000,0.00,0.000,0.000,0.00,0.000,0.000,0.00,0.000,0.000,0.00,0.000,0.000,0.00,0.000,0.000,0.00,0.000,0.000,0.00,0.000,0.000,0.00,0.000,0.000,0.00,0.000,0.000,0.00,0.000,0.000,0.00,0.000,0.000,0.00,0.000,0.000,0.00,0.000,0.000,0.00,0.000,0.000,0.00,0.000,0.000,0.00,0.000,0.000,0.00,0.000,0.000,0.00,0.000,0.000,0.00
81.0332,0.000,0.000,0.00,0.77,0.00,0.000,0.000,0.00,0.000,0.000,0.00,0.000,0.000,0.00,0.000,0.000,0.00,0.000,0.000,0.00,0.000,0.000,0.00,0.000,0.000,0.00,0.000,0.000,0.00,0.000,0.000,0.00,0.000,0.000,0.00,0.000,0.000,0.00,0.000,0.000,0.00,0.000,0.000,0.00,0.000,0.000,0.00,0.000,0.000,0.00,0.000,0.000,0.00,0.000,0.000,0.00,0.000,0.000,0.00,0.000,0.000,0.00,0.000,0.000,0.00,0.000,0.000,0.00,0.000,0.000,0.00,0.000,0.000,0.00,0.000,0.000,0.00,0.000,0.000,0.00,0.000,0.000,0.00,0.000,0.000,0.00,0.000,0.000,0.00,0.000,0.000,0.00,0.000,0.000,0.00
81.1349,0.000,0.000,0.00,0.77,0.00,0.000,0.000,0.00,0.000,0.000,0.00,0.000,0.000,0.00,0.000,0.000,0.00,0.000,0.000,0.00,0.000,0.000,0.00,0.000,0.000,0.00,0.000,0.000,0.00,0.000,0.000,0.00,0.000,0.000,0.00,0.000,0.000,0.00,0.000,0.000,0.00,0.000,0.000,0.00,0.000,0.000,0.00,0.000,0.000,0.00,0.000,0.000,0.00,0.000,0.000,0.00,0.000,0.000,0.00,0.000,0.000,0.00,0.000,0.000,0.00,0.000,0.000,0.00,0.000,0.000,0.00,0.000,0.000,0.00,0.000,0.000,0.00,0.000,0.000,0.00,0.000,0.000,0.00,0.000,0.000,0.00,0.000,0.000,0.00,0.000,0.000,0.00,0.000,0.000,0.00
81.2369,0.000,0.000,0.00,0.77,0.00,0.000,0.000,0.00,0.000,0.000,0.00,0.000,0.000,0.00,0.000,0.000,0.00,0.000,0.000,0.00,0.000,0.000,0.00,0.000,0.000,0.00,0.000,0.000,0.00,0.000,0.000,0.00,0.000,0.000,0.00,0.000,0.000,0.00,0.000,0.000,0.00,0.000,0.000,0.00,0.000,0.000,0.00,0.000,0.000,0.00,0.000,0.000,0.00,0.000,0.000,0.00,0.000,0.000,0.00,0.000,0.000,0.00,0.000,0.000,0.00,0.000,0.000,0.00,0.000,0.000,0.00,0.000,0.000,0.00,0.000,0.000,0.00,0.000,0.000,0.00,0.000,0.000,0.00,0.000,0.000,0.00,0.000,0.000,0.00,0.000,0.000,0.00,0.000,0.000,0.00
81.3388,0.000,0.000,0.00,0.84,0.00,0.000,0.000,0.00,0.000,0.000,0.00,0.000,0.000,0.00,0.000,0.000,0.00,0.000,0.000,0.00,0.000,0.000,0.00,0.000,0.000,0.00,0.000,0.000,0.00,0.000,0.000,0.00,0.000,0.000,0.00,0.000,0.000,0.00,0.000,0.000,0.00,0.000,0.000,0.00,0.000,0.000,0.00,0.000,0.000,0.00,0.000,0.000,0.00,0.000,0.000,0.00,0.000,0.000,0.00,0.000,0.000,0.00,0.000,0.000,0.00,0.000,0.000,0.00,0.000,0.000,0.00,0.000,0.000,0.00,0.000,0.000,0.00,0.000,0.000,0.00,0.000,0.000,0.00,0.000,0.000,0.00,0.000,0.000,0.00,0.000,0.000,0.00,0.000,0.000,0.00
81.4404,0.000,0.000,0.00,1.07,0.00,0.000,0.000,0.00,0.000,0.000,0.00,0.000,0.000,0.00,0.000,0.000,0.00,0.000,0.000,0.00,0.000,0.000,0.00,0.000,0.000,0.00,0.000,0.000,0.00,0.000,0.000,0.00,0.000,0.000,0.00,0.000,0.000,0.00,0.000,0.000,0.00,0.000,0.000,0.00,0.000,0.000,0.00,0.000,0.000,0.00,0.000,0.000,0.00,0.000,0.000,0.00,0.000,0.000,0.00,0.000,0.000,0.00,0.000,0.000,0.00,0.000,0.000,0.00,0.000,0.000,0.00,0.000,0.000,0.00,0.000,0.000,0.00,0.000,0.000,0.00,0.000,0.000,0.00,0.000,0.000,0.00,0.000,0.000,0.00,0.000,0.000,0.00,0.000,0.000,0.00
81.5422,0.000,0.000,0.00,0.77,0.00,0.000,0.000,0.00,0.000,0.000,0.00,0.000,0.000,0.00,0.000,0.000,0.00,0.000,0.000,0.00,0.000,0.000,0.00,0.000,0.000,0.00,0.000,0.000,0.00,0.000,0.000,0.00,0.000,0.000,0.00,0.000,0.000,0.00,0.000,0.000,0.00,0.000,0.000,0.00,0.000,0.000,0.00,0.000,0.000,0.00,0.000,0.000,0.00,0.000,0.000,0.00,0.000,0.000,0.00,0.000,0.000,0.00,0.000,0.000,0.00,0.000,0.000,0.00,0.000,0.000,0.00,0.000,0.000,0.00,0.000,0.000,0.00,0.000,0.000,0.00,0.000,0.000,0.00,0.000,0.000,0.00,0.000,0.000,0.00,0.000,0.000,0.00,0.000,0.000,0.00
81.6440,0.000,0.000,0.00,0.77,0.00,0.000,0.000,0.00,0.000,0.000,0.00,0.000,0.000,0.00,0.000,0.000,0.00,0.000,0.000,0.00,0.000,0.000,0.00,0.000,0.000,0.00,0.000,0.000,0.00,0.000,0.000,0.00,0.000,0.000,0.00,0.000,0.000,0.00,0.000,0.000,0.00,0.000,0.000,0.00,0.000,0.000,0.00,0.000,0.000,0.00,0.000,0.000,0.00,0.000,0.000,0.00,0.000,0.000,0.00,0.000,0.000,0.00,0.000,0.000,0.00,0.000,0.000,0.00,0.000,0.000,0.00,0.000,0.000,0.00,0.000,0.000,0.00,0.000,0.000,0.00,0.000,0.000,0.00,0.000,0.000,0.00,0.000,0.000,0.00,0.000,0.000,0.00,0.000,0.000,0.00
81.7458,0.000,0.000,0.00,0.92,0.00,0.000,0.000,0.00,0.000,0.000,0.00,0.000,0.000,0.00,0.000,0.000,0.00,0.000,0.000,0.00,0.000,0.000,0.00,0.000,0.000,0.00,0.000,0.000,0.00,0.000,0.000,0.00,0.000,0.000,0.00,0.000,0.000,0.00,0.000,0.000,0.00,0.000,0.000,0.00,0.000,0.000,0.00,0.000,0.000,0.00,0.000,0.000,0.00,0.000,0.000,0.00,0.000,0.000,0.00,0.000,0.000,0.00,0.000,0.000,0.00,0.000,0.000,0.00,0.000,0.000,0.00,0.000,0.000,0.00,0.000,0.000,0.00,0.000,0.000,0.00,0.000,0.000,0.00,0.000,0.000,0.00,0.000,0.000,0.00,0.000,0.000,0.00,0.000,0.000,0.00
81.8476,0.000,0.000,0.00,0.84,0.00,0.000,0.000,0.00,0.000,0.000,0.00,0.000,0.000,0.00,0.000,0.000,0.00,0.000,0.000,0.00,0.000,0.000,0.00,0.000,0.000,0.00,0.000,0.000,0.00,0.000,0.000,0.00,0.000,0.000,0.00,0.000,0.000,0.00,0.000,0.000,0.00,0.000,0.000,0.00,0.000,0.000,0.00,0.000,0.000,0.00,0.000,0.000,0.00,0.000,0.000,0.00,0.000,0.000,0.00,0.000,0.000,0.00,0.000,0.000,0.00,0.000,0.000,0.00,0.000,0.000,0.00,0.000,0.000,0.00,0.000,0.000,0.00,0.000,0.000,0.00,0.000,0.000,0.00,0.000,0.000,0.00,0.000,0.000,0.00,0.000,0.000,0.00,0.000,0.000,0.00
81.9494,0.000,0.035,0.07,0.77,0.00,0.000,0.000,0.00,0.000,0.000,0.00,0.000,0.000,0.00,0.000,0.000,0.00,0.000,0.000,0.00,0.000,0.000,0.00,0.000,0.000,0.00,0.000,0.035,1.97,0.000,0.000,0.00,0.000,0.000,0.00,0.000,0.000,0.00,0.000,0.000,0.00,0.000,0.000,0.00,0.000,0.000,0.00,0.000,0.000,0.00,0.000,0.000,0.00,0.000,0.000,0.00,0.000,0.000,0.00,0.000,0.000,0.00,0.000,0.000,0.00,0.000,0.000,0.00,0.000,0.000,0.00,0.000,0.000,0.00,0.000,0.000,0.00,0.000,0.000,0.00,0.000,0.000,0.00,0.000,0.000,0.00,0.000,0.000,0.00,0.000,0.000,0.00,0.000,0.000,0.00
82.0512,0.000,0.000,0.00,0.77,0.00,0.000,0.000,0.00,0.000,0.000,0.00,0.000,0.000,0.00,0.000,0.000,0.00,0.000,0.000,0.00,0.000,0.000,0.00,0.000,0.000,0.00,0.000,0.000,0.00,0.000,0.000,0.00,0.000,0.000,0.00,0.000,0.000,0.00,0.000,0.000,0.00,0.000,0.000,0.00,0.000,0.000,0.00,0.000,0.000,0.00,0.000,0.000,0.00,0.000,0.000,0.00,0.000,0.000,0.00,0.000,0.000,0.00,0.000,0.000,0.00,0.000,0.000,0.00,0.000,0.000,0.00,0.000,0.000,0.00,0.000,0.000,0.00,0.000,0.000,0.00,0.000,0.000,0.00,0.000,0.000,0.00,0.000,0.000,0.00,0.000,0.000,0.00,0.000,0.000,0.00
82.1530,0.000,0.000,0.00,0.84,0.00,0.000,0.000,0.00,0.000,0.000,0.00,0.000,0.000,0.00,0.000,0.000,0.00,0.000,0.000,0.00,0.000,0.000,0.00,0.000,0.000,0.00,0.000,0.000,0.00,0.000,0.000,0.00,0.000,0.000,0.00,0.000,0.000,0.00,0.000,0.000,0.00,0.000,0.000,0.00,0.000,0.000,0.00,0.000,0.000,0.00,0.000,0.000,0.00,0.000,0.000,0.00,0.000,0.000,0.00,0.000,0.000,0.00,0.000,0.000,0.00,0.000,0.000,0.00,0.000,0.000,0.00,0.000,0.000,0.00,0.000,0.000,0.00,0.000,0.000,0.00,0.000,0.000,0.00,0.000,0.000,0.00,0.000,0.000,0.00,0.000,0.000,0.00,0.000,0.000,0.00
82.2548,0.000,0.000,0.00,0.84,0.00,0.000,0.000,0.00,0.000,0.000,0.00,0.000,0.000,0.00,0.000,0.000,0.00,0.000,0.000,0.00,0.000,0.000,0.00,0.000,0.000,0.00,0.000,0.000,0.00,0.000,0.000,0.00,0.000,0.000,0.00,0.000,0.000,0.00,0.000,0.000,0.00,0.000,0.000,0.00,0.000,0.000,0.00,0.000,0.000,0.00,0.000,0.000,0.00,0.000,0.000,0.00,0.000,0.000,0.00,0.000,0.000,0.00,0.000,0.000,0.00,0.000,0.000,0.00,0.000,0.000,0.00,0.000,0.000,0.00,0.000,0.000,0.00,0.000,0.000,0.00,0.000,0.000,0.00,0.000,0.000,0.00,0.000,0.000,0.00,0.000,0.000,0.00,0.000,0.000,0.00
82.3566,0.000,0.000,0.00,0.77,0.00,0.000,0.000,0.00,0.000,0.000,0.00,0.000,0.000,0.00,0.000,0.000,0.00,0.000,0.000,0.00,0.000,0.000,0.00,0.000,0.000,0.00,0.000,0.000,0.00,0.000,0.000,0.00,0.000,0.000,0.00,0.000,0.000,0.00,0.000,0.000,0.00,0.000,0.000,0.00,0.000,0.000,0.00,0.000,0.000,0.00,0.000,0.000,0.00,0.000,0.000,0.00,0.000,0.000,0.00,0.000,0.000,0.00,0.000,0.000,0.00,0.000,0.000,0.00,0.000,0.000,0.00,0.000,0.000,0.00,0.000,0.000,0.00,0.000,0.000,0.00,0.000,0.000,0.00,0.000,0.000,0.00,0.000,0.000,0.00,0.000,0.000,0.00,0.000,0.000,0.00
82.4584,0.000,0.000,0.00,0.77,0.00,0.000,0.000,0.00,0.000,0.000,0.00,0.000,0.000,0.00,0.000,0.000,0.00,0.000,0.000,0.00,0.000,0.000,0.00,0.000,0.000,0.00,0.000,0.000,0.00,0.000,0.000,0.00,0.000,0.000,0.00,0.000,0.000,0.00,0.000,0.000,0.00,0.000,0.000,0.00,0.000,0.000,0.00,0.000,0.000,0.00,0.000,0.000,0.00,0.000,0.000,0.00,0.000,0.000,0.00,0.000,0.000,0.00,0.000,0.000,0.00,0.000,0.000,0.00,0.000,0.000,0.00,0.000,0.000,0.00,0.000,0.000,0.00,0.000,0.000,0.00,0.000,0.000,0.00,0.000,0.000,0.00,0.000,0.000,0.00,0.000,0.000,0.00,0.000,0.000,0.00
82.5601,0.000,0.000,0.00,0.84,0.00,0.000,0.000,0.00,0.000,0.000,0.00,0.000,0.000,0.00,0.000,0.000,0.00,0.000,0.000,0.00,0.000,0.000,0.00,0.000,0.000,0.00,0.000,0.000,0.00,0.000,0.000,0.00,0.000,0.000,0.00,0.000,0.000,0.00,0.000,0.000,0.00,0.000,0.000,0.00,0.000,0.000,0.00,0.000,0.000,0.00,0.000,0.000,0.00,0.000,0.000,0.00,0.000,0.000,0.00,0.000,0.000,0.00,0.000,0.000,0.00,0.000,0.000,0.00,0.000,0.000,0.00,0.000,0.000,0.00,0.000,0.000,0.00,0.000,0.000,0.00,0.000,0.000,0.00,0.000,0.000,0.00,0.000,0.000,0.00,0.000,0.000,0.00,0.000,0.000,0.00
82.6619,0.000,0.000,0.00,0.77,0.00,0.000,0.000,0.00,0.000,0.000,0.00,0.000,0.000,0.00,0.000,0.000,0.00,0.000,0.000,0.00,0.000,0.000,0.00,0.000,0.000,0.00,0.000,0.000,0.00,0.000,0.000,0.00,0.000,0.000,0.00,0.000,0.000,0.00,0.000,0.000,0.00,0.000,0.000,0.00,0.000,0.000,0.00,0.000,0.000,0.00,0.000,0.000,0.00,0.000,0.000,0.00,0.000,0.000,0.00,0.000,0.000,0.00,0.000,0.000,0.00,0.000,0.000,0.00,0.000,0.000,0.00,0.000,0.000,0.00,0.000,0.000,0.00,0.000,0.000,0.00,0.000,0.000,0.00,0.000,0.000,0.00,0.000,0.000,0.00,0.000,0.000,0.00,0.000,0.000,0.00
82.7637,0.000,0.000,0.00,0.84,0.00,0.000,0.000,0.00,0.000,0.000,0.00,0.000,0.000,0.00,0.000,0.000,0.00,0.000,0.000,0.00,0.000,0.000,0.00,0.000,0.000,0.00,0.000,0.000,0.00,0.000,0.000,0.00,0.000,0.000,0.00,0.000,0.000,0.00,0.000,0.000,0.00,0.000,0.000,0.00,0.000,0.000,0.00,0.000,0.000,0.00,0.000,0.000,0.00,0.000,0.000,0.00,0.000,0.000,0.00,0.000,0.000,0.00,0.000,0.000,0.00,0.000,0.000,0.00,0.000,0.000,0.00,0.000,0.000,0.00,0.000,0.000,0.00,0.000,0.000,0.00,0.000,0.000,0.00,0.000,0.000,0.00,0.000,0.000,0.00,0.000,0.000,0.00,0.000,0.000,0.00
82.8655,0.000,0.000,0.00,0.77,0.00,0.000,0.000,0.00,0.000,0.000,0.00,0.000,0.000,0.00,0.000,0.000,0.00,0.000,0.000,0.00,0.000,0.000,0.00,0.000,0.000,0.00,0.000,0.000,0.00,0.000,0.000,0.00,0.000,0.000,0.00,0.000,0.000,0.00,0.000,0.000,0.00,0.000,0.000,0.00,0.000,0.000,0.00,0.000,0.000,0.00,0.000,0.000,0.00,0.000,0.000,0.00,0.000,0.000,0.00,0.000,0.000,0.00,0.000,0.000,0.00,0.000,0.000,0.00,0.000,0.000,0.00,0.000,0.000,0.00,0.000,0.000,0.00,0.000,0.000,0.00,0.000,0.000,0.00,0.000,0.000,0.00,0.000,0.000,0.00,0.000,0.000,0.00,0.000,0.000,0.00
82.9674,0.000,0.000,0.00,1.07,0.00,0.000,0.000,0.00,0.000,0.000,0.00,0.000,0.000,0.00,0.000,0.000,0.00,0.000,0.000,0.00,0.000,0.000,0.00,0.000,0.000,0.00,0.000,0.000,0.00,0.000,0.000,0.00,0.000,0.000,0.00,0.000,0.000,0.00,0.000,0.000,0.00,0.000,0.000,0.00,0.000,0.000,0.00,0.000,0.000,0.00,0.000,0.000,0.00,0.000,0.000,0.00,0.000,0.000,0.00,0.000,0.000,0.00,0.000,0.000,0.00,0.000,0.000,0.00,0.000,0.000,0.00,0.000,0.000,0.00,0.000,0.000,0.00,0.000,0.000,0.00,0.000,0.000,0.00,0.000,0.000,0.00,0.000,0.000,0.00,0.000,0.000,0.00,0.000,0.000,0.00
83.0692,0.000,0.000,0.00,0.84,0.00,0.000,0.000,0.00,0.000,0.000,0.00,0.000,0.000,0.00,0.000,0.000,0.00,0.000,0.000,0.00,0.000,0.000,0.00,0.000,0.000,0.00,0.000,0.000,0.00,0.000,0.000,0.00,0.000,0.000,0.00,0.000,0.000,0.00,0.000,0.000,0.00,0.000,0.000,0.00,0.000,0.000,0.00,0.000,0.000,0.00,0.000,0.000,0.00,0.000,0.000,0.00,0.000,0.000,0.00,0.000,0.000,0.00,0.000,0.000,0.00,0.000,0.000,0.00,0.000,0.000,0.00,0.000,0.000,0.00,0.000,0.000,0.00,0.000,0.000,0.00,0.000,0.000,0.00,0.000,0.000,0.00,0.000,0.000,0.00,0.000,0.000,0.00,0.000,0.000,0.00
83.1710,0.000,0.000,0.00,0.77,0.00,0.000,0.000,0.00,0.000,0.000,0.00,0.000,0.000,0.00,0.000,0.000,0.00,0.000,0.000,0.00,0.000,0.000,0.00,0.000,0.000,0.00,0.000,0.000,0.00,0.000,0.000,0.00,0.000,0.000,0.00,0.000,0.000,0.00,0.000,0.000,0.00,0.000,0.000,0.00,0.000,0.000,0.00,0.000,0.000,0.00,0.000,0.000,0.00,0.000,0.000,0.00,0.000,0.000,0.00,0.000,0.000,0.00,0.000,0.000,0.00,0.000,0.000,0.00,0.000,0.000,0.00,0.000,0.000,0.00,0.000,0.000,0.00,0.000,0.000,0.00,0.000,0.000,0.00,0.000,0.000,0.00,0.000,0.000,0.00,0.000,0.000,0.00,0.000,0.000,0.00
83.2728,0.000,0.000,0.00,0.77,0.00,0.000,0.000,0.00,0.000,0.000,0.00,0.000,0.000,0.00,0.000,0.000,0.00,0.000,0.000,0.00,0.000,0.000,0.00,0.000,0.000,0.00,0.000,0.000,0.00,0.000,0.000,0.00,0.000,0.000,0.00,0.000,0.000,0.00,0.000,0.000,0.00,0.000,0.000,0.00,0.000,0.000,0.00,0.000,0.000,0.00,0.000,0.000,0.00,0.000,0.000,0.00,0.000,0.000,0.00,0.000,0.000,0.00,0.000,0.000,0.00,0.000,0.000,0.00,0.000,0.000,0.00,0.000,0.000,0.00,0.000,0.000,0.00,0.000,0.000,0.00,0.000,0.000,0.00,0.000,0.000,0.00,0.000,0.000,0.00,0.000,0.000,0.00,0.000,0.000,0.00
83.3746,0.000,0.000,0.00,10.62,0.00,0.000,0.000,0.00,0.000,0.000,0.00,0.000,0.000,0.00,0.000,0.000,0.00,0.000,0.000,0.00,0.000,0.000,0.00,0.000,0.000,0.00,0.000,0.000,0.00,0.000,0.000,0.00,0.000,0.000,0.00,0.000,0.000,0.00,0.000,0.000,0.00,0.000,0.000,0.00,0.000,0.000,0.00,0.000,0.000,0.00,0.000,0.000,0.00,0.000,0.000,0.00,0.000,0.000,0.00,0.000,0.000,0.00,0.000,0.000,0.00,0.000,0.000,0.00,0.000,0.000,0.00,0.000,0.000,0.00,0.000,0.000,0.00,0.000,0.000,0.00,0.000,0.000,0.00,0.000,0.000,0.00,0.000,0.000,0.00,0.000,0.000,0.00,0.000,0.000,0.00
83.4767,0.000,0.306,0.52,2.99,0.00,0.000,0.000,0.00,0.000,0.000,0.00,0.000,0.035,1.96,0.000,0.040,1.96,0.000,0.000,0.00,0.000,0.000,0.00,0.000,0.040,1.96,0.000,0.000,0.00,0.000,0.035,1.96,0.000,0.000,0.00,0.000,0.000,0.00,0.000,0.000,0.00,0.000,0.040,1.96,0.000,0.000,0.00,0.000,0.035,1.96,0.000,0.000,0.00,0.000,0.000,0.00,0.000,0.040,1.96,0.000,0.040,1.96,0.000,0.000,0.00,0.000,0.000,0.00,0.000,0.000,0.00,0.000,0.000,0.00,0.000,0.000,0.00,0.000,0.000,0.00,0.000,0.000,0.00,0.000,0.000,0.00,0.000,0.000,0.00,0.000,0.000,0.00,0.000,0.000,0.00
83.5790,0.000,0.000,0.00,2.01,0.00,0.000,0.000,0.00,0.000,0.000,0.00,0.000,0.000,0.00,0.000,0.000,0.00,0.000,0.000,0.00,0.000,0.000,0.00,0.000,0.000,0.00,0.000,0.000,0.00,0.000,0.000,0.00,0.000,0.000,0.00,0.000,0.000,0.00,0.000,0.000,0.00,0.000,0.000,0.00,0.000,0.000,0.00,0.000,0.000,0.00,0.000,0.000,0.00,0.000,0.000,0.00,0.000,0.000,0.00,0.000,0.000,0.00,0.000,0.000,0.00,0.000,0.000,0.00,0.000,0.000,0.00,0.000,0.000,0.00,0.000,0.000,0.00,0.000,0.000,0.00,0.000,0.000,0.00,0.000,0.000,0.00,0.000,0.000,0.00,0.000,0.000,0.00,0.000,0.000,0.00
83.6809,0.000,0.000,0.00,2.46,0.00,0.000,0.000,0.00,0.000,0.000,0.00,0.000,0.000,0.00,0.000,0.000,0.00,0.000,0.000,0.00,0.000,0.000,0.00,0.000,0.000,0.00,0.000,0.000,0.00,0.000,0.000,0.00,0.000,0.000,0.00,0.000,0.000,0.00,0.000,0.000,0.00,0.000,0.000,0.00,0.000,0.000,0.00,0.000,0.000,0.00,0.000,0.000,0.00,0.000,0.000,0.00,0.000,0.000,0.00,0.000,0.000,0.00,0.000,0.000,0.00,0.000,0.000,0.00,0.000,0.000,0.00,0.000,0.000,0.00,0.000,0.000,0.00,0.000,0.000,0.00,0.000,0.000,0.00,0.000,0.000,0.00,0.000,0.000,0.00,0.000,0.000,0.00,0.000,0.000,0.00
83.7830,0.000,0.000,0.00,2.38,0.00,0.000,0.000,0.00,0.000,0.000,0.00,0.000,0.000,0.00,0.000,0.000,0.00,0.000,0.000,0.00,0.000,0.000,0.00,0.000,0.000,0.00,0.000,0.000,0.00,0.000,0.000,0.00,0.000,0.000,0.00,0.000,0.000,0.00,0.000,0.000,0.00,0.000,0.000,0.00,0.000,0.000,0.00,0.000,0.000,0.00,0.000,0.000,0.00,0.000,0.000,0.00,0.000,0.000,0.00,0.000,0.000,0.00,0.000,0.000,0.00,0.000,0.000,0.00,0.000,0.000,0.00,0.000,0.000,0.00,0.000,0.000,0.00,0.000,0.000,0.00,0.000,0.000,0.00,0.000,0.000,0.00,0.000,0.000,0.00,0.000,0.000,0.00,0.000,0.000,0.00
83.8853,0.000,0.000,0.00,2.45,0.00,0.000,0.000,0.00,0.000,0.000,0.00,0.000,0.000,0.00,0.000,0.000,0.00,0.000,0.000,0.00,0.000,0.000,0.00,0.000,0.000,0.00,0.000,0.000,0.00,0.000,0.000,0.00,0.000,0.000,0.00,0.000,0.000,0.00,0.000,0.000,0.00,0.000,0.000,0.00,0.000,0.000,0.00,0.000,0.000,0.00,0.000,0.000,0.00,0.000,0.000,0.00,0.000,0.000,0.00,0.000,0.000,0.00,0.000,0.000,0.00,0.000,0.000,0.00,0.000,0.000,0.00,0.000,0.000,0.00,0.000,0.000,0.00,0.000,0.000,0.00,0.000,0.000,0.00,0.000,0.000,0.00,0.000,0.000,0.00,0.000,0.000,0.00,0.000,0.000,0.00
83.9876,0.000,0.000,0.00,2.53,0.00,0.000,0.000,0.00,0.000,0.000,0.00,0.000,0.000,0.00,0.000,0.000,0.00,0.000,0.000,0.00,0.000,0.000,0.00,0.000,0.000,0.00,0.000,0.000,0.00,0.000,0.000,0.00,0.000,0.000,0.00,0.000,0.000,0.00,0.000,0.000,0.00,0.000,0.000,0.00,0.000,0.000,0.00,0.000,0.000,0.00,0.000,0.000,0.00,0.000,0.000,0.00,0.000,0.000,0.00,0.000,0.000,0.00,0.000,0.000,0.00,0.000,0.000,0.00,0.000,0.000,0.00,0.000,0.000,0.00,0.000,0.000,0.00,0.000,0.000,0.00,0.000,0.000,0.00,0.000,0.000,0.00,0.000,0.000,0.00,0.000,0.000,0.00,0.000,0.000,0.00
84.0898,0.000,0.000,0.00,2.75,0.00,0.000,0.000,0.00,0.000,0.000,0.00,0.000,0.000,0.00,0.000,0.000,0.00,0.000,0.000,0.00,0.000,0.000,0.00,0.000,0.000,0.00,0.000,0.000,0.00,0.000,0.000,0.00,0.000,0.000,0.00,0.000,0.000,0.00,0.000,0.000,0.00,0.000,0.000,0.00,0.000,0.000,0.00,0.000,0.000,0.00,0.000,0.000,0.00,0.000,0.000,0.00,0.000,0.000,0.00,0.000,0.000,0.00,0.000,0.000,0.00,0.000,0.000,0.00,0.000,0.000,0.00,0.000,0.000,0.00,0.000,0.000,0.00,0.000,0.000,0.00,0.000,0.000,0.00,0.000,0.000,0.00,0.000,0.000,0.00,0.000,0.000,0.00,0.000,0.000,0.00
84.1921,0.000,0.000,0.00,2.31,0.00,0.000,0.000,0.00,0.000,0.000,0.00,0.000,0.000,0.00,0.000,0.000,0.00,0.000,0.000,0.00,0.000,0.000,0.00,0.000,0.000,0.00,0.000,0.000,0.00,0.000,0.000,0.00,0.000,0.000,0.00,0.000,0.000,0.00,0.000,0.000,0.00,0.000,0.000,0.00,0.000,0.000,0.00,0.000,0.000,0.00,0.000,0.000,0.00,0.000,0.000,0.00,0.000,0.000,0.00,0.000,0.000,0.00,0.000,0.000,0.00,0.000,0.000,0.00,0.000,0.000,0.00,0.000,0.000,0.00,0.000,0.000,0.00,0.000,0.000,0.00,0.000,0.000,0.00,0.000,0.000,0.00,0.000,0.000,0.00,0.000,0.000,0.00,0.000,0.000,0.00
84.2943,0.000,0.000,0.00,1.76,0.00,0.000,0.000,0.00,0.000,0.000,0.00,0.000,0.000,0.00,0.000,0.000,0.00,0.000,0.000,0.00,0.000,0.000,0.00,0.000,0.000,0.00,0.000,0.000,0.00,0.000,0.000,0.00,0.000,0.000,0.00,0.000,0.000,0.00,0.000,0.000,0.00,0.000,0.000,0.00,0.000,0.000,0.00,0.000,0.000,0.00,0.000,0.000,0.00,0.000,0.000,0.00,0.000,0.000,0.00,0.000,0.000,0.00,0.000,0.000,0.00,0.000,0.000,0.00,0.000,0.000,0.00,0.000,0.000,0.00,0.000,0.000,0.00,0.000,0.000,0.00,0.000,0.000,0.00,0.000,0.000,0.00,0.000,0.000,0.00,0.000,0.000,0.00,0.000,0.000,0.00
84.3961,0.000,0.000,0.00,0.77,0.00,0.000,0.000,0.00,0.000,0.000,0.00,0.000,0.000,0.00,0.000,0.000,0.00,0.000,0.000,0.00,0.000,0.000,0.00,0.000,0.000,0.00,0.000,0.000,0.00,0.000,0.000,0.00,0.000,0.000,0.00,0.000,0.000,0.00,0.000,0.000,0.00,0.000,0.000,0.00,0.000,0.000,0.00,0.000,0.000,0.00,0.000,0.000,0.00,0.000,0.000,0.00,0.000,0.000,0.00,0.000,0.000,0.00,0.000,0.000,0.00,0.000,0.000,0.00,0.000,0.000,0.00,0.000,0.000,0.00,0.000,0.000,0.00,0.000,0.000,0.00,0.000,0.000,0.00,0.000,0.000,0.00,0.000,0.000,0.00,0.000,0.000,0.00,0.000,0.000,0.00
84.4980,0.000,0.000,0.00,1.00,0.00,0.000,0.000,0.00,0.000,0.000,0.00,0.000,0.000,0.00,0.000,0.000,0.00,0.000,0.000,0.00,0.000,0.000,0.00,0.000,0.000,0.00,0.000,0.000,0.00,0.000,0.000,0.00,0.000,0.000,0.00,0.000,0.000,0.00,0.000,0.000,0.00,0.000,0.000,0.00,0.000,0.000,0.00,0.000,0.000,0.00,0.000,0.000,0.00,0.000,0.000,0.00,0.000,0.000,0.00,0.000,0.000,0.00,0.000,0.000,0.00,0.000,0.000,0.00,0.000,0.000,0.00,0.000,0.000,0.00,0.000,0.000,0.00,0.000,0.000,0.00,0.000,0.000,0.00,0.000,0.000,0.00,0.000,0.000,0.00,0.000,0.000,0.00,0.000,0.000,0.00
84.5999,0.000,0.000,0.00,0.77,0.00,0.000,0.000,0.00,0.000,0.000,0.00,0.000,0.000,0.00,0.000,0.000,0.00,0.000,0.000,0.00,0.000,0.000,0.00,0.000,0.000,0.00,0.000,0.000,0.00,0.000,0.000,0.00,0.000,0.000,0.00,0.000,0.000,0.00,0.000,0.000,0.00,0.000,0.000,0.00,0.000,0.000,0.00,0.000,0.000,0.00,0.000,0.000,0.00,0.000,0.000,0.00,0.000,0.000,0.00,0.000,0.000,0.00,0.000,0.000,0.00,0.000,0.000,0.00,0.000,0.000,0.00,0.000,0.000,0.00,0.000,0.000,0.00,0.000,0.000,0.00,0.000,0.000,0.00,0.000,0.000,0.00,0.000,0.000,0.00,0.000,0.000,0.00,0.000,0.000,0.00
84.7017,0.000,0.000,0.00,0.92,0.00,0.000,0.000,0.00,0.000,0.000,0.00,0.000,0.000,0.00,0.000,0.000,0.00,0.000,0.000,0.00,0.000,0.000,0.00,0.000,0.000,0.00,0.000,0.000,0.00,0.000,0.000,0.00,0.000,0.000,0.00,0.000,0.000,0.00,0.000,0.000,0.00,0.000,0.000,0.00,0.000,0.000,0.00,0.000,0.000,0.00,0.000,0.000,0.00,0.000,0.000,0.00,0.000,0.000,0.00,0.000,0.000,0.00,0.000,0.000,0.00,0.000,0.000,0.00,0.000,0.000,0.00,0.000,0.000,0.00,0.000,0.000,0.00,0.000,0.000,0.00,0.000,0.000,0.00,0.000,0.000,0.00,0.000,0.000,0.00,0.000,0.000,0.00,0.000,0.000,0.00
84.8036,0.000,0.000,0.00,0.77,0.00,0.000,0.000,0.00,0.000,0.000,0.00,0.000,0.000,0.00,0.000,0.000,0.00,0.000,0.000,0.00,0.000,0.000,0.00,0.000,0.000,0.00,0.000,0.000,0.00,0.000,0.000,0.00,0.000,0.000,0.00,0.000,0.000,0.00,0.000,0.000,0.00,0.000,0.000,0.00,0.000,0.000,0.00,0.000,0.000,0.00,0.000,0.000,0.00,0.000,0.000,0.00,0.000,0.000,0.00,0.000,0.000,0.00,0.000,0.000,0.00,0.000,0.000,0.00,0.000,0.000,0.00,0.000,0.000,0.00,0.000,0.000,0.00,0.000,0.000,0.00,0.000,0.000,0.00,0.000,0.000,0.00,0.000,0.000,0.00,0.000,0.000,0.00,0.000,0.000,0.00
84.9055,0.000,0.000,0.00,0.77,0.00,0.000,0.000,0.00,0.000,0.000,0.00,0.000,0.000,0.00,0.000,0.000,0.00,0.000,0.000,0.00,0.000,0.000,0.00,0.000,0.000,0.00,0.000,0.000,0.00,0.000,0.000,0.00,0.000,0.000,0.00,0.000,0.000,0.00,0.000,0.000,0.00,0.000,0.000,0.00,0.000,0.000,0.00,0.000,0.000,0.00,0.000,0.000,0.00,0.000,0.000,0.00,0.000,0.000,0.00,0.000,0.000,0.00,0.000,0.000,0.00,0.000,0.000,0.00,0.000,0.000,0.00,0.000,0.000,0.00,0.000,0.000,0.00,0.000,0.000,0.00,0.000,0.000,0.00,0.000,0.000,0.00,0.000,0.000,0.00,0.000,0.000,0.00,0.000,0.000,0.00
85.0074,0.000,0.040,0.07,0.92,0.00,0.000,0.040,1.96,0.000,0.000,0.00,0.000,0.000,0.00,0.000,0.000,0.00,0.000,0.000,0.00,0.000,0.000,0.00,0.000,0.000,0.00,0.000,0.000,0.00,0.000,0.000,0.00,0.000,0.000,0.00,0.000,0.000,0.00,0.000,0.000,0.00,0.000,0.000,0.00,0.000,0.000,0.00,0.000,0.000,0.00,0.000,0.000,0.00,0.000,0.000,0.00,0.000,0.000,0.00,0.000,0.000,0.00,0.000,0.000,0.00,0.000,0.000,0.00,0.000,0.000,0.00,0.000,0.000,0.00,0.000,0.000,0.00,0.000,0.000,0.00,0.000,0.000,0.00,0.000,0.000,0.00,0.000,0.000,0.00,0.000,0.000,0.00,0.000,0.000,0.00
85.1093,0.000,0.000,0.00,0.77,0.00,0.000,0.000,0.00,0.000,0.000,0.00,0.000,0.000,0.00,0.000,0.000,0.00,0.000,0.000,0.00,0.000,0.000,0.00,0.000,0.000,0.00,0.000,0.000,0.00,0.000,0.000,0.00,0.000,0.000,0.00,0.000,0.000,0.00,0.000,0.000,0.00,0.000,0.000,0.00,0.000,0.000,0.00,0.000,0.000,0.00,0.000,0.000,0.00,0.000,0.000,0.00,0.000,0.000,0.00,0.000,0.000,0.00,0.000,0.000,0.00,0.000,0.000,0.00,0.000,0.000,0.00,0.000,0.000,0.00,0.000,0.000,0.00,0.000,0.000,0.00,0.000,0.000,0.00,0.000,0.000,0.00,0.000,0.000,0.00,0.000,0.000,0.00,0.000,0.000,0.00
85.2111,0.000,0.000,0.00,0.84,0.00,0.000,0.000,0.00,0.000,0.000,0.00,0.000,0.000,0.00,0.000,0.000,0.00,0.000,0.000,0.00,0.000,0.000,0.00,0.000,0.000,0.00,0.000,0.000,0.00,0.000,0.000,0.00,0.000,0.000,0.00,0.000,0.000,0.00,0.000,0.000,0.00,0.000,0.000,0.00,0.000,0.000,0.00,0.000,0.000,0.00,0.000,0.000,0.00,0.000,0.000,0.00,0.000,0.000,0.00,0.000,0.000,0.00,0.000,0.000,0.00,0.000,0.000,0.00,0.000,0.000,0.00,0.000,0.000,0.00,0.000,0.000,0.00,0.000,0.000,0.00,0.000,0.000,0.00,0.000,0.000,0.00,0.000,0.000,0.00,0.000,0.000,0.00,0.000,0.000,0.00
85.3129,0.000,0.000,0.00,0.77,0.00,0.000,0.000,0.00,0.000,0.000,0.00,0.000,0.000,0.00,0.000,0.000,0.00,0.000,0.000,0.00,0.000,0.000,0.00,0.000,0.000,0.00,0.000,0.000,0.00,0.000,0.000,0.00,0.000,0.000,0.00,0.000,0.000,0.00,0.000,0.000,0.00,0.000,0.000,0.00,0.000,0.000,0.00,0.000,0.000,0.00,0.000,0.000,0.00,0.000,0.000,0.00,0.000,0.000,0.00,0.000,0.000,0.00,0.000,0.000,0.00,0.000,0.000,0.00,0.000,0.000,0.00,0.000,0.000,0.00,0.000,0.000,0.00,0.000,0.000,0.00,0.000,0.000,0.00,0.000,0.000,0.00,0.000,0.000,0.00,0.000,0.000,0.00,0.000,0.000,0.00
85.4147,0.000,0.000,0.00,0.77,0.00,0.000,0.000,0.00,0.000,0.000,0.00,0.000,0.000,0.00,0.000,0.000,0.00,0.000,0.000,0.00,0.000,0.000,0.00,0.000,0.000,0.00,0.000,0.000,0.00,0.000,0.000,0.00,0.000,0.000,0.00,0.000,0.000,0.00,0.000,0.000,0.00,0.000,0.000,0.00,0.000,0.000,0.00,0.000,0.000,0.00,0.000,0.000,0.00,0.000,0.000,0.00,0.000,0.000,0.00,0.000,0.000,0.00,0.000,0.000,0.00,0.000,0.000,0.00,0.000,0.000,0.00,0.000,0.000,0.00,0.000,0.000,0.00,0.000,0.000,0.00,0.000,0.000,0.00,0.000,0.000,0.00,0.000,0.000,0.00,0.000,0.000,0.00,0.000,0.000,0.00
85.5164,0.000,0.000,0.00,0.92,0.00,0.000,0.000,0.00,0.000,0.000,0.00,0.000,0.000,0.00,0.000,0.000,0.00,0.000,0.000,0.00,0.000,0.000,0.00,0.000,0.000,0.00,0.000,0.000,0.00,0.000,0.000,0.00,0.000,0.000,0.00,0.000,0.000,0.00,0.000,0.000,0.00,0.000,0.000,0.00,0.000,0.000,0.00,0.000,0.000,0.00,0.000,0.000,0.00,0.000,0.000,0.00,0.000,0.000,0.00,0.000,0.000,0.00,0.000,0.000,0.00,0.000,0.000,0.00,0.000,0.000,0.00,0.000,0.000,0.00,0.000,0.000,0.00,0.000,0.000,0.00,0.000,0.000,0.00,0.000,0.000,0.00,0.000,0.000,0.00,0.000,0.000,0.00,0.000,0.000,0.00
85.6182,0.000,0.000,0.00,0.77,0.00,0.000,0.000,0.00,0.000,0.000,0.00,0.000,0.000,0.00,0.000,0.000,0.00,0.000,0.000,0.00,0.000,0.000,0.00,0.000,0.000,0.00,0.000,0.000,0.00,0.000,0.000,0.00,0.000,0.000,0.00,0.000,0.000,0.00,0.000,0.000,0.00,0.000,0.000,0.00,0.000,0.000,0.00,0.000,0.000,0.00,0.000,0.000,0.00,0.000,0.000,0.00,0.000,0.000,0.00,0.000,0.000,0.00,0.000,0.000,0.00,0.000,0.000,0.00,0.000,0.000,0.00,0.000,0.000,0.00,0.000,0.000,0.00,0.000,0.000,0.00,0.000,0.000,0.00,0.000,0.000,0.00,0.000,0.000,0.00,0.000,0.000,0.00,0.000,0.000,0.00
85.7200,0.000,0.000,0.00,1.15,0.00,0.000,0.000,0.00,0.000,0.000,0.00,0.000,0.000,0.00,0.000,0.000,0.00,0.000,0.000,0.00,0.000,0.000,0.00,0.000,0.000,0.00,0.000,0.000,0.00,0.000,0.000,0.00,0.000,0.000,0.00,0.000,0.000,0.00,0.000,0.000,0.00,0.000,0.000,0.00,0.000,0.000,0.00,0.000,0.000,0.00,0.000,0.000,0.00,0.000,0.000,0.00,0.000,0.000,0.00,0.000,0.000,0.00,0.000,0.000,0.00,0.000,0.000,0.00,0.000,0.000,0.00,0.000,0.000,0.00,0.000,0.000,0.00,0.000,0.000,0.00,0.000,0.000,0.00,0.000,0.000,0.00,0.000,0.000,0.00,0.000,0.000,0.00,0.000,0.000,0.00
85.8219,0.000,0.000,0.00,0.85,0.00,0.000,0.000,0.00,0.000,0.000,0.00,0.000,0.000,0.00,0.000,0.000,0.00,0.000,0.000,0.00,0.000,0.000,0.00,0.000,0.000,0.00,0.000,0.000,0.00,0.000,0.000,0.00,0.000,0.000,0.00,0.000,0.000,0.00,0.000,0.000,0.00,0.000,0.000,0.00,0.000,0.000,0.00,0.000,0.000,0.00,0.000,0.000,0.00,0.000,0.000,0.00,0.000,0.000,0.00,0.000,0.000,0.00,0.000,0.000,0.00,0.000,0.000,0.00,0.000,0.000,0.00,0.000,0.000,0.00,0.000,0.000,0.00,0.000,0.000,0.00,0.000,0.000,0.00,0.000,0.000,0.00,0.000,0.000,0.00,0.000,0.000,0.00,0.000,0.000,0.00
85.9231,0.000,0.000,0.00,0.92,0.00,0.000,0.000,0.00,0.000,0.000,0.00,0.000,0.000,0.00,0.000,0.000,0.00,0.000,0.000,0.00,0.000,0.000,0.00,0.000,0.000,0.00,0.000,0.000,0.00,0.000,0.000,0.00,0.000,0.000,0.00,0.000,0.000,0.00,0.000,0.000,0.00,0.000,0.000,0.00,0.000,0.000,0.00,0.000,0.000,0.00,0.000,0.000,0.00,0.000,0.000,0.00,0.000,0.000,0.00,0.000,0.000,0.00,0.000,0.000,0.00,0.000,0.000,0.00,0.000,0.000,0.00,0.000,0.000,0.00,0.000,0.000,0.00,0.000,0.000,0.00,0.000,0.000,0.00,0.000,0.000,0.00,0.000,0.000,0.00,0.000,0.000,0.00,0.000,0.000,0.00
86.0248,0.000,0.000,0.00,1.08,0.00,0.000,0.000,0.00,0.000,0.000,0.00,0.000,0.000,0.00,0.000,0.000,0.00,0.000,0.000,0.00,0.000,0.000,0.00,0.000,0.000,0.00,0.000,0.000,0.00,0.000,0.000,0.00,0.000,0.000,0.00,0.000,0.000,0.00,0.000,0.000,0.00,0.000,0.000,0.00,0.000,0.000,0.00,0.000,0.000,0.00,0.000,0.000,0.00,0.000,0.000,0.00,0.000,0.000,0.00,0.000,0.000,0.00,0.000,0.000,0.00,0.000,0.000,0.00,0.000,0.000,0.00,0.000,0.000,0.00,0.000,0.000,0.00,0.000,0.000,0.00,0.000,0.000,0.00,0.000,0.000,0.00,0.000,0.000,0.00,0.000,0.000,0.00,0.000,0.000,0.00
86.1266,0.000,0.000,0.00,0.92,0.00,0.000,0.000,0.00,0.000,0.000,0.00,0.000,0.000,0.00,0.000,0.000,0.00,0.000,0.000,0.00,0.000,0.000,0.00,0.000,0.000,0.00,0.000,0.000,0.00,0.000,0.000,0.00,0.000,0.000,0.00,0.000,0.000,0.00,0.000,0.000,0.00,0.000,0.000,0.00,0.000,0.000,0.00,0.000,0.000,0.00,0.000,0.000,0.00,0.000,0.000,0.00,0.000,0.000,0.00,0.000,0.000,0.00,0.000,0.000,0.00,0.000,0.000,0.00,0.000,0.000,0.00,0.000,0.000,0.00,0.000,0.000,0.00,0.000,0.000,0.00,0.000,0.000,0.00,0.000,0.000,0.00,0.000,0.000,0.00,0.000,0.000,0.00,0.000,0.000,0.00
86.2284,0.000,0.000,0.00,0.77,0.00,0.000,0.000,0.00,0.000,0.000,0.00,0.000,0.000,0.00,0.000,0.000,0.00,0.000,0.000,0.00,0.000,0.000,0.00,0.000,0.000,0.00,0.000,0.000,0.00,0.000,0.000,0.00,0.000,0.000,0.00,0.000,0.000,0.00,0.000,0.000,0.00,0.000,0.000,0.00,0.000,0.000,0.00,0.000,0.000,0.00,0.000,0.000,0.00,0.000,0.000,0.00,0.000,0.000,0.00,0.000,0.000,0.00,0.000,0.000,0.00,0.000,0.000,0.00,0.000,0.000,0.00,0.000,0.000,0.00,0.000,0.000,0.00,0.000,0.000,0.00,0.000,0.000,0.00,0.000,0.000,0.00,0.000,0.000,0.00,0.000,0.000,0.00,0.000,0.000,0.00
86.3294,0.000,0.000,0.00,0.84,0.00,0.000,0.000,0.00,0.000,0.000,0.00,0.000,0.000,0.00,0.000,0.000,0.00,0.000,0.000,0.00,0.000,0.000,0.00,0.000,0.000,0.00,0.000,0.000,0.00,0.000,0.000,0.00,0.000,0.000,0.00,0.000,0.000,0.00,0.000,0.000,0.00,0.000,0.000,0.00,0.000,0.000,0.00,0.000,0.000,0.00,0.000,0.000,0.00,0.000,0.000,0.00,0.000,0.000,0.00,0.000,0.000,0.00,0.000,0.000,0.00,0.000,0.000,0.00,0.000,0.000,0.00,0.000,0.000,0.00,0.000,0.000,0.00,0.000,0.000,0.00,0.000,0.000,0.00,0.000,0.000,0.00,0.000,0.000,0.00,0.000,0.000,0.00,0.000,0.000,0.00
86.4314,0.000,0.000,0.00,1.00,0.00,0.000,0.000,0.00,0.000,0.000,0.00,0.000,0.000,0.00,0.000,0.000,0.00,0.000,0.000,0.00,0.000,0.000,0.00,0.000,0.000,0.00,0.000,0.000,0.00,0.000,0.000,0.00,0.000,0.000,0.00,0.000,0.000,0.00,0.000,0.000,0.00,0.000,0.000,0.00,0.000,0.000,0.00,0.000,0.000,0.00,0.000,0.000,0.00,0.000,0.000,0.00,0.000,0.000,0.00,0.000,0.000,0.00,0.000,0.000,0.00,0.000,0.000,0.00,0.000,0.000,0.00,0.000,0.000,0.00,0.000,0.000,0.00,0.000,0.000,0.00,0.000,0.000,0.00,0.000,0.000,0.00,0.000,0.000,0.00,0.000,0.000,0.00,0.000,0.000,0.00
86.5326,0.000,0.000,0.00,0.77,0.00,0.000,0.000,0.00,0.000,0.000,0.00,0.000,0.000,0.00,0.000,0.000,0.00,0.000,0.000,0.00,0.000,0.000,0.00,0.000,0.000,0.00,0.000,0.000,0.00,0.000,0.000,0.00,0.000,0.000,0.00,0.000,0.000,0.00,0.000,0.000,0.00,0.000,0.000,0.00,0.000,0.000,0.00,0.000,0.000,0.00,0.000,0.000,0.00,0.000,0.000,0.00,0.000,0.000,0.00,0.000,0.000,0.00,0.000,0.000,0.00,0.000,0.000,0.00,0.000,0.000,0.00,0.000,0.000,0.00,0.000,0.000,0.00,0.000,0.000,0.00,0.000,0.000,0.00,0.000,0.000,0.00,0.000,0.000,0.00,0.000,0.000,0.00,0.000,0.000,0.00
86.6344,0.000,0.000,0.00,0.92,0.00,0.000,0.000,0.00,0.000,0.000,0.00,0.000,0.000,0.00,0.000,0.000,0.00,0.000,0.000,0.00,0.000,0.000,0.00,0.000,0.000,0.00,0.000,0.000,0.00,0.000,0.000,0.00,0.000,0.000,0.00,0.000,0.000,0.00,0.000,0.000,0.00,0.000,0.000,0.00,0.000,0.000,0.00,0.000,0.000,0.00,0.000,0.000,0.00,0.000,0.000,0.00,0.000,0.000,0.00,0.000,0.000,0.00,0.000,0.000,0.00,0.000,0.000,0.00,0.000,0.000,0.00,0.000,0.000,0.00,0.000,0.000,0.00,0.000,0.000,0.00,0.000,0.000,0.00,0.000,0.000,0.00,0.000,0.000,0.00,0.000,0.000,0.00,0.000,0.000,0.00
86.7362,0.000,0.000,0.00,1.07,0.00,0.000,0.000,0.00,0.000,0.000,0.00,0.000,0.000,0.00,0.000,0.000,0.00,0.000,0.000,0.00,0.000,0.000,0.00,0.000,0.000,0.00,0.000,0.000,0.00,0.000,0.000,0.00,0.000,0.000,0.00,0.000,0.000,0.00,0.000,0.000,0.00,0.000,0.000,0.00,0.000,0.000,0.00,0.000,0.000,0.00,0.000,0.000,0.00,0.000,0.000,0.00,0.000,0.000,0.00,0.000,0.000,0.00,0.000,0.000,0.00,0.000,0.000,0.00,0.000,0.000,0.00,0.000,0.000,0.00,0.000,0.000,0.00,0.000,0.000,0.00,0.000,0.000,0.00,0.000,0.000,0.00,0.000,0.000,0.00,0.000,0.000,0.00,0.000,0.000,0.00
86.8380,0.000,0.000,0.00,0.77,0.00,0.000,0.000,0.00,0.000,0.000,0.00,0.000,0.000,0.00,0.000,0.000,0.00,0.000,0.000,0.00,0.000,0.000,0.00,0.000,0.000,0.00,0.000,0.000,0.00,0.000,0.000,0.00,0.000,0.000,0.00,0.000,0.000,0.00,0.000,0.000,0.00,0.000,0.000,0.00,0.000,0.000,0.00,0.000,0.000,0.00,0.000,0.000,0.00,0.000,0.000,0.00,0.000,0.000,0.00,0.000,0.000,0.00,0.000,0.000,0.00,0.000,0.000,0.00,0.000,0.000,0.00,0.000,0.000,0.00,0.000,0.000,0.00,0.000,0.000,0.00,0.000,0.000,0.00,0.000,0.000,0.00,0.000,0.000,0.00,0.000,0.000,0.00,0.000,0.000,0.00
86.9390,0.000,0.000,0.00,0.85,0.00,0.000,0.000,0.00,0.000,0.000,0.00,0.000,0.000,0.00,0.000,0.000,0.00,0.000,0.000,0.00,0.000,0.000,0.00,0.000,0.000,0.00,0.000,0.000,0.00,0.000,0.000,0.00,0.000,0.000,0.00,0.000,0.000,0.00,0.000,0.000,0.00,0.000,0.000,0.00,0.000,0.000,0.00,0.000,0.000,0.00,0.000,0.000,0.00,0.000,0.000,0.00,0.000,0.000,0.00,0.000,0.000,0.00,0.000,0.000,0.00,0.000,0.000,0.00,0.000,0.000,0.00,0.000,0.000,0.00,0.000,0.000,0.00,0.000,0.000,0.00,0.000,0.000,0.00,0.000,0.000,0.00,0.000,0.000,0.00,0.000,0.000,0.00,0.000,0.000,0.00
87.0408,0.000,0.035,0.07,0.77,0.00,0.000,0.000,0.00,0.000,0.000,0.00,0.000,0.000,0.00,0.000,0.000,0.00,0.000,0.000,0.00,0.000,0.000,0.00,0.000,0.000,0.00,0.000,0.000,0.00,0.000,0.000,0.00,0.000,0.000,0.00,0.000,0.035,1.96,0.000,0.000,0.00,0.000,0.000,0.00,0.000,0.000,0.00,0.000,0.000,0.00,0.000,0.000,0.00,0.000,0.000,0.00,0.000,0.000,0.00,0.000,0.000,0.00,0.000,0.000,0.00,0.000,0.000,0.00,0.000,0.000,0.00,0.000,0.000,0.00,0.000,0.000,0.00,0.000,0.000,0.00,0.000,0.000,0.00,0.000,0.000,0.00,0.000,0.000,0.00,0.000,0.000,0.00,0.000,0.000,0.00
87.1426,0.000,0.000,0.00,1.00,0.00,0.000,0.000,0.00,0.000,0.000,0.00,0.000,0.000,0.00,0.000,0.000,0.00,0.000,0.000,0.00,0.000,0.000,0.00,0.000,0.000,0.00,0.000,0.000,0.00,0.000,0.000,0.00,0.000,0.000,0.00,0.000,0.000,0.00,0.000,0.000,0.00,0.000,0.000,0.00,0.000,0.000,0.00,0.000,0.000,0.00,0.000,0.000,0.00,0.000,0.000,0.00,0.000,0.000,0.00,0.000,0.000,0.00,0.000,0.000,0.00,0.000,0.000,0.00,0.000,0.000,0.00,0.000,0.000,0.00,0.000,0.000,0.00,0.000,0.000,0.00,0.000,0.000,0.00,0.000,0.000,0.00,0.000,0.000,0.00,0.000,0.000,0.00,0.000,0.000,0.00
87.2444,0.000,0.000,0.00,0.92,0.00,0.000,0.000,0.00,0.000,0.000,0.00,0.000,0.000,0.00,0.000,0.000,0.00,0.000,0.000,0.00,0.000,0.000,0.00,0.000,0.000,0.00,0.000,0.000,0.00,0.000,0.000,0.00,0.000,0.000,0.00,0.000,0.000,0.00,0.000,0.000,0.00,0.000,0.000,0.00,0.000,0.000,0.00,0.000,0.000,0.00,0.000,0.000,0.00,0.000,0.000,0.00,0.000,0.000,0.00,0.000,0.000,0.00,0.000,0.000,0.00,0.000,0.000,0.00,0.000,0.000,0.00,0.000,0.000,0.00,0.000,0.000,0.00,0.000,0.000,0.00,0.000,0.000,0.00,0.000,0.000,0.00,0.000,0.000,0.00,0.000,0.000,0.00,0.000,0.000,0.00
87.3461,0.000,0.000,0.00,0.77,0.00,0.000,0.000,0.00,0.000,0.000,0.00,0.000,0.000,0.00,0.000,0.000,0.00,0.000,0.000,0.00,0.000,0.000,0.00,0.000,0.000,0.00,0.000,0.000,0.00,0.000,0.000,0.00,0.000,0.000,0.00,0.000,0.000,0.00,0.000,0.000,0.00,0.000,0.000,0.00,0.000,0.000,0.00,0.000,0.000,0.00,0.000,0.000,0.00,0.000,0.000,0.00,0.000,0.000,0.00,0.000,0.000,0.00,0.000,0.000,0.00,0.000,0.000,0.00,0.000,0.000,0.00,0.000,0.000,0.00,0.000,0.000,0.00,0.000,0.000,0.00,0.000,0.000,0.00,0.000,0.000,0.00,0.000,0.000,0.00,0.000,0.000,0.00,0.000,0.000,0.00
87.4480,0.000,0.000,0.00,0.84,0.00,0.000,0.000,0.00,0.000,0.000,0.00,0.000,0.000,0.00,0.000,0.000,0.00,0.000,0.000,0.00,0.000,0.000,0.00,0.000,0.000,0.00,0.000,0.000,0.00,0.000,0.000,0.00,0.000,0.000,0.00,0.000,0.000,0.00,0.000,0.000,0.00,0.000,0.000,0.00,0.000,0.000,0.00,0.000,0.000,0.00,0.000,0.000,0.00,0.000,0.000,0.00,0.000,0.000,0.00,0.000,0.000,0.00,0.000,0.000,0.00,0.000,0.000,0.00,0.000,0.000,0.00,0.000,0.000,0.00,0.000,0.000,0.00,0.000,0.000,0.00,0.000,0.000,0.00,0.000,0.000,0.00,0.000,0.000,0.00,0.000,0.000,0.00,0.000,0.000,0.00
87.5498,0.000,0.000,0.00,1.07,0.00,0.000,0.000,0.00,0.000,0.000,0.00,0.000,0.000,0.00,0.000,0.000,0.00,0.000,0.000,0.00,0.000,0.000,0.00,0.000,0.000,0.00,0.000,0.000,0.00,0.000,0.000,0.00,0.000,0.000,0.00,0.000,0.000,0.00,0.000,0.000,0.00,0.000,0.000,0.00,0.000,0.000,0.00,0.000,0.000,0.00,0.000,0.000,0.00,0.000,0.000,0.00,0.000,0.000,0.00,0.000,0.000,0.00,0.000,0.000,0.00,0.000,0.000,0.00,0.000,0.000,0.00,0.000,0.000,0.00,0.000,0.000,0.00,0.000,0.000,0.00,0.000,0.000,0.00,0.000,0.000,0.00,0.000,0.000,0.00,0.000,0.000,0.00,0.000,0.000,0.00
87.6516,0.000,0.000,0.00,0.84,0.00,0.000,0.000,0.00,0.000,0.000,0.00,0.000,0.000,0.00,0.000,0.000,0.00,0.000,0.000,0.00,0.000,0.000,0.00,0.000,0.000,0.00,0.000,0.000,0.00,0.000,0.000,0.00,0.000,0.000,0.00,0.000,0.000,0.00,0.000,0.000,0.00,0.000,0.000,0.00,0.000,0.000,0.00,0.000,0.000,0.00,0.000,0.000,0.00,0.000,0.000,0.00,0.000,0.000,0.00,0.000,0.000,0.00,0.000,0.000,0.00,0.000,0.000,0.00,0.000,0.000,0.00,0.000,0.000,0.00,0.000,0.000,0.00,0.000,0.000,0.00,0.000,0.000,0.00,0.000,0.000,0.00,0.000,0.000,0.00,0.000,0.000,0.00,0.000,0.000,0.00
87.7534,0.000,0.000,0.00,0.84,0.00,0.000,0.000,0.00,0.000,0.000,0.00,0.000,0.000,0.00,0.000,0.000,0.00,0.000,0.000,0.00,0.000,0.000,0.00,0.000,0.000,0.00,0.000,0.000,0.00,0.000,0.000,0.00,0.000,0.000,0.00,0.000,0.000,0.00,0.000,0.000,0.00,0.000,0.000,0.00,0.000,0.000,0.00,0.000,0.000,0.00,0.000,0.000,0.00,0.000,0.000,0.00,0.000,0.000,0.00,0.000,0.000,0.00,0.000,0.000,0.00,0.000,0.000,0.00,0.000,0.000,0.00,0.000,0.000,0.00,0.000,0.000,0.00,0.000,0.000,0.00,0.000,0.000,0.00,0.000,0.000,0.00,0.000,0.000,0.00,0.000,0.000,0.00,0.000,0.000,0.00
87.8552,0.000,0.000,0.00,0.85,0.00,0.000,0.000,0.00,0.000,0.000,0.00,0.000,0.000,0.00,0.000,0.000,0.00,0.000,0.000,0.00,0.000,0.000,0.00,0.000,0.000,0.00,0.000,0.000,0.00,0.000,0.000,0.00,0.000,0.000,0.00,0.000,0.000,0.00,0.000,0.000,0.00,0.000,0.000,0.00,0.000,0.000,0.00,0.000,0.000,0.00,0.000,0.000,0.00,0.000,0.000,0.00,0.000,0.000,0.00,0.000,0.000,0.00,0.000,0.000,0.00,0.000,0.000,0.00,0.000,0.000,0.00,0.000,0.000,0.00,0.000,0.000,0.00,0.000,0.000,0.00,0.000,0.000,0.00,0.000,0.000,0.00,0.000,0.000,0.00,0.000,0.000,0.00,0.000,0.000,0.00
87.9570,0.000,0.000,0.00,0.92,0.00,0.000,0.000,0.00,0.000,0.000,0.00,0.000,0.000,0.00,0.000,0.000,0.00,0.000,0.000,0.00,0.000,0.000,0.00,0.000,0.000,0.00,0.000,0.000,0.00,0.000,0.000,0.00,0.000,0.000,0.00,0.000,0.000,0.00,0.000,0.000,0.00,0.000,0.000,0.00,0.000,0.000,0.00,0.000,0.000,0.00,0.000,0.000,0.00,0.000,0.000,0.00,0.000,0.000,0.00,0.000,0.000,0.00,0.000,0.000,0.00,0.000,0.000,0.00,0.000,0.000,0.00,0.000,0.000,0.00,0.000,0.000,0.00,0.000,0.000,0.00,0.000,0.000,0.00,0.000,0.000,0.00,0.000,0.000,0.00,0.000,0.000,0.00,0.000,0.000,0.00
88.0588,0.000,0.000,0.00,0.84,0.00,0.000,0.000,0.00,0.000,0.000,0.00,0.000,0.000,0.00,0.000,0.000,0.00,0.000,0.000,0.00,0.000,0.000,0.00,0.000,0.000,0.00,0.000,0.000,0.00,0.000,0.000,0.00,0.000,0.000,0.00,0.000,0.000,0.00,0.000,0.000,0.00,0.000,0.000,0.00,0.000,0.000,0.00,0.000,0.000,0.00,0.000,0.000,0.00,0.000,0.000,0.00,0.000,0.000,0.00,0.000,0.000,0.00,0.000,0.000,0.00,0.000,0.000,0.00,0.000,0.000,0.00,0.000,0.000,0.00,0.000,0.000,0.00,0.000,0.000,0.00,0.000,0.000,0.00,0.000,0.000,0.00,0.000,0.000,0.00,0.000,0.000,0.00,0.000,0.000,0.00
88.1606,0.000,0.000,0.00,0.77,0.00,0.000,0.000,0.00,0.000,0.000,0.00,0.000,0.000,0.00,0.000,0.000,0.00,0.000,0.000,0.00,0.000,0.000,0.00,0.000,0.000,0.00,0.000,0.000,0.00,0.000,0.000,0.00,0.000,0.000,0.00,0.000,0.000,0.00,0.000,0.000,0.00,0.000,0.000,0.00,0.000,0.000,0.00,0.000,0.000,0.00,0.000,0.000,0.00,0.000,0.000,0.00,0.000,0.000,0.00,0.000,0.000,0.00,0.000,0.000,0.00,0.000,0.000,0.00,0.000,0.000,0.00,0.000,0.000,0.00,0.000,0.000,0.00,0.000,0.000,0.00,0.000,0.000,0.00,0.000,0.000,0.00,0.000,0.000,0.00,0.000,0.000,0.00,0.000,0.000,0.00
88.2624,0.000,0.000,0.00,0.84,0.00,0.000,0.000,0.00,0.000,0.000,0.00,0.000,0.000,0.00,0.000,0.000,0.00,0.000,0.000,0.00,0.000,0.000,0.00,0.000,0.000,0.00,0.000,0.000,0.00,0.000,0.000,0.00,0.000,0.000,0.00,0.000,0.000,0.00,0.000,0.000,0.00,0.000,0.000,0.00,0.000,0.000,0.00,0.000,0.000,0.00,0.000,0.000,0.00,0.000,0.000,0.00,0.000,0.000,0.00,0.000,0.000,0.00,0.000,0.000,0.00,0.000,0.000,0.00,0.000,0.000,0.00,0.000,0.000,0.00,0.000,0.000,0.00,0.000,0.000,0.00,0.000,0.000,0.00,0.000,0.000,0.00,0.000,0.000,0.00,0.000,0.000,0.00,0.000,0.000,0.00
88.3642,0.000,0.000,0.00,0.92,0.00,0.000,0.000,0.00,0.000,0.000,0.00,0.000,0.000,0.00,0.000,0.000,0.00,0.000,0.000,0.00,0.000,0.000,0.00,0.000,0.000,0.00,0.000,0.000,0.00,0.000,0.000,0.00,0.000,0.000,0.00,0.000,0.000,0.00,0.000,0.000,0.00,0.000,0.000,0.00,0.000,0.000,0.00,0.000,0.000,0.00,0.000,0.000,0.00,0.000,0.000,0.00,0.000,0.000,0.00,0.000,0.000,0.00,0.000,0.000,0.00,0.000,0.000,0.00,0.000,0.000,0.00,0.000,0.000,0.00,0.000,0.000,0.00,0.000,0.000,0.00,0.000,0.000,0.00,0.000,0.000,0.00,0.000,0.000,0.00,0.000,0.000,0.00,0.000,0.000,0.00
88.4660,0.000,0.000,0.00,0.84,0.00,0.000,0.000,0.00,0.000,0.000,0.00,0.000,0.000,0.00,0.000,0.000,0.00,0.000,0.000,0.00,0.000,0.000,0.00,0.000,0.000,0.00,0.000,0.000,0.00,0.000,0.000,0.00,0.000,0.000,0.00,0.000,0.000,0.00,0.000,0.000,0.00,0.000,0.000,0.00,0.000,0.000,0.00,0.000,0.000,0.00,0.000,0.000,0.00,0.000,0.000,0.00,0.000,0.000,0.00,0.000,0.000,0.00,0.000,0.000,0.00,0.000,0.000,0.00,0.000,0.000,0.00,0.000,0.000,0.00,0.000,0.000,0.00,0.000,0.000,0.00,0.000,0.000,0.00,0.000,0.000,0.00,0.000,0.000,0.00,0.000,0.000,0.00,0.000,0.000,0.00
88.5678,0.000,0.000,0.00,0.84,0.00,0.000,0.000,0.00,0.000,0.000,0.00,0.000,0.000,0.00,0.000,0.000,0.00,0.000,0.000,0.00,0.000,0.000,0.00,0.000,0.000,0.00,0.000,0.000,0.00,0.000,0.000,0.00,0.000,0.000,0.00,0.000,0.000,0.00,0.000,0.000,0.00,0.000,0.000,0.00,0.000,0.000,0.00,0.000,0.000,0.00,0.000,0.000,0.00,0.000,0.000,0.00,0.000,0.000,0.00,0.000,0.000,0.00,0.000,0.000,0.00,0.000,0.000,0.00,0.000,0.000,0.00,0.000,0.000,0.00,0.000,0.000,0.00,0.000,0.000,0.00,0.000,0.000,0.00,0.000,0.000,0.00,0.000,0.000,0.00,0.000,0.000,0.00,0.000,0.000,0.00
88.6696,0.000,0.000,0.00,0.92,0.00,0.000,0.000,0.00,0.000,0.000,0.00,0.000,0.000,0.00,0.000,0.000,0.00,0.000,0.000,0.00,0.000,0.000,0.00,0.000,0.000,0.00,0.000,0.000,0.00,0.000,0.000,0.00,0.000,0.000,0.00,0.000,0.000,0.00,0.000,0.000,0.00,0.000,0.000,0.00,0.000,0.000,0.00,0.000,0.000,0.00,0.000,0.000,0.00,0.000,0.000,0.00,0.000,0.000,0.00,0.000,0.000,0.00,0.000,0.000,0.00,0.000,0.000,0.00,0.000,0.000,0.00,0.000,0.000,0.00,0.000,0.000,0.00,0.000,0.000,0.00,0.000,0.000,0.00,0.000,0.000,0.00,0.000,0.000,0.00,0.000,0.000,0.00,0.000,0.000,0.00
88.7710,0.000,0.000,0.00,0.92,0.00,0.000,0.000,0.00,0.000,0.000,0.00,0.000,0.000,0.00,0.000,0.000,0.00,0.000,0.000,0.00,0.000,0.000,0.00,0.000,0.000,0.00,0.000,0.000,0.00,0.000,0.000,0.00,0.000,0.000,0.00,0.000,0.000,0.00,0.000,0.000,0.00,0.000,0.000,0.00,0.000,0.000,0.00,0.000,0.000,0.00,0.000,0.000,0.00,0.000,0.000,0.00,0.000,0.000,0.00,0.000,0.000,0.00,0.000,0.000,0.00,0.000,0.000,0.00,0.000,0.000,0.00,0.000,0.000,0.00,0.000,0.000,0.00,0.000,0.000,0.00,0.000,0.000,0.00,0.000,0.000,0.00,0.000,0.000,0.00,0.000,0.000,0.00,0.000,0.000,0.00
88.8728,0.000,0.000,0.00,0.77,0.00,0.000,0.000,0.00,0.000,0.000,0.00,0.000,0.000,0.00,0.000,0.000,0.00,0.000,0.000,0.00,0.000,0.000,0.00,0.000,0.000,0.00,0.000,0.000,0.00,0.000,0.000,0.00,0.000,0.000,0.00,0.000,0.000,0.00,0.000,0.000,0.00,0.000,0.000,0.00,0.000,0.000,0.00,0.000,0.000,0.00,0.000,0.000,0.00,0.000,0.000,0.00,0.000,0.000,0.00,0.000,0.000,0.00,0.000,0.000,0.00,0.000,0.000,0.00,0.000,0.000,0.00,0.000,0.000,0.00,0.000,0.000,0.00,0.000,0.000,0.00,0.000,0.000,0.00,0.000,0.000,0.00,0.000,0.000,0.00,0.000,0.000,0.00,0.000,0.000,0.00
88.9746,0.000,0.000,0.00,0.84,0.00,0.000,0.000,0.00,0.000,0.000,0.00,0.000,0.000,0.00,0.000,0.000,0.00,0.000,0.000,0.00,0.000,0.000,0.00,0.000,0.000,0.00,0.000,0.000,0.00,0.000,0.000,0.00,0.000,0.000,0.00,0.000,0.000,0.00,0.000,0.000,0.00,0.000,0.000,0.00,0.000,0.000,0.00,0.000,0.000,0.00,0.000,0.000,0.00,0.000,0.000,0.00,0.000,0.000,0.00,0.000,0.000,0.00,0.000,0.000,0.00,0.000,0.000,0.00,0.000,0.000,0.00,0.000,0.000,0.00,0.000,0.000,0.00,0.000,0.000,0.00,0.000,0.000,0.00,0.000,0.000,0.00,0.000,0.000,0.00,0.000,0.000,0.00,0.000,0.000,0.00
89.0763,0.000,0.000,0.00,1.00,0.00,0.000,0.000,0.00,0.000,0.000,0.00,0.000,0.000,0.00,0.000,0.000,0.00,0.000,0.000,0.00,0.000,0.000,0.00,0.000,0.000,0.00,0.000,0.000,0.00,0.000,0.000,0.00,0.000,0.000,0.00,0.000,0.000,0.00,0.000,0.000,0.00,0.000,0.000,0.00,0.000,0.000,0.00,0.000,0.000,0.00,0.000,0.000,0.00,0.000,0.000,0.00,0.000,0.000,0.00,0.000,0.000,0.00,0.000,0.000,0.00,0.000,0.000,0.00,0.000,0.000,0.00,0.000,0.000,0.00,0.000,0.000,0.00,0.000,0.000,0.00,0.000,0.000,0.00,0.000,0.000,0.00,0.000,0.000,0.00,0.000,0.000,0.00,0.000,0.000,0.00
89.1781,0.000,0.000,0.00,0.92,0.00,0.000,0.000,0.00,0.000,0.000,0.00,0.000,0.000,0.00,0.000,0.000,0.00,0.000,0.000,0.00,0.000,0.000,0.00,0.000,0.000,0.00,0.000,0.000,0.00,0.000,0.000,0.00,0.000,0.000,0.00,0.000,0.000,0.00,0.000,0.000,0.00,0.000,0.000,0.00,0.000,0.000,0.00,0.000,0.000,0.00,0.000,0.000,0.00,0.000,0.000,0.00,0.000,0.000,0.00,0.000,0.000,0.00,0.000,0.000,0.00,0.000,0.000,0.00,0.000,0.000,0.00,0.000,0.000,0.00,0.000,0.000,0.00,0.000,0.000,0.00,0.000,0.000,0.00,0.000,0.000,0.00,0.000,0.000,0.00,0.000,0.000,0.00,0.000,0.000,0.00
89.2800,0.000,0.000,0.00,0.84,0.00,0.000,0.000,0.00,0.000,0.000,0.00,0.000,0.000,0.00,0.000,0.000,0.00,0.000,0.000,0.00,0.000,0.000,0.00,0.000,0.000,0.00,0.000,0.000,0.00,0.000,0.000,0.00,0.000,0.000,0.00,0.000,0.000,0.00,0.000,0.000,0.00,0.000,0.000,0.00,0.000,0.000,0.00,0.000,0.000,0.00,0.000,0.000,0.00,0.000,0.000,0.00,0.000,0.000,0.00,0.000,0.000,0.00,0.000,0.000,0.00,0.000,0.000,0.00,0.000,0.000,0.00,0.000,0.000,0.00,0.000,0.000,0.00,0.000,0.000,0.00,0.000,0.000,0.00,0.000,0.000,0.00,0.000,0.000,0.00,0.000,0.000,0.00,0.000,0.000,0.00
89.3820,0.000,0.000,0.00,0.77,0.00,0.000,0.000,0.00,0.000,0.000,0.00,0.000,0.000,0.00,0.000,0.000,0.00,0.000,0.000,0.00,0.000,0.000,0.00,0.000,0.000,0.00,0.000,0.000,0.00,0.000,0.000,0.00,0.000,0.000,0.00,0.000,0.000,0.00,0.000,0.000,0.00,0.000,0.000,0.00,0.000,0.000,0.00,0.000,0.000,0.00,0.000,0.000,0.00,0.000,0.000,0.00,0.000,0.000,0.00,0.000,0.000,0.00,0.000,0.000,0.00,0.000,0.000,0.00,0.000,0.000,0.00,0.000,0.000,0.00,0.000,0.000,0.00,0.000,0.000,0.00,0.000,0.000,0.00,0.000,0.000,0.00,0.000,0.000,0.00,0.000,0.000,0.00,0.000,0.000,0.00
89.4838,0.000,0.000,0.00,0.77,0.00,0.000,0.000,0.00,0.000,0.000,0.00,0.000,0.000,0.00,0.000,0.000,0.00,0.000,0.000,0.00,0.000,0.000,0.00,0.000,0.000,0.00,0.000,0.000,0.00,0.000,0.000,0.00,0.000,0.000,0.00,0.000,0.000,0.00,0.000,0.000,0.00,0.000,0.000,0.00,0.000,0.000,0.00,0.000,0.000,0.00,0.000,0.000,0.00,0.000,0.000,0.00,0.000,0.000,0.00,0.000,0.000,0.00,0.000,0.000,0.00,0.000,0.000,0.00,0.000,0.000,0.00,0.000,0.000,0.00,0.000,0.000,0.00,0.000,0.000,0.00,0.000,0.000,0.00,0.000,0.000,0.00,0.000,0.000,0.00,0.000,0.000,0.00,0.000,0.000,0.00
89.5857,0.000,0.000,0.00,0.92,0.00,0.000,0.000,0.00,0.000,0.000,0.00,0.000,0.000,0.00,0.000,0.000,0.00,0.000,0.000,0.00,0.000,0.000,0.00,0.000,0.000,0.00,0.000,0.000,0.00,0.000,0.000,0.00,0.000,0.000,0.00,0.000,0.000,0.00,0.000,0.000,0.00,0.000,0.000,0.00,0.000,0.000,0.00,0.000,0.000,0.00,0.000,0.000,0.00,0.000,0.000,0.00,0.000,0.000,0.00,0.000,0.000,0.00,0.000,0.000,0.00,0.000,0.000,0.00,0.000,0.000,0.00,0.000,0.000,0.00,0.000,0.000,0.00,0.000,0.000,0.00,0.000,0.000,0.00,0.000,0.000,0.00,0.000,0.000,0.00,0.000,0.000,0.00,0.000,0.000,0.00
89.6876,0.000,0.000,0.00,0.77,0.00,0.000,0.000,0.00,0.000,0.000,0.00,0.000,0.000,0.00,0.000,0.000,0.00,0.000,0.000,0.00,0.000,0.000,0.00,0.000,0.000,0.00,0.000,0.000,0.00,0.000,0.000,0.00,0.000,0.000,0.00,0.000,0.000,0.00,0.000,0.000,0.00,0.000,0.000,0.00,0.000,0.000,0.00,0.000,0.000,0.00,0.000,0.000,0.00,0.000,0.000,0.00,0.000,0.000,0.00,0.000,0.000,0.00,0.000,0.000,0.00,0.000,0.000,0.00,0.000,0.000,0.00,0.000,0.000,0.00,0.000,0.000,0.00,0.000,0.000,0.00,0.000,0.000,0.00,0.000,0.000,0.00,0.000,0.000,0.00,0.000,0.000,0.00,0.000,0.000,0.00
89.7893,0.000,0.000,0.00,0.77,0.00,0.000,0.000,0.00,0.000,0.000,0.00,0.000,0.000,0.00,0.000,0.000,0.00,0.000,0.000,0.00,0.000,0.000,0.00,0.000,0.000,0.00,0.000,0.000,0.00,0.000,0.000,0.00,0.000,0.000,0.00,0.000,0.000,0.00,0.000,0.000,0.00,0.000,0.000,0.00,0.000,0.000,0.00,0.000,0.000,0.00,0.000,0.000,0.00,0.000,0.000,0.00,0.000,0.000,0.00,0.000,0.000,0.00,0.000,0.000,0.00,0.000,0.000,0.00,0.000,0.000,0.00,0.000,0.000,0.00,0.000,0.000,0.00,0.000,0.000,0.00,0.000,0.000,0.00,0.000,0.000,0.00,0.000,0.000,0.00,0.000,0.000,0.00,0.000,0.000,0.00
89.8912,0.000,0.000,0.00,0.77,0.00,0.000,0.000,0.00,0.000,0.000,0.00,0.000,0.000,0.00,0.000,0.000,0.00,0.000,0.000,0.00,0.000,0.000,0.00,0.000,0.000,0.00,0.000,0.000,0.00,0.000,0.000,0.00,0.000,0.000,0.00,0.000,0.000,0.00,0.000,0.000,0.00,0.000,0.000,0.00,0.000,0.000,0.00,0.000,0.000,0.00,0.000,0.000,0.00,0.000,0.000,0.00,0.000,0.000,0.00,0.000,0.000,0.00,0.000,0.000,0.00,0.000,0.000,0.00,0.000,0.000,0.00,0.000,0.000,0.00,0.000,0.000,0.00,0.000,0.000,0.00,0.000,0.000,0.00,0.000,0.000,0.00,0.000,0.000,0.00,0.000,0.000,0.00,0.000,0.000,0.00
89.9929,0.000,0.000,0.00,0.84,0.00,0.000,0.000,0.00,0.000,0.000,0.00,0.000,0.000,0.00,0.000,0.000,0.00,0.000,0.000,0.00,0.000,0.000,0.00,0.000,0.000,0.00,0.000,0.000,0.00,0.000,0.000,0.00,0.000,0.000,0.00,0.000,0.000,0.00,0.000,0.000,0.00,0.000,0.000,0.00,0.000,0.000,0.00,0.000,0.000,0.00,0.000,0.000,0.00,0.000,0.000,0.00,0.000,0.000,0.00,0.000,0.000,0.00,0.000,0.000,0.00,0.000,0.000,0.00,0.000,0.000,0.00,0.000,0.000,0.00,0.000,0.000,0.00,0.000,0.000,0.00,0.000,0.000,0.00,0.000,0.000,0.00,0.000,0.000,0.00,0.000,0.000,0.00,0.000,0.000,0.00
90.0946,0.000,0.040,0.07,0.92,0.00,0.000,0.000,0.00,0.000,0.000,0.00,0.000,0.000,0.00,0.000,0.000,0.00,0.000,0.000,0.00,0.000,0.000,0.00,0.000,0.000,0.00,0.000,0.000,0.00,0.000,0.000,0.00,0.000,0.000,0.00,0.000,0.000,0.00,0.000,0.000,0.00,0.000,0.000,0.00,0.000,0.000,0.00,0.000,0.000,0.00,0.000,0.000,0.00,0.000,0.000,0.00,0.000,0.000,0.00,0.000,0.000,0.00,0.000,0.000,0.00,0.000,0.000,0.00,0.000,0.040,1.97,0.000,0.000,0.00,0.000,0.000,0.00,0.000,0.000,0.00,0.000,0.000,0.00,0.000,0.000,0.00,0.000,0.000,0.00,0.000,0.000,0.00,0.000,0.000,0.00
90.1964,0.000,0.000,0.00,0.77,0.00,0.000,0.000,0.00,0.000,0.000,0.00,0.000,0.000,0.00,0.000,0.000,0.00,0.000,0.000,0.00,0.000,0.000,0.00,0.000,0.000,0.00,0.000,0.000,0.00,0.000,0.000,0.00,0.000,0.000,0.00,0.000,0.000,0.00,0.000,0.000,0.00,0.000,0.000,0.00,0.000,0.000,0.00,0.000,0.000,0.00,0.000,0.000,0.00,0.000,0.000,0.00,0.000,0.000,0.00,0.000,0.000,0.00,0.000,0.000,0.00,0.000,0.000,0.00,0.000,0.000,0.00,0.000,0.000,0.00,0.000,0.000,0.00,0.000,0.000,0.00,0.000,0.000,0.00,0.000,0.000,0.00,0.000,0.000,0.00,0.000,0.000,0.00,0.000,0.000,0.00
90.2982,0.000,0.000,0.00,0.77,0.00,0.000,0.000,0.00,0.000,0.000,0.00,0.000,0.000,0.00,0.000,0.000,0.00,0.000,0.000,0.00,0.000,0.000,0.00,0.000,0.000,0.00,0.000,0.000,0.00,0.000,0.000,0.00,0.000,0.000,0.00,0.000,0.000,0.00,0.000,0.000,0.00,0.000,0.000,0.00,0.000,0.000,0.00,0.000,0.000,0.00,0.000,0.000,0.00,0.000,0.000,0.00,0.000,0.000,0.00,0.000,0.000,0.00,0.000,0.000,0.00,0.000,0.000,0.00,0.000,0.000,0.00,0.000,0.000,0.00,0.000,0.000,0.00,0.000,0.000,0.00,0.000,0.000,0.00,0.000,0.000,0.00,0.000,0.000,0.00,0.000,0.000,0.00,0.000,0.000,0.00
90.3999,0.000,0.000,0.00,0.77,0.00,0.000,0.000,0.00,0.000,0.000,0.00,0.000,0.000,0.00,0.000,0.000,0.00,0.000,0.000,0.00,0.000,0.000,0.00,0.000,0.000,0.00,0.000,0.000,0.00,0.000,0.000,0.00,0.000,0.000,0.00,0.000,0.000,0.00,0.000,0.000,0.00,0.000,0.000,0.00,0.000,0.000,0.00,0.000,0.000,0.00,0.000,0.000,0.00,0.000,0.000,0.00,0.000,0.000,0.00,0.000,0.000,0.00,0.000,0.000,0.00,0.000,0.000,0.00,0.000,0.000,0.00,0.000,0.000,0.00,0.000,0.000,0.00,0.000,0.000,0.00,0.000,0.000,0.00,0.000,0.000,0.00,0.000,0.000,0.00,0.000,0.000,0.00,0.000,0.000,0.00
90.5017,0.000,0.000,0.00,1.07,0.00,0.000,0.000,0.00,0.000,0.000,0.00,0.000,0.000,0.00,0.000,0.000,0.00,0.000,0.000,0.00,0.000,0.000,0.00,0.000,0.000,0.00,0.000,0.000,0.00,0.000,0.000,0.00,0.000,0.000,0.00,0.000,0.000,0.00,0.000,0.000,0.00,0.000,0.000,0.00,0.000,0.000,0.00,0.000,0.000,0.00,0.000,0.000,0.00,0.000,0.000,0.00,0.000,0.000,0.00,0.000,0.000,0.00,0.000,0.000,0.00,0.000,0.000,0.00,0.000,0.000,0.00,0.000,0.000,0.00,0.000,0.000,0.00,0.000,0.000,0.00,0.000,0.000,0.00,0.000,0.000,0.00,0.000,0.000,0.00,0.000,0.000,0.00,0.000,0.000,0.00
90.6035,0.000,0.000,0.00,1.00,0.00,0.000,0.000,0.00,0.000,0.000,0.00,0.000,0.000,0.00,0.000,0.000,0.00,0.000,0.000,0.00,0.000,0.000,0.00,0.000,0.000,0.00,0.000,0.000,0.00,0.000,0.000,0.00,0.000,0.000,0.00,0.000,0.000,0.00,0.000,0.000,0.00,0.000,0.000,0.00,0.000,0.000,0.00,0.000,0.000,0.00,0.000,0.000,0.00,0.000,0.000,0.00,0.000,0.000,0.00,0.000,0.000,0.00,0.000,0.000,0.00,0.000,0.000,0.00,0.000,0.000,0.00,0.000,0.000,0.00,0.000,0.000,0.00,0.000,0.000,0.00,0.000,0.000,0.00,0.000,0.000,0.00,0.000,0.000,0.00,0.000,0.000,0.00,0.000,0.000,0.00
90.7053,0.000,0.000,0.00,0.84,0.00,0.000,0.000,0.00,0.000,0.000,0.00,0.000,0.000,0.00,0.000,0.000,0.00,0.000,0.000,0.00,0.000,0.000,0.00,0.000,0.000,0.00,0.000,0.000,0.00,0.000,0.000,0.00,0.000,0.000,0.00,0.000,0.000,0.00,0.000,0.000,0.00,0.000,0.000,0.00,0.000,0.000,0.00,0.000,0.000,0.00,0.000,0.000,0.00,0.000,0.000,0.00,0.000,0.000,0.00,0.000,0.000,0.00,0.000,0.000,0.00,0.000,0.000,0.00,0.000,0.000,0.00,0.000,0.000,0.00,0.000,0.000,0.00,0.000,0.000,0.00,0.000,0.000,0.00,0.000,0.000,0.00,0.000,0.000,0.00,0.000,0.000,0.00,0.000,0.000,0.00
90.8072,0.000,0.000,0.00,0.77,0.00,0.000,0.000,0.00,0.000,0.000,0.00,0.000,0.000,0.00,0.000,0.000,0.00,0.000,0.000,0.00,0.000,0.000,0.00,0.000,0.000,0.00,0.000,0.000,0.00,0.000,0.000,0.00,0.000,0.000,0.00,0.000,0.000,0.00,0.000,0.000,0.00,0.000,0.000,0.00,0.000,0.000,0.00,0.000,0.000,0.00,0.000,0.000,0.00,0.000,0.000,0.00,0.000,0.000,0.00,0.000,0.000,0.00,0.000,0.000,0.00,0.000,0.000,0.00,0.000,0.000,0.00,0.000,0.000,0.00,0.000,0.000,0.00,0.000,0.000,0.00,0.000,0.000,0.00,0.000,0.000,0.00,0.000,0.000,0.00,0.000,0.000,0.00,0.000,0.000,0.00
90.9091,0.000,0.000,0.00,0.84,0.00,0.000,0.000,0.00,0.000,0.000,0.00,0.000,0.000,0.00,0.000,0.000,0.00,0.000,0.000,0.00,0.000,0.000,0.00,0.000,0.000,0.00,0.000,0.000,0.00,0.000,0.000,0.00,0.000,0.000,0.00,0.000,0.000,0.00,0.000,0.000,0.00,0.000,0.000,0.00,0.000,0.000,0.00,0.000,0.000,0.00,0.000,0.000,0.00,0.000,0.000,0.00,0.000,0.000,0.00,0.000,0.000,0.00,0.000,0.000,0.00,0.000,0.000,0.00,0.000,0.000,0.00,0.000,0.000,0.00,0.000,0.000,0.00,0.000,0.000,0.00,0.000,0.000,0.00,0.000,0.000,0.00,0.000,0.000,0.00,0.000,0.000,0.00,0.000,0.000,0.00
91.0109,0.000,0.000,0.00,0.84,0.00,0.000,0.000,0.00,0.000,0.000,0.00,0.000,0.000,0.00,0.000,0.000,0.00,0.000,0.000,0.00,0.000,0.000,0.00,0.000,0.000,0.00,0.000,0.000,0.00,0.000,0.000,0.00,0.000,0.000,0.00,0.000,0.000,0.00,0.000,0.000,0.00,0.000,0.000,0.00,0.000,0.000,0.00,0.000,0.000,0.00,0.000,0.000,0.00,0.000,0.000,0.00,0.000,0.000,0.00,0.000,0.000,0.00,0.000,0.000,0.00,0.000,0.000,0.00,0.000,0.000,0.00,0.000,0.000,0.00,0.000,0.000,0.00,0.000,0.000,0.00,0.000,0.000,0.00,0.000,0.000,0.00,0.000,0.000,0.00,0.000,0.000,0.00,0.000,0.000,0.00
91.1127,0.000,0.000,0.00,0.84,0.00,0.000,0.000,0.00,0.000,0.000,0.00,0.000,0.000,0.00,0.000,0.000,0.00,0.000,0.000,0.00,0.000,0.000,0.00,0.000,0.000,0.00,0.000,0.000,0.00,0.000,0.000,0.00,0.000,0.000,0.00,0.000,0.000,0.00,0.000,0.000,0.00,0.000,0.000,0.00,0.000,0.000,0.00,0.000,0.000,0.00,0.000,0.000,0.00,0.000,0.000,0.00,0.000,0.000,0.00,0.000,0.000,0.00,0.000,0.000,0.00,0.000,0.000,0.00,0.000,0.000,0.00,0.000,0.000,0.00,0.000,0.000,0.00,0.000,0.000,0.00,0.000,0.000,0.00,0.000,0.000,0.00,0.000,0.000,0.00,0.000,0.000,0.00,0.000,0.000,0.00
91.2147,0.000,0.000,0.00,0.77,0.00,0.000,0.000,0.00,0.000,0.000,0.00,0.000,0.000,0.00,0.000,0.000,0.00,0.000,0.000,0.00,0.000,0.000,0.00,0.000,0.000,0.00,0.000,0.000,0.00,0.000,0.000,0.00,0.000,0.000,0.00,0.000,0.000,0.00,0.000,0.000,0.00,0.000,0.000,0.00,0.000,0.000,0.00,0.000,0.000,0.00,0.000,0.000,0.00,0.000,0.000,0.00,0.000,0.000,0.00,0.000,0.000,0.00,0.000,0.000,0.00,0.000,0.000,0.00,0.000,0.000,0.00,0.000,0.000,0.00,0.000,0.000,0.00,0.000,0.000,0.00,0.000,0.000,0.00,0.000,0.000,0.00,0.000,0.000,0.00,0.000,0.000,0.00,0.000,0.000,0.00
91.3165,0.000,0.000,0.00,0.77,0.00,0.000,0.000,0.00,0.000,0.000,0.00,0.000,0.000,0.00,0.000,0.000,0.00,0.000,0.000,0.00,0.000,0.000,0.00,0.000,0.000,0.00,0.000,0.000,0.00,0.000,0.000,0.00,0.000,0.000,0.00,0.000,0.000,0.00,0.000,0.000,0.00,0.000,0.000,0.00,0.000,0.000,0.00,0.000,0.000,0.00,0.000,0.000,0.00,0.000,0.000,0.00,0.000,0.000,0.00,0.000,0.000,0.00,0.000,0.000,0.00,0.000,0.000,0.00,0.000,0.000,0.00,0.000,0.000,0.00,0.000,0.000,0.00,0.000,0.000,0.00,0.000,0.000,0.00,0.000,0.000,0.00,0.000,0.000,0.00,0.000,0.000,0.00,0.000,0.000,0.00
91.4183,0.000,0.000,0.00,0.84,0.00,0.000,0.000,0.00,0.000,0.000,0.00,0.000,0.000,0.00,0.000,0.000,0.00,0.000,0.000,0.00,0.000,0.000,0.00,0.000,0.000,0.00,0.000,0.000,0.00,0.000,0.000,0.00,0.000,0.000,0.00,0.000,0.000,0.00,0.000,0.000,0.00,0.000,0.000,0.00,0.000,0.000,0.00,0.000,0.000,0.00,0.000,0.000,0.00,0.000,0.000,0.00,0.000,0.000,0.00,0.000,0.000,0.00,0.000,0.000,0.00,0.000,0.000,0.00,0.000,0.000,0.00,0.000,0.000,0.00,0.000,0.000,0.00,0.000,0.000,0.00,0.000,0.000,0.00,0.000,0.000,0.00,0.000,0.000,0.00,0.000,0.000,0.00,0.000,0.000,0.00
91.5200,0.000,0.000,0.00,0.77,0.00,0.000,0.000,0.00,0.000,0.000,0.00,0.000,0.000,0.00,0.000,0.000,0.00,0.000,0.000,0.00,0.000,0.000,0.00,0.000,0.000,0.00,0.000,0.000,0.00,0.000,0.000,0.00,0.000,0.000,0.00,0.000,0.000,0.00,0.000,0.000,0.00,0.000,0.000,0.00,0.000,0.000,0.00,0.000,0.000,0.00,0.000,0.000,0.00,0.000,0.000,0.00,0.000,0.000,0.00,0.000,0.000,0.00,0.000,0.000,0.00,0.000,0.000,0.00,0.000,0.000,0.00,0.000,0.000,0.00,0.000,0.000,0.00,0.000,0.000,0.00,0.000,0.000,0.00,0.000,0.000,0.00,0.000,0.000,0.00,0.000,0.000,0.00,0.000,0.000,0.00
91.6218,0.000,0.000,0.00,0.84,0.00,0.000,0.000,0.00,0.000,0.000,0.00,0.000,0.000,0.00,0.000,0.000,0.00,0.000,0.000,0.00,0.000,0.000,0.00,0.000,0.000,0.00,0.000,0.000,0.00,0.000,0.000,0.00,0.000,0.000,0.00,0.000,0.000,0.00,0.000,0.000,0.00,0.000,0.000,0.00,0.000,0.000,0.00,0.000,0.000,0.00,0.000,0.000,0.00,0.000,0.000,0.00,0.000,0.000,0.00,0.000,0.000,0.00,0.000,0.000,0.00,0.000,0.000,0.00,0.000,0.000,0.00,0.000,0.000,0.00,0.000,0.000,0.00,0.000,0.000,0.00,0.000,0.000,0.00,0.000,0.000,0.00,0.000,0.000,0.00,0.000,0.000,0.00,0.000,0.000,0.00
91.7235,0.000,0.000,0.00,0.85,0.00,0.000,0.000,0.00,0.000,0.000,0.00,0.000,0.000,0.00,0.000,0.000,0.00,0.000,0.000,0.00,0.000,0.000,0.00,0.000,0.000,0.00,0.000,0.000,0.00,0.000,0.000,0.00,0.000,0.000,0.00,0.000,0.000,0.00,0.000,0.000,0.00,0.000,0.000,0.00,0.000,0.000,0.00,0.000,0.000,0.00,0.000,0.000,0.00,0.000,0.000,0.00,0.000,0.000,0.00,0.000,0.000,0.00,0.000,0.000,0.00,0.000,0.000,0.00,0.000,0.000,0.00,0.000,0.000,0.00,0.000,0.000,0.00,0.000,0.000,0.00,0.000,0.000,0.00,0.000,0.000,0.00,0.000,0.000,0.00,0.000,0.000,0.00,0.000,0.000,0.00
91.8246,0.000,0.000,0.00,0.85,0.00,0.000,0.000,0.00,0.000,0.000,0.00,0.000,0.000,0.00,0.000,0.000,0.00,0.000,0.000,0.00,0.000,0.000,0.00,0.000,0.000,0.00,0.000,0.000,0.00,0.000,0.000,0.00,0.000,0.000,0.00,0.000,0.000,0.00,0.000,0.000,0.00,0.000,0.000,0.00,0.000,0.000,0.00,0.000,0.000,0.00,0.000,0.000,0.00,0.000,0.000,0.00,0.000,0.000,0.00,0.000,0.000,0.00,0.000,0.000,0.00,0.000,0.000,0.00,0.000,0.000,0.00,0.000,0.000,0.00,0.000,0.000,0.00,0.000,0.000,0.00,0.000,0.000,0.00,0.000,0.000,0.00,0.000,0.000,0.00,0.000,0.000,0.00,0.000,0.000,0.00
91.9256,0.000,0.000,0.00,0.85,0.00,0.000,0.000,0.00,0.000,0.000,0.00,0.000,0.000,0.00,0.000,0.000,0.00,0.000,0.000,0.00,0.000,0.000,0.00,0.000,0.000,0.00,0.000,0.000,0.00,0.000,0.000,0.00,0.000,0.000,0.00,0.000,0.000,0.00,0.000,0.000,0.00,0.000,0.000,0.00,0.000,0.000,0.00,0.000,0.000,0.00,0.000,0.000,0.00,0.000,0.000,0.00,0.000,0.000,0.00,0.000,0.000,0.00,0.000,0.000,0.00,0.000,0.000,0.00,0.000,0.000,0.00,0.000,0.000,0.00,0.000,0.000,0.00,0.000,0.000,0.00,0.000,0.000,0.00,0.000,0.000,0.00,0.000,0.000,0.00,0.000,0.000,0.00,0.000,0.000,0.00
92.0267,0.000,0.000,0.00,0.85,0.00,0.000,0.000,0.00,0.000,0.000,0.00,0.000,0.000,0.00,0.000,0.000,0.00,0.000,0.000,0.00,0.000,0.000,0.00,0.000,0.000,0.00,0.000,0.000,0.00,0.000,0.000,0.00,0.000,0.000,0.00,0.000,0.000,0.00,0.000,0.000,0.00,0.000,0.000,0.00,0.000,0.000,0.00,0.000,0.000,0.00,0.000,0.000,0.00,0.000,0.000,0.00,0.000,0.000,0.00,0.000,0.000,0.00,0.000,0.000,0.00,0.000,0.000,0.00,0.000,0.000,0.00,0.000,0.000,0.00,0.000,0.000,0.00,0.000,0.000,0.00,0.000,0.000,0.00,0.000,0.000,0.00,0.000,0.000,0.00,0.000,0.000,0.00,0.000,0.000,0.00
92.1277,0.000,0.000,0.00,0.92,0.00,0.000,0.000,0.00,0.000,0.000,0.00,0.000,0.000,0.00,0.000,0.000,0.00,0.000,0.000,0.00,0.000,0.000,0.00,0.000,0.000,0.00,0.000,0.000,0.00,0.000,0.000,0.00,0.000,0.000,0.00,0.000,0.000,0.00,0.000,0.000,0.00,0.000,0.000,0.00,0.000,0.000,0.00,0.000,0.000,0.00,0.000,0.000,0.00,0.000,0.000,0.00,0.000,0.000,0.00,0.000,0.000,0.00,0.000,0.000,0.00,0.000,0.000,0.00,0.000,0.000,0.00,0.000,0.000,0.00,0.000,0.000,0.00,0.000,0.000,0.00,0.000,0.000,0.00,0.000,0.000,0.00,0.000,0.000,0.00,0.000,0.000,0.00,0.000,0.000,0.00
92.2299,0.000,0.000,0.00,0.84,0.00,0.000,0.000,0.00,0.000,0.000,0.00,0.000,0.000,0.00,0.000,0.000,0.00,0.000,0.000,0.00,0.000,0.000,0.00,0.000,0.000,0.00,0.000,0.000,0.00,0.000,0.000,0.00,0.000,0.000,0.00,0.000,0.000,0.00,0.000,0.000,0.00,0.000,0.000,0.00,0.000,0.000,0.00,0.000,0.000,0.00,0.000,0.000,0.00,0.000,0.000,0.00,0.000,0.000,0.00,0.000,0.000,0.00,0.000,0.000,0.00,0.000,0.000,0.00,0.000,0.000,0.00,0.000,0.000,0.00,0.000,0.000,0.00,0.000,0.000,0.00,0.000,0.000,0.00,0.000,0.000,0.00,0.000,0.000,0.00,0.000,0.000,0.00,0.000,0.000,0.00
92.3317,0.000,0.000,0.00,0.77,0.00,0.000,0.000,0.00,0.000,0.000,0.00,0.000,0.000,0.00,0.000,0.000,0.00,0.000,0.000,0.00,0.000,0.000,0.00,0.000,0.000,0.00,0.000,0.000,0.00,0.000,0.000,0.00,0.000,0.000,0.00,0.000,0.000,0.00,0.000,0.000,0.00,0.000,0.000,0.00,0.000,0.000,0.00,0.000,0.000,0.00,0.000,0.000,0.00,0.000,0.000,0.00,0.000,0.000,0.00,0.000,0.000,0.00,0.000,0.000,0.00,0.000,0.000,0.00,0.000,0.000,0.00,0.000,0.000,0.00,0.000,0.000,0.00,0.000,0.000,0.00,0.000,0.000,0.00,0.000,0.000,0.00,0.000,0.000,0.00,0.000,0.000,0.00,0.000,0.000,0.00
92.4335,0.000,0.000,0.00,0.84,0.00,0.000,0.000,0.00,0.000,0.000,0.00,0.000,0.000,0.00,0.000,0.000,0.00,0.000,0.000,0.00,0.000,0.000,0.00,0.000,0.000,0.00,0.000,0.000,0.00,0.000,0.000,0.00,0.000,0.000,0.00,0.000,0.000,0.00,0.000,0.000,0.00,0.000,0.000,0.00,0.000,0.000,0.00,0.000,0.000,0.00,0.000,0.000,0.00,0.000,0.000,0.00,0.000,0.000,0.00,0.000,0.000,0.00,0.000,0.000,0.00,0.000,0.000,0.00,0.000,0.000,0.00,0.000,0.000,0.00,0.000,0.000,0.00,0.000,0.000,0.00,0.000,0.000,0.00,0.000,0.000,0.00,0.000,0.000,0.00,0.000,0.000,0.00,0.000,0.000,0.00
92.5353,0.000,0.000,0.00,0.77,0.00,0.000,0.000,0.00,0.000,0.000,0.00,0.000,0.000,0.00,0.000,0.000,0.00,0.000,0.000,0.00,0.000,0.000,0.00,0.000,0.000,0.00,0.000,0.000,0.00,0.000,0.000,0.00,0.000,0.000,0.00,0.000,0.000,0.00,0.000,0.000,0.00,0.000,0.000,0.00,0.000,0.000,0.00,0.000,0.000,0.00,0.000,0.000,0.00,0.000,0.000,0.00,0.000,0.000,0.00,0.000,0.000,0.00,0.000,0.000,0.00,0.000,0.000,0.00,0.000,0.000,0.00,0.000,0.000,0.00,0.000,0.000,0.00,0.000,0.000,0.00,0.000,0.000,0.00,0.000,0.000,0.00,0.000,0.000,0.00,0.000,0.000,0.00,0.000,0.000,0.00
92.6371,0.000,0.040,0.07,0.84,0.00,0.000,0.000,0.00,0.000,0.000,0.00,0.000,0.000,0.00,0.000,0.000,0.00,0.000,0.000,0.00,0.000,0.000,0.00,0.000,0.000,0.00,0.000,0.000,0.00,0.000,0.000,0.00,0.000,0.000,0.00,0.000,0.000,0.00,0.000,0.000,0.00,0.000,0.000,0.00,0.000,0.000,0.00,0.000,0.000,0.00,0.000,0.000,0.00,0.000,0.000,0.00,0.000,0.000,0.00,0.000,0.000,0.00,0.000,0.000,0.00,0.000,0.000,0.00,0.000,0.000,0.00,0.000,0.000,0.00,0.000,0.000,0.00,0.000,0.000,0.00,0.000,0.000,0.00,0.000,0.000,0.00,0.000,0.040,1.96,0.000,0.000,0.00,0.000,0.000,0.00
92.7389,0.000,0.000,0.00,0.92,0.00,0.000,0.000,0.00,0.000,0.000,0.00,0.000,0.000,0.00,0.000,0.000,0.00,0.000,0.000,0.00,0.000,0.000,0.00,0.000,0.000,0.00,0.000,0.000,0.00,0.000,0.000,0.00,0.000,0.000,0.00,0.000,0.000,0.00,0.000,0.000,0.00,0.000,0.000,0.00,0.000,0.000,0.00,0.000,0.000,0.00,0.000,0.000,0.00,0.000,0.000,0.00,0.000,0.000,0.00,0.000,0.000,0.00,0.000,0.000,0.00,0.000,0.000,0.00,0.000,0.000,0.00,0.000,0.000,0.00,0.000,0.000,0.00,0.000,0.000,0.00,0.000,0.000,0.00,0.000,0.000,0.00,0.000,0.000,0.00,0.000,0.000,0.00,0.000,0.000,0.00
92.8408,0.000,0.000,0.00,0.77,0.00,0.000,0.000,0.00,0.000,0.000,0.00,0.000,0.000,0.00,0.000,0.000,0.00,0.000,0.000,0.00,0.000,0.000,0.00,0.000,0.000,0.00,0.000,0.000,0.00,0.000,0.000,0.00,0.000,0.000,0.00,0.000,0.000,0.00,0.000,0.000,0.00,0.000,0.000,0.00,0.000,0.000,0.00,0.000,0.000,0.00,0.000,0.000,0.00,0.000,0.000,0.00,0.000,0.000,0.00,0.000,0.000,0.00,0.000,0.000,0.00,0.000,0.000,0.00,0.000,0.000,0.00,0.000,0.000,0.00,0.000,0.000,0.00,0.000,0.000,0.00,0.000,0.000,0.00,0.000,0.000,0.00,0.000,0.000,0.00,0.000,0.000,0.00,0.000,0.000,0.00
92.9425,0.000,0.000,0.00,0.84,0.00,0.000,0.000,0.00,0.000,0.000,0.00,0.000,0.000,0.00,0.000,0.000,0.00,0.000,0.000,0.00,0.000,0.000,0.00,0.000,0.000,0.00,0.000,0.000,0.00,0.000,0.000,0.00,0.000,0.000,0.00,0.000,0.000,0.00,0.000,0.000,0.00,0.000,0.000,0.00,0.000,0.000,0.00,0.000,0.000,0.00,0.000,0.000,0.00,0.000,0.000,0.00,0.000,0.000,0.00,0.000,0.000,0.00,0.000,0.000,0.00,0.000,0.000,0.00,0.000,0.000,0.00,0.000,0.000,0.00,0.000,0.000,0.00,0.000,0.000,0.00,0.000,0.000,0.00,0.000,0.000,0.00,0.000,0.000,0.00,0.000,0.000,0.00,0.000,0.000,0.00
93.0444,0.000,0.000,0.00,0.77,0.00,0.000,0.000,0.00,0.000,0.000,0.00,0.000,0.000,0.00,0.000,0.000,0.00,0.000,0.000,0.00,0.000,0.000,0.00,0.000,0.000,0.00,0.000,0.000,0.00,0.000,0.000,0.00,0.000,0.000,0.00,0.000,0.000,0.00,0.000,0.000,0.00,0.000,0.000,0.00,0.000,0.000,0.00,0.000,0.000,0.00,0.000,0.000,0.00,0.000,0.000,0.00,0.000,0.000,0.00,0.000,0.000,0.00,0.000,0.000,0.00,0.000,0.000,0.00,0.000,0.000,0.00,0.000,0.000,0.00,0.000,0.000,0.00,0.000,0.000,0.00,0.000,0.000,0.00,0.000,0.000,0.00,0.000,0.000,0.00,0.000,0.000,0.00,0.000,0.000,0.00
93.1463,0.000,0.000,0.00,0.77,0.00,0.000,0.000,0.00,0.000,0.000,0.00,0.000,0.000,0.00,0.000,0.000,0.00,0.000,0.000,0.00,0.000,0.000,0.00,0.000,0.000,0.00,0.000,0.000,0.00,0.000,0.000,0.00,0.000,0.000,0.00,0.000,0.000,0.00,0.000,0.000,0.00,0.000,0.000,0.00,0.000,0.000,0.00,0.000,0.000,0.00,0.000,0.000,0.00,0.000,0.000,0.00,0.000,0.000,0.00,0.000,0.000,0.00,0.000,0.000,0.00,0.000,0.000,0.00,0.000,0.000,0.00,0.000,0.000,0.00,0.000,0.000,0.00,0.000,0.000,0.00,0.000,0.000,0.00,0.000,0.000,0.00,0.000,0.000,0.00,0.000,0.000,0.00,0.000,0.000,0.00
93.2481,0.000,0.000,0.00,0.77,0.00,0.000,0.000,0.00,0.000,0.000,0.00,0.000,0.000,0.00,0.000,0.000,0.00,0.000,0.000,0.00,0.000,0.000,0.00,0.000,0.000,0.00,0.000,0.000,0.00,0.000,0.000,0.00,0.000,0.000,0.00,0.000,0.000,0.00,0.000,0.000,0.00,0.000,0.000,0.00,0.000,0.000,0.00,0.000,0.000,0.00,0.000,0.000,0.00,0.000,0.000,0.00,0.000,0.000,0.00,0.000,0.000,0.00,0.000,0.000,0.00,0.000,0.000,0.00,0.000,0.000,0.00,0.000,0.000,0.00,0.000,0.000,0.00,0.000,0.000,0.00,0.000,0.000,0.00,0.000,0.000,0.00,0.000,0.000,0.00,0.000,0.000,0.00,0.000,0.000,0.00
93.3499,0.000,0.000,0.00,0.84,0.00,0.000,0.000,0.00,0.000,0.000,0.00,0.000,0.000,0.00,0.000,0.000,0.00,0.000,0.000,0.00,0.000,0.000,0.00,0.000,0.000,0.00,0.000,0.000,0.00,0.000,0.000,0.00,0.000,0.000,0.00,0.000,0.000,0.00,0.000,0.000,0.00,0.000,0.000,0.00,0.000,0.000,0.00,0.000,0.000,0.00,0.000,0.000,0.00,0.000,0.000,0.00,0.000,0.000,0.00,0.000,0.000,0.00,0.000,0.000,0.00,0.000,0.000,0.00,0.000,0.000,0.00,0.000,0.000,0.00,0.000,0.000,0.00,0.000,0.000,0.00,0.000,0.000,0.00,0.000,0.000,0.00,0.000,0.000,0.00,0.000,0.000,0.00,0.000,0.000,0.00
93.4518,0.000,0.000,0.00,0.84,0.00,0.000,0.000,0.00,0.000,0.000,0.00,0.000,0.000,0.00,0.000,0.000,0.00,0.000,0.000,0.00,0.000,0.000,0.00,0.000,0.000,0.00,0.000,0.000,0.00,0.000,0.000,0.00,0.000,0.000,0.00,0.000,0.000,0.00,0.000,0.000,0.00,0.000,0.000,0.00,0.000,0.000,0.00,0.000,0.000,0.00,0.000,0.000,0.00,0.000,0.000,0.00,0.000,0.000,0.00,0.000,0.000,0.00,0.000,0.000,0.00,0.000,0.000,0.00,0.000,0.000,0.00,0.000,0.000,0.00,0.000,0.000,0.00,0.000,0.000,0.00,0.000,0.000,0.00,0.000,0.000,0.00,0.000,0.000,0.00,0.000,0.000,0.00,0.000,0.000,0.00
93.5535,0.000,0.000,0.00,0.85,0.00,0.000,0.000,0.00,0.000,0.000,0.00,0.000,0.000,0.00,0.000,0.000,0.00,0.000,0.000,0.00,0.000,0.000,0.00,0.000,0.000,0.00,0.000,0.000,0.00,0.000,0.000,0.00,0.000,0.000,0.00,0.000,0.000,0.00,0.000,0.000,0.00,0.000,0.000,0.00,0.000,0.000,0.00,0.000,0.000,0.00,0.000,0.000,0.00,0.000,0.000,0.00,0.000,0.000,0.00,0.000,0.000,0.00,0.000,0.000,0.00,0.000,0.000,0.00,0.000,0.000,0.00,0.000,0.000,0.00,0.000,0.000,0.00,0.000,0.000,0.00,0.000,0.000,0.00,0.000,0.000,0.00,0.000,0.000,0.00,0.000,0.000,0.00,0.000,0.000,0.00
93.6552,0.000,0.000,0.00,0.92,0.00,0.000,0.000,0.00,0.000,0.000,0.00,0.000,0.000,0.00,0.000,0.000,0.00,0.000,0.000,0.00,0.000,0.000,0.00,0.000,0.000,0.00,0.000,0.000,0.00,0.000,0.000,0.00,0.000,0.000,0.00,0.000,0.000,0.00,0.000,0.000,0.00,0.000,0.000,0.00,0.000,0.000,0.00,0.000,0.000,0.00,0.000,0.000,0.00,0.000,0.000,0.00,0.000,0.000,0.00,0.000,0.000,0.00,0.000,0.000,0.00,0.000,0.000,0.00,0.000,0.000,0.00,0.000,0.000,0.00,0.000,0.000,0.00,0.000,0.000,0.00,0.000,0.000,0.00,0.000,0.000,0.00,0.000,0.000,0.00,0.000,0.000,0.00,0.000,0.000,0.00
93.7570,0.000,0.000,0.00,0.77,0.00,0.000,0.000,0.00,0.000,0.000,0.00,0.000,0.000,0.00,0.000,0.000,0.00,0.000,0.000,0.00,0.000,0.000,0.00,0.000,0.000,0.00,0.000,0.000,0.00,0.000,0.000,0.00,0.000,0.000,0.00,0.000,0.000,0.00,0.000,0.000,0.00,0.000,0.000,0.00,0.000,0.000,0.00,0.000,0.000,0.00,0.000,0.000,0.00,0.000,0.000,0.00,0.000,0.000,0.00,0.000,0.000,0.00,0.000,0.000,0.00,0.000,0.000,0.00,0.000,0.000,0.00,0.000,0.000,0.00,0.000,0.000,0.00,0.000,0.000,0.00,0.000,0.000,0.00,0.000,0.000,0.00,0.000,0.000,0.00,0.000,0.000,0.00,0.000,0.000,0.00
93.8589,0.000,0.000,0.00,0.84,0.00,0.000,0.000,0.00,0.000,0.000,0.00,0.000,0.000,0.00,0.000,0.000,0.00,0.000,0.000,0.00,0.000,0.000,0.00,0.000,0.000,0.00,0.000,0.000,0.00,0.000,0.000,0.00,0.000,0.000,0.00,0.000,0.000,0.00,0.000,0.000,0.00,0.000,0.000,0.00,0.000,0.000,0.00,0.000,0.000,0.00,0.000,0.000,0.00,0.000,0.000,0.00,0.000,0.000,0.00,0.000,0.000,0.00,0.000,0.000,0.00,0.000,0.000,0.00,0.000,0.000,0.00,0.000,0.000,0.00,0.000,0.000,0.00,0.000,0.000,0.00,0.000,0.000,0.00,0.000,0.000,0.00,0.000,0.000,0.00,0.000,0.000,0.00,0.000,0.000,0.00
93.9608,0.000,0.000,0.00,0.77,0.00,0.000,0.000,0.00,0.000,0.000,0.00,0.000,0.000,0.00,0.000,0.000,0.00,0.000,0.000,0.00,0.000,0.000,0.00,0.000,0.000,0.00,0.000,0.000,0.00,0.000,0.000,0.00,0.000,0.000,0.00,0.000,0.000,0.00,0.000,0.000,0.00,0.000,0.000,0.00,0.000,0.000,0.00,0.000,0.000,0.00,0.000,0.000,0.00,0.000,0.000,0.00,0.000,0.000,0.00,0.000,0.000,0.00,0.000,0.000,0.00,0.000,0.000,0.00,0.000,0.000,0.00,0.000,0.000,0.00,0.000,0.000,0.00,0.000,0.000,0.00,0.000,0.000,0.00,0.000,0.000,0.00,0.000,0.000,0.00,0.000,0.000,0.00,0.000,0.000,0.00
94.0626,0.000,0.000,0.00,0.92,0.00,0.000,0.000,0.00,0.000,0.000,0.00,0.000,0.000,0.00,0.000,0.000,0.00,0.000,0.000,0.00,0.000,0.000,0.00,0.000,0.000,0.00,0.000,0.000,0.00,0.000,0.000,0.00,0.000,0.000,0.00,0.000,0.000,0.00,0.000,0.000,0.00,0.000,0.000,0.00,0.000,0.000,0.00,0.000,0.000,0.00,0.000,0.000,0.00,0.000,0.000,0.00,0.000,0.000,0.00,0.000,0.000,0.00,0.000,0.000,0.00,0.000,0.000,0.00,0.000,0.000,0.00,0.000,0.000,0.00,0.000,0.000,0.00,0.000,0.000,0.00,0.000,0.000,0.00,0.000,0.000,0.00,0.000,0.000,0.00,0.000,0.000,0.00,0.000,0.000,0.00
94.1647,0.000,0.000,0.00,0.77,0.00,0.000,0.000,0.00,0.000,0.000,0.00,0.000,0.000,0.00,0.000,0.000,0.00,0.000,0.000,0.00,0.000,0.000,0.00,0.000,0.000,0.00,0.000,0.000,0.00,0.000,0.000,0.00,0.000,0.000,0.00,0.000,0.000,0.00,0.000,0.000,0.00,0.000,0.000,0.00,0.000,0.000,0.00,0.000,0.000,0.00,0.000,0.000,0.00,0.000,0.000,0.00,0.000,0.000,0.00,0.000,0.000,0.00,0.000,0.000,0.00,0.000,0.000,0.00,0.000,0.000,0.00,0.000,0.000,0.00,0.000,0.000,0.00,0.000,0.000,0.00,0.000,0.000,0.00,0.000,0.000,0.00,0.000,0.000,0.00,0.000,0.000,0.00,0.000,0.000,0.00
94.2665,0.000,0.000,0.00,0.84,0.00,0.000,0.000,0.00,0.000,0.000,0.00,0.000,0.000,0.00,0.000,0.000,0.00,0.000,0.000,0.00,0.000,0.000,0.00,0.000,0.000,0.00,0.000,0.000,0.00,0.000,0.000,0.00,0.000,0.000,0.00,0.000,0.000,0.00,0.000,0.000,0.00,0.000,0.000,0.00,0.000,0.000,0.00,0.000,0.000,0.00,0.000,0.000,0.00,0.000,0.000,0.00,0.000,0.000,0.00,0.000,0.000,0.00,0.000,0.000,0.00,0.000,0.000,0.00,0.000,0.000,0.00,0.000,0.000,0.00,0.000,0.000,0.00,0.000,0.000,0.00,0.000,0.000,0.00,0.000,0.000,0.00,0.000,0.000,0.00,0.000,0.000,0.00,0.000,0.000,0.00
94.3685,0.000,0.000,0.00,0.77,0.00,0.000,0.000,0.00,0.000,0.000,0.00,0.000,0.000,0.00,0.000,0.000,0.00,0.000,0.000,0.00,0.000,0.000,0.00,0.000,0.000,0.00,0.000,0.000,0.00,0.000,0.000,0.00,0.000,0.000,0.00,0.000,0.000,0.00,0.000,0.000,0.00,0.000,0.000,0.00,0.000,0.000,0.00,0.000,0.000,0.00,0.000,0.000,0.00,0.000,0.000,0.00,0.000,0.000,0.00,0.000,0.000,0.00,0.000,0.000,0.00,0.000,0.000,0.00,0.000,0.000,0.00,0.000,0.000,0.00,0.000,0.000,0.00,0.000,0.000,0.00,0.000,0.000,0.00,0.000,0.000,0.00,0.000,0.000,0.00,0.000,0.000,0.00,0.000,0.000,0.00
94.4702,0.000,0.000,0.00,0.77,0.00,0.000,0.000,0.00,0.000,0.000,0.00,0.000,0.000,0.00,0.000,0.000,0.00,0.000,0.000,0.00,0.000,0.000,0.00,0.000,0.000,0.00,0.000,0.000,0.00,0.000,0.000,0.00,0.000,0.000,0.00,0.000,0.000,0.00,0.000,0.000,0.00,0.000,0.000,0.00,0.000,0.000,0.00,0.000,0.000,0.00,0.000,0.000,0.00,0.000,0.000,0.00,0.000,0.000,0.00,0.000,0.000,0.00,0.000,0.000,0.00,0.000,0.000,0.00,0.000,0.000,0.00,0.000,0.000,0.00,0.000,0.000,0.00,0.000,0.000,0.00,0.000,0.000,0.00,0.000,0.000,0.00,0.000,0.000,0.00,0.000,0.000,0.00,0.000,0.000,0.00
94.5719,0.000,0.000,0.00,0.77,0.00,0.000,0.000,0.00,0.000,0.000,0.00,0.000,0.000,0.00,0.000,0.000,0.00,0.000,0.000,0.00,0.000,0.000,0.00,0.000,0.000,0.00,0.000,0.000,0.00,0.000,0.000,0.00,0.000,0.000,0.00,0.000,0.000,0.00,0.000,0.000,0.00,0.000,0.000,0.00,0.000,0.000,0.00,0.000,0.000,0.00,0.000,0.000,0.00,0.000,0.000,0.00,0.000,0.000,0.00,0.000,0.000,0.00,0.000,0.000,0.00,0.000,0.000,0.00,0.000,0.000,0.00,0.000,0.000,0.00,0.000,0.000,0.00,0.000,0.000,0.00,0.000,0.000,0.00,0.000,0.000,0.00,0.000,0.000,0.00,0.000,0.000,0.00,0.000,0.000,0.00
94.6737,0.000,0.000,0.00,0.92,0.00,0.000,0.000,0.00,0.000,0.000,0.00,0.000,0.000,0.00,0.000,0.000,0.00,0.000,0.000,0.00,0.000,0.000,0.00,0.000,0.000,0.00,0.000,0.000,0.00,0.000,0.000,0.00,0.000,0.000,0.00,0.000,0.000,0.00,0.000,0.000,0.00,0.000,0.000,0.00,0.000,0.000,0.00,0.000,0.000,0.00,0.000,0.000,0.00,0.000,0.000,0.00,0.000,0.000,0.00,0.000,0.000,0.00,0.000,0.000,0.00,0.000,0.000,0.00,0.000,0.000,0.00,0.000,0.000,0.00,0.000,0.000,0.00,0.000,0.000,0.00,0.000,0.000,0.00,0.000,0.000,0.00,0.000,0.000,0.00,0.000,0.000,0.00,0.000,0.000,0.00
94.7755,0.000,0.000,0.00,0.84,0.00,0.000,0.000,0.00,0.000,0.000,0.00,0.000,0.000,0.00,0.000,0.000,0.00,0.000,0.000,0.00,0.000,0.000,0.00,0.000,0.000,0.00,0.000,0.000,0.00,0.000,0.000,0.00,0.000,0.000,0.00,0.000,0.000,0.00,0.000,0.000,0.00,0.000,0.000,0.00,0.000,0.000,0.00,0.000,0.000,0.00,0.000,0.000,0.00,0.000,0.000,0.00,0.000,0.000,0.00,0.000,0.000,0.00,0.000,0.000,0.00,0.000,0.000,0.00,0.000,0.000,0.00,0.000,0.000,0.00,0.000,0.000,0.00,0.000,0.000,0.00,0.000,0.000,0.00,0.000,0.000,0.00,0.000,0.000,0.00,0.000,0.000,0.00,0.000,0.000,0.00
94.8773,0.000,0.000,0.00,0.77,0.00,0.000,0.000,0.00,0.000,0.000,0.00,0.000,0.000,0.00,0.000,0.000,0.00,0.000,0.000,0.00,0.000,0.000,0.00,0.000,0.000,0.00,0.000,0.000,0.00,0.000,0.000,0.00,0.000,0.000,0.00,0.000,0.000,0.00,0.000,0.000,0.00,0.000,0.000,0.00,0.000,0.000,0.00,0.000,0.000,0.00,0.000,0.000,0.00,0.000,0.000,0.00,0.000,0.000,0.00,0.000,0.000,0.00,0.000,0.000,0.00,0.000,0.000,0.00,0.000,0.000,0.00,0.000,0.000,0.00,0.000,0.000,0.00,0.000,0.000,0.00,0.000,0.000,0.00,0.000,0.000,0.00,0.000,0.000,0.00,0.000,0.000,0.00,0.000,0.000,0.00
94.9791,0.000,0.000,0.00,0.77,0.00,0.000,0.000,0.00,0.000,0.000,0.00,0.000,0.000,0.00,0.000,0.000,0.00,0.000,0.000,0.00,0.000,0.000,0.00,0.000,0.000,0.00,0.000,0.000,0.00,0.000,0.000,0.00,0.000,0.000,0.00,0.000,0.000,0.00,0.000,0.000,0.00,0.000,0.000,0.00,0.000,0.000,0.00,0.000,0.000,0.00,0.000,0.000,0.00,0.000,0.000,0.00,0.000,0.000,0.00,0.000,0.000,0.00,0.000,0.000,0.00,0.000,0.000,0.00,0.000,0.000,0.00,0.000,0.000,0.00,0.000,0.000,0.00,0.000,0.000,0.00,0.000,0.000,0.00,0.000,0.000,0.00,0.000,0.000,0.00,0.000,0.000,0.00,0.000,0.000,0.00
95.0810,0.000,0.000,0.00,0.92,0.00,0.000,0.000,0.00,0.000,0.000,0.00,0.000,0.000,0.00,0.000,0.000,0.00,0.000,0.000,0.00,0.000,0.000,0.00,0.000,0.000,0.00,0.000,0.000,0.00,0.000,0.000,0.00,0.000,0.000,0.00,0.000,0.000,0.00,0.000,0.000,0.00,0.000,0.000,0.00,0.000,0.000,0.00,0.000,0.000,0.00,0.000,0.000,0.00,0.000,0.000,0.00,0.000,0.000,0.00,0.000,0.000,0.00,0.000,0.000,0.00,0.000,0.000,0.00,0.000,0.000,0.00,0.000,0.000,0.00,0.000,0.000,0.00,0.000,0.000,0.00,0.000,0.000,0.00,0.000,0.000,0.00,0.000,0.000,0.00,0.000,0.000,0.00,0.000,0.000,0.00
95.1828,0.000,0.000,0.00,1.00,0.00,0.000,0.000,0.00,0.000,0.000,0.00,0.000,0.000,0.00,0.000,0.000,0.00,0.000,0.000,0.00,0.000,0.000,0.00,0.000,0.000,0.00,0.000,0.000,0.00,0.000,0.000,0.00,0.000,0.000,0.00,0.000,0.000,0.00,0.000,0.000,0.00,0.000,0.000,0.00,0.000,0.000,0.00,0.000,0.000,0.00,0.000,0.000,0.00,0.000,0.000,0.00,0.000,0.000,0.00,0.000,0.000,0.00,0.000,0.000,0.00,0.000,0.000,0.00,0.000,0.000,0.00,0.000,0.000,0.00,0.000,0.000,0.00,0.000,0.000,0.00,0.000,0.000,0.00,0.000,0.000,0.00,0.000,0.000,0.00,0.000,0.000,0.00,0.000,0.000,0.00
95.2847,0.000,0.000,0.00,0.77,0.00,0.000,0.000,0.00,0.000,0.000,0.00,0.000,0.000,0.00,0.000,0.000,0.00,0.000,0.000,0.00,0.000,0.000,0.00,0.000,0.000,0.00,0.000,0.000,0.00,0.000,0.000,0.00,0.000,0.000,0.00,0.000,0.000,0.00,0.000,0.000,0.00,0.000,0.000,0.00,0.000,0.000,0.00,0.000,0.000,0.00,0.000,0.000,0.00,0.000,0.000,0.00,0.000,0.000,0.00,0.000,0.000,0.00,0.000,0.000,0.00,0.000,0.000,0.00,0.000,0.000,0.00,0.000,0.000,0.00,0.000,0.000,0.00,0.000,0.000,0.00,0.000,0.000,0.00,0.000,0.000,0.00,0.000,0.000,0.00,0.000,0.000,0.00,0.000,0.000,0.00
95.3865,0.000,0.000,0.00,0.77,0.00,0.000,0.000,0.00,0.000,0.000,0.00,0.000,0.000,0.00,0.000,0.000,0.00,0.000,0.000,0.00,0.000,0.000,0.00,0.000,0.000,0.00,0.000,0.000,0.00,0.000,0.000,0.00,0.000,0.000,0.00,0.000,0.000,0.00,0.000,0.000,0.00,0.000,0.000,0.00,0.000,0.000,0.00,0.000,0.000,0.00,0.000,0.000,0.00,0.000,0.000,0.00,0.000,0.000,0.00,0.000,0.000,0.00,0.000,0.000,0.00,0.000,0.000,0.00,0.000,0.000,0.00,0.000,0.000,0.00,0.000,0.000,0.00,0.000,0.000,0.00,0.000,0.000,0.00,0.000,0.000,0.00,0.000,0.000,0.00,0.000,0.000,0.00,0.000,0.000,0.00
95.4883,0.000,0.000,0.00,0.77,0.00,0.000,0.000,0.00,0.000,0.000,0.00,0.000,0.000,0.00,0.000,0.000,0.00,0.000,0.000,0.00,0.000,0.000,0.00,0.000,0.000,0.00,0.000,0.000,0.00,0.000,0.000,0.00,0.000,0.000,0.00,0.000,0.000,0.00,0.000,0.000,0.00,0.000,0.000,0.00,0.000,0.000,0.00,0.000,0.000,0.00,0.000,0.000,0.00,0.000,0.000,0.00,0.000,0.000,0.00,0.000,0.000,0.00,0.000,0.000,0.00,0.000,0.000,0.00,0.000,0.000,0.00,0.000,0.000,0.00,0.000,0.000,0.00,0.000,0.000,0.00,0.000,0.000,0.00,0.000,0.000,0.00,0.000,0.000,0.00,0.000,0.000,0.00,0.000,0.000,0.00
95.5901,0.000,0.000,0.00,0.77,0.00,0.000,0.000,0.00,0.000,0.000,0.00,0.000,0.000,0.00,0.000,0.000,0.00,0.000,0.000,0.00,0.000,0.000,0.00,0.000,0.000,0.00,0.000,0.000,0.00,0.000,0.000,0.00,0.000,0.000,0.00,0.000,0.000,0.00,0.000,0.000,0.00,0.000,0.000,0.00,0.000,0.000,0.00,0.000,0.000,0.00,0.000,0.000,0.00,0.000,0.000,0.00,0.000,0.000,0.00,0.000,0.000,0.00,0.000,0.000,0.00,0.000,0.000,0.00,0.000,0.000,0.00,0.000,0.000,0.00,0.000,0.000,0.00,0.000,0.000,0.00,0.000,0.000,0.00,0.000,0.000,0.00,0.000,0.000,0.00,0.000,0.000,0.00,0.000,0.000,0.00
95.6919,0.000,0.000,0.00,0.92,0.00,0.000,0.000,0.00,0.000,0.000,0.00,0.000,0.000,0.00,0.000,0.000,0.00,0.000,0.000,0.00,0.000,0.000,0.00,0.000,0.000,0.00,0.000,0.000,0.00,0.000,0.000,0.00,0.000,0.000,0.00,0.000,0.000,0.00,0.000,0.000,0.00,0.000,0.000,0.00,0.000,0.000,0.00,0.000,0.000,0.00,0.000,0.000,0.00,0.000,0.000,0.00,0.000,0.000,0.00,0.000,0.000,0.00,0.000,0.000,0.00,0.000,0.000,0.00,0.000,0.000,0.00,0.000,0.000,0.00,0.000,0.000,0.00,0.000,0.000,0.00,0.000,0.000,0.00,0.000,0.000,0.00,0.000,0.000,0.00,0.000,0.000,0.00,0.000,0.000,0.00
95.7938,0.000,0.040,0.07,0.84,0.00,0.000,0.000,0.00,0.000,0.000,0.00,0.000,0.000,0.00,0.000,0.000,0.00,0.000,0.000,0.00,0.000,0.000,0.00,0.000,0.000,0.00,0.000,0.000,0.00,0.000,0.000,0.00,0.000,0.000,0.00,0.000,0.000,0.00,0.000,0.000,0.00,0.000,0.000,0.00,0.000,0.000,0.00,0.000,0.000,0.00,0.000,0.000,0.00,0.000,0.000,0.00,0.000,0.000,0.00,0.000,0.000,0.00,0.000,0.000,0.00,0.000,0.000,0.00,0.000,0.000,0.00,0.000,0.000,0.00,0.000,0.000,0.00,0.000,0.000,0.00,0.000,0.040,1.96,0.000,0.000,0.00,0.000,0.000,0.00,0.000,0.000,0.00,0.000,0.000,0.00
95.8957,0.000,0.000,0.00,0.77,0.00,0.000,0.000,0.00,0.000,0.000,0.00,0.000,0.000,0.00,0.000,0.000,0.00,0.000,0.000,0.00,0.000,0.000,0.00,0.000,0.000,0.00,0.000,0.000,0.00,0.000,0.000,0.00,0.000,0.000,0.00,0.000,0.000,0.00,0.000,0.000,0.00,0.000,0.000,0.00,0.000,0.000,0.00,0.000,0.000,0.00,0.000,0.000,0.00,0.000,0.000,0.00,0.000,0.000,0.00,0.000,0.000,0.00,0.000,0.000,0.00,0.000,0.000,0.00,0.000,0.000,0.00,0.000,0.000,0.00,0.000,0.000,0.00,0.000,0.000,0.00,0.000,0.000,0.00,0.000,0.000,0.00,0.000,0.000,0.00,0.000,0.000,0.00,0.000,0.000,0.00
95.9976,0.000,0.000,0.00,0.77,0.00,0.000,0.000,0.00,0.000,0.000,0.00,0.000,0.000,0.00,0.000,0.000,0.00,0.000,0.000,0.00,0.000,0.000,0.00,0.000,0.000,0.00,0.000,0.000,0.00,0.000,0.000,0.00,0.000,0.000,0.00,0.000,0.000,0.00,0.000,0.000,0.00,0.000,0.000,0.00,0.000,0.000,0.00,0.000,0.000,0.00,0.000,0.000,0.00,0.000,0.000,0.00,0.000,0.000,0.00,0.000,0.000,0.00,0.000,0.000,0.00,0.000,0.000,0.00,0.000,0.000,0.00,0.000,0.000,0.00,0.000,0.000,0.00,0.000,0.000,0.00,0.000,0.000,0.00,0.000,0.000,0.00,0.000,0.000,0.00,0.000,0.000,0.00,0.000,0.000,0.00
96.0994,0.000,0.000,0.00,0.84,0.00,0.000,0.000,0.00,0.000,0.000,0.00,0.000,0.000,0.00,0.000,0.000,0.00,0.000,0.000,0.00,0.000,0.000,0.00,0.000,0.000,0.00,0.000,0.000,0.00,0.000,0.000,0.00,0.000,0.000,0.00,0.000,0.000,0.00,0.000,0.000,0.00,0.000,0.000,0.00,0.000,0.000,0.00,0.000,0.000,0.00,0.000,0.000,0.00,0.000,0.000,0.00,0.000,0.000,0.00,0.000,0.000,0.00,0.000,0.000,0.00,0.000,0.000,0.00,0.000,0.000,0.00,0.000,0.000,0.00,0.000,0.000,0.00,0.000,0.000,0.00,0.000,0.000,0.00,0.000,0.000,0.00,0.000,0.000,0.00,0.000,0.000,0.00,0.000,0.000,0.00
96.2021,0.000,0.000,0.00,0.77,0.00,0.000,0.000,0.00,0.000,0.000,0.00,0.000,0.000,0.00,0.000,0.000,0.00,0.000,0.000,0.00,0.000,0.000,0.00,0.000,0.000,0.00,0.000,0.000,0.00,0.000,0.000,0.00,0.000,0.000,0.00,0.000,0.000,0.00,0.000,0.000,0.00,0.000,0.000,0.00,0.000,0.000,0.00,0.000,0.000,0.00,0.000,0.000,0.00,0.000,0.000,0.00,0.000,0.000,0.00,0.000,0.000,0.00,0.000,0.000,0.00,0.000,0.000,0.00,0.000,0.000,0.00,0.000,0.000,0.00,0.000,0.000,0.00,0.000,0.000,0.00,0.000,0.000,0.00,0.000,0.000,0.00,0.000,0.000,0.00,0.000,0.000,0.00,0.000,0.000,0.00
96.3039,0.000,0.000,0.00,0.77,0.00,0.000,0.000,0.00,0.000,0.000,0.00,0.000,0.000,0.00,0.000,0.000,0.00,0.000,0.000,0.00,0.000,0.000,0.00,0.000,0.000,0.00,0.000,0.000,0.00,0.000,0.000,0.00,0.000,0.000,0.00,0.000,0.000,0.00,0.000,0.000,0.00,0.000,0.000,0.00,0.000,0.000,0.00,0.000,0.000,0.00,0.000,0.000,0.00,0.000,0.000,0.00,0.000,0.000,0.00,0.000,0.000,0.00,0.000,0.000,0.00,0.000,0.000,0.00,0.000,0.000,0.00,0.000,0.000,0.00,0.000,0.000,0.00,0.000,0.000,0.00,0.000,0.000,0.00,0.000,0.000,0.00,0.000,0.000,0.00,0.000,0.000,0.00,0.000,0.000,0.00
96.4057,0.000,0.000,0.00,0.84,0.00,0.000,0.000,0.00,0.000,0.000,0.00,0.000,0.000,0.00,0.000,0.000,0.00,0.000,0.000,0.00,0.000,0.000,0.00,0.000,0.000,0.00,0.000,0.000,0.00,0.000,0.000,0.00,0.000,0.000,0.00,0.000,0.000,0.00,0.000,0.000,0.00,0.000,0.000,0.00,0.000,0.000,0.00,0.000,0.000,0.00,0.000,0.000,0.00,0.000,0.000,0.00,0.000,0.000,0.00,0.000,0.000,0.00,0.000,0.000,0.00,0.000,0.000,0.00,0.000,0.000,0.00,0.000,0.000,0.00,0.000,0.000,0.00,0.000,0.000,0.00,0.000,0.000,0.00,0.000,0.000,0.00,0.000,0.000,0.00,0.000,0.000,0.00,0.000,0.000,0.00
96.5076,0.000,0.000,0.00,0.77,0.00,0.000,0.000,0.00,0.000,0.000,0.00,0.000,0.000,0.00,0.000,0.000,0.00,0.000,0.000,0.00,0.000,0.000,0.00,0.000,0.000,0.00,0.000,0.000,0.00,0.000,0.000,0.00,0.000,0.000,0.00,0.000,0.000,0.00,0.000,0.000,0.00,0.000,0.000,0.00,0.000,0.000,0.00,0.000,0.000,0.00,0.000,0.000,0.00,0.000,0.000,0.00,0.000,0.000,0.00,0.000,0.000,0.00,0.000,0.000,0.00,0.000,0.000,0.00,0.000,0.000,0.00,0.000,0.000,0.00,0.000,0.000,0.00,0.000,0.000,0.00,0.000,0.000,0.00,0.000,0.000,0.00,0.000,0.000,0.00,0.000,0.000,0.00,0.000,0.000,0.00
96.6093,0.000,0.000,0.00,1.07,0.00,0.000,0.000,0.00,0.000,0.000,0.00,0.000,0.000,0.00,0.000,0.000,0.00,0.000,0.000,0.00,0.000,0.000,0.00,0.000,0.000,0.00,0.000,0.000,0.00,0.000,0.000,0.00,0.000,0.000,0.00,0.000,0.000,0.00,0.000,0.000,0.00,0.000,0.000,0.00,0.000,0.000,0.00,0.000,0.000,0.00,0.000,0.000,0.00,0.000,0.000,0.00,0.000,0.000,0.00,0.000,0.000,0.00,0.000,0.000,0.00,0.000,0.000,0.00,0.000,0.000,0.00,0.000,0.000,0.00,0.000,0.000,0.00,0.000,0.000,0.00,0.000,0.000,0.00,0.000,0.000,0.00,0.000,0.000,0.00,0.000,0.000,0.00,0.000,0.000,0.00
96.7112,0.000,0.000,0.00,0.92,0.00,0.000,0.000,0.00,0.000,0.000,0.00,0.000,0.000,0.00,0.000,0.000,0.00,0.000,0.000,0.00,0.000,0.000,0.00,0.000,0.000,0.00,0.000,0.000,0.00,0.000,0.000,0.00,0.000,0.000,0.00,0.000,0.000,0.00,0.000,0.000,0.00,0.000,0.000,0.00,0.000,0.000,0.00,0.000,0.000,0.00,0.000,0.000,0.00,0.000,0.000,0.00,0.000,0.000,0.00,0.000,0.000,0.00,0.000,0.000,0.00,0.000,0.000,0.00,0.000,0.000,0.00,0.000,0.000,0.00,0.000,0.000,0.00,0.000,0.000,0.00,0.000,0.000,0.00,0.000,0.000,0.00,0.000,0.000,0.00,0.000,0.000,0.00,0.000,0.000,0.00
96.8035,0.000,0.000,0.00,0.76,0.00,0.000,0.000,0.00,0.000,0.000,0.00,0.000,0.000,0.00,0.000,0.000,0.00,0.000,0.000,0.00,0.000,0.000,0.00,0.000,0.000,0.00,0.000,0.000,0.00,0.000,0.000,0.00,0.000,0.000,0.00,0.000,0.000,0.00,0.000,0.000,0.00,0.000,0.000,0.00,0.000,0.000,0.00,0.000,0.000,0.00,0.000,0.000,0.00,0.000,0.000,0.00,0.000,0.000,0.00,0.000,0.000,0.00,0.000,0.000,0.00,0.000,0.000,0.00,0.000,0.000,0.00,0.000,0.000,0.00,0.000,0.000,0.00,0.000,0.000,0.00,0.000,0.000,0.00,0.000,0.000,0.00,0.000,0.000,0.00,0.000,0.000,0.00,0.000,0.000,0.00
