time_s,agg_read_mbps,agg_write_mbps,mean_util_pct,cpu_pct,iowait_pct,nvme0n1p1_read_mbps,nvme0n1p1_write_mbps,nvme0n1p1_util_pct,nvme10n1p1_read_mbps,nvme10n1p1_write_mbps,nvme10n1p1_util_pct,nvme11n1p1_read_mbps,nvme11n1p1_write_mbps,nvme11n1p1_util_pct,nvme12n1p1_read_mbps,nvme12n1p1_write_mbps,nvme12n1p1_util_pct,nvme13n1p1_read_mbps,nvme13n1p1_write_mbps,nvme13n1p1_util_pct,nvme14n1p1_read_mbps,nvme14n1p1_write_mbps,nvme14n1p1_util_pct,nvme15n1p1_read_mbps,nvme15n1p1_write_mbps,nvme15n1p1_util_pct,nvme17n1p1_read_mbps,nvme17n1p1_write_mbps,nvme17n1p1_util_pct,nvme18n1p1_read_mbps,nvme18n1p1_write_mbps,nvme18n1p1_util_pct,nvme19n1p1_read_mbps,nvme19n1p1_write_mbps,nvme19n1p1_util_pct,nvme1n1p1_read_mbps,nvme1n1p1_write_mbps,nvme1n1p1_util_pct,nvme20n1p1_read_mbps,nvme20n1p1_write_mbps,nvme20n1p1_util_pct,nvme21n1p1_read_mbps,nvme21n1p1_write_mbps,nvme21n1p1_util_pct,nvme22n1p1_read_mbps,nvme22n1p1_write_mbps,nvme22n1p1_util_pct,nvme23n1p1_read_mbps,nvme23n1p1_write_mbps,nvme23n1p1_util_pct,nvme24n1p1_read_mbps,nvme24n1p1_write_mbps,nvme24n1p1_util_pct,nvme25n1p1_read_mbps,nvme25n1p1_write_mbps,nvme25n1p1_util_pct,nvme26n1p1_read_mbps,nvme26n1p1_write_mbps,nvme26n1p1_util_pct,nvme27n1p1_read_mbps,nvme27n1p1_write_mbps,nvme27n1p1_util_pct,nvme28n1p1_read_mbps,nvme28n1p1_write_mbps,nvme28n1p1_util_pct,nvme29n1p1_read_mbps,nvme29n1p1_write_mbps,nvme29n1p1_util_pct,nvme2n1p1_read_mbps,nvme2n1p1_write_mbps,nvme2n1p1_util_pct,nvme30n1p3_read_mbps,nvme30n1p3_write_mbps,nvme30n1p3_util_pct,nvme3n1p1_read_mbps,nvme3n1p1_write_mbps,nvme3n1p1_util_pct,nvme4n1p1_read_mbps,nvme4n1p1_write_mbps,nvme4n1p1_util_pct,nvme5n1p1_read_mbps,nvme5n1p1_write_mbps,nvme5n1p1_util_pct,nvme6n1p1_read_mbps,nvme6n1p1_write_mbps,nvme6n1p1_util_pct,nvme7n1p1_read_mbps,nvme7n1p1_write_mbps,nvme7n1p1_util_pct,nvme8n1p1_read_mbps,nvme8n1p1_write_mbps,nvme8n1p1_util_pct,nvme9n1p1_read_mbps,nvme9n1p1_write_mbps,nvme9n1p1_util_pct
0.1019,0.000,3671.914,4.87,61.38,0.00,0.000,123.432,4.90,0.000,329.153,7.85,0.000,123.432,4.90,0.000,41.144,2.94,0.000,82.288,3.92,0.000,123.432,4.90,0.000,123.432,3.92,0.000,41.144,2.94,0.000,205.721,5.89,0.000,205.721,7.85,0.000,82.288,3.92,0.000,41.144,2.94,0.000,123.432,4.90,0.000,195.435,4.90,0.000,164.577,7.85,0.000,205.721,6.87,0.000,164.577,5.89,0.000,82.288,3.92,0.000,82.288,2.94,0.000,82.288,3.92,0.000,46.287,4.90,0.000,123.432,4.90,0.000,164.577,5.89,0.000,82.288,3.92,0.000,164.577,6.87,0.000,41.144,2.94,0.000,164.577,4.90,0.000,97.516,5.89,0.000,41.144,2.94,0.000,123.432,4.90
0.2049,0.000,35479.791,28.33,51.62,0.00,0.000,1181.634,27.20,0.000,1181.634,29.14,0.000,1018.650,27.20,0.000,1263.126,31.09,0.000,1181.634,30.12,0.000,855.666,19.43,0.000,1222.380,25.26,0.000,1711.333,30.12,0.000,1548.349,31.09,0.000,1181.634,25.26,0.000,1222.380,29.14,0.000,1181.634,28.17,0.000,1303.872,29.14,0.000,1354.805,33.03,0.000,1100.142,26.23,0.000,1222.380,29.14,0.000,1140.888,29.14,0.000,977.904,24.29,0.000,1629.841,35.94,0.000,1018.650,25.26,0.000,1543.255,34.00,0.000,937.158,29.14,0.000,896.412,27.20,0.000,1059.396,25.26,0.000,1100.142,31.09,0.000,1018.650,25.26,0.000,1059.396,29.14,0.000,1248.046,32.06,0.000,1059.396,27.20,0.000,1059.396,24.29
0.3068,0.000,24764.860,17.15,25.06,0.00,0.000,617.588,14.72,0.000,1070.485,18.65,0.000,823.450,19.63,0.000,782.278,14.72,0.000,864.623,18.65,0.000,658.760,14.72,0.000,658.760,12.76,0.000,818.304,21.60,0.000,823.450,12.76,0.000,988.140,14.72,0.000,617.588,11.78,0.000,864.623,14.72,0.000,617.588,12.76,0.000,946.968,24.54,0.000,823.450,14.72,0.000,988.140,26.50,0.000,988.140,19.63,0.000,905.795,17.67,0.000,905.795,18.65,0.000,1070.485,20.61,0.000,864.623,17.67,0.000,872.342,24.54,0.000,676.371,12.76,0.000,988.140,18.65,0.000,658.760,18.65,0.000,741.105,15.71,0.000,864.623,18.65,0.000,741.105,12.76,0.000,658.760,12.76,0.000,864.623,17.67
0.4087,0.000,24058.482,19.58,18.28,0.00,0.000,1275.030,27.46,0.000,740.340,14.71,0.000,452.430,12.75,0.000,987.120,22.55,0.000,904.860,21.57,0.000,822.600,19.61,0.000,534.690,14.71,0.000,704.351,19.61,0.000,699.210,13.73,0.000,699.210,22.55,0.000,575.820,15.69,0.000,904.860,21.57,0.000,699.210,16.67,0.000,740.340,19.61,0.000,822.600,19.61,0.000,904.860,21.57,0.000,658.080,16.67,0.000,822.600,20.59,0.000,863.730,18.63,0.000,658.080,15.69,0.000,1110.510,28.44,0.000,1226.188,27.46,0.000,822.600,17.65,0.000,658.080,18.63,0.000,822.600,25.50,0.000,1028.250,23.53,0.000,863.730,21.57,0.000,616.950,16.67,0.000,411.300,10.79,0.000,1028.250,21.57
0.5106,0.000,0.000,0.00,4.32,0.00,0.000,0.000,0.00,0.000,0.000,0.00,0.000,0.000,0.00,0.000,0.000,0.00,0.000,0.000,0.00,0.000,0.000,0.00,0.000,0.000,0.00,0.000,0.000,0.00,0.000,0.000,0.00,0.000,0.000,0.00,0.000,0.000,0.00,0.000,0.000,0.00,0.000,0.000,0.00,0.000,0.000,0.00,0.000,0.000,0.00,0.000,0.000,0.00,0.000,0.000,0.00,0.000,0.000,0.00,0.000,0.000,0.00,0.000,0.000,0.00,0.000,0.000,0.00,0.000,0.000,0.00,0.000,0.000,0.00,0.000,0.000,0.00,0.000,0.000,0.00,0.000,0.000,0.00,0.000,0.000,0.00,0.000,0.000,0.00,0.000,0.000,0.00,0.000,0.000,0.00
0.6124,0.000,9429.204,6.22,8.74,0.08,0.000,370.681,7.86,0.000,370.681,6.87,0.000,329.494,5.89,0.000,288.308,4.91,0.000,370.681,5.89,0.000,329.494,6.87,0.000,288.308,7.86,0.000,123.560,2.95,0.000,205.934,3.93,0.000,123.560,3.93,0.000,329.494,6.87,0.000,411.868,6.87,0.000,288.308,6.87,0.000,164.747,2.95,0.000,617.802,7.86,0.000,247.121,3.93,0.000,247.121,4.91,0.000,172.470,4.91,0.000,205.934,3.93,0.000,411.868,7.86,0.000,576.615,10.80,0.000,164.747,4.91,0.000,370.681,7.86,0.000,576.615,14.73,0.000,154.451,3.93,0.000,370.681,6.87,0.000,370.681,5.89,0.000,164.747,2.95,0.000,494.242,8.84,0.000,288.308,5.89
0.7142,0.000,9021.986,5.83,8.20,0.00,0.000,329.476,4.91,0.000,247.107,6.87,0.000,205.923,3.93,0.000,370.661,5.89,0.000,411.845,7.86,0.000,700.137,13.75,0.000,370.661,13.75,0.000,288.292,3.93,0.000,535.399,9.82,0.000,164.738,2.95,0.000,164.738,2.95,0.000,370.661,4.91,0.000,205.923,3.93,0.000,370.661,5.89,0.000,205.923,4.91,0.000,205.923,2.95,0.000,123.554,3.93,0.000,362.939,5.89,0.000,370.661,4.91,0.000,453.030,7.86,0.000,247.107,5.89,0.000,164.738,1.96,0.000,205.923,3.93,0.000,329.476,6.87,0.000,133.850,2.95,0.000,205.923,3.93,0.000,329.476,7.86,0.000,370.661,5.89,0.000,370.661,8.84,0.000,205.923,4.91
0.8163,0.000,9237.148,5.61,17.93,0.00,0.000,164.307,2.94,0.000,492.922,7.83,0.000,164.307,1.96,0.000,123.230,0.98,0.000,410.768,7.83,0.000,164.307,3.92,0.000,328.614,3.92,0.000,492.922,8.81,0.000,328.614,4.90,0.000,451.845,7.83,0.000,246.461,2.94,0.000,205.384,1.96,0.000,328.614,6.86,0.000,246.461,5.88,0.000,287.538,4.90,0.000,410.768,6.86,0.000,246.461,6.86,0.000,451.845,8.81,0.000,164.307,4.90,0.000,369.691,7.83,0.000,287.538,6.86,0.000,451.845,7.83,0.000,323.480,8.81,0.000,164.307,3.92,0.000,328.614,4.90,0.000,287.538,5.88,0.000,369.691,5.88,0.000,246.461,4.90,0.000,246.461,2.94,0.000,451.845,7.83
0.9183,0.000,12794.680,7.32,20.87,0.00,0.000,205.620,4.90,0.000,657.983,9.80,0.000,246.744,5.88,0.000,616.859,10.79,0.000,534.611,8.82,0.000,246.744,4.90,0.000,328.991,6.86,0.000,616.859,11.77,0.000,657.983,7.84,0.000,493.487,8.82,0.000,616.859,8.82,0.000,493.487,8.82,0.000,411.239,7.84,0.000,370.115,7.84,0.000,411.239,6.86,0.000,287.867,6.86,0.000,328.991,4.90,0.000,411.239,5.88,0.000,411.239,8.82,0.000,205.620,3.92,0.000,452.363,6.86,0.000,411.239,6.86,0.000,375.256,7.84,0.000,575.735,10.79,0.000,534.611,8.82,0.000,370.115,6.86,0.000,411.239,3.92,0.000,452.363,6.86,0.000,411.239,5.88,0.000,246.744,3.92
1.0205,0.000,17413.608,10.80,25.68,0.00,0.000,574.978,11.75,0.000,616.047,12.73,0.000,574.978,10.77,0.000,492.838,10.77,0.000,533.908,10.77,0.000,616.047,11.75,0.000,698.187,10.77,0.000,492.838,8.81,0.000,246.419,5.88,0.000,410.698,7.83,0.000,821.397,12.73,0.000,492.838,5.88,0.000,410.698,6.85,0.000,821.397,13.71,0.000,698.187,17.63,0.000,451.768,8.81,0.000,451.768,6.85,0.000,451.768,6.85,0.000,369.628,4.90,0.000,739.257,12.73,0.000,410.698,7.83,0.000,985.676,16.65,0.000,410.698,5.88,0.000,698.187,13.71,0.000,492.838,10.77,0.000,574.978,10.77,0.000,821.397,14.69,0.000,410.698,7.83,0.000,1108.885,26.44,0.000,533.908,10.77
1.1223,0.000,11880.235,6.64,22.84,0.00,0.000,247.129,3.93,0.000,617.824,10.80,0.000,576.635,12.77,0.000,205.941,4.91,0.000,164.753,2.95,0.000,535.447,9.82,0.000,329.506,4.91,0.000,576.635,9.82,0.000,411.882,7.86,0.000,471.091,6.87,0.000,411.882,7.86,0.000,247.129,2.95,0.000,205.941,1.96,0.000,370.694,4.91,0.000,370.694,4.91,0.000,370.694,6.87,0.000,494.259,8.84,0.000,700.200,10.80,0.000,329.506,5.89,0.000,370.694,7.86,0.000,288.318,3.93,0.000,494.259,7.86,0.000,288.318,5.89,0.000,370.694,5.89,0.000,329.506,4.91,0.000,453.071,8.84,0.000,494.259,5.89,0.000,329.506,5.89,0.000,370.694,5.89,0.000,453.071,6.87
1.2252,0.000,18466.717,11.60,16.90,0.00,0.000,570.648,8.75,0.000,692.929,16.52,0.000,326.084,3.89,0.000,733.690,13.61,0.000,611.408,9.72,0.000,652.169,34.01,0.000,733.690,12.63,0.000,570.648,10.69,0.000,611.408,13.61,0.000,838.139,13.61,0.000,634.336,11.66,0.000,692.929,8.75,0.000,776.998,12.63,0.000,529.887,8.75,0.000,489.127,5.83,0.000,448.645,6.80,0.000,815.211,13.61,0.000,529.887,7.77,0.000,774.450,18.46,0.000,611.408,10.69,0.000,326.084,6.80,0.000,529.887,9.72,0.000,866.162,20.41,0.000,570.648,8.75,0.000,611.408,10.69,0.000,592.939,10.69,0.000,529.887,7.77,0.000,654.716,11.66,0.000,611.408,8.75,0.000,529.887,10.69
1.3274,0.000,11762.513,6.33,19.86,0.00,0.000,236.879,4.89,0.000,533.378,10.76,0.000,574.407,5.87,0.000,287.204,3.91,0.000,194.888,2.93,0.000,123.087,1.96,0.000,330.797,5.87,0.000,164.116,2.93,0.000,282.075,4.89,0.000,533.378,10.76,0.000,320.540,5.87,0.000,369.262,6.85,0.000,489.785,7.83,0.000,402.598,4.89,0.000,412.855,5.87,0.000,697.554,10.76,0.000,656.465,7.83,0.000,205.145,3.91,0.000,556.457,8.80,0.000,515.428,7.83,0.000,403.039,7.83,0.000,369.262,5.87,0.000,359.004,6.85,0.000,328.643,2.93,0.000,205.145,2.93,0.000,428.882,6.85,0.000,410.291,8.80,0.000,407.726,5.87,0.000,394.945,6.85,0.000,569.278,9.78
1.4301,0.000,22319.518,14.94,16.55,0.00,0.000,540.380,10.71,0.000,697.100,15.59,0.000,817.113,17.53,0.000,934.573,16.56,0.000,745.616,16.56,0.000,735.402,17.53,0.000,732.848,16.56,0.000,694.546,9.74,0.000,806.899,14.61,0.000,735.402,14.61,0.000,597.514,13.64,0.000,769.595,14.61,0.000,1062.247,17.53,0.000,988.196,19.48,0.000,789.025,12.66,0.000,571.979,10.71,0.000,694.546,13.64,0.000,776.257,16.56,0.000,957.554,17.53,0.000,671.565,11.69,0.000,566.433,12.66,0.000,817.113,12.66,0.000,612.835,12.66,0.000,612.835,11.69,0.000,612.835,13.64,0.000,612.835,12.66,0.000,857.969,16.56,0.000,980.536,25.33,0.000,832.394,20.46,0.000,495.375,11.69
1.5319,0.000,18369.904,11.58,18.94,0.00,0.000,1111.810,19.64,0.000,630.540,9.82,0.000,905.919,16.69,0.000,828.710,13.74,0.000,535.316,12.76,0.000,411.781,7.85,0.000,576.494,11.78,0.000,741.207,12.76,0.000,591.936,8.84,0.000,617.672,11.78,0.000,339.720,5.89,0.000,912.635,15.71,0.000,658.850,13.74,0.000,576.494,12.76,0.000,479.008,10.80,0.000,823.563,17.67,0.000,625.393,9.82,0.000,741.207,15.71,0.000,741.207,14.73,0.000,411.781,6.87,0.000,671.718,12.76,0.000,576.494,11.78,0.000,452.960,9.82,0.000,123.534,1.96,0.000,411.781,6.87,0.000,772.090,15.71,0.000,411.781,7.85,0.000,535.316,11.78,0.000,452.960,7.85,0.000,700.028,11.78
1.6340,0.000,7704.144,4.08,14.89,0.00,0.000,205.512,4.90,0.000,107.894,0.98,0.000,246.614,3.92,0.000,411.024,6.86,0.000,328.819,5.88,0.000,287.717,4.90,0.000,369.921,5.88,0.000,369.921,6.86,0.000,369.921,6.86,0.000,246.614,2.94,0.000,195.236,1.96,0.000,123.307,1.96,0.000,164.409,1.96,0.000,287.717,4.90,0.000,205.532,2.94,0.000,411.024,6.86,0.000,74.498,1.96,0.000,164.409,2.94,0.000,205.512,1.96,0.000,328.819,4.90,0.000,328.819,4.90,0.000,246.614,2.94,0.000,328.819,3.92,0.000,205.512,1.96,0.000,287.717,5.88,0.000,462.402,7.84,0.000,246.614,3.92,0.000,205.512,2.94,0.000,205.512,4.90,0.000,82.205,0.98
1.7357,0.000,10557.123,6.62,11.43,0.00,0.000,247.433,3.93,0.000,288.671,5.90,0.000,371.149,7.87,0.000,371.149,5.90,0.000,371.149,5.90,0.000,247.433,5.90,0.000,371.149,5.90,0.000,329.910,3.93,0.000,412.388,6.88,0.000,536.104,7.87,0.000,329.910,4.92,0.000,371.149,6.88,0.000,206.194,4.92,0.000,453.626,7.87,0.000,329.910,11.80,0.000,329.910,5.90,0.000,412.388,8.85,0.000,371.149,5.90,0.000,329.910,5.90,0.000,371.149,6.88,0.000,412.388,8.85,0.000,247.433,3.93,0.000,329.910,6.88,0.000,247.433,5.90,0.000,329.910,4.92,0.000,247.433,5.90,0.000,329.910,6.88,0.000,453.626,7.87,0.000,536.104,10.82,0.000,371.149,6.88
1.8375,0.000,14509.991,8.29,11.59,0.00,0.000,288.551,2.95,0.000,412.216,6.88,0.000,453.437,5.90,0.000,453.437,8.85,0.000,741.988,13.76,0.000,329.773,6.88,0.000,659.545,10.81,0.000,329.773,6.88,0.000,370.994,7.86,0.000,494.659,11.79,0.000,494.659,7.86,0.000,659.545,12.78,0.000,618.323,9.83,0.000,329.773,4.91,0.000,494.659,8.85,0.000,329.773,5.90,0.000,370.994,5.90,0.000,535.880,8.85,0.000,370.994,5.90,0.000,329.773,6.88,0.000,618.323,12.78,0.000,618.323,9.83,0.000,659.545,10.81,0.000,453.437,8.85,0.000,494.659,4.91,0.000,412.216,6.88,0.000,618.323,10.81,0.000,329.773,4.91,0.000,700.767,8.85,0.000,535.880,9.83
1.9393,0.000,11856.669,6.64,14.03,0.00,0.000,288.182,2.94,0.000,247.013,4.91,0.000,452.858,6.87,0.000,370.520,5.89,0.000,247.013,4.91,0.000,452.858,8.83,0.000,247.013,6.87,0.000,576.364,7.85,0.000,535.196,6.87,0.000,411.689,6.87,0.000,494.027,5.89,0.000,411.689,5.89,0.000,288.182,6.87,0.000,247.013,4.91,0.000,452.858,7.85,0.000,617.563,8.83,0.000,288.182,5.89,0.000,288.182,3.93,0.000,288.182,3.93,0.000,205.844,3.93,0.000,576.364,9.82,0.000,288.182,4.91,0.000,411.689,8.83,0.000,658.702,11.78,0.000,494.027,8.83,0.000,658.702,12.76,0.000,370.520,4.91,0.000,205.844,4.91,0.000,452.858,5.89,0.000,329.351,5.89
2.0411,0.000,7909.417,4.26,13.81,0.00,0.000,288.364,4.91,0.000,41.195,0.00,0.000,288.364,4.91,0.000,164.780,1.96,0.000,164.780,2.95,0.000,288.364,3.93,0.000,205.974,2.95,0.000,205.974,2.95,0.000,288.364,3.93,0.000,247.169,1.96,0.000,205.974,3.93,0.000,164.780,2.95,0.000,329.559,5.89,0.000,247.169,3.93,0.000,411.949,7.86,0.000,329.559,5.89,0.000,453.144,5.89,0.000,329.559,4.91,0.000,41.195,0.98,0.000,164.780,3.93,0.000,164.780,2.95,0.000,288.364,1.96,0.000,329.559,4.91,0.000,370.754,6.88,0.000,453.144,6.88,0.000,370.754,7.86,0.000,205.974,3.93,0.000,535.533,9.82,0.000,41.195,0.98,0.000,288.364,4.91
2.1432,0.000,14464.863,9.21,16.31,0.00,0.000,369.840,7.84,0.000,369.840,7.84,0.000,493.120,8.82,0.000,575.307,11.76,0.000,780.774,18.62,0.000,328.747,7.84,0.000,657.494,11.76,0.000,410.934,4.90,0.000,657.494,11.76,0.000,534.214,7.84,0.000,452.027,7.84,0.000,575.307,9.80,0.000,616.400,17.64,0.000,698.587,12.74,0.000,493.120,7.84,0.000,534.214,9.80,0.000,493.120,8.82,0.000,493.120,7.84,0.000,369.840,6.86,0.000,493.120,8.82,0.000,410.934,8.82,0.000,369.840,6.86,0.000,369.840,7.84,0.000,657.494,10.78,0.000,287.654,6.86,0.000,410.934,6.86,0.000,328.747,6.86,0.000,452.027,7.84,0.000,534.214,10.78,0.000,246.560,5.88
2.2450,0.000,13182.577,7.82,18.43,0.00,0.000,453.130,8.84,0.000,247.162,0.98,0.000,370.743,7.86,0.000,247.162,5.89,0.000,576.711,8.84,0.000,535.518,10.80,0.000,370.743,6.87,0.000,370.743,5.89,0.000,411.937,7.86,0.000,288.356,4.91,0.000,576.711,8.84,0.000,370.743,5.89,0.000,288.642,5.89,0.000,370.743,5.89,0.000,617.905,12.77,0.000,453.130,6.87,0.000,535.518,6.87,0.000,535.518,7.86,0.000,494.324,7.86,0.000,494.324,14.73,0.000,659.099,9.82,0.000,453.130,7.86,0.000,370.743,5.89,0.000,411.937,10.80,0.000,370.743,6.87,0.000,411.937,9.82,0.000,412.253,7.86,0.000,411.937,5.89,0.000,576.711,9.82,0.000,494.324,7.86
2.3472,0.000,12029.568,6.30,20.20,0.00,0.000,533.845,6.85,0.000,492.780,7.83,0.000,205.325,2.94,0.000,492.780,5.87,0.000,246.390,2.94,0.000,338.787,5.87,0.000,256.656,4.90,0.000,451.715,6.85,0.000,369.585,3.92,0.000,615.975,9.79,0.000,451.715,6.85,0.000,451.715,8.81,0.000,492.836,7.83,0.000,410.650,5.87,0.000,205.325,3.92,0.000,287.455,5.87,0.000,621.109,11.75,0.000,164.260,2.94,0.000,369.585,4.90,0.000,246.390,3.92,0.000,657.041,8.81,0.000,451.715,7.83,0.000,451.715,4.90,0.000,287.455,3.92,0.000,410.650,6.85,0.000,315.687,7.83,0.000,518.471,8.81,0.000,492.780,6.85,0.000,410.650,6.85,0.000,328.520,5.87
2.4510,0.000,15923.098,9.25,19.22,0.00,0.000,394.051,8.67,0.000,565.816,11.56,0.000,646.647,13.49,0.000,684.537,10.60,0.000,414.258,9.64,0.000,386.473,8.67,0.000,636.543,10.60,0.000,404.155,5.78,0.000,500.141,6.75,0.000,444.570,6.75,0.000,595.536,10.60,0.000,242.493,1.93,0.000,606.232,9.64,0.000,424.362,7.71,0.000,416.784,4.82,0.000,646.647,12.53,0.000,575.920,8.67,0.000,404.155,5.78,0.000,565.816,9.64,0.000,482.460,7.71,0.000,424.362,10.60,0.000,565.816,9.64,0.000,687.063,11.56,0.000,568.342,10.60,0.000,540.557,10.60,0.000,578.446,10.60,0.000,540.557,8.67,0.000,646.647,10.60,0.000,727.478,13.49,0.000,606.232,9.64
2.5537,0.000,16366.516,9.15,15.82,0.00,0.000,581.481,9.73,0.000,530.474,8.76,0.000,571.280,14.59,0.000,655.441,8.76,0.000,642.690,10.70,0.000,415.708,6.81,0.000,734.503,8.76,0.000,530.474,9.73,0.000,515.172,7.78,0.000,571.280,9.73,0.000,500.468,7.78,0.000,285.640,4.86,0.000,367.251,8.76,0.000,591.967,9.73,0.000,476.917,6.81,0.000,571.280,7.78,0.000,596.783,8.76,0.000,367.251,5.84,0.000,408.057,7.78,0.000,655.441,16.54,0.000,754.905,12.65,0.000,775.308,14.59,0.000,652.891,9.73,0.000,691.146,8.76,0.000,474.366,10.70,0.000,448.863,6.81,0.000,652.891,9.73,0.000,530.474,7.78,0.000,285.640,4.86,0.000,530.474,8.76
2.6557,0.000,18434.845,12.26,22.27,0.00,0.000,699.512,14.72,0.000,576.068,12.75,0.000,534.921,10.79,0.000,411.477,8.83,0.000,781.807,14.72,0.000,822.955,16.68,0.000,699.512,14.72,0.000,781.807,12.75,0.000,534.921,7.85,0.000,411.477,9.81,0.000,658.364,11.77,0.000,534.921,8.83,0.000,534.921,8.83,0.000,699.567,13.73,0.000,617.216,10.79,0.000,411.477,9.81,0.000,576.068,10.79,0.000,617.533,12.75,0.000,946.398,16.68,0.000,617.216,11.77,0.000,864.103,15.70,0.000,740.946,15.70,0.000,370.330,9.81,0.000,617.216,14.72,0.000,411.477,10.79,0.000,699.512,13.73,0.000,452.625,10.79,0.000,617.216,11.77,0.000,699.512,13.73,0.000,493.773,11.77
2.7575,0.000,14127.143,8.84,22.03,0.00,0.000,412.016,7.86,0.000,288.411,6.88,0.000,494.465,8.84,0.000,412.016,6.88,0.000,370.815,6.88,0.000,453.218,7.86,0.000,576.823,10.81,0.000,494.420,8.84,0.000,288.411,4.91,0.000,543.347,11.79,0.000,206.008,3.93,0.000,618.025,7.86,0.000,700.428,12.77,0.000,496.995,9.82,0.000,548.497,8.84,0.000,659.226,11.79,0.000,494.420,7.86,0.000,412.042,6.88,0.000,370.815,7.86,0.000,618.025,13.75,0.000,437.767,9.82,0.000,412.077,7.86,0.000,432.617,9.82,0.000,288.411,5.89,0.000,494.420,9.82,0.000,288.411,5.89,0.000,535.621,10.81,0.000,659.226,9.82,0.000,661.801,12.77,0.000,458.368,9.82
2.8605,0.000,19907.449,11.03,15.98,0.00,0.000,773.291,12.61,0.000,610.493,11.64,0.000,488.683,9.70,0.000,569.794,9.70,0.000,691.892,8.73,0.000,854.690,11.64,0.000,813.991,13.58,0.000,854.690,25.23,0.000,569.794,5.82,0.000,806.360,11.64,0.000,691.892,12.61,0.000,732.592,9.70,0.000,651.193,9.70,0.000,567.250,10.67,0.000,801.272,11.64,0.000,529.094,9.70,0.000,651.193,11.64,0.000,691.892,9.70,0.000,813.991,15.53,0.000,691.892,9.70,0.000,462.957,8.73,0.000,610.493,10.67,0.000,630.843,11.64,0.000,813.991,12.61,0.000,651.193,8.73,0.000,488.394,7.76,0.000,610.493,11.64,0.000,813.991,14.56,0.000,445.151,6.79,0.000,524.007,6.79
2.9624,0.000,12516.579,6.94,19.57,0.00,0.000,463.335,6.87,0.000,663.825,10.80,0.000,581.490,9.82,0.000,411.674,7.85,0.000,576.344,9.82,0.000,247.005,4.91,0.000,288.172,5.89,0.000,357.642,5.89,0.000,452.842,7.85,0.000,370.507,4.91,0.000,347.350,6.87,0.000,288.172,4.91,0.000,535.177,5.89,0.000,329.339,5.89,0.000,288.172,4.91,0.000,329.370,4.91,0.000,452.842,4.91,0.000,452.842,8.83,0.000,288.172,3.93,0.000,535.177,8.83,0.000,252.151,3.93,0.000,452.842,6.87,0.000,535.177,9.82,0.000,388.518,6.87,0.000,272.734,4.91,0.000,555.760,10.80,0.000,568.625,10.80,0.000,284.473,4.91,0.000,452.842,6.87,0.000,494.009,7.85
3.0647,0.000,8273.222,4.85,12.71,0.00,0.000,276.497,4.89,0.000,363.806,7.82,0.000,281.821,3.91,0.000,286.946,4.89,0.000,122.977,3.91,0.000,359.082,3.91,0.000,327.938,7.82,0.000,295.993,5.86,0.000,258.763,3.91,0.000,204.961,3.91,0.000,269.011,4.89,0.000,489.184,8.80,0.000,440.666,7.82,0.000,286.946,4.89,0.000,207.523,3.91,0.000,409.922,6.84,0.000,245.953,4.89,0.000,327.938,5.86,0.000,359.122,5.86,0.000,204.961,2.93,0.000,199.837,2.93,0.000,122.977,2.93,0.000,204.961,3.91,0.000,146.035,2.93,0.000,179.341,2.93,0.000,371.572,2.93,0.000,335.624,4.89,0.000,382.861,7.82,0.000,220.333,4.89,0.000,89.670,1.95
3.1676,0.000,10689.487,6.29,10.06,0.00,0.000,530.120,15.56,0.000,367.006,4.86,0.000,530.120,7.78,0.000,285.449,4.86,0.000,244.671,20.42,0.000,295.245,2.92,0.000,448.563,7.78,0.000,533.863,8.75,0.000,395.041,7.78,0.000,285.449,5.83,0.000,244.671,4.86,0.000,328.935,6.81,0.000,295.644,6.81,0.000,285.449,4.86,0.000,364.457,5.83,0.000,203.892,3.89,0.000,367.006,6.81,0.000,448.563,3.89,0.000,499.098,5.83,0.000,326.228,4.86,0.000,163.114,0.97,0.000,163.114,2.92,0.000,570.898,6.81,0.000,244.671,1.94,0.000,489.341,8.75,0.000,262.432,4.86,0.000,326.228,5.83,0.000,519.925,6.81,0.000,351.714,4.86,0.000,318.582,3.89
3.2706,0.000,15966.231,9.51,15.70,0.00,0.000,488.599,7.77,0.000,610.749,10.68,0.000,285.016,4.85,0.000,529.315,14.56,0.000,529.315,8.74,0.000,325.733,5.82,0.000,895.765,13.59,0.000,570.032,7.77,0.000,542.556,7.77,0.000,562.477,9.71,0.000,447.882,8.74,0.000,488.599,8.74,0.000,753.257,11.65,0.000,488.599,9.71,0.000,488.599,8.74,0.000,570.032,9.71,0.000,529.599,9.71,0.000,570.032,9.71,0.000,529.315,5.82,0.000,389.352,7.77,0.000,651.465,8.74,0.000,407.166,7.77,0.000,526.135,7.77,0.000,447.882,7.77,0.000,692.182,10.68,0.000,447.882,15.53,0.000,773.615,12.62,0.000,610.749,12.62,0.000,285.016,4.85,0.000,529.315,15.53
3.3738,0.000,12677.333,7.17,12.76,0.00,0.000,406.474,7.75,0.000,366.145,7.75,0.000,325.180,6.78,0.000,447.122,7.75,0.000,447.122,12.60,0.000,569.064,9.69,0.000,325.180,4.85,0.000,243.885,3.88,0.000,190.019,2.91,0.000,414.016,6.78,0.000,203.237,2.91,0.000,609.712,7.75,0.000,548.740,6.78,0.000,447.122,8.72,0.000,325.180,3.88,0.000,650.359,17.44,0.000,406.529,6.78,0.000,284.532,6.78,0.000,691.006,12.60,0.000,627.495,8.72,0.000,325.180,4.85,0.000,406.474,6.78,0.000,206.413,2.91,0.000,812.949,11.63,0.000,284.532,3.88,0.000,325.180,3.88,0.000,325.180,6.78,0.000,772.301,9.69,0.000,487.769,7.75,0.000,203.237,3.88
3.4757,0.000,9219.992,5.53,13.04,0.00,0.000,329.274,3.93,0.000,82.318,0.98,0.000,411.592,5.89,0.000,123.478,2.94,0.000,370.433,8.83,0.000,123.478,2.94,0.000,329.274,5.89,0.000,370.433,5.89,0.000,329.274,6.87,0.000,288.115,5.89,0.000,658.548,9.81,0.000,411.592,4.91,0.000,370.433,5.89,0.000,493.911,6.87,0.000,123.478,0.98,0.000,329.274,7.85,0.000,576.229,11.78,0.000,205.796,5.89,0.000,164.637,3.93,0.000,246.955,5.89,0.000,411.592,8.83,0.000,164.637,2.94,0.000,411.592,7.85,0.000,452.752,6.87,0.000,205.796,2.94,0.000,411.592,8.83,0.000,246.955,3.93,0.000,123.478,1.96,0.000,164.637,2.94,0.000,288.436,4.91
3.5775,0.000,10544.647,5.63,16.19,0.00,0.000,411.887,8.84,0.000,164.755,1.96,0.000,411.887,5.89,0.000,453.075,7.86,0.000,453.075,5.89,0.000,453.075,7.86,0.000,288.321,5.89,0.000,205.943,3.93,0.000,123.566,2.95,0.000,288.321,2.95,0.000,247.132,2.95,0.000,205.943,2.95,0.000,453.075,6.87,0.000,205.943,2.95,0.000,453.106,8.84,0.000,329.509,3.93,0.000,453.075,8.84,0.000,247.132,2.95,0.000,617.830,9.82,0.000,205.943,2.95,0.000,370.698,4.91,0.000,494.264,5.89,0.000,535.453,9.82,0.000,205.943,2.95,0.000,370.985,6.87,0.000,411.887,7.86,0.000,494.264,7.86,0.000,247.132,4.91,0.000,329.509,4.91,0.000,411.917,5.89
3.6794,0.000,11861.790,7.40,10.80,0.00,0.000,411.866,6.87,0.000,453.052,6.87,0.000,576.612,7.86,0.000,535.426,8.84,0.000,370.679,7.86,0.000,370.679,4.91,0.000,411.866,5.89,0.000,247.119,8.84,0.000,411.866,8.84,0.000,494.239,6.87,0.000,535.426,9.82,0.000,453.052,6.87,0.000,411.866,6.87,0.000,247.119,12.77,0.000,329.493,5.89,0.000,576.612,10.80,0.000,576.612,7.86,0.000,329.493,6.87,0.000,494.239,10.80,0.000,370.679,7.86,0.000,205.933,2.95,0.000,82.373,2.95,0.000,205.933,4.91,0.000,329.493,6.87,0.000,411.921,7.86,0.000,411.866,7.86,0.000,288.306,4.91,0.000,329.493,6.87,0.000,453.052,7.86,0.000,535.426,8.84
3.7825,0.000,9107.157,5.56,17.68,0.00,0.000,447.195,7.75,0.000,325.233,5.82,0.000,284.579,3.88,0.000,284.579,2.91,0.000,325.551,7.75,0.000,284.579,4.85,0.000,162.617,2.91,0.000,406.541,6.78,0.000,325.546,5.82,0.000,365.887,13.57,0.000,162.617,2.91,0.000,284.579,3.88,0.000,40.654,0.97,0.000,284.579,5.82,0.000,243.925,5.82,0.000,162.617,1.94,0.000,325.233,6.78,0.000,365.887,6.78,0.000,406.541,6.78,0.000,325.233,3.88,0.000,406.541,12.60,0.000,284.579,3.88,0.000,406.541,6.78,0.000,162.617,3.88,0.000,325.233,4.85,0.000,406.541,5.82,0.000,365.887,5.82,0.000,243.925,3.88,0.000,203.271,2.91,0.000,487.850,8.72
3.8860,0.000,16864.979,10.76,21.16,0.00,0.000,648.633,13.53,0.000,567.554,11.60,0.000,243.237,5.80,0.000,486.475,9.67,0.000,608.123,10.63,0.000,405.396,7.73,0.000,729.712,16.43,0.000,527.015,9.67,0.000,486.475,7.73,0.000,608.094,7.73,0.000,364.856,7.73,0.000,486.762,9.67,0.000,729.712,12.57,0.000,486.475,7.73,0.000,1013.489,20.30,0.000,486.475,8.70,0.000,405.396,6.77,0.000,527.015,9.67,0.000,486.475,9.67,0.000,445.935,6.77,0.000,486.475,23.20,0.000,648.633,11.60,0.000,648.831,12.57,0.000,729.712,14.50,0.000,527.015,9.67,0.000,972.950,14.50,0.000,486.475,7.73,0.000,405.396,7.73,0.000,648.633,11.60,0.000,567.554,9.67
3.9893,0.000,21731.128,13.65,24.30,0.00,0.000,527.797,10.65,0.000,608.997,10.65,0.000,773.933,15.49,0.000,527.797,11.62,0.000,558.247,10.65,0.000,852.595,16.46,0.000,639.486,12.58,0.000,593.772,7.74,0.000,1027.682,14.52,0.000,730.796,11.62,0.000,763.783,13.55,0.000,527.857,9.68,0.000,649.596,13.55,0.000,893.195,16.46,0.000,690.196,12.58,0.000,723.183,14.52,0.000,568.397,11.62,0.000,893.195,16.46,0.000,1055.594,18.39,0.000,487.197,8.71,0.000,758.708,14.52,0.000,583.622,8.71,0.000,649.596,12.58,0.000,827.220,15.49,0.000,1101.269,26.14,0.000,608.997,12.58,0.000,423.760,10.65,0.000,1020.069,21.30,0.000,1014.994,19.36,0.000,649.596,10.65
4.0921,0.000,14714.320,8.33,18.39,0.00,0.000,530.247,8.75,0.000,571.035,9.72,0.000,446.121,6.81,0.000,530.247,8.75,0.000,254.927,4.86,0.000,530.247,8.75,0.000,540.404,9.72,0.000,423.178,6.81,0.000,639.866,7.78,0.000,571.035,8.75,0.000,701.048,12.64,0.000,367.094,6.81,0.000,448.671,6.81,0.000,734.188,11.67,0.000,367.094,5.83,0.000,578.683,9.72,0.000,367.094,5.83,0.000,407.882,7.78,0.000,285.518,4.86,0.000,367.094,8.75,0.000,502.205,5.83,0.000,392.587,7.78,0.000,285.518,3.89,0.000,678.105,9.72,0.000,525.149,8.75,0.000,285.518,4.86,0.000,757.132,11.67,0.000,525.149,8.75,0.000,530.247,15.56,0.000,571.035,11.67
4.1939,0.000,14502.361,8.19,12.39,0.00,0.000,453.199,8.84,0.000,370.799,6.88,0.000,535.599,9.82,0.000,659.198,9.82,0.000,411.999,5.89,0.000,370.799,6.88,0.000,329.599,7.86,0.000,659.198,9.82,0.000,453.199,4.91,0.000,576.798,9.82,0.000,494.399,6.88,0.000,453.199,5.89,0.000,617.998,9.82,0.000,453.199,5.89,0.000,288.399,5.89,0.000,576.798,11.79,0.000,329.599,4.91,0.000,453.199,6.88,0.000,288.399,6.88,0.000,370.799,6.88,0.000,453.199,6.88,0.000,453.199,10.81,0.000,659.198,9.82,0.000,576.798,10.81,0.000,453.199,6.88,0.000,617.998,10.81,0.000,535.599,10.81,0.000,494.399,9.82,0.000,700.398,9.82,0.000,411.999,6.88
4.2957,0.000,14506.831,8.97,14.69,0.00,0.000,412.126,8.84,0.000,576.976,10.81,0.000,659.401,13.76,0.000,494.551,10.81,0.000,535.764,8.84,0.000,329.701,6.88,0.000,535.764,7.86,0.000,288.488,4.91,0.000,535.764,6.88,0.000,494.551,7.86,0.000,329.701,4.91,0.000,247.276,2.95,0.000,412.126,6.88,0.000,576.976,12.77,0.000,535.764,8.84,0.000,494.551,8.84,0.000,576.976,10.81,0.000,453.338,9.83,0.000,535.764,10.81,0.000,453.338,8.84,0.000,659.401,12.77,0.000,618.189,11.79,0.000,453.338,9.83,0.000,453.338,8.84,0.000,412.126,7.86,0.000,329.701,5.90,0.000,453.338,8.84,0.000,370.913,6.88,0.000,576.976,10.81,0.000,700.614,12.77
4.3975,0.000,11861.628,6.09,17.34,0.00,0.000,370.676,7.86,0.000,288.303,5.89,0.000,411.862,4.91,0.000,247.117,3.93,0.000,370.676,6.87,0.000,453.048,5.89,0.000,247.117,3.93,0.000,453.048,5.89,0.000,370.676,4.91,0.000,617.793,9.82,0.000,164.745,2.95,0.000,247.117,4.91,0.000,535.421,8.84,0.000,411.862,3.93,0.000,658.979,11.78,0.000,205.931,0.98,0.000,617.793,6.87,0.000,247.117,2.95,0.000,370.676,5.89,0.000,370.676,5.89,0.000,370.676,7.86,0.000,494.235,4.91,0.000,617.793,8.84,0.000,288.303,5.89,0.000,453.048,7.86,0.000,370.676,7.86,0.000,494.235,6.87,0.000,370.676,4.91,0.000,370.676,6.87,0.000,370.676,5.89
4.4994,0.000,17147.195,9.56,13.71,0.00,0.000,617.639,10.80,0.000,494.111,7.85,0.000,617.639,6.87,0.000,512.125,7.85,0.000,370.583,4.91,0.000,576.463,10.80,0.000,782.342,13.74,0.000,741.166,10.80,0.000,452.935,6.87,0.000,452.935,8.84,0.000,658.815,7.85,0.000,823.518,15.71,0.000,617.639,12.76,0.000,576.463,8.84,0.000,576.463,7.85,0.000,411.759,7.85,0.000,658.815,9.82,0.000,741.166,11.78,0.000,576.463,10.80,0.000,329.407,6.87,0.000,741.166,12.76,0.000,452.935,7.85,0.000,494.111,8.84,0.000,535.287,7.85,0.000,452.935,7.85,0.000,494.111,10.80,0.000,576.463,7.85,0.000,658.815,12.76,0.000,658.815,12.76,0.000,494.111,7.85
4.6026,0.000,10390.255,5.82,12.20,0.00,0.000,406.564,6.79,0.000,203.282,3.88,0.000,569.190,6.79,0.000,470.090,8.72,0.000,569.190,9.69,0.000,284.595,3.88,0.000,365.908,6.79,0.000,203.282,3.88,0.000,162.626,2.91,0.000,569.190,7.75,0.000,609.846,8.72,0.000,447.221,7.75,0.000,121.969,1.94,0.000,487.877,8.72,0.000,406.564,5.82,0.000,284.595,6.79,0.000,243.938,2.91,0.000,447.221,7.75,0.000,406.564,7.75,0.000,203.282,12.60,0.000,406.564,6.79,0.000,284.595,3.88,0.000,162.626,2.91,0.000,365.908,4.85,0.000,203.282,2.91,0.000,162.626,2.91,0.000,284.595,4.85,0.000,365.908,3.88,0.000,203.282,1.94,0.000,487.877,7.75
4.7046,0.000,14513.825,8.10,17.46,0.00,0.000,575.619,10.78,0.000,616.735,17.64,0.000,534.503,6.86,0.000,411.157,7.84,0.000,205.578,2.94,0.000,411.157,4.90,0.000,411.157,7.84,0.000,411.157,8.82,0.000,616.735,8.82,0.000,411.157,6.86,0.000,452.272,7.84,0.000,616.735,8.82,0.000,370.041,6.86,0.000,534.503,6.86,0.000,493.388,9.80,0.000,534.503,9.80,0.000,534.503,7.84,0.000,370.041,4.90,0.000,411.157,3.92,0.000,411.157,7.84,0.000,328.925,4.90,0.000,534.503,8.82,0.000,452.272,7.84,0.000,740.082,10.78,0.000,411.157,7.84,0.000,493.388,8.82,0.000,411.157,6.86,0.000,411.157,7.84,0.000,740.082,11.76,0.000,657.850,9.80
4.8064,0.000,6591.959,3.80,18.16,0.00,0.000,329.598,3.93,0.000,247.198,3.93,0.000,288.398,4.91,0.000,164.799,3.93,0.000,41.200,0.98,0.000,329.598,4.91,0.000,123.599,1.96,0.000,370.798,6.88,0.000,205.999,2.95,0.000,164.799,3.93,0.000,329.598,5.89,0.000,164.799,3.93,0.000,164.799,1.96,0.000,123.599,2.95,0.000,205.999,3.93,0.000,288.398,3.93,0.000,41.200,0.98,0.000,288.398,3.93,0.000,205.999,3.93,0.000,288.398,4.91,0.000,247.198,3.93,0.000,205.999,1.96,0.000,288.398,4.91,0.000,164.799,2.95,0.000,205.999,2.95,0.000,205.999,3.93,0.000,205.999,3.93,0.000,247.198,5.89,0.000,205.999,4.91,0.000,247.198,3.93
4.9081,0.000,6594.727,3.77,26.08,0.00,0.000,123.651,0.98,0.000,247.302,3.93,0.000,206.085,3.93,0.000,329.736,3.93,0.000,164.868,2.95,0.000,41.217,1.97,0.000,206.085,2.95,0.000,288.519,3.93,0.000,247.302,3.93,0.000,123.651,1.97,0.000,206.085,2.95,0.000,123.651,2.95,0.000,247.302,4.91,0.000,329.736,6.88,0.000,206.085,3.93,0.000,41.217,0.98,0.000,206.085,2.95,0.000,247.302,2.95,0.000,247.302,2.95,0.000,288.519,4.91,0.000,164.868,3.93,0.000,206.085,3.93,0.000,206.085,5.90,0.000,123.651,2.95,0.000,206.085,4.91,0.000,370.953,4.91,0.000,535.822,8.84,0.000,288.519,3.93,0.000,123.651,1.97,0.000,247.302,4.91
5.0102,0.000,7889.092,4.28,22.16,0.00,0.000,369.801,4.90,0.000,451.979,7.84,0.000,205.445,3.92,0.000,123.267,1.96,0.000,246.534,3.92,0.000,287.623,2.94,0.000,205.445,3.92,0.000,164.356,1.96,0.000,328.712,3.92,0.000,369.801,5.88,0.000,123.267,2.94,0.000,164.356,2.94,0.000,287.623,5.88,0.000,410.890,7.84,0.000,164.356,1.96,0.000,123.267,3.92,0.000,164.356,3.92,0.000,369.801,5.88,0.000,246.534,5.88,0.000,287.623,3.92,0.000,410.890,6.86,0.000,205.445,3.92,0.000,287.623,4.90,0.000,328.712,5.88,0.000,205.445,1.96,0.000,205.445,1.96,0.000,369.801,5.88,0.000,164.356,3.92,0.000,534.157,6.86,0.000,82.178,0.00
5.1124,0.000,7840.019,6.26,2.00,0.31,0.000,246.283,5.87,0.000,205.236,3.91,0.000,205.236,3.91,0.000,123.142,3.91,0.000,328.378,6.85,0.000,533.614,9.79,0.000,164.189,3.91,0.000,369.425,7.83,0.000,82.094,1.96,0.000,369.425,6.85,0.000,410.472,9.79,0.000,410.472,9.79,0.000,205.236,3.91,0.000,164.189,3.91,0.000,246.283,10.77,0.000,164.189,4.89,0.000,451.519,8.81,0.000,328.378,5.87,0.000,164.189,4.89,0.000,164.189,4.89,0.000,328.378,6.85,0.000,287.331,6.85,0.000,328.378,13.70,0.000,369.425,7.83,0.000,164.189,4.89,0.000,205.236,3.91,0.000,410.472,9.79,0.000,123.142,3.91,0.000,82.094,1.96,0.000,205.236,5.87
5.2144,0.000,10146.131,11.54,65.93,0.00,0.000,185.145,7.85,0.000,514.694,15.69,0.000,331.718,12.75,0.000,411.434,13.73,0.000,318.138,10.79,0.000,249.432,10.79,0.000,216.003,8.83,0.000,236.770,6.87,0.000,559.534,12.75,0.000,401.148,12.75,0.000,313.638,9.81,0.000,218.574,10.79,0.000,331.718,11.77,0.000,288.003,8.83,0.000,308.575,11.77,0.000,293.146,9.81,0.000,205.717,9.81,0.000,324.084,9.81,0.000,290.575,7.85,0.000,440.121,14.71,0.000,354.861,12.75,0.000,277.718,6.87,0.000,588.864,17.66,0.000,221.146,8.83,0.000,450.005,16.68,0.000,476.041,14.71,0.000,244.690,10.79,0.000,349.719,12.75,0.000,457.720,14.71,0.000,287.200,12.75
5.3176,0.000,32875.034,24.02,47.62,0.00,0.000,1076.321,29.05,0.000,1360.236,30.02,0.000,1053.475,26.15,0.000,771.702,16.46,0.000,945.034,18.40,0.000,1459.634,27.11,0.000,842.780,21.30,0.000,1106.937,19.37,0.000,1194.123,21.30,0.000,822.472,18.40,0.000,1274.403,31.96,0.000,1083.937,23.24,0.000,972.243,23.24,0.000,1502.788,30.02,0.000,1523.096,27.11,0.000,1050.937,25.18,0.000,1259.093,27.11,0.000,817.316,18.40,0.000,850.395,18.40,0.000,743.382,12.59,0.000,990.013,22.27,0.000,1066.167,27.11,0.000,1083.937,21.30,0.000,1203.246,28.08,0.000,1058.552,25.18,0.000,1520.593,33.89,0.000,814.460,20.34,0.000,1320.017,30.99,0.000,847.857,19.37,0.000,1259.886,27.11
5.4197,0.000,35507.971,25.41,25.80,0.00,0.000,1315.054,30.37,0.000,1191.768,28.41,0.000,904.100,22.54,0.000,1109.577,27.43,0.000,1315.054,29.39,0.000,1191.768,25.47,0.000,1479.436,33.31,0.000,1191.768,18.62,0.000,1273.959,19.60,0.000,1315.054,23.52,0.000,986.291,23.52,0.000,863.004,15.68,0.000,1520.532,33.31,0.000,1273.959,27.43,0.000,1315.054,24.49,0.000,1027.386,23.52,0.000,739.718,16.66,0.000,986.291,20.58,0.000,1109.577,25.47,0.000,945.195,20.58,0.000,1274.009,24.49,0.000,1273.959,27.43,0.000,1480.841,28.41,0.000,1191.818,28.41,0.000,1027.386,21.56,0.000,1397.245,30.37,0.000,1561.627,33.31,0.000,904.100,19.60,0.000,1027.386,25.47,0.000,1315.054,33.31
5.5230,0.000,9096.050,5.07,15.63,0.00,0.000,162.424,1.94,0.000,446.666,8.71,0.000,446.666,8.71,0.000,203.030,2.90,0.000,284.242,2.90,0.000,284.242,4.84,0.000,162.424,2.90,0.000,284.242,5.81,0.000,649.697,10.65,0.000,203.030,1.94,0.000,527.879,6.78,0.000,243.636,3.87,0.000,162.424,2.90,0.000,81.212,1.94,0.000,365.454,4.84,0.000,365.454,5.81,0.000,243.636,5.81,0.000,243.636,4.84,0.000,365.454,5.81,0.000,284.242,5.81,0.000,122.116,1.94,0.000,284.242,5.81,0.000,365.454,5.81,0.000,162.424,4.84,0.000,324.848,5.81,0.000,203.030,2.90,0.000,487.272,6.78,0.000,365.454,3.87,0.000,446.666,7.74,0.000,324.848,6.78
5.6247,0.000,2637.790,2.06,2.84,0.00,0.000,164.862,2.95,0.000,82.431,1.97,0.000,123.646,2.95,0.000,123.646,2.95,0.000,0.000,0.00,0.000,82.431,1.97,0.000,0.000,0.00,0.000,164.862,2.95,0.000,123.646,3.93,0.000,82.431,1.97,0.000,164.862,1.97,0.000,41.215,1.97,0.000,41.215,0.98,0.000,0.000,0.00,0.000,164.862,2.95,0.000,82.431,1.97,0.000,123.646,1.97,0.000,123.646,3.93,0.000,82.431,1.97,0.000,123.646,3.93,0.000,82.431,1.97,0.000,123.646,2.95,0.000,82.431,2.95,0.000,82.431,1.97,0.000,0.000,0.00,0.000,41.215,0.98,0.000,123.646,2.95,0.000,0.000,0.00,0.000,82.431,2.95,0.000,123.646,1.97
5.7265,0.000,6185.147,4.55,4.31,0.00,0.000,139.050,2.95,0.000,247.200,4.91,0.000,360.500,8.84,0.000,123.600,3.93,0.000,247.200,5.89,0.000,306.425,7.86,0.000,412.000,7.86,0.000,123.600,2.95,0.000,247.200,5.89,0.000,206.000,3.93,0.000,123.600,2.95,0.000,164.800,3.93,0.000,288.400,4.91,0.000,247.200,4.91,0.000,164.800,3.93,0.000,97.850,1.96,0.000,370.800,8.84,0.000,172.525,3.93,0.000,206.000,2.95,0.000,206.000,4.91,0.000,82.400,1.96,0.000,247.200,6.88,0.000,164.800,3.93,0.000,206.000,2.95,0.000,123.600,1.96,0.000,164.800,4.91,0.000,41.200,1.96,0.000,247.200,4.91,0.000,247.200,5.89,0.000,206.000,2.95
5.8284,0.000,12431.918,6.35,15.63,0.00,0.000,519.927,7.85,0.000,535.370,7.85,0.000,298.572,10.80,0.000,411.823,6.87,0.000,576.553,9.82,0.000,517.353,6.87,0.000,494.188,5.89,0.000,288.276,3.93,0.000,205.912,3.93,0.000,370.641,5.89,0.000,370.641,4.91,0.000,453.006,8.84,0.000,535.370,7.85,0.000,453.006,7.85,0.000,370.641,5.89,0.000,478.745,5.89,0.000,411.823,6.87,0.000,362.919,3.93,0.000,370.641,4.91,0.000,700.100,11.78,0.000,535.370,5.89,0.000,494.188,7.85,0.000,329.459,4.91,0.000,247.094,3.93,0.000,205.912,2.95,0.000,453.006,7.85,0.000,205.912,3.93,0.000,453.006,2.95,0.000,288.276,4.91,0.000,494.188,6.87
5.9306,0.000,10506.058,6.39,15.73,0.00,0.000,287.266,5.87,0.000,246.228,3.91,0.000,492.456,6.85,0.000,164.152,2.94,0.000,369.342,5.87,0.000,246.228,2.94,0.000,246.228,3.91,0.000,123.114,3.91,0.000,287.266,7.83,0.000,369.342,3.91,0.000,492.456,9.78,0.000,615.570,9.78,0.000,533.494,7.83,0.000,123.114,2.94,0.000,492.456,8.81,0.000,369.342,6.85,0.000,246.228,4.89,0.000,369.342,5.87,0.000,451.418,8.81,0.000,328.304,4.89,0.000,82.076,2.94,0.000,492.456,6.85,0.000,369.342,4.89,0.000,287.266,5.87,0.000,205.190,4.89,0.000,615.570,17.61,0.000,451.418,8.81,0.000,451.418,9.78,0.000,410.706,5.87,0.000,287.266,5.87
6.0340,0.000,13127.907,7.16,26.32,0.00,0.000,486.869,8.71,0.000,446.297,5.80,0.000,486.869,9.67,0.000,365.152,7.74,0.000,284.007,3.87,0.000,608.586,7.74,0.000,405.724,6.77,0.000,446.297,5.80,0.000,284.007,4.84,0.000,365.152,6.77,0.000,365.152,5.80,0.000,284.007,6.77,0.000,365.152,6.77,0.000,284.007,5.80,0.000,388.132,7.74,0.000,608.586,9.67,0.000,613.658,10.64,0.000,324.579,6.77,0.000,324.579,4.84,0.000,486.869,7.74,0.000,608.586,8.71,0.000,446.297,7.74,0.000,527.441,6.77,0.000,973.738,14.51,0.000,400.653,6.77,0.000,202.862,2.90,0.000,486.869,7.74,0.000,284.007,3.87,0.000,446.331,8.71,0.000,527.441,6.77
6.1364,0.000,17612.095,9.21,21.46,0.00,0.000,614.048,10.74,0.000,614.048,12.69,0.000,736.857,13.66,0.000,368.429,5.86,0.000,491.238,7.81,0.000,736.857,14.64,0.000,409.365,4.88,0.000,573.111,9.76,0.000,450.302,7.81,0.000,641.991,8.78,0.000,900.603,14.64,0.000,537.292,10.74,0.000,450.302,7.81,0.000,603.254,9.76,0.000,1000.226,13.66,0.000,573.156,5.86,0.000,567.994,9.76,0.000,532.175,8.78,0.000,368.429,5.86,0.000,601.255,9.76,0.000,695.921,7.81,0.000,491.238,6.83,0.000,900.603,12.69,0.000,409.365,5.86,0.000,414.482,5.86,0.000,491.238,6.83,0.000,654.984,8.78,0.000,596.178,9.76,0.000,614.048,10.74,0.000,573.111,7.81
6.2393,0.000,17557.898,9.66,22.42,0.00,0.000,652.540,6.81,0.000,570.972,10.70,0.000,734.107,13.61,0.000,570.972,11.67,0.000,774.891,12.64,0.000,489.405,6.81,0.000,448.621,8.75,0.000,652.540,10.70,0.000,693.324,9.72,0.000,461.565,4.86,0.000,326.270,7.78,0.000,484.307,10.70,0.000,514.576,10.70,0.000,744.861,8.75,0.000,570.972,8.75,0.000,535.287,9.72,0.000,652.540,9.72,0.000,489.405,6.81,0.000,726.510,17.50,0.000,502.150,8.75,0.000,774.891,10.70,0.000,734.107,12.64,0.000,489.405,6.81,0.000,530.189,8.75,0.000,734.107,9.72,0.000,367.054,5.83,0.000,489.405,9.72,0.000,507.258,9.72,0.000,530.189,7.78,0.000,805.479,12.64
6.3414,0.000,17068.552,9.23,14.21,0.00,0.000,246.348,3.92,0.000,697.985,10.77,0.000,533.753,9.79,0.000,656.927,10.77,0.000,574.811,8.81,0.000,287.406,4.89,0.000,574.811,8.81,0.000,369.522,5.87,0.000,862.217,12.73,0.000,533.753,10.77,0.000,328.464,5.87,0.000,615.869,8.81,0.000,467.355,6.85,0.000,615.869,8.81,0.000,410.580,5.87,0.000,651.795,11.75,0.000,451.638,7.83,0.000,656.927,11.75,0.000,829.173,13.70,0.000,616.195,7.83,0.000,780.101,11.75,0.000,697.985,13.70,0.000,697.985,10.77,0.000,369.522,4.89,0.000,656.927,9.79,0.000,656.927,12.73,0.000,821.159,13.70,0.000,739.354,11.75,0.000,410.580,5.87,0.000,256.612,5.87
6.4433,0.000,11853.012,6.57,15.87,0.00,0.000,576.184,8.83,0.000,205.780,3.92,0.000,493.872,8.83,0.000,452.766,14.72,0.000,535.028,7.85,0.000,329.248,4.91,0.000,329.248,2.94,0.000,535.028,6.87,0.000,411.560,7.85,0.000,411.560,6.87,0.000,205.780,2.94,0.000,411.560,3.92,0.000,329.248,5.89,0.000,288.092,6.87,0.000,288.092,2.94,0.000,535.028,11.77,0.000,493.872,7.85,0.000,370.404,6.87,0.000,411.560,6.87,0.000,576.214,10.79,0.000,535.028,9.81,0.000,205.780,3.92,0.000,452.716,5.89,0.000,370.404,3.92,0.000,205.780,2.94,0.000,329.248,5.89,0.000,493.872,5.89,0.000,288.092,5.89,0.000,370.404,5.89,0.000,411.560,6.87
6.5453,0.000,25012.955,16.31,22.40,0.00,0.000,699.356,17.65,0.000,946.187,15.69,0.000,946.187,15.69,0.000,658.528,13.73,0.000,575.940,10.79,0.000,370.297,5.88,0.000,1028.464,15.69,0.000,863.910,15.69,0.000,740.494,10.79,0.000,1275.296,21.58,0.000,1152.176,21.58,0.000,863.910,16.67,0.000,1028.514,18.64,0.000,822.771,16.67,0.000,1069.603,16.67,0.000,493.663,9.81,0.000,740.494,14.71,0.000,905.048,18.64,0.000,1069.603,21.58,0.000,863.910,16.67,0.000,617.078,12.75,0.000,863.910,22.56,0.000,987.326,19.62,0.000,863.910,15.69,0.000,781.633,15.69,0.000,658.217,15.69,0.000,946.187,32.37,0.000,493.663,9.81,0.000,863.910,15.69,0.000,822.771,14.71
6.6473,0.000,10944.969,6.08,18.67,0.00,0.000,517.890,8.82,0.000,287.726,4.90,0.000,411.082,6.86,0.000,411.037,5.88,0.000,411.037,6.86,0.000,616.866,10.78,0.000,246.958,6.86,0.000,411.037,6.86,0.000,513.595,5.88,0.000,351.950,3.92,0.000,287.791,3.92,0.000,246.622,3.92,0.000,376.636,5.88,0.000,246.622,4.90,0.000,493.244,7.84,0.000,459.877,5.88,0.000,246.622,4.90,0.000,369.983,4.90,0.000,164.415,2.94,0.000,328.829,6.86,0.000,328.829,4.90,0.000,287.726,5.88,0.000,369.933,5.88,0.000,411.037,3.92,0.000,428.979,8.82,0.000,452.140,6.86,0.000,493.244,12.74,0.000,220.932,3.92,0.000,182.398,2.94,0.000,369.933,6.86
6.7496,0.000,11389.742,7.20,12.80,0.00,0.000,467.506,7.82,0.000,328.063,5.87,0.000,492.094,7.82,0.000,287.055,3.91,0.000,369.071,5.87,0.000,369.071,13.69,0.000,287.100,6.84,0.000,410.079,6.84,0.000,430.783,6.84,0.000,469.027,11.73,0.000,451.086,9.78,0.000,369.071,4.89,0.000,362.383,4.89,0.000,287.055,5.87,0.000,451.086,5.87,0.000,402.390,6.84,0.000,410.079,6.84,0.000,369.071,13.69,0.000,328.063,3.91,0.000,369.071,6.84,0.000,328.063,4.89,0.000,656.171,15.64,0.000,205.039,3.91,0.000,492.094,10.75,0.000,433.186,7.82,0.000,369.071,5.87,0.000,287.055,2.93,0.000,353.693,7.82,0.000,310.122,4.89,0.000,246.047,4.89
6.8516,0.000,14478.077,8.79,16.09,0.00,0.000,452.437,7.85,0.000,534.698,9.81,0.000,534.698,8.83,0.000,411.306,7.85,0.000,534.698,8.83,0.000,534.698,6.86,0.000,411.306,5.88,0.000,493.567,8.83,0.000,493.567,9.81,0.000,411.356,8.83,0.000,534.698,9.81,0.000,616.959,11.77,0.000,329.045,5.88,0.000,781.482,14.71,0.000,575.829,10.79,0.000,534.698,7.85,0.000,370.176,4.90,0.000,246.784,3.92,0.000,534.698,7.85,0.000,370.176,5.88,0.000,370.176,13.73,0.000,863.743,16.67,0.000,370.176,5.88,0.000,370.176,7.85,0.000,411.306,6.86,0.000,452.437,8.83,0.000,534.748,8.83,0.000,452.437,7.85,0.000,575.829,12.75,0.000,370.176,7.85
6.9534,0.000,5272.156,3.01,13.72,0.00,0.000,123.559,1.96,0.000,247.118,4.91,0.000,0.000,0.00,0.000,123.559,0.98,0.000,164.745,1.96,0.000,205.931,3.93,0.000,123.559,2.95,0.000,205.931,10.80,0.000,123.559,1.96,0.000,247.429,4.91,0.000,164.745,0.98,0.000,288.304,4.91,0.000,164.745,2.95,0.000,205.931,3.93,0.000,123.559,2.95,0.000,123.559,1.96,0.000,123.559,0.98,0.000,247.118,4.91,0.000,82.373,0.98,0.000,329.490,5.89,0.000,164.745,1.96,0.000,164.745,1.96,0.000,164.745,2.95,0.000,370.677,4.91,0.000,123.559,1.96,0.000,370.677,1.96,0.000,205.931,2.95,0.000,123.559,2.95,0.000,41.186,0.98,0.000,123.559,2.95
7.0556,0.000,14445.446,8.09,9.36,0.00,0.000,656.611,11.74,0.000,492.458,7.83,0.000,656.611,9.78,0.000,492.458,7.83,0.000,574.535,8.81,0.000,697.649,12.72,0.000,574.535,10.76,0.000,82.076,0.98,0.000,533.497,9.78,0.000,451.420,6.85,0.000,656.611,10.76,0.000,574.535,9.78,0.000,328.306,6.85,0.000,451.420,9.78,0.000,533.497,5.87,0.000,205.191,1.96,0.000,451.420,7.83,0.000,451.420,7.83,0.000,205.191,3.91,0.000,902.840,10.76,0.000,369.344,6.85,0.000,287.267,5.87,0.000,410.382,8.81,0.000,615.573,6.85,0.000,533.497,7.83,0.000,574.535,11.74,0.000,328.306,5.87,0.000,410.382,7.83,0.000,533.497,9.78,0.000,410.382,8.81
7.1574,0.000,9228.429,5.93,14.11,0.00,0.000,494.380,9.82,0.000,370.785,5.89,0.000,205.992,5.89,0.000,370.785,6.88,0.000,411.983,6.88,0.000,205.992,4.91,0.000,411.983,6.88,0.000,411.983,5.89,0.000,288.388,4.91,0.000,329.587,6.88,0.000,205.992,4.91,0.000,288.388,6.88,0.000,288.388,4.91,0.000,247.190,3.93,0.000,453.182,8.84,0.000,288.388,6.88,0.000,123.595,1.96,0.000,82.397,1.96,0.000,288.388,5.89,0.000,205.992,2.95,0.000,576.777,8.84,0.000,205.992,3.93,0.000,288.388,5.89,0.000,247.190,4.91,0.000,164.793,2.95,0.000,41.198,0.98,0.000,453.182,8.84,0.000,288.388,5.89,0.000,329.587,6.88,0.000,659.174,14.73
7.2594,0.000,15803.044,9.48,22.33,0.00,0.000,370.383,6.87,0.000,576.151,10.79,0.000,576.151,8.83,0.000,288.075,6.87,0.000,493.844,9.81,0.000,452.690,5.89,0.000,617.304,9.81,0.000,534.997,7.85,0.000,452.690,4.91,0.000,699.612,12.76,0.000,411.536,8.83,0.000,534.997,8.83,0.000,534.997,7.85,0.000,617.304,9.81,0.000,534.997,8.83,0.000,370.383,8.83,0.000,493.894,8.83,0.000,699.612,13.74,0.000,617.304,11.77,0.000,493.844,9.81,0.000,534.997,10.79,0.000,370.383,6.87,0.000,699.612,12.76,0.000,781.919,14.72,0.000,205.768,5.89,0.000,534.997,8.83,0.000,576.151,11.77,0.000,864.226,14.72,0.000,411.536,8.83,0.000,452.690,7.85
7.3612,0.000,12197.900,6.55,13.82,0.00,0.000,164.758,0.00,0.000,432.489,5.89,0.000,494.273,8.84,0.000,564.987,8.84,0.000,205.947,3.93,0.000,329.515,5.89,0.000,370.705,6.87,0.000,329.515,5.89,0.000,329.515,2.95,0.000,164.758,2.95,0.000,535.462,7.86,0.000,360.448,4.91,0.000,494.273,6.87,0.000,329.515,4.91,0.000,411.894,7.86,0.000,535.462,8.84,0.000,370.705,7.86,0.000,448.056,7.86,0.000,599.821,9.82,0.000,494.273,5.89,0.000,453.084,7.86,0.000,453.084,10.80,0.000,522.591,8.84,0.000,288.326,3.93,0.000,411.894,6.87,0.000,504.570,8.84,0.000,321.109,4.91,0.000,370.705,4.91,0.000,576.652,8.84,0.000,329.515,5.89
7.4631,0.000,4934.425,2.52,12.80,0.00,0.000,205.844,0.98,0.000,226.428,1.96,0.000,164.675,1.96,0.000,11.659,0.98,0.000,123.506,2.94,0.000,0.000,0.00,0.000,123.506,1.96,0.000,123.506,1.96,0.000,288.182,2.94,0.000,247.013,3.93,0.000,329.350,4.91,0.000,174.927,2.94,0.000,164.675,2.94,0.000,205.844,1.96,0.000,288.182,3.93,0.000,41.169,0.00,0.000,164.675,3.93,0.000,169.701,2.94,0.000,182.687,2.94,0.000,123.506,1.96,0.000,164.675,2.94,0.000,247.013,3.93,0.000,95.203,1.96,0.000,41.169,0.98,0.000,123.506,0.98,0.000,195.552,3.93,0.000,173.078,2.94,0.000,247.013,3.93,0.000,164.675,3.93,0.000,123.506,1.96
7.5652,0.000,18394.081,13.31,23.36,0.00,0.000,739.048,14.68,0.000,533.757,11.75,0.000,615.873,12.73,0.000,492.699,9.79,0.000,615.873,12.73,0.000,739.048,15.66,0.000,287.408,3.92,0.000,656.931,11.75,0.000,739.048,11.75,0.000,451.640,8.81,0.000,903.281,18.60,0.000,533.757,10.77,0.000,1026.455,26.43,0.000,574.815,11.75,0.000,492.699,12.73,0.000,862.223,17.62,0.000,492.699,8.81,0.000,492.699,9.79,0.000,287.408,5.87,0.000,410.582,9.79,0.000,821.164,16.64,0.000,862.223,20.56,0.000,492.699,9.79,0.000,615.873,9.79,0.000,451.640,17.62,0.000,574.815,11.75,0.000,574.815,10.77,0.000,780.106,33.28,0.000,492.699,7.83,0.000,780.106,15.66
7.6682,0.000,13165.066,7.32,15.03,0.00,0.000,366.691,5.83,0.000,570.408,10.69,0.000,583.141,11.66,0.000,392.156,5.83,0.000,529.665,10.69,0.000,325.948,3.89,0.000,488.921,8.74,0.000,40.743,0.97,0.000,407.434,6.80,0.000,285.204,2.91,0.000,325.948,5.83,0.000,244.461,2.91,0.000,366.691,6.80,0.000,611.152,10.69,0.000,529.665,9.71,0.000,570.408,10.69,0.000,570.408,8.74,0.000,570.408,7.77,0.000,555.129,7.77,0.000,626.430,12.63,0.000,407.434,6.80,0.000,488.921,8.74,0.000,513.789,10.69,0.000,366.691,4.86,0.000,366.691,6.80,0.000,529.665,5.83,0.000,430.790,4.86,0.000,366.691,7.77,0.000,407.434,5.83,0.000,325.948,5.83
7.7706,0.000,14285.157,7.32,18.22,0.00,0.000,491.349,8.79,0.000,532.295,9.76,0.000,355.716,4.88,0.000,547.649,8.79,0.000,573.240,10.74,0.000,696.078,9.76,0.000,368.512,4.88,0.000,491.349,8.79,0.000,368.512,3.90,0.000,532.295,7.81,0.000,573.240,9.76,0.000,368.562,5.86,0.000,409.457,4.88,0.000,409.457,5.86,0.000,368.512,4.88,0.000,614.186,10.74,0.000,777.969,12.69,0.000,491.349,8.79,0.000,506.704,7.81,0.000,435.049,7.81,0.000,204.729,4.88,0.000,491.349,5.86,0.000,466.358,6.83,0.000,614.186,8.79,0.000,327.566,3.90,0.000,450.403,5.86,0.000,508.823,8.79,0.000,696.078,9.76,0.000,368.512,3.90,0.000,245.674,3.90
7.8727,0.000,15514.057,9.77,19.41,0.00,0.000,472.686,6.86,0.000,652.512,10.78,0.000,616.547,11.76,0.000,411.031,8.82,0.000,631.960,9.80,0.000,616.547,10.78,0.000,493.237,8.82,0.000,534.340,9.80,0.000,369.928,4.90,0.000,349.898,5.88,0.000,493.237,7.84,0.000,575.444,9.80,0.000,333.963,5.88,0.000,429.014,9.80,0.000,297.998,5.88,0.000,637.098,12.74,0.000,452.134,6.86,0.000,369.928,8.82,0.000,760.408,12.74,0.000,493.237,5.88,0.000,637.098,12.74,0.000,698.753,38.22,0.000,549.754,9.80,0.000,493.237,8.82,0.000,411.031,3.92,0.000,566.292,8.82,0.000,515.475,9.80,0.000,657.650,11.76,0.000,572.754,7.84,0.000,420.865,6.86
7.9762,0.000,18289.293,11.69,22.59,0.00,0.000,466.015,8.70,0.000,856.049,16.42,0.000,648.368,12.56,0.000,810.460,12.56,0.000,552.126,12.56,0.000,641.443,13.53,0.000,486.276,11.59,0.000,648.368,8.70,0.000,607.845,15.46,0.000,668.115,10.63,0.000,445.753,10.63,0.000,810.460,13.53,0.000,602.780,10.63,0.000,671.163,12.56,0.000,516.713,16.42,0.000,704.088,12.56,0.000,445.753,8.70,0.000,567.322,10.63,0.000,547.061,10.63,0.000,445.753,6.76,0.000,506.538,6.76,0.000,891.506,16.42,0.000,471.308,9.66,0.000,607.845,12.56,0.000,759.807,14.49,0.000,576.345,9.66,0.000,707.491,14.49,0.000,498.940,8.70,0.000,610.497,12.56,0.000,517.104,9.66
8.0785,0.000,17162.694,10.78,15.39,0.00,0.000,409.871,12.70,0.000,614.806,10.75,0.000,737.768,12.70,0.000,491.845,9.77,0.000,819.742,15.64,0.000,498.850,10.75,0.000,614.806,11.73,0.000,696.781,10.75,0.000,532.832,8.79,0.000,532.832,8.79,0.000,614.806,11.73,0.000,532.832,8.79,0.000,778.755,11.73,0.000,573.819,9.77,0.000,409.871,7.82,0.000,578.943,9.77,0.000,573.819,8.79,0.000,614.806,11.73,0.000,491.845,8.79,0.000,655.793,11.73,0.000,491.845,5.86,0.000,409.871,6.84,0.000,696.811,18.57,0.000,389.377,6.84,0.000,543.079,10.75,0.000,573.819,12.70,0.000,573.819,13.68,0.000,561.011,11.73,0.000,532.832,10.75,0.000,614.806,12.70
8.1805,0.000,16689.895,10.62,16.82,0.00,0.000,452.380,7.84,0.000,658.007,11.77,0.000,658.007,12.75,0.000,740.258,14.71,0.000,493.505,9.81,0.000,534.631,11.77,0.000,465.231,10.79,0.000,699.132,10.79,0.000,646.360,10.79,0.000,658.007,11.77,0.000,740.258,20.59,0.000,493.505,9.81,0.000,534.631,7.84,0.000,654.914,11.77,0.000,411.254,6.86,0.000,493.505,10.79,0.000,375.270,9.81,0.000,534.631,9.81,0.000,863.634,16.67,0.000,616.881,12.75,0.000,616.881,12.75,0.000,452.380,7.84,0.000,740.258,16.67,0.000,349.566,4.90,0.000,945.885,13.73,0.000,506.357,8.82,0.000,493.505,5.88,0.000,287.878,3.92,0.000,287.878,6.86,0.000,285.308,7.84
8.2827,0.000,9633.768,5.42,12.75,0.00,0.000,492.627,7.83,0.000,574.731,9.79,0.000,492.627,6.85,0.000,328.418,6.85,0.000,287.366,4.89,0.000,205.261,3.92,0.000,192.432,3.92,0.000,164.209,1.96,0.000,504.253,8.81,0.000,410.522,5.87,0.000,492.627,9.79,0.000,451.575,4.89,0.000,246.313,4.89,0.000,85.191,0.98,0.000,205.261,2.94,0.000,328.418,2.94,0.000,528.548,12.72,0.000,451.575,6.85,0.000,205.261,2.94,0.000,369.470,5.87,0.000,164.209,1.96,0.000,205.261,4.89,0.000,205.261,2.94,0.000,328.418,4.89,0.000,205.261,4.89,0.000,233.485,4.89,0.000,410.522,8.81,0.000,123.157,1.96,0.000,328.418,5.87,0.000,413.088,5.87
8.3844,0.000,9232.726,5.08,11.26,0.00,0.000,370.958,5.90,0.000,41.218,0.00,0.000,370.958,6.88,0.000,412.175,4.91,0.000,164.870,3.93,0.000,329.740,5.90,0.000,247.305,5.90,0.000,370.958,5.90,0.000,164.870,1.97,0.000,247.305,3.93,0.000,247.305,5.90,0.000,288.523,3.93,0.000,370.958,6.88,0.000,370.958,6.88,0.000,288.523,6.88,0.000,206.088,1.97,0.000,370.958,3.93,0.000,329.740,5.90,0.000,494.610,7.86,0.000,164.870,2.95,0.000,206.088,2.95,0.000,577.045,8.84,0.000,412.175,4.91,0.000,370.958,6.88,0.000,412.175,7.86,0.000,370.958,7.86,0.000,288.523,4.91,0.000,164.870,1.97,0.000,370.958,3.93,0.000,206.088,3.93
8.4862,0.000,14189.005,7.50,10.71,0.00,0.000,453.183,7.86,0.000,494.381,10.80,0.000,494.381,6.88,0.000,473.782,6.88,0.000,535.580,9.82,0.000,370.786,6.88,0.000,713.248,10.80,0.000,617.977,7.86,0.000,350.187,7.86,0.000,494.381,7.86,0.000,247.191,4.91,0.000,364.470,4.91,0.000,471.207,7.86,0.000,393.840,7.86,0.000,504.681,8.84,0.000,288.389,2.95,0.000,453.183,4.91,0.000,411.985,4.91,0.000,363.061,6.88,0.000,393.960,4.91,0.000,535.580,9.82,0.000,576.778,9.82,0.000,494.381,7.86,0.000,453.183,8.84,0.000,370.786,6.88,0.000,535.580,6.88,0.000,659.175,9.82,0.000,473.782,4.91,0.000,664.325,9.82,0.000,535.580,7.86
8.5890,0.000,12068.359,6.88,13.01,0.00,0.000,571.584,9.73,0.000,367.447,6.81,0.000,326.619,5.84,0.000,347.033,5.84,0.000,367.447,7.79,0.000,204.137,3.89,0.000,313.861,5.84,0.000,571.584,8.76,0.000,591.997,9.73,0.000,244.964,2.92,0.000,408.274,3.89,0.000,169.569,2.92,0.000,390.412,13.63,0.000,630.393,9.73,0.000,398.067,3.89,0.000,408.274,4.87,0.000,408.274,7.79,0.000,285.792,6.81,0.000,497.584,10.71,0.000,466.963,8.76,0.000,285.792,3.89,0.000,449.101,6.81,0.000,204.137,3.89,0.000,775.721,12.65,0.000,285.792,3.89,0.000,408.274,7.79,0.000,408.274,4.87,0.000,387.860,5.84,0.000,484.860,7.79,0.000,408.274,8.76
8.6908,0.000,11827.358,6.94,15.74,0.00,0.000,452.987,7.85,0.000,247.084,2.95,0.000,535.348,15.71,0.000,288.264,2.95,0.000,512.948,11.78,0.000,370.625,5.89,0.000,164.722,3.93,0.000,617.709,8.84,0.000,247.084,3.93,0.000,452.987,6.87,0.000,288.264,4.91,0.000,658.890,10.80,0.000,494.167,9.82,0.000,329.445,4.91,0.000,535.348,7.85,0.000,483.912,9.82,0.000,700.070,11.78,0.000,576.528,7.85,0.000,576.528,8.84,0.000,329.445,3.93,0.000,370.625,7.85,0.000,452.987,8.84,0.000,288.264,5.89,0.000,205.903,3.93,0.000,164.722,1.96,0.000,370.625,6.87,0.000,205.903,3.93,0.000,288.264,5.89,0.000,164.722,1.96,0.000,452.987,9.82
8.7928,0.000,10159.214,6.34,15.78,0.00,0.000,323.756,4.90,0.000,493.343,7.84,0.000,287.783,5.88,0.000,246.671,2.94,0.000,269.034,12.74,0.000,246.671,3.92,0.000,205.559,2.94,0.000,328.895,3.92,0.000,69.617,2.94,0.000,246.671,3.92,0.000,370.007,5.88,0.000,328.895,3.92,0.000,246.671,4.90,0.000,370.007,5.88,0.000,246.671,3.92,0.000,256.909,5.88,0.000,370.007,5.88,0.000,246.671,3.92,0.000,328.895,5.88,0.000,370.007,7.84,0.000,370.007,7.84,0.000,467.648,7.84,0.000,529.316,11.76,0.000,411.119,5.88,0.000,534.455,11.76,0.000,370.007,8.82,0.000,477.926,8.82,0.000,405.980,8.82,0.000,493.343,7.84,0.000,246.671,4.90
8.8949,0.000,9605.677,5.36,15.40,0.00,0.000,292.879,4.90,0.000,411.058,5.88,0.000,287.741,6.86,0.000,411.058,6.86,0.000,452.164,8.82,0.000,452.164,6.86,0.000,164.423,2.94,0.000,246.635,5.88,0.000,505.875,8.82,0.000,41.106,0.98,0.000,328.847,4.90,0.000,369.952,5.88,0.000,411.058,5.88,0.000,369.952,5.88,0.000,123.317,0.98,0.000,205.529,3.92,0.000,534.376,4.90,0.000,328.847,4.90,0.000,328.847,5.88,0.000,246.635,2.94,0.000,328.847,2.94,0.000,272.326,3.92,0.000,251.773,4.90,0.000,369.952,6.86,0.000,246.635,4.90,0.000,328.847,5.88,0.000,303.155,6.86,0.000,375.091,7.84,0.000,246.635,5.88,0.000,369.952,5.88
8.9967,0.000,10541.968,5.99,15.92,0.00,0.000,452.975,6.87,0.000,205.898,3.93,0.000,288.257,5.89,0.000,247.077,4.91,0.000,411.796,6.87,0.000,370.616,8.84,0.000,329.436,5.89,0.000,370.616,2.95,0.000,247.077,3.93,0.000,370.616,8.84,0.000,452.975,7.85,0.000,205.898,1.96,0.000,329.436,5.89,0.000,494.155,6.87,0.000,494.155,9.82,0.000,411.796,7.85,0.000,370.616,4.91,0.000,164.718,3.93,0.000,164.718,2.95,0.000,205.898,4.91,0.000,452.975,5.89,0.000,164.718,2.95,0.000,205.898,3.93,0.000,617.693,9.82,0.000,370.616,3.93,0.000,576.514,10.80,0.000,494.155,7.85,0.000,370.616,7.85,0.000,370.616,7.85,0.000,329.436,2.95
9.0985,0.000,18461.095,12.51,16.42,0.00,0.000,659.325,12.77,0.000,659.325,11.79,0.000,576.909,10.81,0.000,535.701,11.79,0.000,535.701,10.81,0.000,906.572,17.68,0.000,824.156,15.72,0.000,370.870,6.88,0.000,618.117,8.84,0.000,370.870,8.84,0.000,618.117,11.79,0.000,494.494,16.70,0.000,618.117,9.82,0.000,741.740,13.75,0.000,700.533,11.79,0.000,412.078,10.81,0.000,535.701,7.86,0.000,659.325,11.79,0.000,659.325,12.77,0.000,659.325,12.77,0.000,700.533,12.77,0.000,659.325,10.81,0.000,576.909,10.81,0.000,576.909,10.81,0.000,535.701,9.82,0.000,412.078,8.84,0.000,906.572,42.25,0.000,618.117,10.81,0.000,576.909,10.81,0.000,741.740,11.79
9.2004,0.000,11411.025,6.45,20.96,0.00,0.000,293.334,4.91,0.000,421.989,7.85,0.000,370.527,5.89,0.000,617.545,7.85,0.000,717.896,11.78,0.000,370.527,3.93,0.000,205.848,3.93,0.000,239.299,3.93,0.000,357.661,6.87,0.000,408.319,8.83,0.000,416.843,7.85,0.000,442.574,8.83,0.000,452.866,8.83,0.000,329.357,5.89,0.000,405.746,6.87,0.000,247.018,2.94,0.000,427.577,8.83,0.000,367.954,5.89,0.000,205.848,3.93,0.000,568.656,7.85,0.000,172.398,3.93,0.000,411.696,7.85,0.000,370.527,9.82,0.000,306.199,5.89,0.000,164.679,2.94,0.000,282.478,4.91,0.000,337.076,3.93,0.000,494.036,6.87,0.000,675.198,9.82,0.000,329.357,3.93
9.3039,0.000,19886.641,12.46,17.97,0.00,0.000,967.330,17.39,0.000,476.068,8.69,0.000,607.746,13.52,0.000,607.746,10.63,0.000,833.119,14.49,0.000,850.845,18.35,0.000,526.714,10.63,0.000,777.409,11.59,0.000,985.056,14.49,0.000,530.037,15.46,0.000,845.780,15.46,0.000,496.326,10.63,0.000,405.164,8.69,0.000,688.779,12.56,0.000,573.086,8.69,0.000,607.746,9.66,0.000,632.634,12.56,0.000,691.312,11.59,0.000,567.230,9.66,0.000,777.409,15.46,0.000,802.732,14.49,0.000,729.296,14.49,0.000,283.615,4.83,0.000,995.185,15.46,0.000,688.779,11.59,0.000,572.848,16.42,0.000,438.084,8.69,0.000,607.746,11.59,0.000,794.106,14.49,0.000,526.714,11.59
9.4061,0.000,11814.871,6.88,16.11,0.00,0.000,369.215,7.82,0.000,574.334,7.82,0.000,328.191,4.89,0.000,451.262,5.87,0.000,164.095,3.91,0.000,287.167,4.89,0.000,410.239,5.87,0.000,287.167,3.91,0.000,451.262,4.89,0.000,533.310,8.80,0.000,492.286,6.85,0.000,451.262,8.80,0.000,369.215,6.85,0.000,451.262,7.82,0.000,451.262,6.85,0.000,205.119,2.93,0.000,656.382,16.63,0.000,369.215,4.89,0.000,246.143,3.91,0.000,656.382,11.74,0.000,328.191,6.85,0.000,205.119,4.89,0.000,328.191,4.89,0.000,451.262,7.82,0.000,533.310,10.76,0.000,369.215,8.80,0.000,410.239,7.82,0.000,328.191,6.85,0.000,410.239,6.85,0.000,246.143,4.89
9.5093,0.000,17212.059,9.57,24.59,0.00,0.000,976.181,24.24,0.000,244.045,4.85,0.000,406.742,4.85,0.000,447.416,4.85,0.000,772.810,13.58,0.000,569.439,8.73,0.000,528.765,7.76,0.000,610.113,8.73,0.000,366.068,3.88,0.000,472.838,3.88,0.000,691.461,12.61,0.000,284.719,4.85,0.000,620.282,10.67,0.000,447.416,7.76,0.000,650.787,7.76,0.000,650.787,10.67,0.000,488.090,9.70,0.000,366.068,5.82,0.000,772.810,18.43,0.000,569.439,8.73,0.000,691.461,8.73,0.000,610.113,8.73,0.000,703.417,12.61,0.000,488.090,7.76,0.000,610.113,10.67,0.000,772.810,14.55,0.000,569.439,12.61,0.000,650.787,12.61,0.000,610.113,6.79,0.000,569.439,9.70
9.6131,0.000,20398.857,13.42,16.67,0.00,0.000,848.553,17.34,0.000,808.146,15.41,0.000,686.924,14.45,0.000,686.924,14.45,0.000,484.888,11.56,0.000,525.295,11.56,0.000,727.331,13.49,0.000,848.553,12.52,0.000,767.739,10.60,0.000,702.077,14.45,0.000,606.109,9.63,0.000,848.553,14.45,0.000,596.008,12.52,0.000,767.739,16.38,0.000,404.073,8.67,0.000,646.517,13.49,0.000,565.702,11.56,0.000,686.924,14.45,0.000,727.331,14.45,0.000,727.331,13.49,0.000,606.109,13.49,0.000,565.702,11.56,0.000,877.083,19.27,0.000,929.368,17.34,0.000,767.739,15.41,0.000,727.331,13.49,0.000,848.553,17.34,0.000,727.331,13.49,0.000,363.666,7.71,0.000,323.258,8.67
9.7151,0.000,10519.549,6.60,17.70,0.00,0.000,534.196,9.80,0.000,369.828,7.84,0.000,82.184,1.96,0.000,493.104,8.82,0.000,328.736,5.88,0.000,328.736,7.84,0.000,493.104,8.82,0.000,328.736,3.92,0.000,246.552,4.90,0.000,369.828,3.92,0.000,369.828,5.88,0.000,205.460,3.92,0.000,328.736,6.86,0.000,287.644,6.86,0.000,164.368,1.96,0.000,246.552,4.90,0.000,246.552,5.88,0.000,534.196,9.80,0.000,452.012,8.82,0.000,657.472,13.72,0.000,821.840,14.70,0.000,287.644,5.88,0.000,328.736,6.86,0.000,493.104,8.82,0.000,205.460,4.90,0.000,246.552,4.90,0.000,410.920,6.86,0.000,246.552,3.92,0.000,82.184,1.96,0.000,328.736,6.86
9.8173,0.000,10511.107,5.61,23.39,0.00,0.000,451.649,8.81,0.000,246.354,3.92,0.000,369.531,5.87,0.000,862.239,14.68,0.000,287.413,3.92,0.000,328.472,4.89,0.000,369.531,3.92,0.000,287.413,5.87,0.000,287.413,3.92,0.000,615.885,8.81,0.000,369.531,6.85,0.000,287.413,3.92,0.000,451.649,5.87,0.000,246.354,3.92,0.000,205.295,2.94,0.000,369.531,5.87,0.000,410.590,6.85,0.000,328.472,3.92,0.000,451.649,7.83,0.000,287.413,4.89,0.000,369.531,4.89,0.000,164.236,3.92,0.000,164.236,3.92,0.000,287.413,4.89,0.000,410.590,7.83,0.000,328.472,4.89,0.000,246.354,4.89,0.000,369.531,3.92,0.000,328.472,6.85,0.000,328.472,4.89
9.9204,0.000,10411.195,5.43,20.29,0.00,0.000,366.019,8.73,0.000,366.019,4.85,0.000,488.025,6.79,0.000,284.681,3.88,0.000,406.687,3.88,0.000,569.362,12.61,0.000,366.019,6.79,0.000,162.675,2.91,0.000,203.344,4.85,0.000,203.344,1.94,0.000,366.019,5.82,0.000,284.681,5.82,0.000,447.356,6.79,0.000,569.362,8.73,0.000,162.675,1.94,0.000,325.350,4.85,0.000,244.012,4.85,0.000,325.350,5.82,0.000,447.356,6.79,0.000,203.344,3.88,0.000,284.681,3.88,0.000,284.681,4.85,0.000,488.025,6.79,0.000,162.675,1.94,0.000,528.694,6.79,0.000,325.350,4.85,0.000,406.687,5.82,0.000,162.675,0.97,0.000,488.025,6.79,0.000,488.025,7.76
10.0225,0.000,5257.133,3.20,24.58,0.00,0.000,164.285,2.94,0.000,246.428,3.92,0.000,205.357,2.94,0.000,82.143,1.96,0.000,164.285,5.88,0.000,205.357,3.92,0.000,41.071,0.00,0.000,123.214,1.96,0.000,41.071,0.98,0.000,246.428,3.92,0.000,164.285,2.94,0.000,164.285,3.92,0.000,164.285,3.92,0.000,123.214,1.96,0.000,205.357,4.90,0.000,123.214,2.94,0.000,123.214,2.94,0.000,246.428,3.92,0.000,164.285,1.96,0.000,82.143,1.96,0.000,246.428,5.88,0.000,164.285,1.96,0.000,164.285,2.94,0.000,82.143,1.96,0.000,82.143,0.98,0.000,328.571,3.92,0.000,287.499,3.92,0.000,205.357,3.92,0.000,82.143,1.96,0.000,533.928,8.81
10.1248,0.000,3935.904,2.93,21.11,0.00,0.000,81.998,1.95,0.000,81.998,1.95,0.000,81.998,1.95,0.000,245.994,5.86,0.000,122.997,0.98,0.000,122.997,0.98,0.000,81.998,1.95,0.000,204.995,4.89,0.000,122.997,1.95,0.000,122.997,1.95,0.000,204.995,4.89,0.000,0.000,0.00,0.000,163.996,3.91,0.000,81.998,1.95,0.000,40.999,1.95,0.000,81.998,1.95,0.000,81.998,2.93,0.000,163.996,3.91,0.000,286.993,5.86,0.000,81.998,1.95,0.000,81.998,0.98,0.000,204.995,10.75,0.000,122.997,1.95,0.000,122.997,2.93,0.000,245.994,4.89,0.000,204.995,2.93,0.000,81.998,1.95,0.000,245.994,4.89,0.000,122.997,1.95,0.000,40.999,0.98
10.2270,0.000,10341.908,9.72,7.78,0.54,0.000,287.275,5.87,0.000,451.432,11.74,0.000,246.236,7.83,0.000,205.197,6.85,0.000,451.432,10.76,0.000,369.354,17.61,0.000,492.472,13.70,0.000,410.393,9.78,0.000,369.354,8.81,0.000,492.472,9.78,0.000,82.079,1.96,0.000,369.354,9.78,0.000,287.275,8.81,0.000,246.236,6.85,0.000,287.275,7.83,0.000,410.393,10.76,0.000,287.275,7.83,0.000,123.118,3.91,0.000,492.472,11.74,0.000,246.236,6.85,0.000,451.432,19.57,0.000,287.275,5.87,0.000,205.197,6.85,0.000,123.118,3.91,0.000,451.432,12.72,0.000,615.590,15.66,0.000,246.236,9.78,0.000,738.708,20.55,0.000,205.197,5.87,0.000,410.393,11.74
10.3290,13053.326,0.000,17.07,4.91,0.00,411.416,0.000,20.60,658.305,0.000,23.54,329.133,0.000,14.71,452.557,0.000,15.69,498.841,0.000,18.64,370.274,0.000,13.73,311.133,0.000,13.73,654.328,0.000,23.54,558.063,0.000,18.64,493.699,0.000,17.66,409.929,0.000,18.64,246.849,0.000,10.79,329.133,0.000,8.83,617.123,0.000,23.54,534.840,0.000,21.58,303.419,0.000,12.75,231.341,0.000,8.83,284.897,0.000,20.60,658.265,0.000,20.60,205.708,0.000,9.81,452.557,0.000,14.71,287.991,0.000,12.75,504.024,0.000,20.60,411.416,0.000,19.62,493.699,0.000,19.62,405.550,0.000,15.69,385.702,0.000,13.73,452.557,0.000,15.69,565.737,0.000,24.52,534.840,0.000,18.64
10.4329,59793.938,0.000,84.94,19.38,1.66,1826.294,0.000,83.72,2487.405,0.000,98.16,1850.063,0.000,79.87,1775.997,0.000,74.10,1932.406,0.000,78.91,2219.996,0.000,92.38,1955.110,0.000,83.72,2506.404,0.000,67.36,2908.621,0.000,64.48,1894.565,0.000,76.99,2034.103,0.000,90.46,2179.633,0.000,82.76,2262.883,0.000,84.69,2137.141,0.000,96.23,2341.087,0.000,84.69,2026.890,0.000,98.16,1876.985,0.000,91.42,1728.578,0.000,86.61,1841.588,0.000,91.42,1844.111,0.000,94.31,1868.471,0.000,89.50,1604.452,0.000,73.14,1859.326,0.000,87.57,1914.747,0.000,80.84,1793.656,0.000,91.42,2027.047,0.000,94.31,1637.247,0.000,81.80,1995.474,0.000,93.35,1584.231,0.000,73.14,1879.429,0.000,82.76
10.5377,64487.916,0.000,84.52,22.01,2.07,2248.001,0.000,96.33,2630.234,0.000,96.33,2126.854,0.000,82.03,2192.760,0.000,82.98,2162.756,0.000,81.07,2000.237,0.000,75.35,2018.950,0.000,78.21,1840.218,0.000,46.74,2255.267,0.000,52.46,2282.771,0.000,55.32,1945.895,0.000,84.89,1995.236,0.000,59.13,2157.756,0.000,58.18,2287.380,0.000,100.00,1960.232,0.000,56.27,2311.641,0.000,100.00,2175.258,0.000,100.00,1950.231,0.000,88.70,2095.248,0.000,96.33,2172.758,0.000,99.19,2158.967,0.000,100.00,2547.802,0.000,100.00,2190.455,0.000,100.00,1942.340,0.000,86.79,2210.574,0.000,100.00,2186.822,0.000,100.00,2215.263,0.000,100.00,2200.534,0.000,100.00,1762.709,0.000,74.40,2262.768,0.000,84.89
10.6438,63799.182,0.000,83.30,23.84,1.77,2288.845,0.000,99.95,2242.034,0.000,82.04,1762.421,0.000,67.89,2079.009,0.000,82.98,2459.865,0.000,89.58,2105.311,0.000,83.92,1882.575,0.000,76.38,1858.822,0.000,41.49,2096.119,0.000,44.32,1898.372,0.000,51.86,2017.020,0.000,96.18,1903.315,0.000,53.75,1839.047,0.000,49.98,2103.534,0.000,99.01,2689.360,0.000,70.72,2059.041,0.000,99.01,2071.439,0.000,95.24,2103.534,0.000,99.95,2101.062,0.000,100.00,1999.717,0.000,96.18,2187.229,0.000,99.95,2281.507,0.000,99.95,2151.658,0.000,100.00,2272.005,0.000,99.95,1594.027,0.000,68.83,2739.144,0.000,99.01,2518.803,0.000,95.24,1959.897,0.000,82.98,2166.450,0.000,84.86,2368.021,0.000,87.69
10.7508,65361.511,0.000,84.58,23.20,1.62,1999.224,0.000,89.72,2249.855,0.000,89.72,1884.073,0.000,83.18,1849.581,0.000,85.05,2273.245,0.000,98.13,2411.518,0.000,100.00,2388.549,0.000,100.00,2234.427,0.000,47.67,2077.625,0.000,46.73,2312.828,0.000,72.90,2099.675,0.000,95.33,2273.628,0.000,69.16,2332.428,0.000,67.29,1920.823,0.000,72.90,2548.031,0.000,77.57,2141.326,0.000,84.12,2075.137,0.000,92.53,1942.874,0.000,77.57,2186.728,0.000,86.92,2320.561,0.000,100.00,2327.528,0.000,100.00,2464.615,0.000,100.00,2372.662,0.000,100.00,2114.376,0.000,94.40,1764.021,0.000,75.70,2165.826,0.000,86.92,2516.181,0.000,89.72,1764.021,0.000,73.83,2037.315,0.000,87.85,2312.828,0.000,92.53
10.8584,64425.658,0.000,80.44,21.73,1.79,2054.308,0.000,84.59,2372.819,0.000,98.54,2385.726,0.000,98.54,1815.530,0.000,62.28,2111.232,0.000,70.65,2305.309,0.000,71.58,1959.269,0.000,65.07,2195.648,0.000,47.41,2105.483,0.000,45.55,1956.832,0.000,48.34,2427.382,0.000,99.47,2012.309,0.000,46.48,1810.618,0.000,49.27,2076.240,0.000,94.82,2144.473,0.000,52.06,2168.119,0.000,98.54,2113.136,0.000,98.54,2010.748,0.000,92.96,2123.683,0.000,96.68,2151.822,0.000,97.61,2156.658,0.000,99.47,2427.497,0.000,99.47,1993.423,0.000,95.75,2419.843,0.000,99.47,2144.473,0.000,79.02,2075.783,0.000,77.16,2293.124,0.000,81.81,2300.435,0.000,79.02,2386.145,0.000,97.61,1927.589,0.000,85.52
10.9639,64319.450,0.000,79.37,21.73,2.20,1856.203,0.000,67.30,2345.724,0.000,95.74,2333.144,0.000,94.79,2318.351,0.000,83.42,2131.132,0.000,76.78,1612.685,0.000,62.56,2141.964,0.000,77.73,1951.677,0.000,40.76,2107.176,0.000,45.50,2576.817,0.000,68.25,1766.515,0.000,64.46,2358.731,0.000,65.41,2527.120,0.000,68.25,2082.793,0.000,99.53,2226.450,0.000,57.82,2105.040,0.000,98.58,2088.345,0.000,98.58,2064.622,0.000,99.53,2084.812,0.000,99.53,2076.930,0.000,99.53,2084.657,0.000,99.53,2494.584,0.000,79.62,2059.847,0.000,98.58,2042.491,0.000,72.99,1913.355,0.000,66.35,1652.909,0.000,61.61,2703.546,0.000,82.47,2171.783,0.000,72.99,2106.749,0.000,87.21,2333.300,0.000,95.74
11.0676,66073.754,0.000,77.68,22.37,1.42,2357.569,0.000,72.29,2135.718,0.000,80.01,2875.735,0.000,93.50,2446.009,0.000,78.08,1821.873,0.000,63.62,1922.947,0.000,63.62,1940.635,0.000,63.62,2283.224,0.000,43.38,2264.075,0.000,50.12,2713.857,0.000,74.22,1970.958,0.000,65.55,2307.031,0.000,68.44,2183.215,0.000,68.44,2286.343,0.000,100.00,2547.084,0.000,76.15,2315.007,0.000,100.00,2080.719,0.000,93.50,2286.816,0.000,100.00,2322.193,0.000,100.00,2496.547,0.000,100.00,2357.727,0.000,99.28,2132.283,0.000,68.44,2428.400,0.000,99.28,1503.566,0.000,55.91,1991.173,0.000,76.15,2504.127,0.000,85.79,1981.065,0.000,74.22,1769.440,0.000,68.44,1981.065,0.000,72.29,1867.356,0.000,76.15
11.1742,64277.610,0.000,86.98,24.04,1.91,2051.660,0.000,94.78,2159.401,0.000,93.84,2282.902,0.000,99.47,2056.580,0.000,86.34,2359.163,0.000,93.84,2034.440,0.000,82.58,2295.202,0.000,91.97,2209.101,0.000,55.37,2636.415,0.000,60.06,2263.491,0.000,74.14,2147.601,0.000,97.60,2302.582,0.000,78.83,2071.340,0.000,72.26,2159.939,0.000,99.47,1972.939,0.000,69.44,2121.117,0.000,98.53,1849.938,0.000,89.15,1996.809,0.000,94.78,2150.061,0.000,99.47,2175.199,0.000,99.47,2125.460,0.000,97.60,2229.166,0.000,99.47,2154.981,0.000,100.00,2113.160,0.000,96.66,1926.198,0.000,69.44,2177.121,0.000,77.89,2400.983,0.000,84.46,1514.760,0.000,60.06,2246.040,0.000,98.53,2093.864,0.000,93.84
11.2806,64706.779,0.000,80.96,23.22,1.87,2126.604,0.000,96.74,1780.101,0.000,66.68,2144.492,0.000,75.14,1691.465,0.000,55.41,2560.588,0.000,74.20,1785.025,0.000,60.11,1999.228,0.000,61.05,2048.470,0.000,47.90,2324.957,0.000,46.96,2299.336,0.000,64.81,2193.888,0.000,100.00,2021.387,0.000,64.81,2274.753,0.000,65.75,2378.431,0.000,100.00,2516.270,0.000,68.56,2185.771,0.000,96.74,2186.348,0.000,99.56,2369.275,0.000,99.56,1726.973,0.000,80.77,2131.643,0.000,95.80,2221.010,0.000,100.00,2033.698,0.000,94.86,2112.485,0.000,95.80,2187.656,0.000,100.00,1878.585,0.000,84.53,2400.551,0.000,96.74,1772.715,0.000,81.71,2449.793,0.000,97.68,2819.686,0.000,82.65,2085.594,0.000,74.20
11.3858,64319.838,0.000,79.40,23.34,1.86,2190.127,0.000,96.08,2125.524,0.000,75.15,2154.553,0.000,73.25,2406.416,0.000,82.76,1782.992,0.000,60.88,2354.048,0.000,74.20,1947.576,0.000,64.69,1476.267,0.000,30.44,2274.250,0.000,47.56,1715.662,0.000,48.51,2318.981,0.000,99.88,2042.336,0.000,52.32,2578.714,0.000,64.69,2194.413,0.000,99.88,2354.048,0.000,62.78,2169.515,0.000,99.88,2296.615,0.000,99.88,2204.972,0.000,99.88,2179.840,0.000,100.00,1925.133,0.000,88.47,2269.146,0.000,99.88,2206.920,0.000,97.03,2252.001,0.000,98.93,2335.267,0.000,99.88,1795.460,0.000,69.44,2037.349,0.000,78.00,2099.691,0.000,79.91,2625.861,0.000,89.42,2141.461,0.000,76.10,1864.699,0.000,72.30
11.4917,64267.956,0.000,77.34,22.67,1.88,2059.800,0.000,74.61,2239.754,0.000,95.39,1931.063,0.000,85.00,1849.364,0.000,76.50,2418.974,0.000,95.39,1980.229,0.000,81.22,2342.922,0.000,94.44,2282.615,0.000,43.44,1861.743,0.000,39.67,1782.520,0.000,45.33,2609.411,0.000,85.94,1688.442,0.000,37.78,1577.035,0.000,35.89,2346.945,0.000,98.22,1470.579,0.000,38.72,2385.126,0.000,98.22,2191.091,0.000,99.16,1581.445,0.000,74.61,2397.736,0.000,99.16,2193.489,0.000,99.16,2210.742,0.000,100.00,2965.915,0.000,95.39,2119.024,0.000,97.27,2566.047,0.000,83.11,1861.743,0.000,57.61,1928.587,0.000,57.61,2250.431,0.000,65.16,2668.828,0.000,76.50,2335.147,0.000,98.22,2171.208,0.000,91.61
11.5973,65232.935,0.000,84.68,23.05,1.86,2015.474,0.000,86.16,2338.032,0.000,87.11,2231.418,0.000,82.38,2035.408,0.000,96.58,2186.546,0.000,100.00,2189.610,0.000,100.00,2210.746,0.000,100.00,2278.578,0.000,43.56,1628.265,0.000,33.14,2663.305,0.000,72.91,2246.310,0.000,92.79,2437.433,0.000,71.01,2417.576,0.000,69.12,2147.026,0.000,93.74,2057.670,0.000,58.70,2362.000,0.000,100.00,2256.239,0.000,100.00,1908.743,0.000,87.11,2370.261,0.000,100.00,2249.684,0.000,100.00,2238.864,0.000,100.00,2201.632,0.000,87.11,2023.657,0.000,93.74,2483.391,0.000,97.53,1901.297,0.000,80.48,2072.563,0.000,82.38,2184.257,0.000,84.27,2161.918,0.000,87.11,1987.628,0.000,81.43,1747.406,0.000,71.96
11.7022,64363.496,0.000,80.37,22.71,2.35,2374.906,0.000,77.16,2399.840,0.000,82.88,2544.679,0.000,82.88,2197.486,0.000,100.00,2187.575,0.000,99.07,2182.659,0.000,100.00,2132.168,0.000,98.12,2397.343,0.000,47.63,2304.945,0.000,45.73,1915.377,0.000,53.35,2027.830,0.000,74.30,2334.912,0.000,65.73,2409.829,0.000,65.73,1915.377,0.000,85.74,2005.277,0.000,53.35,1945.305,0.000,85.74,2120.150,0.000,99.07,2350.402,0.000,99.07,2407.331,0.000,99.07,2129.241,0.000,99.07,2140.128,0.000,99.07,1852.946,0.000,63.83,2104.425,0.000,100.00,1583.245,0.000,54.30,2638.442,0.000,99.07,2574.646,0.000,99.07,2259.995,0.000,87.64,2010.272,0.000,82.88,1303.555,0.000,53.35,1613.212,0.000,58.11
11.8068,65405.129,0.000,85.80,23.22,1.78,2286.880,0.000,100.00,2259.336,0.000,100.00,2234.809,0.000,100.00,2366.377,0.000,100.00,2368.023,0.000,100.00,1944.287,0.000,87.05,2120.677,0.000,93.74,2206.639,0.000,52.61,1737.728,0.000,40.18,2086.277,0.000,59.31,2076.168,0.000,94.70,2218.902,0.000,63.13,2943.857,0.000,78.44,1878.150,0.000,81.31,2201.624,0.000,62.18,2226.699,0.000,90.87,2409.750,0.000,100.00,2070.722,0.000,88.96,2442.348,0.000,96.61,1850.567,0.000,85.13,2174.041,0.000,93.74,1883.165,0.000,88.00,2412.962,0.000,100.00,2272.109,0.000,100.00,2155.116,0.000,83.22,1792.894,0.000,66.96,2314.463,0.000,85.13,2180.153,0.000,84.18,2211.654,0.000,100.00,2078.754,0.000,98.52
11.9133,65983.578,0.000,83.83,21.38,1.93,2400.341,0.000,99.53,1784.488,0.000,80.75,2364.843,0.000,97.65,2115.086,0.000,77.93,2053.128,0.000,77.93,2332.383,0.000,86.38,2127.740,0.000,77.93,2796.168,0.000,59.15,1942.057,0.000,45.07,2055.282,0.000,56.34,2276.809,0.000,93.90,2294.308,0.000,61.97,1914.981,0.000,50.70,2239.888,0.000,99.53,1929.749,0.000,53.52,2252.195,0.000,100.00,2210.351,0.000,99.53,2034.629,0.000,94.83,2196.582,0.000,99.53,2180.814,0.000,98.59,2052.820,0.000,94.83,2277.232,0.000,96.71,2221.966,0.000,99.53,2274.078,0.000,97.65,1905.135,0.000,72.30,2769.092,0.000,93.90,2024.475,0.000,73.24,2231.427,0.000,80.75,2281.347,0.000,95.77,2444.185,0.000,99.53
12.0192,63516.675,0.000,83.02,23.79,1.89,2363.543,0.000,90.64,1992.534,0.000,90.64,2098.968,0.000,93.48,2148.472,0.000,93.48,2132.422,0.000,96.31,2032.138,0.000,88.76,2138.571,0.000,91.59,1425.714,0.000,31.16,2443.020,0.000,50.99,1995.010,0.000,51.93,1913.328,0.000,77.43,1465.317,0.000,36.82,2178.174,0.000,53.82,2215.496,0.000,100.00,2217.777,0.000,54.76,1896.118,0.000,89.70,2170.749,0.000,99.14,2202.656,0.000,98.20,2221.413,0.000,98.20,2105.697,0.000,97.25,2163.323,0.000,99.14,2227.253,0.000,84.98,2052.751,0.000,97.25,2292.188,0.000,87.81,2148.395,0.000,84.03,2091.542,0.000,84.03,2485.060,0.000,90.64,2309.360,0.000,88.76,2320.421,0.000,98.20,2069.266,0.000,91.59
12.1237,65258.734,0.000,83.76,22.94,1.99,2185.102,0.000,86.14,2417.538,0.000,100.00,1957.019,0.000,86.14,2220.464,0.000,83.27,2180.320,0.000,82.31,2396.093,0.000,84.23,2069.924,0.000,80.40,2335.877,0.000,49.77,2383.548,0.000,53.60,1994.654,0.000,53.60,2238.027,0.000,92.84,1952.001,0.000,53.60,2007.199,0.000,53.60,2285.501,0.000,99.54,1846.623,0.000,51.68,1896.685,0.000,86.14,2230.500,0.000,100.00,2212.623,0.000,97.62,2258.412,0.000,100.00,2223.678,0.000,100.00,1989.636,0.000,92.84,1854.150,0.000,80.40,2247.239,0.000,100.00,2516.369,0.000,100.00,2197.961,0.000,89.01,1889.354,0.000,77.53,2659.303,0.000,99.54,2074.942,0.000,86.14,2400.327,0.000,100.00,2137.667,0.000,92.84
12.2306,65044.183,0.000,83.58,22.00,1.86,2393.186,0.000,100.00,1918.603,0.000,86.05,2155.339,0.000,93.54,2302.461,0.000,89.80,2196.104,0.000,87.93,1823.663,0.000,78.57,2342.996,0.000,93.54,1875.807,0.000,41.16,1829.218,0.000,34.61,2422.611,0.000,63.61,2226.908,0.000,94.47,1891.285,0.000,50.51,2228.900,0.000,53.32,2331.886,0.000,100.00,2400.543,0.000,58.93,1978.907,0.000,88.86,2260.777,0.000,99.15,2274.569,0.000,98.21,1996.033,0.000,88.86,2133.271,0.000,95.41,2277.941,0.000,100.00,2052.354,0.000,89.80,1919.944,0.000,89.80,2420.159,0.000,100.00,1952.970,0.000,78.57,2361.233,0.000,87.93,2468.280,0.000,89.80,2057.258,0.000,81.38,2371.118,0.000,99.15,2179.859,0.000,94.47
12.3363,65723.784,0.000,79.83,22.08,1.99,2707.473,0.000,100.00,2275.079,0.000,92.74,2401.754,0.000,95.58,2158.172,0.000,72.87,2427.144,0.000,79.49,1987.772,0.000,70.98,1949.514,0.000,68.14,2103.711,0.000,44.48,2143.403,0.000,49.21,2401.405,0.000,58.67,2475.364,0.000,95.58,1798.651,0.000,48.26,1595.148,0.000,41.64,2210.733,0.000,100.00,1907.806,0.000,52.05,2218.408,0.000,99.37,2274.885,0.000,100.00,2169.490,0.000,99.37,2219.300,0.000,99.37,2106.191,0.000,97.47,2264.962,0.000,100.00,1803.535,0.000,76.65,2205.423,0.000,97.47,2545.330,0.000,93.69,2199.299,0.000,68.14,1917.651,0.000,62.46,2134.372,0.000,69.08,2466.720,0.000,76.65,2490.714,0.000,96.53,2164.374,0.000,88.96
12.4423,60768.412,0.000,72.44,23.77,1.84,2196.297,0.000,92.40,2083.339,0.000,59.40,1912.646,0.000,57.51,1910.638,0.000,57.51,1423.623,0.000,43.37,2412.251,0.000,68.83,1721.756,0.000,57.51,2214.525,0.000,45.26,1779.529,0.000,36.77,2155.208,0.000,62.23,2004.442,0.000,85.80,2129.642,0.000,66.94,2145.321,0.000,67.88,2542.896,0.000,96.17,1532.295,0.000,54.68,1497.075,0.000,68.83,2263.957,0.000,90.51,1872.174,0.000,79.20,2704.823,0.000,95.23,1685.610,0.000,71.65,2782.986,0.000,99.00,2058.816,0.000,86.74,1880.864,0.000,79.20,1831.394,0.000,81.08,2090.947,0.000,91.45,2254.070,0.000,91.45,2065.343,0.000,89.57,1993.745,0.000,86.74,1440.924,0.000,46.20,2181.275,0.000,64.11
12.5446,39205.048,0.000,69.45,31.06,2.28,1191.222,0.000,67.43,1318.870,0.000,73.29,1202.590,0.000,70.36,1284.046,0.000,74.27,1270.637,0.000,71.34,1268.075,0.000,74.27,1198.907,0.000,68.41,1912.159,0.000,50.82,1744.564,0.000,47.88,1376.109,0.000,73.29,1406.410,0.000,73.29,1237.334,0.000,67.43,1272.158,0.000,68.41,1455.084,0.000,76.22,1521.690,0.000,77.20,1265.513,0.000,67.43,1258.668,0.000,75.25,888.933,0.000,46.91,1527.774,0.000,79.16,1019.583,0.000,62.54,1429.466,0.000,72.32,1083.628,0.000,59.61,1373.107,0.000,77.20,1239.895,0.000,65.47,1275.800,0.000,76.22,1156.638,0.000,74.27,1178.413,0.000,73.29,1173.289,0.000,72.32,1311.625,0.000,72.32,1362.860,0.000,75.25
12.6496,41275.232,1460.878,85.69,54.73,2.00,1421.682,44.974,91.50,1975.972,74.957,100.00,1385.609,39.977,81.97,1331.148,79.954,77.20,1214.379,39.977,73.39,1456.662,117.432,84.83,1296.754,74.957,81.02,1353.167,39.977,46.70,1616.570,0.000,51.47,1338.800,39.977,70.53,1354.221,44.974,92.45,1431.676,42.476,75.30,1707.533,39.977,85.78,1459.160,34.980,100.00,1594.083,39.977,79.11,1379.206,60.005,100.00,1362.224,35.097,100.00,1169.327,64.963,90.55,1228.356,47.473,92.45,1279.147,71.756,100.00,1324.199,34.707,100.00,1294.255,0.000,81.02,1311.745,4.997,96.27,1216.800,39.977,85.78,1376.669,74.566,100.00,1408.760,34.980,100.00,1224.295,39.977,91.50,1411.688,39.977,100.00,1119.356,42.476,67.67,1231.791,115.363,74.34
12.7558,32195.803,29429.852,96.12,35.71,2.84,1034.614,915.851,99.82,1328.917,846.692,99.82,765.266,1086.184,97.94,950.489,947.943,99.82,1167.571,789.952,92.29,1130.619,831.919,95.11,1110.909,905.977,99.82,849.199,908.445,57.44,1382.417,1105.933,64.04,1382.417,1192.334,99.82,1019.532,923.257,99.82,1066.436,1103.465,86.64,908.445,1421.914,98.88,1127.688,901.502,98.88,829.450,1421.914,96.99,1003.525,942.967,99.82,1088.152,994.731,99.82,1103.465,998.009,99.82,1125.605,1004.721,99.82,1082.867,998.009,99.82,1060.457,911.184,99.82,1041.981,903.508,99.82,1130.619,989.909,99.82,1071.566,889.391,99.82,1020.497,901.425,99.82,1087.843,878.822,98.88,1033.534,910.914,99.82,1110.870,858.147,99.82,901.849,1061.498,99.82,1279.005,883.335,99.82
12.8611,42884.910,8639.858,73.96,33.54,2.67,1759.629,346.006,95.91,1622.992,515.314,87.36,1219.733,179.226,66.47,1286.865,79.656,56.97,1515.954,0.000,59.82,1314.325,12.446,56.02,1281.926,684.544,80.71,1274.497,0.000,37.03,1433.809,119.484,42.73,794.071,430.641,37.03,1274.497,179.226,74.07,876.217,39.828,38.93,1354.153,0.000,45.58,1411.873,848.368,100.00,1712.605,64.721,54.13,1641.623,582.485,94.01,1141.750,435.619,75.97,1447.422,474.747,82.61,1334.317,54.764,57.92,1302.851,156.823,68.37,2062.267,383.850,100.00,1904.044,403.259,99.71,1426.341,669.609,98.76,1490.867,377.666,90.21,1216.272,251.468,83.56,1991.402,233.990,99.71,1611.363,236.479,92.11,1603.467,249.859,94.96,1042.180,480.426,75.02,1535.596,149.355,73.12
12.9657,14942.432,16407.124,27.39,8.31,0.00,336.398,681.249,29.62,591.084,631.211,29.62,360.661,160.294,13.38,400.735,681.249,26.75,601.102,601.102,28.66,520.955,588.579,25.80,338.903,881.616,31.53,360.661,561.028,28.66,480.882,440.808,18.15,320.588,641.175,21.97,360.661,480.882,22.93,520.955,520.955,24.84,520.955,240.441,22.93,761.396,440.808,33.44,601.102,616.130,27.71,280.514,681.249,27.71,280.514,360.661,22.93,542.322,808.983,37.26,450.826,641.175,30.57,561.028,520.955,30.57,856.492,417.758,35.35,360.661,400.735,19.11,756.387,360.661,32.48,440.808,360.661,21.97,320.588,801.469,28.66,681.249,761.396,31.53,761.396,681.249,34.40,427.894,400.735,24.84,583.687,400.735,27.71,561.028,641.175,30.57
13.0676,2568.003,7901.497,7.13,3.54,0.00,24.917,288.075,5.89,51.442,288.075,7.85,205.768,205.768,6.87,164.615,164.615,5.89,82.307,164.615,5.89,82.307,205.768,6.87,104.652,164.615,6.87,82.307,123.461,5.89,99.347,41.154,6.87,123.461,288.075,6.87,41.154,534.997,9.81,164.615,246.922,6.87,0.000,329.229,6.87,82.307,246.922,6.87,123.461,246.922,7.85,119.723,288.075,10.79,0.000,329.229,6.87,123.220,452.690,13.74,72.019,493.844,8.83,82.307,452.690,11.77,41.154,493.844,7.85,82.307,82.307,1.96,82.307,205.768,4.91,41.154,329.229,6.87,0.000,123.461,1.96,82.307,329.229,8.83,82.307,164.615,5.89,123.461,288.075,5.89,161.922,205.768,9.81,41.154,123.461,3.92
13.1694,11839.465,5277.859,13.40,4.60,0.00,453.566,123.700,14.75,597.882,164.933,17.70,288.633,247.400,12.78,494.799,164.933,13.76,358.778,82.467,12.78,329.866,206.166,10.81,371.099,247.400,16.71,453.566,164.933,10.81,395.260,164.933,17.70,494.799,0.000,9.83,453.566,164.933,12.78,536.033,123.700,14.75,288.633,123.700,10.81,288.633,206.166,12.78,371.099,247.400,13.76,333.611,41.233,11.80,371.099,288.633,12.78,288.874,288.633,14.75,505.108,164.933,16.71,453.566,288.633,16.71,206.166,164.933,7.86,329.866,247.400,14.75,329.866,206.166,12.78,587.574,206.166,18.68,247.400,247.400,7.86,371.099,82.467,8.85,453.566,123.700,13.76,206.166,247.400,9.83,484.491,123.700,16.71,494.799,123.700,15.73
13.2716,14344.324,7876.472,15.75,8.26,0.00,369.206,328.183,14.67,500.688,164.092,12.71,492.275,410.229,16.63,369.206,246.138,15.65,545.557,328.183,19.56,738.413,410.229,22.50,333.311,369.206,16.63,297.416,205.115,9.78,543.554,205.115,17.61,614.623,328.183,19.56,533.298,287.160,15.65,410.229,123.069,11.74,451.252,328.183,17.61,499.967,246.138,17.61,492.275,123.069,12.71,533.298,369.206,16.63,676.878,246.138,16.63,615.344,246.138,20.54,533.298,82.046,13.69,451.252,205.115,14.67,451.252,328.183,16.63,492.275,328.183,15.65,451.252,246.138,15.65,399.974,287.160,13.69,533.298,287.160,14.67,328.183,205.185,12.71,492.275,164.092,15.65,391.400,287.160,14.67,358.951,123.069,11.74,444.121,369.206,18.58
13.3744,31185.760,0.000,42.43,35.66,0.08,966.976,0.000,50.61,1101.482,0.000,38.93,734.799,0.000,32.12,704.183,0.000,26.28,1102.199,0.000,36.01,979.733,0.000,31.14,1158.250,0.000,39.90,979.733,0.000,29.20,928.705,0.000,32.12,1115.674,0.000,44.77,1043.517,0.000,50.61,1183.843,0.000,39.90,1061.377,0.000,40.88,951.827,0.000,36.98,1120.697,0.000,44.77,1020.555,0.000,36.01,1086.891,0.000,51.58,816.444,0.000,29.20,1296.104,0.000,45.74,1143.021,0.000,46.72,1078.001,0.000,50.61,1393.057,0.000,61.32,1242.525,0.000,59.37,956.850,0.000,46.72,834.303,0.000,46.72,1204.255,0.000,54.50,816.444,0.000,47.69,912.001,0.000,45.74,898.088,0.000,33.09,1354.228,0.000,43.80
13.4806,31001.749,18922.736,88.02,62.07,1.11,1115.559,426.650,95.99,1004.010,651.250,91.28,1031.454,569.844,89.40,1055.814,715.388,93.16,933.165,651.250,85.63,1260.062,666.051,95.99,1174.301,540.241,84.69,1255.630,1196.425,71.52,816.529,1026.275,62.11,979.342,515.573,76.22,1038.662,532.417,98.81,838.731,784.653,80.93,910.270,783.381,85.63,993.989,678.385,89.40,1114.402,484.814,77.16,1078.016,619.181,85.63,1158.806,596.979,86.57,895.469,720.322,86.57,888.068,623.691,81.87,888.068,547.642,76.22,891.730,661.233,82.81,1041.013,551.188,99.75,1055.814,670.985,92.22,1114.942,495.645,99.75,1021.278,481.037,95.99,1097.751,485.932,96.93,1046.024,574.777,98.81,1082.680,531.839,98.81,1115.019,542.708,89.40,1105.151,596.979,91.28
13.5866,38104.190,18749.810,84.29,35.56,3.16,983.994,844.302,100.00,1256.643,613.479,99.08,1580.389,497.215,99.08,1206.936,588.742,84.93,1434.054,296.845,77.38,1229.934,519.478,80.21,1110.346,1001.851,91.53,1224.484,185.528,38.69,1539.727,356.576,50.96,1219.537,472.478,59.45,1315.895,732.642,100.00,1414.960,360.968,62.28,1244.390,718.457,58.51,1303.643,665.427,91.53,1716.752,780.377,65.11,1370.433,803.954,100.00,1094.190,588.742,79.27,1101.649,662.953,87.76,1110.694,403.639,71.72,1063.693,954.850,100.00,1254.903,880.523,100.00,1244.274,753.398,99.08,1392.812,593.689,91.53,1353.542,690.357,99.08,937.534,546.689,75.49,900.429,1016.732,99.08,1572.581,690.164,99.08,1531.224,693.643,98.14,1600.488,405.688,100.00,794.060,430.425,69.83
13.6913,34031.734,27007.880,76.27,42.38,1.31,1049.303,1159.327,91.71,1327.281,1164.501,87.89,1279.699,798.873,86.93,846.572,1009.117,60.18,1046.799,1070.551,77.38,1121.928,954.140,70.69,949.483,677.923,66.87,1322.273,945.649,54.45,1098.294,976.703,60.18,820.277,999.217,62.10,1437.471,591.016,92.67,1001.722,959.149,62.10,981.570,761.308,56.36,1257.161,565.973,77.38,919.080,876.506,63.05,1004.226,731.257,77.38,1317.068,1001.565,94.58,1060.964,1064.329,87.89,979.183,1076.851,86.93,1788.073,863.985,93.62,1293.982,848.959,89.80,1565.190,868.994,88.84,839.490,954.140,83.11,1607.333,811.395,89.80,1001.722,1068.947,77.38,919.080,841.446,69.74,1622.085,1094.381,88.84,681.171,426.006,50.63,853.968,974.174,66.87,1039.286,871.498,72.60
13.7941,16648.432,11942.122,22.30,11.15,0.00,367.030,364.481,18.47,734.059,201.357,24.31,601.561,573.484,26.25,545.566,481.846,27.22,570.935,460.101,25.28,438.396,333.895,19.45,757.038,411.116,27.22,244.686,301.756,9.72,407.811,188.612,12.64,798.935,328.797,24.31,530.154,377.225,19.45,367.030,451.141,17.50,407.811,489.373,18.47,489.373,280.370,22.36,774.840,372.127,23.34,693.278,356.834,23.34,530.154,448.751,24.31,607.096,466.433,26.25,774.840,453.689,26.25,489.373,99.404,15.56,530.154,237.040,19.45,581.409,257.430,22.36,663.887,333.895,22.36,326.249,683.083,22.36,489.373,706.420,26.25,530.154,530.154,22.36,643.656,476.629,26.25,489.373,545.168,23.34,652.497,231.942,25.28,611.716,499.568,27.22
13.8958,6152.631,2640.975,5.94,1.84,0.00,257.908,82.530,7.87,371.387,82.530,8.85,257.867,123.796,5.90,330.122,41.265,5.90,165.061,41.265,3.94,51.582,82.530,1.97,141.809,41.265,1.97,288.857,41.265,7.87,123.796,41.265,2.95,288.857,82.530,5.90,123.796,165.061,5.90,123.796,82.530,4.92,247.591,82.530,7.87,82.530,123.796,4.92,123.796,123.796,5.90,206.326,82.530,4.92,371.387,41.265,7.87,211.001,82.530,6.89,701.509,41.265,11.81,323.110,0.000,5.90,41.265,41.265,2.95,175.135,123.796,7.87,222.486,82.530,6.89,134.112,165.061,6.89,123.796,165.061,5.90,137.618,82.530,5.90,61.898,288.857,6.89,51.582,82.530,3.94,330.122,41.265,6.89,82.530,82.530,3.94
13.9976,548.223,2635.591,2.65,1.38,0.00,113.248,82.362,4.91,0.000,82.362,2.95,0.000,123.543,3.93,0.000,82.362,2.95,0.000,41.181,1.96,10.295,82.362,2.95,0.000,41.181,0.98,0.000,205.906,5.89,36.798,82.362,2.95,0.000,123.543,2.95,41.181,41.181,0.98,0.000,41.181,1.96,0.000,205.906,5.89,0.000,82.362,2.95,0.000,41.181,1.96,0.000,82.362,1.96,21.596,82.362,0.98,0.000,41.181,0.98,0.000,123.543,3.93,6.998,123.543,2.95,10.295,82.362,1.96,61.731,164.724,3.93,0.000,123.543,2.95,30.886,41.181,0.98,0.000,82.362,1.96,68.568,123.543,1.96,13.593,41.181,1.96,56.986,0.000,1.96,41.181,123.543,1.96,34.867,41.181,2.95
14.0996,11950.693,2631.409,11.30,4.77,0.00,287.786,123.337,9.80,411.122,82.224,10.78,246.673,123.392,7.84,275.018,164.449,9.80,493.347,82.224,14.70,400.844,123.337,12.74,328.898,246.673,11.76,575.571,123.337,14.70,415.499,82.224,11.76,370.010,0.000,10.78,164.449,41.112,5.88,534.459,82.224,10.78,411.122,0.055,9.80,452.235,123.337,14.70,390.566,123.337,11.76,423.207,0.000,8.82,266.226,82.224,9.80,287.786,0.055,8.82,246.673,0.000,4.90,411.122,82.224,13.72,583.280,82.224,12.74,606.405,123.337,15.68,246.673,123.337,8.82,411.122,123.337,10.78,287.786,82.224,7.84,411.122,82.224,12.74,520.889,41.112,14.70,353.670,41.112,8.82,431.919,123.337,13.72,705.211,123.397,19.60
14.2036,39392.245,1290.863,63.89,34.32,0.22,1338.766,40.339,66.36,1328.681,0.000,67.32,1759.810,40.339,78.86,1222.712,40.339,58.67,1048.826,80.679,54.82,1129.505,40.339,52.90,1250.524,40.339,62.51,1210.184,0.000,40.39,1502.645,121.018,49.05,1515.252,40.339,70.21,1356.415,80.679,66.36,1529.118,40.339,72.13,1376.585,161.358,72.13,1190.014,40.339,66.36,1928.928,0.000,80.79,1480.703,0.000,70.21,1300.948,0.000,68.29,1522.815,40.339,71.17,1346.330,40.339,68.29,1212.705,121.018,71.17,1177.881,0.000,60.59,1248.002,40.339,64.44,1215.227,80.679,68.29,993.360,0.000,50.01,1214.557,40.339,60.59,1110.163,0.000,53.86,1301.145,40.339,68.29,1181.308,40.339,60.59,1310.797,80.679,66.36,1088.339,0.000,55.78
14.3098,35332.042,10691.538,83.17,54.76,0.80,1194.560,355.406,93.21,1219.588,375.151,83.79,1295.752,350.354,86.62,1340.178,357.874,77.20,1263.667,507.542,87.56,829.281,599.748,78.14,1155.071,249.278,71.55,1359.923,513.365,61.20,1332.774,454.053,66.85,1376.775,461.805,93.21,1251.327,264.318,95.09,1230.348,267.133,79.09,1335.242,259.150,85.68,1041.538,353.941,80.03,1172.155,325.828,83.79,1026.729,276.427,77.20,997.112,478.811,81.91,1172.386,323.321,83.79,1132.858,370.215,88.50,1080.025,348.002,79.09,1223.715,323.321,79.09,1051.410,328.257,86.62,1261.199,434.386,93.21,881.420,288.768,77.20,1180.407,318.385,94.15,1331.964,305.389,97.92,1342.453,310.981,95.09,933.404,194.980,73.44,1263.667,370.215,86.62,1055.113,325.134,78.14
14.4172,30580.807,25182.790,92.03,60.34,2.02,1036.333,800.895,99.67,1032.518,920.540,97.80,1020.652,918.213,98.73,1218.434,788.686,98.73,1057.012,884.792,97.80,800.895,996.654,98.73,1123.206,861.938,98.73,959.609,859.497,55.89,976.701,761.903,54.96,1147.395,832.370,81.04,832.523,871.477,99.67,1286.803,751.487,82.90,1252.619,446.841,68.00,1125.304,848.738,99.67,937.633,771.555,81.97,861.938,954.773,97.80,898.336,971.817,97.80,1146.021,837.521,98.73,901.083,959.609,96.87,1138.848,874.147,97.80,1007.681,698.341,88.49,1013.327,813.103,99.67,874.338,937.633,93.15,893.376,847.288,99.67,903.448,879.031,98.73,1032.861,826.533,97.80,921.990,864.380,97.80,970.558,705.666,88.49,908.332,927.561,96.87,1301.034,769.800,96.87
14.5213,42805.917,15631.374,69.62,41.23,1.43,1595.609,491.483,80.70,1317.089,836.033,76.86,1354.904,637.158,72.05,1808.218,559.087,78.78,1528.950,526.348,77.82,1264.242,462.954,62.45,1118.174,586.789,60.52,1329.720,523.829,42.27,1974.433,362.651,56.68,2022.952,523.829,73.97,1423.019,523.829,75.90,1410.309,282.062,54.76,1395.592,322.356,57.64,1634.802,818.483,86.46,941.885,402.946,45.15,1506.560,821.001,86.46,1075.597,365.169,60.52,1464.809,418.056,71.09,1417.786,528.866,75.90,1193.726,435.685,70.13,1076.148,468.424,68.21,1667.699,790.781,90.31,1538.906,498.645,73.01,1110.619,382.798,60.52,1566.451,604.418,77.82,1750.295,712.120,90.31,1456.664,402.946,73.97,1269.318,397.909,63.41,1422.901,579.549,72.05,1168.542,365.169,52.84
14.6245,22100.825,28968.872,45.19,23.06,0.00,627.444,1109.697,44.58,530.954,1186.381,49.42,723.974,1171.060,52.33,772.239,1132.956,48.45,731.595,505.512,34.89,614.743,1008.484,46.51,944.977,937.356,51.36,406.442,731.595,24.23,609.663,853.528,33.92,731.595,569.018,38.76,896.712,1138.037,50.39,609.663,609.663,34.89,909.016,1503.834,62.99,792.045,731.595,35.85,952.995,1219.325,50.39,631.969,983.081,41.67,866.229,1013.564,51.36,604.582,1178.681,43.61,533.415,932.276,40.70,683.330,1056.749,48.45,1092.312,866.284,52.33,624.388,1351.419,51.36,665.191,1000.863,52.33,1244.728,792.561,48.45,487.730,708.733,36.82,523.294,749.377,35.85,650.307,934.816,41.67,792.522,858.608,47.48,1155.819,873.850,52.33,690.951,1259.969,52.33
14.7261,1615.338,0.000,1.28,4.00,0.00,41.261,0.000,0.98,123.783,0.000,1.97,82.522,0.000,2.95,82.522,0.000,2.95,41.261,0.000,1.97,82.522,0.000,1.97,41.261,0.000,0.98,0.000,0.000,0.00,158.435,0.000,2.95,0.000,0.000,0.00,41.261,0.000,0.98,0.000,0.000,0.00,0.000,0.000,0.00,10.839,0.000,0.98,48.594,0.000,0.98,82.522,0.000,1.97,20.630,0.000,0.00,123.783,0.000,2.95,105.771,0.000,1.97,0.000,0.000,0.00,0.000,0.000,0.00,82.522,0.000,2.95,146.428,0.000,2.95,0.000,0.000,0.00,41.261,0.000,0.98,0.000,0.000,0.00,82.522,0.000,1.97,41.261,0.000,0.98,82.522,0.000,0.98,51.858,0.000,0.98
14.8278,333.936,3946.510,3.71,3.89,0.00,0.000,82.517,2.95,0.000,123.775,1.97,0.000,41.258,2.95,0.000,206.292,5.90,41.258,121.197,4.92,20.629,100.568,2.95,20.750,146.983,4.92,10.315,134.090,2.95,6.608,226.922,3.93,82.517,195.978,5.90,0.000,82.517,2.95,0.000,165.034,4.92,0.000,0.000,0.00,20.065,123.775,4.92,0.000,146.983,2.95,0.000,185.663,5.90,0.000,123.775,1.97,41.258,219.186,4.92,0.000,0.000,1.97,0.000,148.111,5.90,0.000,82.517,2.95,0.000,123.775,2.95,59.873,247.551,4.92,0.000,82.517,2.95,0.000,167.613,2.95,0.000,92.832,3.93,0.000,87.835,1.97,0.000,177.806,4.92,0.000,123.775,3.93,30.662,185.663,3.93
14.9304,19534.524,9174.007,19.47,7.07,0.00,776.950,408.921,26.32,654.274,245.353,19.50,449.813,163.568,11.70,736.058,613.382,27.30,654.274,370.585,20.47,592.935,268.354,19.50,838.168,345.027,26.32,592.935,153.345,11.70,736.058,265.799,17.55,572.489,296.468,18.52,613.382,327.137,16.57,776.950,408.921,21.45,460.036,286.245,17.55,593.495,490.705,20.47,572.489,181.459,17.55,531.597,306.691,15.60,623.605,204.461,19.50,408.921,191.682,14.62,858.734,408.921,25.35,736.058,221.233,16.57,817.842,490.705,27.30,817.842,327.137,24.37,613.382,327.137,19.50,736.058,327.137,22.42,490.705,201.905,15.60,490.705,153.345,11.70,654.274,240.081,16.57,825.949,314.478,25.35,1022.303,204.461,26.32,286.245,429.367,10.72
15.0323,14909.128,1316.155,12.65,19.45,0.00,493.558,0.000,12.75,431.863,0.000,12.75,544.970,41.130,11.77,421.581,0.000,10.79,493.558,0.000,12.75,740.337,82.260,18.63,493.558,41.130,11.77,586.100,41.130,15.69,575.818,0.000,13.73,740.337,41.130,19.61,534.688,0.000,9.81,493.558,41.130,13.73,483.276,123.390,13.73,411.298,41.130,11.77,552.682,0.000,10.79,452.428,82.260,12.75,359.886,41.130,8.83,308.474,205.649,13.73,370.169,41.130,9.81,616.948,41.130,16.67,370.169,82.260,9.81,658.078,41.130,14.71,534.688,0.000,11.77,699.207,41.130,15.69,575.818,123.390,14.71,534.688,82.260,14.71,575.818,0.000,12.75,444.275,41.130,12.75,246.779,41.130,7.84,164.519,0.000,2.94
15.1344,45155.148,5260.911,76.63,34.29,0.74,1337.659,164.319,53.87,1776.699,205.399,100.00,1763.862,164.319,96.96,1345.362,205.399,79.33,1531.464,164.319,90.11,1568.733,205.399,84.23,1252.932,205.399,77.37,1314.552,328.638,43.09,1486.573,287.558,47.99,1273.472,123.239,51.91,1499.972,41.080,61.70,1561.030,123.239,53.87,1766.429,123.239,63.66,1561.030,123.239,91.09,1561.030,164.319,57.79,1807.509,41.080,95.98,1530.542,164.319,96.96,1535.917,205.399,95.00,1314.552,82.220,78.35,1461.139,164.394,95.00,1393.221,205.399,94.02,1355.632,164.319,61.70,1450.629,246.478,98.92,1437.791,616.196,76.39,1273.472,164.319,64.64,1499.411,82.159,68.56,1667.661,82.159,74.44,1643.190,0.000,71.50,1458.331,43.647,76.39,1725.349,369.718,97.94
15.2410,34020.683,21278.918,81.16,48.05,0.83,961.650,708.326,91.01,757.515,629.623,59.11,1330.570,747.677,88.19,905.083,472.217,68.49,1563.028,354.163,83.50,1094.461,590.271,77.87,1355.357,779.650,94.76,983.785,944.434,48.79,897.704,590.271,43.16,1219.894,668.974,64.74,1071.788,653.718,88.19,1062.488,590.271,64.74,1095.268,901.855,74.12,887.098,661.596,76.93,1453.543,922.299,80.69,1109.218,905.083,95.70,1249.100,592.731,88.19,1499.735,590.271,91.94,956.731,669.008,81.62,1187.690,787.057,99.45,1045.618,862.426,99.45,1219.894,698.488,95.70,1382.219,729.807,98.51,1187.921,693.761,93.82,934.596,855.586,84.44,1357.624,826.380,91.01,1107.911,602.569,70.37,944.434,639.461,73.18,1136.272,902.623,88.19,1062.488,708.326,78.81
15.3474,36311.405,17339.599,82.40,52.91,1.30,1389.499,473.021,87.40,1212.116,512.439,81.76,1406.745,315.347,82.70,946.042,1024.879,78.94,1281.099,394.184,73.31,1143.134,433.603,63.91,1613.499,559.249,80.82,1192.407,591.276,58.27,1024.879,315.347,46.05,709.531,709.531,68.61,1037.197,714.959,92.10,1143.134,354.766,60.15,1740.993,722.620,80.82,1392.733,551.858,100.00,1335.299,692.286,76.12,1300.808,433.603,90.22,1318.130,591.276,89.28,884.451,512.439,80.82,1362.399,433.603,95.86,837.641,711.995,84.58,1270.166,848.343,95.86,1120.961,640.549,91.16,1406.745,574.685,92.10,1194.871,832.522,100.00,933.724,719.694,87.40,1274.593,574.031,94.92,1288.489,500.121,85.52,1300.808,699.677,100.00,1288.489,463.166,85.52,960.824,438.530,67.67
15.4517,20426.597,23452.138,35.29,26.33,0.07,633.524,643.580,38.36,472.433,736.598,32.61,656.150,643.580,34.52,724.028,779.335,31.65,462.573,889.951,36.44,496.826,830.754,28.77,643.384,683.804,30.69,603.356,844.699,27.81,563.133,965.370,29.73,563.133,651.122,23.02,1043.304,1184.087,54.66,583.677,522.909,21.10,683.804,553.077,23.02,930.174,827.101,46.99,311.734,842.185,23.98,743.236,477.146,33.57,786.799,535.479,34.52,545.535,960.342,36.44,889.951,610.898,37.40,946.790,962.856,45.07,1298.866,666.206,45.07,746.653,643.580,35.48,437.433,1161.461,36.44,915.090,774.307,44.11,545.535,623.468,32.61,680.386,942.744,43.16,384.640,755.256,29.73,1086.041,1226.825,52.75,580.809,716.486,32.61,467.601,796.933,36.44
15.5560,22050.953,11755.656,25.38,15.66,0.00,703.882,281.553,22.06,744.300,429.871,27.81,361.997,402.218,18.22,965.324,346.913,29.73,683.771,316.747,20.14,906.602,617.272,33.56,608.552,442.440,23.97,1116.156,482.662,32.60,925.102,482.662,26.85,563.106,716.451,25.89,884.880,354.455,28.77,582.785,160.887,18.22,442.440,160.887,13.43,522.884,427.357,25.89,603.328,485.176,22.06,637.893,528.422,29.73,925.102,427.357,30.69,643.549,487.690,25.89,844.659,394.677,26.85,823.016,522.884,26.85,844.659,361.997,26.85,1005.546,201.109,25.89,563.106,321.775,20.14,794.381,361.997,31.65,522.884,623.438,24.93,754.159,241.331,23.02,804.437,411.213,33.56,884.880,261.442,26.85,824.469,258.928,23.97,563.106,243.845,15.34
15.6582,6323.168,5250.801,9.98,11.75,0.00,266.633,205.103,12.71,246.123,164.082,12.71,246.123,164.082,11.74,123.062,123.062,6.85,328.164,205.103,12.71,168.529,82.041,6.85,246.123,205.163,9.78,205.103,246.123,9.78,0.000,164.082,3.91,246.123,287.144,11.74,369.185,205.103,15.65,205.103,41.076,5.87,164.082,82.041,8.80,439.849,82.041,12.71,205.103,123.062,6.85,224.611,205.103,10.76,287.144,205.103,12.71,164.082,123.062,7.82,41.021,328.164,11.74,287.144,164.082,12.71,164.082,287.144,12.71,205.103,205.163,12.71,205.103,287.144,13.69,246.123,123.062,10.76,287.144,205.103,11.74,123.062,164.082,4.89,219.043,164.082,6.85,41.021,123.062,3.91,82.041,123.062,7.82,287.144,164.082,9.78
15.7601,23828.460,11862.041,34.30,10.59,0.38,864.941,329.501,38.30,1070.879,411.876,40.26,700.190,576.627,38.30,586.924,535.439,39.28,864.941,370.689,35.35,823.753,205.938,29.46,700.190,329.501,31.42,906.128,617.815,33.39,494.252,453.064,20.62,782.565,329.501,33.39,823.753,288.314,34.37,776.210,370.689,31.42,782.565,494.252,35.35,711.613,411.876,34.37,782.565,494.252,32.41,782.565,164.751,30.44,906.128,288.314,38.30,823.753,288.314,35.35,535.439,453.064,34.37,782.565,411.876,35.35,576.627,453.064,28.48,947.316,741.378,45.17,741.378,288.314,32.41,947.316,411.876,39.28,823.753,288.314,30.44,659.002,205.938,26.51,686.193,411.876,32.41,1091.513,535.439,41.24,988.503,205.938,32.41,864.941,494.252,39.28
15.8619,23270.369,9222.491,26.11,20.00,0.00,916.073,494.062,32.39,864.609,370.547,29.45,1029.296,494.062,34.36,730.800,452.890,25.52,699.921,247.031,19.63,821.828,370.547,27.49,576.406,205.859,18.65,658.749,288.203,18.65,864.609,370.547,25.52,1029.296,494.062,35.34,864.609,288.203,30.43,459.243,247.031,17.67,1111.640,123.516,27.49,535.234,123.516,19.63,823.437,247.031,24.54,782.265,247.031,26.50,741.093,288.203,25.52,905.780,247.031,31.41,823.437,247.031,27.49,946.952,164.687,27.49,823.437,452.890,28.47,672.621,452.890,34.36,823.437,123.516,22.58,782.265,411.718,32.39,576.406,82.344,18.65,494.062,329.375,18.65,710.214,370.547,23.56,843.982,288.203,26.50,576.406,535.234,27.49,782.265,164.687,25.52
15.9637,15405.389,11775.019,19.94,22.29,0.00,442.859,411.962,19.64,411.962,406.812,19.64,329.569,370.765,13.75,494.354,494.354,19.64,535.550,164.785,15.72,331.178,234.303,10.80,700.335,267.775,24.55,679.736,323.776,21.61,247.177,741.531,19.64,329.569,442.859,17.68,494.354,453.158,20.63,535.550,205.981,19.64,576.746,288.373,15.72,494.354,823.923,24.55,576.746,329.569,18.66,576.746,205.981,16.70,617.942,494.354,24.55,453.158,453.158,19.64,741.531,329.569,25.54,535.550,370.765,22.59,628.241,370.765,21.61,439.278,329.569,18.66,617.942,329.569,18.66,494.354,329.569,18.66,453.158,661.713,26.52,494.354,329.569,17.68,607.643,323.132,19.64,411.962,370.765,19.64,576.746,659.138,26.52,576.746,257.476,19.64
16.0661,25792.091,5334.680,22.77,9.66,0.00,901.600,286.873,29.31,860.618,210.032,24.43,1065.527,81.964,28.34,983.564,204.909,27.36,819.636,81.964,17.59,964.714,135.752,23.45,614.727,266.382,19.54,881.109,169.690,17.59,942.582,368.836,23.45,1188.473,174.173,27.36,737.673,286.873,24.43,819.636,163.927,22.47,696.691,122.945,16.61,614.727,245.891,18.56,491.782,163.927,14.66,901.600,245.891,26.38,1024.545,40.982,28.34,614.727,245.891,16.61,942.582,122.945,23.45,737.673,163.927,18.56,828.721,204.909,21.50,1270.436,163.927,28.34,819.636,122.945,18.56,840.127,81.964,19.54,884.911,284.311,26.38,942.582,81.964,27.36,901.600,211.312,32.24,819.636,122.945,21.50,655.709,81.964,14.66,1024.545,194.664,24.43
16.1681,16658.251,146.715,32.17,21.19,0.23,619.556,0.000,30.40,516.043,0.000,32.36,615.419,0.000,36.28,689.289,0.000,40.21,696.680,0.000,41.19,567.056,5.142,40.21,550.146,0.000,39.23,863.780,0.060,29.42,375.333,0.000,12.75,479.248,30.930,31.38,411.324,0.000,25.50,514.155,0.000,35.30,480.735,17.995,32.36,420.241,0.000,28.44,683.826,17.995,32.36,638.596,7.712,40.21,442.294,23.137,26.48,650.406,0.000,40.21,591.278,20.606,40.21,493.589,0.000,27.46,561.594,0.000,27.46,370.191,0.000,23.54,477.441,0.000,22.56,637.552,0.000,34.32,420.362,0.000,27.46,691.538,0.000,31.38,375.333,23.137,31.38,814.935,0.000,42.17,452.456,0.000,29.42,557.858,0.000,33.34
16.2723,39829.933,9026.650,76.33,55.42,0.81,1363.809,402.183,85.34,1116.725,306.586,71.92,1876.710,241.310,89.18,1246.688,482.619,81.50,1171.358,277.011,65.20,1359.331,485.133,79.59,1633.868,241.310,76.71,1407.640,160.873,48.90,1334.745,281.528,49.86,1180.352,334.236,63.29,965.239,361.965,66.16,1293.230,442.401,72.87,1314.635,324.064,68.08,1396.407,402.183,90.13,1503.159,384.587,74.79,1346.292,273.987,79.59,1437.686,228.742,81.50,1696.709,160.873,84.38,1375.827,427.280,95.89,1410.154,369.506,92.05,1171.358,281.528,79.59,1233.060,329.287,73.83,1302.774,309.178,90.13,1166.330,321.746,75.75,1294.526,253.878,80.55,1334.745,218.726,84.38,1402.613,138.250,79.59,1219.117,201.091,78.63,1010.485,223.714,64.24,1264.363,160.873,66.16
16.3767,33216.731,25571.087,74.36,53.38,0.30,1126.883,844.337,81.48,1354.458,1140.939,79.56,859.415,844.337,68.06,1376.839,1206.196,85.32,1042.857,848.853,69.98,1120.757,877.005,81.48,683.511,964.957,72.85,1085.577,1125.783,59.43,791.566,723.718,44.10,1085.577,1123.270,73.81,844.337,924.751,75.73,1445.865,522.685,69.98,990.086,824.430,66.14,1441.114,924.751,94.90,924.751,683.511,61.35,964.957,643.305,67.10,1065.473,794.079,74.77,1045.370,1085.577,81.48,1544.575,718.692,82.44,1339.420,555.353,75.73,794.079,522.685,61.35,1300.313,877.005,88.19,1078.313,696.076,71.89,1326.816,924.751,87.23,1367.023,711.153,83.40,1045.370,1268.980,90.11,1206.196,964.957,85.32,1120.757,763.924,75.73,1241.377,821.721,70.94,603.098,643.305,50.81
16.4807,37183.219,12949.514,67.65,39.85,0.67,1330.651,362.905,68.26,1257.566,519.156,70.18,1088.715,443.550,58.64,1297.889,370.465,72.10,1451.619,282.259,70.18,1053.432,496.474,75.95,1056.031,473.792,71.14,1250.006,282.259,43.26,1129.037,468.752,45.18,1179.441,413.308,57.68,1116.437,483.873,72.10,1144.513,282.259,53.84,1411.297,564.519,64.41,1468.040,753.532,86.52,1008.069,534.277,47.11,1036.106,292.340,60.57,1464.653,410.788,80.76,1192.042,408.268,71.14,1646.618,163.811,74.99,919.824,436.108,67.30,1489.422,282.259,77.87,977.827,645.164,72.10,1141.363,362.905,73.06,1330.651,362.905,70.18,1290.328,443.550,68.26,1612.911,541.837,76.91,1411.297,362.905,73.06,1048.392,524.196,67.30,1169.360,350.816,64.41,1209.683,630.279,74.99
16.5853,17169.485,19195.840,25.14,12.64,0.00,481.045,761.655,22.94,353.267,606.317,22.94,410.893,641.393,22.94,714.051,1074.835,34.41,320.697,641.393,22.94,676.470,869.389,28.67,513.537,531.154,20.07,400.871,521.132,19.12,541.176,856.861,21.98,471.023,711.546,22.94,894.443,601.306,30.58,360.784,481.045,18.16,601.306,641.393,21.03,914.487,653.921,33.45,571.241,671.459,23.89,653.607,631.372,29.63,548.261,553.703,21.98,859.367,596.295,33.45,688.057,598.801,24.85,794.225,648.792,31.54,363.289,601.306,22.94,631.372,681.480,28.67,876.905,922.003,37.27,521.132,561.219,22.94,621.350,761.655,28.67,641.393,383.333,24.85,400.871,601.306,22.94,360.784,360.784,13.38,662.885,452.976,23.89,320.697,576.017,21.03
16.6870,6279.858,0.126,5.44,1.31,0.00,123.800,0.000,3.94,92.850,0.000,3.94,224.508,0.000,4.92,247.600,0.065,6.89,371.399,0.000,7.87,247.600,0.000,6.89,165.066,0.000,5.90,259.569,0.000,6.89,144.433,0.000,2.95,206.333,0.000,3.94,206.333,0.000,5.90,206.333,0.000,2.95,216.650,0.000,5.90,206.333,0.000,8.85,319.816,0.060,6.89,165.066,0.000,4.92,206.333,0.000,4.92,206.333,0.000,4.92,165.066,0.000,4.92,247.600,0.000,4.92,123.800,0.000,2.95,206.333,0.000,5.90,41.267,0.000,1.97,206.333,0.000,4.92,144.433,0.000,2.95,165.066,0.000,5.90,536.466,0.000,12.79,41.267,0.000,1.97,308.008,0.000,6.89,277.864,0.000,7.87
16.7888,9354.361,2422.037,13.22,6.71,0.00,205.901,82.361,11.78,483.868,23.164,14.73,136.289,128.688,9.82,205.901,66.918,8.84,329.442,192.791,13.75,205.901,82.361,6.87,247.082,82.361,13.75,286.774,82.361,10.80,370.623,157.000,9.82,92.656,46.328,6.87,288.262,123.541,15.71,458.131,82.361,15.71,362.901,46.328,13.75,347.459,41.180,12.76,434.484,131.262,16.69,301.131,38.526,13.75,427.366,66.918,20.62,218.770,76.409,10.80,123.541,199.749,12.76,288.262,54.049,12.76,239.360,37.521,11.78,339.737,28.673,13.75,576.524,41.180,20.62,144.131,20.872,4.91,411.803,41.180,15.71,259.951,87.508,12.76,499.311,95.229,21.60,316.574,51.596,15.71,288.262,90.082,10.80,463.962,123.541,16.69
16.8929,25268.448,5367.788,25.82,13.46,0.00,1168.798,161.214,28.83,1100.786,178.846,29.79,1105.824,75.569,24.98,564.247,216.631,23.06,846.371,174.044,27.87,564.247,201.517,23.06,725.461,80.607,21.14,1053.752,120.910,29.79,685.157,329.984,21.14,1050.407,196.479,28.83,806.068,282.124,25.94,801.030,161.214,20.18,722.942,236.782,23.06,931.504,161.214,34.59,582.352,73.050,22.10,1075.596,204.115,38.44,911.746,136.024,28.83,745.613,207.342,27.87,685.157,167.235,24.98,725.461,108.315,19.22,1136.052,164.795,32.67,715.385,173.454,25.94,670.044,120.910,22.10,503.792,140.786,13.45,644.854,241.820,22.10,1058.003,156.176,29.79,1002.547,188.922,26.91,979.876,312.233,25.94,967.281,274.567,29.79,738.095,120.910,22.10
16.9963,39120.893,3897.605,59.65,31.58,0.23,1478.628,81.095,65.74,1365.936,81.095,62.84,1401.414,124.176,73.47,1393.376,81.095,58.97,1216.418,81.095,51.24,1297.512,283.831,63.80,1500.248,0.000,59.94,1159.675,81.095,32.87,1378.607,81.095,37.70,1392.505,40.547,51.24,1130.255,40.547,56.07,1574.453,162.189,57.04,1581.343,324.378,63.80,1437.408,162.189,69.60,1094.776,283.831,47.37,1218.952,0.000,53.17,1335.525,162.189,67.67,1021.284,283.831,60.90,1424.222,202.736,73.47,1021.284,164.723,63.80,1240.334,40.547,65.74,1409.928,121.642,62.84,1264.567,0.000,66.70,1216.418,162.189,59.94,1297.512,162.189,58.97,1112.476,243.284,50.27,973.134,81.095,48.34,1297.512,81.095,57.04,1431.825,81.095,71.54,1453.366,202.736,77.34
17.1019,33569.395,29149.883,75.13,30.38,0.15,1253.072,1070.447,90.01,1003.389,675.549,63.48,1192.145,1030.709,72.00,1088.259,794.763,70.11,1470.312,993.454,84.32,874.240,953.716,72.00,1271.621,963.650,74.85,1072.930,953.716,56.85,953.716,1112.669,49.27,808.462,516.596,49.27,1236.850,953.716,77.69,871.057,1031.873,67.27,1271.621,755.025,65.37,1351.098,1328.745,90.01,953.716,1152.407,64.43,792.280,1072.930,80.53,1154.890,900.512,77.69,1033.192,1152.407,86.22,829.534,834.501,75.79,1144.956,1030.709,80.53,1208.444,993.454,80.53,1042.234,1268.866,91.90,1199.596,1030.709,80.53,1580.795,998.421,90.95,1192.145,556.334,63.48,1337.903,1345.742,91.90,912.581,968.618,78.64,1179.727,916.461,83.37,1100.250,879.207,70.11,1188.381,913.978,74.85
17.2082,35389.279,8930.018,62.43,41.46,0.54,1578.256,436.487,86.55,734.876,355.108,46.09,1008.604,236.738,46.09,1141.770,236.738,53.62,877.982,118.369,43.27,1597.985,434.021,72.43,1055.420,345.244,62.09,1149.168,355.108,44.21,1459.887,276.195,50.80,1420.431,157.826,63.03,1243.262,355.108,72.43,848.313,238.049,49.86,1223.149,315.651,63.03,907.497,298.389,48.92,1408.563,197.282,65.85,907.497,434.021,58.32,975.621,131.740,55.50,1030.799,236.738,61.15,1380.974,315.651,69.61,988.876,197.282,60.21,1598.948,394.564,81.84,924.760,318.387,65.85,1418.620,160.292,72.43,1034.536,665.827,67.73,1053.186,236.738,66.79,1142.001,202.599,69.61,1214.672,261.399,74.32,1474.683,352.642,83.72,1289.346,310.719,58.32,1299.596,355.108,59.26
17.3108,33048.786,32451.851,59.18,22.80,0.39,1210.705,980.372,66.23,1026.327,1062.070,64.28,1120.790,1102.919,58.43,1360.777,1266.314,66.23,1092.627,1307.163,61.36,1164.192,1470.558,70.12,1276.566,898.674,61.36,893.568,898.674,38.96,1552.256,980.372,42.85,776.128,1266.314,45.77,1572.281,816.977,64.28,1337.800,898.674,55.51,980.372,1184.616,49.67,1348.012,408.488,51.62,706.717,857.826,44.80,1021.221,776.128,49.67,1094.262,1143.768,63.30,860.379,1307.163,62.33,1143.768,857.826,60.38,896.121,1593.105,69.15,1244.892,898.674,58.43,921.652,857.826,52.59,900.549,1511.407,67.20,1307.163,1348.012,74.99,933.460,1161.639,71.10,1077.947,1266.314,61.36,1317.375,1307.163,69.15,1304.610,939.523,62.33,830.141,980.372,55.51,776.128,1102.919,56.49
17.4128,2266.952,12082.691,9.68,15.21,0.00,172.996,205.794,8.83,41.159,329.271,5.89,0.000,288.112,4.91,51.449,493.906,8.83,18.007,288.112,6.87,144.056,658.541,16.68,123.477,411.588,11.78,41.159,329.271,6.87,123.477,452.747,18.64,0.000,329.271,5.89,41.159,452.747,9.81,0.000,370.430,5.89,115.598,411.588,9.81,82.318,411.588,11.78,82.318,246.953,6.87,41.159,493.906,8.83,61.135,246.953,7.85,198.077,329.271,10.79,41.159,205.794,3.93,82.318,617.383,14.72,64.311,329.271,8.83,123.477,411.588,9.81,82.318,658.541,14.72,82.318,576.224,11.78,265.724,764.011,22.57,41.159,411.588,8.83,41.159,205.794,4.91,82.318,205.794,4.91,23.152,699.700,13.74,0.000,246.953,4.91
17.5147,21953.773,1317.145,16.55,9.18,0.00,747.406,0.000,20.61,905.537,41.161,18.65,946.698,0.000,19.63,730.604,41.161,15.70,640.565,0.000,15.70,555.671,0.000,11.78,720.314,123.482,21.59,849.584,41.161,16.68,782.055,41.161,14.72,823.216,41.161,15.70,576.251,0.000,11.78,694.870,123.482,17.66,542.969,0.000,11.78,411.608,82.322,9.81,987.859,123.482,22.57,617.412,0.000,11.78,429.576,41.161,9.81,658.573,41.161,15.70,823.216,41.161,17.66,658.573,41.161,18.65,594.259,0.000,13.74,576.251,41.161,15.70,1029.020,82.322,22.57,1029.020,41.161,24.53,1111.341,0.000,25.52,535.090,41.161,10.79,823.216,41.161,17.66,735.548,123.482,15.70,800.063,82.322,19.63,617.412,41.161,12.76
17.6166,14292.363,7900.762,16.22,6.45,0.08,493.798,246.899,16.68,576.097,329.198,18.64,658.397,205.749,17.66,452.648,164.599,11.77,617.247,164.599,17.66,534.947,493.798,21.58,514.373,82.300,13.74,632.035,329.198,17.66,370.348,205.749,11.77,493.798,329.198,16.68,658.397,411.498,27.47,539.810,82.300,14.72,370.348,411.498,11.77,576.097,205.749,17.66,411.498,329.198,15.70,397.272,123.449,11.77,681.584,329.198,22.57,493.798,329.198,18.64,452.648,246.899,15.70,246.899,370.348,14.72,370.348,164.599,13.74,329.198,329.198,16.68,452.648,288.049,16.68,452.648,246.899,16.68,452.648,82.300,10.79,246.899,246.899,10.79,452.648,164.599,17.66,457.992,164.599,12.75,370.348,493.798,20.60,534.947,329.198,15.70
17.7184,2075.435,3953.331,4.06,6.89,0.00,141.558,164.722,3.93,82.361,247.083,7.85,41.181,41.181,0.98,72.066,164.722,6.87,41.181,164.722,4.91,0.000,164.722,1.96,64.948,123.542,5.89,82.361,123.542,4.91,59.197,82.361,2.95,153.341,82.361,4.91,0.000,82.361,1.96,41.181,0.000,0.98,41.181,123.542,2.95,0.000,123.542,0.98,82.361,123.542,3.93,14.236,164.722,3.93,41.181,288.264,6.87,82.361,41.181,2.95,205.903,82.361,5.89,41.181,247.083,4.91,0.000,247.083,4.91,0.000,82.361,1.96,186.076,0.000,4.91,82.361,205.903,4.91,164.722,82.361,4.91,82.361,247.083,2.95,0.000,205.903,4.91,123.542,41.181,3.93,66.235,82.361,3.93,82.361,123.542,3.93
17.8207,17453.863,2625.390,16.46,30.74,0.00,658.911,41.022,15.65,420.473,41.022,16.63,574.304,41.022,16.63,584.560,164.087,15.65,533.282,41.022,16.63,820.435,123.065,24.45,673.694,41.022,15.65,574.304,41.022,16.63,679.422,41.022,19.56,749.728,82.043,15.65,369.196,82.043,12.71,574.304,82.043,18.58,656.348,82.043,20.54,410.217,123.065,13.69,533.282,0.000,15.65,574.304,287.152,19.56,451.239,0.000,10.76,410.217,82.043,10.76,943.500,82.043,22.49,574.304,41.022,10.76,574.304,123.065,17.60,533.282,82.043,17.60,388.945,123.065,9.78,328.174,82.043,9.78,656.348,164.087,18.58,902.478,41.022,22.49,625.581,41.022,14.67,585.561,205.109,19.56,518.861,123.065,15.65,574.304,123.065,19.56
17.9232,30531.199,11496.393,59.70,56.00,0.07,910.373,356.585,56.55,1012.129,530.066,66.30,817.882,325.036,53.62,531.623,357.903,49.72,1495.071,288.815,74.10,1035.611,485.617,67.27,858.776,355.267,60.45,695.200,572.517,38.02,1022.352,613.411,51.67,1063.247,457.503,67.27,1138.845,373.159,64.35,1022.352,349.157,61.42,1063.247,391.050,60.45,1198.708,239.374,56.55,899.670,424.196,58.50,1022.352,204.470,45.82,894.558,416.609,64.35,1089.045,385.938,65.32,1040.643,204.470,52.65,944.438,449.835,63.37,855.062,500.953,60.45,1025.108,415.730,63.37,845.158,380.826,59.47,1244.714,442.167,74.10,858.776,460.059,60.45,1193.597,199.399,57.52,1306.055,191.691,58.50,839.887,365.491,50.70,1216.320,408.941,61.42,1390.399,350.156,67.27
18.0320,23758.982,22850.071,86.23,71.11,0.31,872.477,782.464,100.00,742.713,695.954,77.27,848.815,570.335,78.19,966.974,580.960,82.79,634.313,663.137,75.43,952.053,1041.125,98.43,699.383,1123.715,98.43,540.155,1118.892,55.19,733.067,655.902,52.43,578.737,610.086,64.39,753.376,807.821,100.00,347.242,828.054,66.23,771.650,692.074,66.23,925.980,455.002,82.79,501.572,921.233,69.91,985.436,487.104,82.79,1071.757,730.656,97.51,769.013,904.616,98.43,915.958,872.929,98.43,999.490,781.296,98.43,956.010,781.296,99.35,757.332,842.410,99.35,492.718,771.650,85.55,728.245,853.638,100.00,860.759,684.839,96.59,785.817,772.667,99.35,880.163,739.134,98.43,1116.255,598.066,99.35,810.232,578.737,76.35,761.288,904.277,89.23
18.1359,35101.509,23319.123,61.25,39.90,0.15,1155.582,1187.988,77.00,1115.212,549.524,51.01,1291.830,846.028,65.45,966.349,451.754,44.27,936.072,978.965,55.82,1009.242,966.980,51.97,1004.117,814.963,52.94,1089.981,913.364,50.05,888.133,767.024,33.69,1655.157,524.806,54.86,1317.061,931.026,76.04,924.678,726.654,46.20,1089.981,464.251,44.27,1144.662,826.711,64.49,1009.242,915.887,57.75,1350.728,661.053,65.45,1305.825,802.347,73.15,1188.382,658.175,68.34,1163.151,666.100,61.60,1009.242,837.671,69.30,1304.445,585.360,67.37,1344.460,1443.216,85.66,1122.782,754.408,69.30,1279.214,998.676,74.11,1158.223,636.532,55.82,1430.916,770.966,70.26,1493.678,929.725,78.92,1059.940,635.783,62.56,1049.611,553.427,53.90,1243.615,519.760,55.82
18.2409,13397.201,21278.796,29.16,15.18,0.00,598.841,980.992,39.98,683.677,734.087,32.36,359.305,850.854,29.51,359.305,479.073,21.89,351.819,938.185,31.41,359.305,366.917,17.13,279.459,558.918,21.89,638.764,693.658,27.60,359.305,598.841,22.84,399.227,399.227,24.75,439.150,434.160,22.84,602.623,598.841,32.36,558.918,758.532,30.46,252.831,633.774,23.80,518.996,721.105,30.46,159.691,638.764,21.89,359.305,798.455,32.36,558.918,1030.506,34.27,239.536,833.387,29.51,359.305,878.300,31.41,758.532,678.687,33.31,319.382,1008.049,34.27,309.401,399.266,19.99,558.918,1130.781,39.98,439.150,648.043,31.41,359.305,838.378,30.46,558.918,1042.982,37.12,598.841,351.819,25.70,399.227,530.614,31.41,657.244,723.600,32.36
18.3427,0.000,0.000,0.00,3.30,0.00,0.000,0.000,0.00,0.000,0.000,0.00,0.000,0.000,0.00,0.000,0.000,0.00,0.000,0.000,0.00,0.000,0.000,0.00,0.000,0.000,0.00,0.000,0.000,0.00,0.000,0.000,0.00,0.000,0.000,0.00,0.000,0.000,0.00,0.000,0.000,0.00,0.000,0.000,0.00,0.000,0.000,0.00,0.000,0.000,0.00,0.000,0.000,0.00,0.000,0.000,0.00,0.000,0.000,0.00,0.000,0.000,0.00,0.000,0.000,0.00,0.000,0.000,0.00,0.000,0.000,0.00,0.000,0.000,0.00,0.000,0.000,0.00,0.000,0.000,0.00,0.000,0.000,0.00,0.000,0.000,0.00,0.000,0.000,0.00,0.000,0.000,0.00,0.000,0.000,0.00
18.4445,6304.670,7911.743,10.68,4.52,0.08,164.828,288.449,13.75,329.656,370.863,15.72,247.242,164.828,7.86,288.449,329.656,12.77,41.207,206.035,6.88,164.828,453.277,11.79,206.035,247.242,13.75,329.656,247.242,9.82,164.828,123.621,6.88,370.863,329.656,13.75,164.828,123.621,8.84,123.621,288.449,9.82,41.207,288.449,6.88,370.863,206.035,10.81,164.828,164.828,8.84,123.621,164.828,6.88,247.242,329.656,13.75,329.656,329.656,10.81,206.035,247.242,8.84,329.656,453.277,14.74,206.035,288.449,9.82,247.242,247.242,11.79,206.035,164.828,10.81,247.242,370.863,11.79,206.035,41.207,4.91,164.828,288.449,8.84,206.035,329.656,13.75,82.414,288.449,12.77,206.035,206.035,9.82,123.621,329.656,12.77
18.5468,0.000,10423.367,5.83,25.97,0.00,0.000,369.078,5.87,0.000,369.078,3.91,0.000,287.061,3.91,0.000,364.392,5.87,0.000,369.078,6.84,0.000,340.884,5.87,0.000,287.061,4.89,0.000,371.641,5.87,0.000,171.724,2.93,0.000,164.035,1.96,0.000,361.389,8.80,0.000,234.518,4.89,0.000,328.069,4.89,0.000,410.087,5.87,0.000,191.507,4.89,0.000,369.078,5.87,0.000,287.061,3.91,0.000,330.632,5.87,0.000,392.546,7.82,0.000,205.043,2.93,0.000,287.061,5.87,0.000,212.732,2.93,0.000,492.104,8.80,0.000,364.593,6.84,0.000,533.113,8.80,0.000,692.021,12.71,0.000,410.087,6.84,0.000,645.886,9.78,0.000,376.767,3.91,0.000,205.043,4.89
18.6500,0.000,3975.075,2.29,4.32,0.00,0.000,162.538,1.94,0.000,81.269,1.94,0.000,243.807,3.88,0.000,85.912,1.94,0.000,121.903,1.94,0.000,190.474,2.91,0.000,121.903,2.91,0.000,119.364,1.94,0.000,73.650,1.94,0.000,121.903,1.94,0.000,210.791,2.91,0.000,173.966,2.91,0.000,121.903,1.94,0.000,203.172,3.88,0.000,54.047,0.00,0.000,81.269,1.94,0.000,284.441,4.84,0.000,241.267,3.88,0.000,58.015,1.94,0.000,40.634,0.97,0.000,40.634,0.97,0.000,236.188,2.91,0.000,121.903,1.94,0.000,85.713,0.97,0.000,162.538,2.91,0.000,208.252,3.88,0.000,40.634,0.97,0.000,50.793,0.97,0.000,195.553,3.88,0.000,40.634,0.97
18.7513,0.040,0.283,0.07,68.22,0.00,0.000,0.000,0.00,0.000,0.000,0.00,0.000,0.000,0.00,0.040,0.000,0.99,0.000,0.000,0.00,0.000,0.000,0.00,0.000,0.000,0.00,0.000,0.000,0.00,0.000,0.000,0.00,0.000,0.000,0.00,0.000,0.000,0.00,0.000,0.000,0.00,0.000,0.000,0.00,0.000,0.000,0.00,0.000,0.000,0.00,0.000,0.283,0.99,0.000,0.000,0.00,0.000,0.000,0.00,0.000,0.000,0.00,0.000,0.000,0.00,0.000,0.000,0.00,0.000,0.000,0.00,0.000,0.000,0.00,0.000,0.000,0.00,0.000,0.000,0.00,0.000,0.000,0.00,0.000,0.000,0.00,0.000,0.000,0.00,0.000,0.000,0.00,0.000,0.000,0.00
18.8546,0.000,0.000,0.00,94.06,0.00,0.000,0.000,0.00,0.000,0.000,0.00,0.000,0.000,0.00,0.000,0.000,0.00,0.000,0.000,0.00,0.000,0.000,0.00,0.000,0.000,0.00,0.000,0.000,0.00,0.000,0.000,0.00,0.000,0.000,0.00,0.000,0.000,0.00,0.000,0.000,0.00,0.000,0.000,0.00,0.000,0.000,0.00,0.000,0.000,0.00,0.000,0.000,0.00,0.000,0.000,0.00,0.000,0.000,0.00,0.000,0.000,0.00,0.000,0.000,0.00,0.000,0.000,0.00,0.000,0.000,0.00,0.000,0.000,0.00,0.000,0.000,0.00,0.000,0.000,0.00,0.000,0.000,0.00,0.000,0.000,0.00,0.000,0.000,0.00,0.000,0.000,0.00,0.000,0.000,0.00
18.9582,0.000,0.000,0.00,96.66,0.00,0.000,0.000,0.00,0.000,0.000,0.00,0.000,0.000,0.00,0.000,0.000,0.00,0.000,0.000,0.00,0.000,0.000,0.00,0.000,0.000,0.00,0.000,0.000,0.00,0.000,0.000,0.00,0.000,0.000,0.00,0.000,0.000,0.00,0.000,0.000,0.00,0.000,0.000,0.00,0.000,0.000,0.00,0.000,0.000,0.00,0.000,0.000,0.00,0.000,0.000,0.00,0.000,0.000,0.00,0.000,0.000,0.00,0.000,0.000,0.00,0.000,0.000,0.00,0.000,0.000,0.00,0.000,0.000,0.00,0.000,0.000,0.00,0.000,0.000,0.00,0.000,0.000,0.00,0.000,0.000,0.00,0.000,0.000,0.00,0.000,0.000,0.00,0.000,0.000,0.00
19.0653,0.000,0.000,0.00,97.15,0.00,0.000,0.000,0.00,0.000,0.000,0.00,0.000,0.000,0.00,0.000,0.000,0.00,0.000,0.000,0.00,0.000,0.000,0.00,0.000,0.000,0.00,0.000,0.000,0.00,0.000,0.000,0.00,0.000,0.000,0.00,0.000,0.000,0.00,0.000,0.000,0.00,0.000,0.000,0.00,0.000,0.000,0.00,0.000,0.000,0.00,0.000,0.000,0.00,0.000,0.000,0.00,0.000,0.000,0.00,0.000,0.000,0.00,0.000,0.000,0.00,0.000,0.000,0.00,0.000,0.000,0.00,0.000,0.000,0.00,0.000,0.000,0.00,0.000,0.000,0.00,0.000,0.000,0.00,0.000,0.000,0.00,0.000,0.000,0.00,0.000,0.000,0.00,0.000,0.000,0.00
19.1713,0.000,0.000,0.00,97.86,0.00,0.000,0.000,0.00,0.000,0.000,0.00,0.000,0.000,0.00,0.000,0.000,0.00,0.000,0.000,0.00,0.000,0.000,0.00,0.000,0.000,0.00,0.000,0.000,0.00,0.000,0.000,0.00,0.000,0.000,0.00,0.000,0.000,0.00,0.000,0.000,0.00,0.000,0.000,0.00,0.000,0.000,0.00,0.000,0.000,0.00,0.000,0.000,0.00,0.000,0.000,0.00,0.000,0.000,0.00,0.000,0.000,0.00,0.000,0.000,0.00,0.000,0.000,0.00,0.000,0.000,0.00,0.000,0.000,0.00,0.000,0.000,0.00,0.000,0.000,0.00,0.000,0.000,0.00,0.000,0.000,0.00,0.000,0.000,0.00,0.000,0.000,0.00,0.000,0.000,0.00
19.2783,0.000,0.436,0.12,98.46,0.00,0.000,0.000,0.00,0.000,0.000,0.00,0.000,0.000,0.00,0.000,0.000,0.00,0.000,0.000,0.00,0.000,0.000,0.00,0.000,0.000,0.00,0.000,0.000,0.00,0.000,0.000,0.00,0.000,0.000,0.00,0.000,0.000,0.00,0.000,0.000,0.00,0.000,0.000,0.00,0.000,0.000,0.00,0.000,0.000,0.00,0.000,0.000,0.00,0.000,0.072,0.93,0.000,0.000,0.00,0.000,0.000,0.00,0.000,0.000,0.00,0.000,0.000,0.00,0.000,0.000,0.00,0.000,0.038,0.93,0.000,0.000,0.00,0.000,0.273,0.93,0.000,0.000,0.00,0.000,0.053,0.93,0.000,0.000,0.00,0.000,0.000,0.00,0.000,0.000,0.00
19.3843,0.000,0.000,0.00,98.67,0.00,0.000,0.000,0.00,0.000,0.000,0.00,0.000,0.000,0.00,0.000,0.000,0.00,0.000,0.000,0.00,0.000,0.000,0.00,0.000,0.000,0.00,0.000,0.000,0.00,0.000,0.000,0.00,0.000,0.000,0.00,0.000,0.000,0.00,0.000,0.000,0.00,0.000,0.000,0.00,0.000,0.000,0.00,0.000,0.000,0.00,0.000,0.000,0.00,0.000,0.000,0.00,0.000,0.000,0.00,0.000,0.000,0.00,0.000,0.000,0.00,0.000,0.000,0.00,0.000,0.000,0.00,0.000,0.000,0.00,0.000,0.000,0.00,0.000,0.000,0.00,0.000,0.000,0.00,0.000,0.000,0.00,0.000,0.000,0.00,0.000,0.000,0.00,0.000,0.000,0.00
19.4914,0.000,0.000,0.00,99.20,0.00,0.000,0.000,0.00,0.000,0.000,0.00,0.000,0.000,0.00,0.000,0.000,0.00,0.000,0.000,0.00,0.000,0.000,0.00,0.000,0.000,0.00,0.000,0.000,0.00,0.000,0.000,0.00,0.000,0.000,0.00,0.000,0.000,0.00,0.000,0.000,0.00,0.000,0.000,0.00,0.000,0.000,0.00,0.000,0.000,0.00,0.000,0.000,0.00,0.000,0.000,0.00,0.000,0.000,0.00,0.000,0.000,0.00,0.000,0.000,0.00,0.000,0.000,0.00,0.000,0.000,0.00,0.000,0.000,0.00,0.000,0.000,0.00,0.000,0.000,0.00,0.000,0.000,0.00,0.000,0.000,0.00,0.000,0.000,0.00,0.000,0.000,0.00,0.000,0.000,0.00
19.5952,0.000,0.000,0.00,99.25,0.00,0.000,0.000,0.00,0.000,0.000,0.00,0.000,0.000,0.00,0.000,0.000,0.00,0.000,0.000,0.00,0.000,0.000,0.00,0.000,0.000,0.00,0.000,0.000,0.00,0.000,0.000,0.00,0.000,0.000,0.00,0.000,0.000,0.00,0.000,0.000,0.00,0.000,0.000,0.00,0.000,0.000,0.00,0.000,0.000,0.00,0.000,0.000,0.00,0.000,0.000,0.00,0.000,0.000,0.00,0.000,0.000,0.00,0.000,0.000,0.00,0.000,0.000,0.00,0.000,0.000,0.00,0.000,0.000,0.00,0.000,0.000,0.00,0.000,0.000,0.00,0.000,0.000,0.00,0.000,0.000,0.00,0.000,0.000,0.00,0.000,0.000,0.00,0.000,0.000,0.00
19.7022,0.000,0.000,0.00,99.20,0.00,0.000,0.000,0.00,0.000,0.000,0.00,0.000,0.000,0.00,0.000,0.000,0.00,0.000,0.000,0.00,0.000,0.000,0.00,0.000,0.000,0.00,0.000,0.000,0.00,0.000,0.000,0.00,0.000,0.000,0.00,0.000,0.000,0.00,0.000,0.000,0.00,0.000,0.000,0.00,0.000,0.000,0.00,0.000,0.000,0.00,0.000,0.000,0.00,0.000,0.000,0.00,0.000,0.000,0.00,0.000,0.000,0.00,0.000,0.000,0.00,0.000,0.000,0.00,0.000,0.000,0.00,0.000,0.000,0.00,0.000,0.000,0.00,0.000,0.000,0.00,0.000,0.000,0.00,0.000,0.000,0.00,0.000,0.000,0.00,0.000,0.000,0.00,0.000,0.000,0.00
19.8084,0.000,0.275,0.09,99.26,0.00,0.000,0.000,0.00,0.000,0.275,2.83,0.000,0.000,0.00,0.000,0.000,0.00,0.000,0.000,0.00,0.000,0.000,0.00,0.000,0.000,0.00,0.000,0.000,0.00,0.000,0.000,0.00,0.000,0.000,0.00,0.000,0.000,0.00,0.000,0.000,0.00,0.000,0.000,0.00,0.000,0.000,0.00,0.000,0.000,0.00,0.000,0.000,0.00,0.000,0.000,0.00,0.000,0.000,0.00,0.000,0.000,0.00,0.000,0.000,0.00,0.000,0.000,0.00,0.000,0.000,0.00,0.000,0.000,0.00,0.000,0.000,0.00,0.000,0.000,0.00,0.000,0.000,0.00,0.000,0.000,0.00,0.000,0.000,0.00,0.000,0.000,0.00,0.000,0.000,0.00
19.9122,0.000,0.000,0.00,99.17,0.00,0.000,0.000,0.00,0.000,0.000,0.00,0.000,0.000,0.00,0.000,0.000,0.00,0.000,0.000,0.00,0.000,0.000,0.00,0.000,0.000,0.00,0.000,0.000,0.00,0.000,0.000,0.00,0.000,0.000,0.00,0.000,0.000,0.00,0.000,0.000,0.00,0.000,0.000,0.00,0.000,0.000,0.00,0.000,0.000,0.00,0.000,0.000,0.00,0.000,0.000,0.00,0.000,0.000,0.00,0.000,0.000,0.00,0.000,0.000,0.00,0.000,0.000,0.00,0.000,0.000,0.00,0.000,0.000,0.00,0.000,0.000,0.00,0.000,0.000,0.00,0.000,0.000,0.00,0.000,0.000,0.00,0.000,0.000,0.00,0.000,0.000,0.00,0.000,0.000,0.00
20.0193,0.000,0.000,0.00,99.21,0.00,0.000,0.000,0.00,0.000,0.000,0.00,0.000,0.000,0.00,0.000,0.000,0.00,0.000,0.000,0.00,0.000,0.000,0.00,0.000,0.000,0.00,0.000,0.000,0.00,0.000,0.000,0.00,0.000,0.000,0.00,0.000,0.000,0.00,0.000,0.000,0.00,0.000,0.000,0.00,0.000,0.000,0.00,0.000,0.000,0.00,0.000,0.000,0.00,0.000,0.000,0.00,0.000,0.000,0.00,0.000,0.000,0.00,0.000,0.000,0.00,0.000,0.000,0.00,0.000,0.000,0.00,0.000,0.000,0.00,0.000,0.000,0.00,0.000,0.000,0.00,0.000,0.000,0.00,0.000,0.000,0.00,0.000,0.000,0.00,0.000,0.000,0.00,0.000,0.000,0.00
20.1274,0.000,0.000,0.00,98.97,0.00,0.000,0.000,0.00,0.000,0.000,0.00,0.000,0.000,0.00,0.000,0.000,0.00,0.000,0.000,0.00,0.000,0.000,0.00,0.000,0.000,0.00,0.000,0.000,0.00,0.000,0.000,0.00,0.000,0.000,0.00,0.000,0.000,0.00,0.000,0.000,0.00,0.000,0.000,0.00,0.000,0.000,0.00,0.000,0.000,0.00,0.000,0.000,0.00,0.000,0.000,0.00,0.000,0.000,0.00,0.000,0.000,0.00,0.000,0.000,0.00,0.000,0.000,0.00,0.000,0.000,0.00,0.000,0.000,0.00,0.000,0.000,0.00,0.000,0.000,0.00,0.000,0.000,0.00,0.000,0.000,0.00,0.000,0.000,0.00,0.000,0.000,0.00,0.000,0.000,0.00
20.2312,0.000,0.375,0.10,99.17,0.00,0.000,0.000,0.00,0.000,0.000,0.00,0.000,0.000,0.00,0.000,0.000,0.00,0.000,0.000,0.00,0.000,0.000,0.00,0.000,0.000,0.00,0.000,0.000,0.00,0.000,0.000,0.00,0.000,0.000,0.00,0.000,0.000,0.00,0.000,0.000,0.00,0.000,0.000,0.00,0.000,0.000,0.00,0.000,0.000,0.00,0.000,0.000,0.00,0.000,0.000,0.00,0.000,0.000,0.00,0.000,0.000,0.00,0.000,0.000,0.00,0.000,0.000,0.00,0.000,0.000,0.00,0.000,0.000,0.00,0.000,0.000,0.00,0.000,0.000,0.00,0.000,0.375,2.89,0.000,0.000,0.00,0.000,0.000,0.00,0.000,0.000,0.00,0.000,0.000,0.00
20.3373,0.000,0.000,0.00,99.26,0.00,0.000,0.000,0.00,0.000,0.000,0.00,0.000,0.000,0.00,0.000,0.000,0.00,0.000,0.000,0.00,0.000,0.000,0.00,0.000,0.000,0.00,0.000,0.000,0.00,0.000,0.000,0.00,0.000,0.000,0.00,0.000,0.000,0.00,0.000,0.000,0.00,0.000,0.000,0.00,0.000,0.000,0.00,0.000,0.000,0.00,0.000,0.000,0.00,0.000,0.000,0.00,0.000,0.000,0.00,0.000,0.000,0.00,0.000,0.000,0.00,0.000,0.000,0.00,0.000,0.000,0.00,0.000,0.000,0.00,0.000,0.000,0.00,0.000,0.000,0.00,0.000,0.000,0.00,0.000,0.000,0.00,0.000,0.000,0.00,0.000,0.000,0.00,0.000,0.000,0.00
20.4412,0.000,0.000,0.00,99.17,0.00,0.000,0.000,0.00,0.000,0.000,0.00,0.000,0.000,0.00,0.000,0.000,0.00,0.000,0.000,0.00,0.000,0.000,0.00,0.000,0.000,0.00,0.000,0.000,0.00,0.000,0.000,0.00,0.000,0.000,0.00,0.000,0.000,0.00,0.000,0.000,0.00,0.000,0.000,0.00,0.000,0.000,0.00,0.000,0.000,0.00,0.000,0.000,0.00,0.000,0.000,0.00,0.000,0.000,0.00,0.000,0.000,0.00,0.000,0.000,0.00,0.000,0.000,0.00,0.000,0.000,0.00,0.000,0.000,0.00,0.000,0.000,0.00,0.000,0.000,0.00,0.000,0.000,0.00,0.000,0.000,0.00,0.000,0.000,0.00,0.000,0.000,0.00,0.000,0.000,0.00
20.5484,0.000,0.000,0.00,100.00,0.00,0.000,0.000,0.00,0.000,0.000,0.00,0.000,0.000,0.00,0.000,0.000,0.00,0.000,0.000,0.00,0.000,0.000,0.00,0.000,0.000,0.00,0.000,0.000,0.00,0.000,0.000,0.00,0.000,0.000,0.00,0.000,0.000,0.00,0.000,0.000,0.00,0.000,0.000,0.00,0.000,0.000,0.00,0.000,0.000,0.00,0.000,0.000,0.00,0.000,0.000,0.00,0.000,0.000,0.00,0.000,0.000,0.00,0.000,0.000,0.00,0.000,0.000,0.00,0.000,0.000,0.00,0.000,0.000,0.00,0.000,0.000,0.00,0.000,0.000,0.00,0.000,0.000,0.00,0.000,0.000,0.00,0.000,0.000,0.00,0.000,0.000,0.00,0.000,0.000,0.00
20.6573,0.000,0.000,0.00,100.00,0.00,0.000,0.000,0.00,0.000,0.000,0.00,0.000,0.000,0.00,0.000,0.000,0.00,0.000,0.000,0.00,0.000,0.000,0.00,0.000,0.000,0.00,0.000,0.000,0.00,0.000,0.000,0.00,0.000,0.000,0.00,0.000,0.000,0.00,0.000,0.000,0.00,0.000,0.000,0.00,0.000,0.000,0.00,0.000,0.000,0.00,0.000,0.000,0.00,0.000,0.000,0.00,0.000,0.000,0.00,0.000,0.000,0.00,0.000,0.000,0.00,0.000,0.000,0.00,0.000,0.000,0.00,0.000,0.000,0.00,0.000,0.000,0.00,0.000,0.000,0.00,0.000,0.000,0.00,0.000,0.000,0.00,0.000,0.000,0.00,0.000,0.000,0.00,0.000,0.000,0.00
20.7606,0.000,1.205,0.10,100.00,0.00,0.000,0.000,0.00,0.000,0.000,0.00,0.000,0.000,0.00,0.000,0.000,0.00,0.000,0.000,0.00,0.000,0.000,0.00,0.000,0.000,0.00,0.000,0.000,0.00,0.000,0.000,0.00,0.000,0.000,0.00,0.000,0.055,1.94,0.000,0.000,0.00,0.000,0.000,0.00,0.000,0.000,0.00,0.000,0.000,0.00,0.000,0.000,0.00,0.000,0.000,0.00,0.000,0.000,0.00,0.000,0.000,0.00,0.000,0.000,0.00,0.000,0.000,0.00,0.000,0.000,0.00,0.000,1.150,0.97,0.000,0.000,0.00,0.000,0.000,0.00,0.000,0.000,0.00,0.000,0.000,0.00,0.000,0.000,0.00,0.000,0.000,0.00,0.000,0.000,0.00
20.8642,0.000,0.000,0.00,100.00,0.00,0.000,0.000,0.00,0.000,0.000,0.00,0.000,0.000,0.00,0.000,0.000,0.00,0.000,0.000,0.00,0.000,0.000,0.00,0.000,0.000,0.00,0.000,0.000,0.00,0.000,0.000,0.00,0.000,0.000,0.00,0.000,0.000,0.00,0.000,0.000,0.00,0.000,0.000,0.00,0.000,0.000,0.00,0.000,0.000,0.00,0.000,0.000,0.00,0.000,0.000,0.00,0.000,0.000,0.00,0.000,0.000,0.00,0.000,0.000,0.00,0.000,0.000,0.00,0.000,0.000,0.00,0.000,0.000,0.00,0.000,0.000,0.00,0.000,0.000,0.00,0.000,0.000,0.00,0.000,0.000,0.00,0.000,0.000,0.00,0.000,0.000,0.00,0.000,0.000,0.00
20.9714,0.000,0.000,0.00,100.00,0.00,0.000,0.000,0.00,0.000,0.000,0.00,0.000,0.000,0.00,0.000,0.000,0.00,0.000,0.000,0.00,0.000,0.000,0.00,0.000,0.000,0.00,0.000,0.000,0.00,0.000,0.000,0.00,0.000,0.000,0.00,0.000,0.000,0.00,0.000,0.000,0.00,0.000,0.000,0.00,0.000,0.000,0.00,0.000,0.000,0.00,0.000,0.000,0.00,0.000,0.000,0.00,0.000,0.000,0.00,0.000,0.000,0.00,0.000,0.000,0.00,0.000,0.000,0.00,0.000,0.000,0.00,0.000,0.000,0.00,0.000,0.000,0.00,0.000,0.000,0.00,0.000,0.000,0.00,0.000,0.000,0.00,0.000,0.000,0.00,0.000,0.000,0.00,0.000,0.000,0.00
21.0804,0.000,0.000,0.00,100.00,0.00,0.000,0.000,0.00,0.000,0.000,0.00,0.000,0.000,0.00,0.000,0.000,0.00,0.000,0.000,0.00,0.000,0.000,0.00,0.000,0.000,0.00,0.000,0.000,0.00,0.000,0.000,0.00,0.000,0.000,0.00,0.000,0.000,0.00,0.000,0.000,0.00,0.000,0.000,0.00,0.000,0.000,0.00,0.000,0.000,0.00,0.000,0.000,0.00,0.000,0.000,0.00,0.000,0.000,0.00,0.000,0.000,0.00,0.000,0.000,0.00,0.000,0.000,0.00,0.000,0.000,0.00,0.000,0.000,0.00,0.000,0.000,0.00,0.000,0.000,0.00,0.000,0.000,0.00,0.000,0.000,0.00,0.000,0.000,0.00,0.000,0.000,0.00,0.000,0.000,0.00
21.1843,0.000,0.000,0.00,100.00,0.00,0.000,0.000,0.00,0.000,0.000,0.00,0.000,0.000,0.00,0.000,0.000,0.00,0.000,0.000,0.00,0.000,0.000,0.00,0.000,0.000,0.00,0.000,0.000,0.00,0.000,0.000,0.00,0.000,0.000,0.00,0.000,0.000,0.00,0.000,0.000,0.00,0.000,0.000,0.00,0.000,0.000,0.00,0.000,0.000,0.00,0.000,0.000,0.00,0.000,0.000,0.00,0.000,0.000,0.00,0.000,0.000,0.00,0.000,0.000,0.00,0.000,0.000,0.00,0.000,0.000,0.00,0.000,0.000,0.00,0.000,0.000,0.00,0.000,0.000,0.00,0.000,0.000,0.00,0.000,0.000,0.00,0.000,0.000,0.00,0.000,0.000,0.00,0.000,0.000,0.00
21.2903,0.000,0.000,0.00,100.00,0.00,0.000,0.000,0.00,0.000,0.000,0.00,0.000,0.000,0.00,0.000,0.000,0.00,0.000,0.000,0.00,0.000,0.000,0.00,0.000,0.000,0.00,0.000,0.000,0.00,0.000,0.000,0.00,0.000,0.000,0.00,0.000,0.000,0.00,0.000,0.000,0.00,0.000,0.000,0.00,0.000,0.000,0.00,0.000,0.000,0.00,0.000,0.000,0.00,0.000,0.000,0.00,0.000,0.000,0.00,0.000,0.000,0.00,0.000,0.000,0.00,0.000,0.000,0.00,0.000,0.000,0.00,0.000,0.000,0.00,0.000,0.000,0.00,0.000,0.000,0.00,0.000,0.000,0.00,0.000,0.000,0.00,0.000,0.000,0.00,0.000,0.000,0.00,0.000,0.000,0.00
21.3974,0.000,0.000,0.00,100.00,0.00,0.000,0.000,0.00,0.000,0.000,0.00,0.000,0.000,0.00,0.000,0.000,0.00,0.000,0.000,0.00,0.000,0.000,0.00,0.000,0.000,0.00,0.000,0.000,0.00,0.000,0.000,0.00,0.000,0.000,0.00,0.000,0.000,0.00,0.000,0.000,0.00,0.000,0.000,0.00,0.000,0.000,0.00,0.000,0.000,0.00,0.000,0.000,0.00,0.000,0.000,0.00,0.000,0.000,0.00,0.000,0.000,0.00,0.000,0.000,0.00,0.000,0.000,0.00,0.000,0.000,0.00,0.000,0.000,0.00,0.000,0.000,0.00,0.000,0.000,0.00,0.000,0.000,0.00,0.000,0.000,0.00,0.000,0.000,0.00,0.000,0.000,0.00,0.000,0.000,0.00
21.5014,0.000,0.000,0.00,99.89,0.00,0.000,0.000,0.00,0.000,0.000,0.00,0.000,0.000,0.00,0.000,0.000,0.00,0.000,0.000,0.00,0.000,0.000,0.00,0.000,0.000,0.00,0.000,0.000,0.00,0.000,0.000,0.00,0.000,0.000,0.00,0.000,0.000,0.00,0.000,0.000,0.00,0.000,0.000,0.00,0.000,0.000,0.00,0.000,0.000,0.00,0.000,0.000,0.00,0.000,0.000,0.00,0.000,0.000,0.00,0.000,0.000,0.00,0.000,0.000,0.00,0.000,0.000,0.00,0.000,0.000,0.00,0.000,0.000,0.00,0.000,0.000,0.00,0.000,0.000,0.00,0.000,0.000,0.00,0.000,0.000,0.00,0.000,0.000,0.00,0.000,0.000,0.00,0.000,0.000,0.00
21.6444,0.000,0.000,0.00,100.00,0.00,0.000,0.000,0.00,0.000,0.000,0.00,0.000,0.000,0.00,0.000,0.000,0.00,0.000,0.000,0.00,0.000,0.000,0.00,0.000,0.000,0.00,0.000,0.000,0.00,0.000,0.000,0.00,0.000,0.000,0.00,0.000,0.000,0.00,0.000,0.000,0.00,0.000,0.000,0.00,0.000,0.000,0.00,0.000,0.000,0.00,0.000,0.000,0.00,0.000,0.000,0.00,0.000,0.000,0.00,0.000,0.000,0.00,0.000,0.000,0.00,0.000,0.000,0.00,0.000,0.000,0.00,0.000,0.000,0.00,0.000,0.000,0.00,0.000,0.000,0.00,0.000,0.000,0.00,0.000,0.000,0.00,0.000,0.000,0.00,0.000,0.000,0.00,0.000,0.000,0.00
21.7894,0.000,0.000,0.00,100.00,0.00,0.000,0.000,0.00,0.000,0.000,0.00,0.000,0.000,0.00,0.000,0.000,0.00,0.000,0.000,0.00,0.000,0.000,0.00,0.000,0.000,0.00,0.000,0.000,0.00,0.000,0.000,0.00,0.000,0.000,0.00,0.000,0.000,0.00,0.000,0.000,0.00,0.000,0.000,0.00,0.000,0.000,0.00,0.000,0.000,0.00,0.000,0.000,0.00,0.000,0.000,0.00,0.000,0.000,0.00,0.000,0.000,0.00,0.000,0.000,0.00,0.000,0.000,0.00,0.000,0.000,0.00,0.000,0.000,0.00,0.000,0.000,0.00,0.000,0.000,0.00,0.000,0.000,0.00,0.000,0.000,0.00,0.000,0.000,0.00,0.000,0.000,0.00,0.000,0.000,0.00
21.9366,0.000,0.000,0.00,100.00,0.00,0.000,0.000,0.00,0.000,0.000,0.00,0.000,0.000,0.00,0.000,0.000,0.00,0.000,0.000,0.00,0.000,0.000,0.00,0.000,0.000,0.00,0.000,0.000,0.00,0.000,0.000,0.00,0.000,0.000,0.00,0.000,0.000,0.00,0.000,0.000,0.00,0.000,0.000,0.00,0.000,0.000,0.00,0.000,0.000,0.00,0.000,0.000,0.00,0.000,0.000,0.00,0.000,0.000,0.00,0.000,0.000,0.00,0.000,0.000,0.00,0.000,0.000,0.00,0.000,0.000,0.00,0.000,0.000,0.00,0.000,0.000,0.00,0.000,0.000,0.00,0.000,0.000,0.00,0.000,0.000,0.00,0.000,0.000,0.00,0.000,0.000,0.00,0.000,0.000,0.00
22.0804,0.000,0.000,0.00,100.00,0.00,0.000,0.000,0.00,0.000,0.000,0.00,0.000,0.000,0.00,0.000,0.000,0.00,0.000,0.000,0.00,0.000,0.000,0.00,0.000,0.000,0.00,0.000,0.000,0.00,0.000,0.000,0.00,0.000,0.000,0.00,0.000,0.000,0.00,0.000,0.000,0.00,0.000,0.000,0.00,0.000,0.000,0.00,0.000,0.000,0.00,0.000,0.000,0.00,0.000,0.000,0.00,0.000,0.000,0.00,0.000,0.000,0.00,0.000,0.000,0.00,0.000,0.000,0.00,0.000,0.000,0.00,0.000,0.000,0.00,0.000,0.000,0.00,0.000,0.000,0.00,0.000,0.000,0.00,0.000,0.000,0.00,0.000,0.000,0.00,0.000,0.000,0.00,0.000,0.000,0.00
22.2253,0.000,0.000,0.00,100.00,0.00,0.000,0.000,0.00,0.000,0.000,0.00,0.000,0.000,0.00,0.000,0.000,0.00,0.000,0.000,0.00,0.000,0.000,0.00,0.000,0.000,0.00,0.000,0.000,0.00,0.000,0.000,0.00,0.000,0.000,0.00,0.000,0.000,0.00,0.000,0.000,0.00,0.000,0.000,0.00,0.000,0.000,0.00,0.000,0.000,0.00,0.000,0.000,0.00,0.000,0.000,0.00,0.000,0.000,0.00,0.000,0.000,0.00,0.000,0.000,0.00,0.000,0.000,0.00,0.000,0.000,0.00,0.000,0.000,0.00,0.000,0.000,0.00,0.000,0.000,0.00,0.000,0.000,0.00,0.000,0.000,0.00,0.000,0.000,0.00,0.000,0.000,0.00,0.000,0.000,0.00
22.3710,0.000,0.141,0.16,99.08,0.00,0.000,0.000,0.00,0.000,0.000,0.00,0.000,0.000,0.00,0.000,0.000,0.00,0.000,0.053,1.37,0.000,0.000,0.00,0.000,0.000,0.00,0.000,0.000,0.00,0.000,0.000,0.00,0.000,0.000,0.00,0.000,0.000,0.00,0.000,0.000,0.00,0.000,0.000,0.00,0.000,0.053,1.37,0.000,0.000,0.00,0.000,0.000,0.00,0.000,0.000,0.00,0.000,0.000,0.00,0.000,0.000,0.00,0.000,0.000,0.00,0.000,0.000,0.00,0.000,0.000,0.00,0.000,0.000,0.00,0.000,0.000,0.00,0.000,0.000,0.00,0.000,0.000,0.00,0.000,0.000,0.00,0.000,0.035,2.06,0.000,0.000,0.00,0.000,0.000,0.00
22.4834,0.000,0.000,0.00,99.19,0.00,0.000,0.000,0.00,0.000,0.000,0.00,0.000,0.000,0.00,0.000,0.000,0.00,0.000,0.000,0.00,0.000,0.000,0.00,0.000,0.000,0.00,0.000,0.000,0.00,0.000,0.000,0.00,0.000,0.000,0.00,0.000,0.000,0.00,0.000,0.000,0.00,0.000,0.000,0.00,0.000,0.000,0.00,0.000,0.000,0.00,0.000,0.000,0.00,0.000,0.000,0.00,0.000,0.000,0.00,0.000,0.000,0.00,0.000,0.000,0.00,0.000,0.000,0.00,0.000,0.000,0.00,0.000,0.000,0.00,0.000,0.000,0.00,0.000,0.000,0.00,0.000,0.000,0.00,0.000,0.000,0.00,0.000,0.000,0.00,0.000,0.000,0.00,0.000,0.000,0.00
22.5942,0.000,0.000,0.00,99.22,0.00,0.000,0.000,0.00,0.000,0.000,0.00,0.000,0.000,0.00,0.000,0.000,0.00,0.000,0.000,0.00,0.000,0.000,0.00,0.000,0.000,0.00,0.000,0.000,0.00,0.000,0.000,0.00,0.000,0.000,0.00,0.000,0.000,0.00,0.000,0.000,0.00,0.000,0.000,0.00,0.000,0.000,0.00,0.000,0.000,0.00,0.000,0.000,0.00,0.000,0.000,0.00,0.000,0.000,0.00,0.000,0.000,0.00,0.000,0.000,0.00,0.000,0.000,0.00,0.000,0.000,0.00,0.000,0.000,0.00,0.000,0.000,0.00,0.000,0.000,0.00,0.000,0.000,0.00,0.000,0.000,0.00,0.000,0.000,0.00,0.000,0.000,0.00,0.000,0.000,0.00
22.7042,0.000,0.000,0.00,99.29,0.00,0.000,0.000,0.00,0.000,0.000,0.00,0.000,0.000,0.00,0.000,0.000,0.00,0.000,0.000,0.00,0.000,0.000,0.00,0.000,0.000,0.00,0.000,0.000,0.00,0.000,0.000,0.00,0.000,0.000,0.00,0.000,0.000,0.00,0.000,0.000,0.00,0.000,0.000,0.00,0.000,0.000,0.00,0.000,0.000,0.00,0.000,0.000,0.00,0.000,0.000,0.00,0.000,0.000,0.00,0.000,0.000,0.00,0.000,0.000,0.00,0.000,0.000,0.00,0.000,0.000,0.00,0.000,0.000,0.00,0.000,0.000,0.00,0.000,0.000,0.00,0.000,0.000,0.00,0.000,0.000,0.00,0.000,0.000,0.00,0.000,0.000,0.00,0.000,0.000,0.00
22.8142,0.000,0.065,0.09,99.22,0.00,0.000,0.000,0.00,0.000,0.000,0.00,0.000,0.000,0.00,0.000,0.000,0.00,0.000,0.000,0.00,0.000,0.000,0.00,0.000,0.000,0.00,0.000,0.000,0.00,0.000,0.000,0.00,0.000,0.065,2.73,0.000,0.000,0.00,0.000,0.000,0.00,0.000,0.000,0.00,0.000,0.000,0.00,0.000,0.000,0.00,0.000,0.000,0.00,0.000,0.000,0.00,0.000,0.000,0.00,0.000,0.000,0.00,0.000,0.000,0.00,0.000,0.000,0.00,0.000,0.000,0.00,0.000,0.000,0.00,0.000,0.000,0.00,0.000,0.000,0.00,0.000,0.000,0.00,0.000,0.000,0.00,0.000,0.000,0.00,0.000,0.000,0.00,0.000,0.000,0.00
22.9242,0.000,0.000,0.00,99.64,0.00,0.000,0.000,0.00,0.000,0.000,0.00,0.000,0.000,0.00,0.000,0.000,0.00,0.000,0.000,0.00,0.000,0.000,0.00,0.000,0.000,0.00,0.000,0.000,0.00,0.000,0.000,0.00,0.000,0.000,0.00,0.000,0.000,0.00,0.000,0.000,0.00,0.000,0.000,0.00,0.000,0.000,0.00,0.000,0.000,0.00,0.000,0.000,0.00,0.000,0.000,0.00,0.000,0.000,0.00,0.000,0.000,0.00,0.000,0.000,0.00,0.000,0.000,0.00,0.000,0.000,0.00,0.000,0.000,0.00,0.000,0.000,0.00,0.000,0.000,0.00,0.000,0.000,0.00,0.000,0.000,0.00,0.000,0.000,0.00,0.000,0.000,0.00,0.000,0.000,0.00
23.0342,0.000,0.000,0.00,100.00,0.00,0.000,0.000,0.00,0.000,0.000,0.00,0.000,0.000,0.00,0.000,0.000,0.00,0.000,0.000,0.00,0.000,0.000,0.00,0.000,0.000,0.00,0.000,0.000,0.00,0.000,0.000,0.00,0.000,0.000,0.00,0.000,0.000,0.00,0.000,0.000,0.00,0.000,0.000,0.00,0.000,0.000,0.00,0.000,0.000,0.00,0.000,0.000,0.00,0.000,0.000,0.00,0.000,0.000,0.00,0.000,0.000,0.00,0.000,0.000,0.00,0.000,0.000,0.00,0.000,0.000,0.00,0.000,0.000,0.00,0.000,0.000,0.00,0.000,0.000,0.00,0.000,0.000,0.00,0.000,0.000,0.00,0.000,0.000,0.00,0.000,0.000,0.00,0.000,0.000,0.00
23.1453,0.000,0.000,0.00,100.00,0.00,0.000,0.000,0.00,0.000,0.000,0.00,0.000,0.000,0.00,0.000,0.000,0.00,0.000,0.000,0.00,0.000,0.000,0.00,0.000,0.000,0.00,0.000,0.000,0.00,0.000,0.000,0.00,0.000,0.000,0.00,0.000,0.000,0.00,0.000,0.000,0.00,0.000,0.000,0.00,0.000,0.000,0.00,0.000,0.000,0.00,0.000,0.000,0.00,0.000,0.000,0.00,0.000,0.000,0.00,0.000,0.000,0.00,0.000,0.000,0.00,0.000,0.000,0.00,0.000,0.000,0.00,0.000,0.000,0.00,0.000,0.000,0.00,0.000,0.000,0.00,0.000,0.000,0.00,0.000,0.000,0.00,0.000,0.000,0.00,0.000,0.000,0.00,0.000,0.000,0.00
23.2554,0.000,0.000,0.00,100.00,0.00,0.000,0.000,0.00,0.000,0.000,0.00,0.000,0.000,0.00,0.000,0.000,0.00,0.000,0.000,0.00,0.000,0.000,0.00,0.000,0.000,0.00,0.000,0.000,0.00,0.000,0.000,0.00,0.000,0.000,0.00,0.000,0.000,0.00,0.000,0.000,0.00,0.000,0.000,0.00,0.000,0.000,0.00,0.000,0.000,0.00,0.000,0.000,0.00,0.000,0.000,0.00,0.000,0.000,0.00,0.000,0.000,0.00,0.000,0.000,0.00,0.000,0.000,0.00,0.000,0.000,0.00,0.000,0.000,0.00,0.000,0.000,0.00,0.000,0.000,0.00,0.000,0.000,0.00,0.000,0.000,0.00,0.000,0.000,0.00,0.000,0.000,0.00,0.000,0.000,0.00
23.3662,0.000,0.000,0.00,100.00,0.00,0.000,0.000,0.00,0.000,0.000,0.00,0.000,0.000,0.00,0.000,0.000,0.00,0.000,0.000,0.00,0.000,0.000,0.00,0.000,0.000,0.00,0.000,0.000,0.00,0.000,0.000,0.00,0.000,0.000,0.00,0.000,0.000,0.00,0.000,0.000,0.00,0.000,0.000,0.00,0.000,0.000,0.00,0.000,0.000,0.00,0.000,0.000,0.00,0.000,0.000,0.00,0.000,0.000,0.00,0.000,0.000,0.00,0.000,0.000,0.00,0.000,0.000,0.00,0.000,0.000,0.00,0.000,0.000,0.00,0.000,0.000,0.00,0.000,0.000,0.00,0.000,0.000,0.00,0.000,0.000,0.00,0.000,0.000,0.00,0.000,0.000,0.00,0.000,0.000,0.00
23.4772,0.000,0.000,0.00,100.00,0.00,0.000,0.000,0.00,0.000,0.000,0.00,0.000,0.000,0.00,0.000,0.000,0.00,0.000,0.000,0.00,0.000,0.000,0.00,0.000,0.000,0.00,0.000,0.000,0.00,0.000,0.000,0.00,0.000,0.000,0.00,0.000,0.000,0.00,0.000,0.000,0.00,0.000,0.000,0.00,0.000,0.000,0.00,0.000,0.000,0.00,0.000,0.000,0.00,0.000,0.000,0.00,0.000,0.000,0.00,0.000,0.000,0.00,0.000,0.000,0.00,0.000,0.000,0.00,0.000,0.000,0.00,0.000,0.000,0.00,0.000,0.000,0.00,0.000,0.000,0.00,0.000,0.000,0.00,0.000,0.000,0.00,0.000,0.000,0.00,0.000,0.000,0.00,0.000,0.000,0.00
23.5872,0.000,0.000,0.00,100.00,0.00,0.000,0.000,0.00,0.000,0.000,0.00,0.000,0.000,0.00,0.000,0.000,0.00,0.000,0.000,0.00,0.000,0.000,0.00,0.000,0.000,0.00,0.000,0.000,0.00,0.000,0.000,0.00,0.000,0.000,0.00,0.000,0.000,0.00,0.000,0.000,0.00,0.000,0.000,0.00,0.000,0.000,0.00,0.000,0.000,0.00,0.000,0.000,0.00,0.000,0.000,0.00,0.000,0.000,0.00,0.000,0.000,0.00,0.000,0.000,0.00,0.000,0.000,0.00,0.000,0.000,0.00,0.000,0.000,0.00,0.000,0.000,0.00,0.000,0.000,0.00,0.000,0.000,0.00,0.000,0.000,0.00,0.000,0.000,0.00,0.000,0.000,0.00,0.000,0.000,0.00
23.6973,0.000,0.000,0.00,100.00,0.00,0.000,0.000,0.00,0.000,0.000,0.00,0.000,0.000,0.00,0.000,0.000,0.00,0.000,0.000,0.00,0.000,0.000,0.00,0.000,0.000,0.00,0.000,0.000,0.00,0.000,0.000,0.00,0.000,0.000,0.00,0.000,0.000,0.00,0.000,0.000,0.00,0.000,0.000,0.00,0.000,0.000,0.00,0.000,0.000,0.00,0.000,0.000,0.00,0.000,0.000,0.00,0.000,0.000,0.00,0.000,0.000,0.00,0.000,0.000,0.00,0.000,0.000,0.00,0.000,0.000,0.00,0.000,0.000,0.00,0.000,0.000,0.00,0.000,0.000,0.00,0.000,0.000,0.00,0.000,0.000,0.00,0.000,0.000,0.00,0.000,0.000,0.00,0.000,0.000,0.00
23.8072,0.000,0.047,0.09,100.00,0.00,0.000,0.000,0.00,0.000,0.000,0.00,0.000,0.000,0.00,0.000,0.000,0.00,0.000,0.000,0.00,0.000,0.000,0.00,0.000,0.000,0.00,0.000,0.000,0.00,0.000,0.000,0.00,0.000,0.000,0.00,0.000,0.000,0.00,0.000,0.000,0.00,0.000,0.000,0.00,0.000,0.000,0.00,0.000,0.000,0.00,0.000,0.000,0.00,0.000,0.000,0.00,0.000,0.000,0.00,0.000,0.000,0.00,0.000,0.000,0.00,0.000,0.000,0.00,0.000,0.000,0.00,0.000,0.000,0.00,0.000,0.000,0.00,0.000,0.000,0.00,0.000,0.000,0.00,0.000,0.000,0.00,0.000,0.000,0.00,0.000,0.047,2.73,0.000,0.000,0.00
23.9173,0.000,0.000,0.00,100.00,0.00,0.000,0.000,0.00,0.000,0.000,0.00,0.000,0.000,0.00,0.000,0.000,0.00,0.000,0.000,0.00,0.000,0.000,0.00,0.000,0.000,0.00,0.000,0.000,0.00,0.000,0.000,0.00,0.000,0.000,0.00,0.000,0.000,0.00,0.000,0.000,0.00,0.000,0.000,0.00,0.000,0.000,0.00,0.000,0.000,0.00,0.000,0.000,0.00,0.000,0.000,0.00,0.000,0.000,0.00,0.000,0.000,0.00,0.000,0.000,0.00,0.000,0.000,0.00,0.000,0.000,0.00,0.000,0.000,0.00,0.000,0.000,0.00,0.000,0.000,0.00,0.000,0.000,0.00,0.000,0.000,0.00,0.000,0.000,0.00,0.000,0.000,0.00,0.000,0.000,0.00
24.0272,0.000,0.000,0.00,100.00,0.00,0.000,0.000,0.00,0.000,0.000,0.00,0.000,0.000,0.00,0.000,0.000,0.00,0.000,0.000,0.00,0.000,0.000,0.00,0.000,0.000,0.00,0.000,0.000,0.00,0.000,0.000,0.00,0.000,0.000,0.00,0.000,0.000,0.00,0.000,0.000,0.00,0.000,0.000,0.00,0.000,0.000,0.00,0.000,0.000,0.00,0.000,0.000,0.00,0.000,0.000,0.00,0.000,0.000,0.00,0.000,0.000,0.00,0.000,0.000,0.00,0.000,0.000,0.00,0.000,0.000,0.00,0.000,0.000,0.00,0.000,0.000,0.00,0.000,0.000,0.00,0.000,0.000,0.00,0.000,0.000,0.00,0.000,0.000,0.00,0.000,0.000,0.00,0.000,0.000,0.00
24.1372,0.000,0.000,0.00,100.00,0.00,0.000,0.000,0.00,0.000,0.000,0.00,0.000,0.000,0.00,0.000,0.000,0.00,0.000,0.000,0.00,0.000,0.000,0.00,0.000,0.000,0.00,0.000,0.000,0.00,0.000,0.000,0.00,0.000,0.000,0.00,0.000,0.000,0.00,0.000,0.000,0.00,0.000,0.000,0.00,0.000,0.000,0.00,0.000,0.000,0.00,0.000,0.000,0.00,0.000,0.000,0.00,0.000,0.000,0.00,0.000,0.000,0.00,0.000,0.000,0.00,0.000,0.000,0.00,0.000,0.000,0.00,0.000,0.000,0.00,0.000,0.000,0.00,0.000,0.000,0.00,0.000,0.000,0.00,0.000,0.000,0.00,0.000,0.000,0.00,0.000,0.000,0.00,0.000,0.000,0.00
24.2482,0.000,0.000,0.00,100.00,0.00,0.000,0.000,0.00,0.000,0.000,0.00,0.000,0.000,0.00,0.000,0.000,0.00,0.000,0.000,0.00,0.000,0.000,0.00,0.000,0.000,0.00,0.000,0.000,0.00,0.000,0.000,0.00,0.000,0.000,0.00,0.000,0.000,0.00,0.000,0.000,0.00,0.000,0.000,0.00,0.000,0.000,0.00,0.000,0.000,0.00,0.000,0.000,0.00,0.000,0.000,0.00,0.000,0.000,0.00,0.000,0.000,0.00,0.000,0.000,0.00,0.000,0.000,0.00,0.000,0.000,0.00,0.000,0.000,0.00,0.000,0.000,0.00,0.000,0.000,0.00,0.000,0.000,0.00,0.000,0.000,0.00,0.000,0.000,0.00,0.000,0.000,0.00,0.000,0.000,0.00
