time_s,agg_read_mbps,agg_write_mbps,mean_util_pct,cpu_pct,iowait_pct,nvme0n1p1_read_mbps,nvme0n1p1_write_mbps,nvme0n1p1_util_pct,nvme10n1p1_read_mbps,nvme10n1p1_write_mbps,nvme10n1p1_util_pct,nvme11n1p1_read_mbps,nvme11n1p1_write_mbps,nvme11n1p1_util_pct,nvme12n1p1_read_mbps,nvme12n1p1_write_mbps,nvme12n1p1_util_pct,nvme13n1p1_read_mbps,nvme13n1p1_write_mbps,nvme13n1p1_util_pct,nvme14n1p1_read_mbps,nvme14n1p1_write_mbps,nvme14n1p1_util_pct,nvme15n1p1_read_mbps,nvme15n1p1_write_mbps,nvme15n1p1_util_pct,nvme17n1p1_read_mbps,nvme17n1p1_write_mbps,nvme17n1p1_util_pct,nvme18n1p1_read_mbps,nvme18n1p1_write_mbps,nvme18n1p1_util_pct,nvme19n1p1_read_mbps,nvme19n1p1_write_mbps,nvme19n1p1_util_pct,nvme1n1p1_read_mbps,nvme1n1p1_write_mbps,nvme1n1p1_util_pct,nvme20n1p1_read_mbps,nvme20n1p1_write_mbps,nvme20n1p1_util_pct,nvme21n1p1_read_mbps,nvme21n1p1_write_mbps,nvme21n1p1_util_pct,nvme22n1p1_read_mbps,nvme22n1p1_write_mbps,nvme22n1p1_util_pct,nvme23n1p1_read_mbps,nvme23n1p1_write_mbps,nvme23n1p1_util_pct,nvme24n1p1_read_mbps,nvme24n1p1_write_mbps,nvme24n1p1_util_pct,nvme25n1p1_read_mbps,nvme25n1p1_write_mbps,nvme25n1p1_util_pct,nvme26n1p1_read_mbps,nvme26n1p1_write_mbps,nvme26n1p1_util_pct,nvme27n1p1_read_mbps,nvme27n1p1_write_mbps,nvme27n1p1_util_pct,nvme28n1p1_read_mbps,nvme28n1p1_write_mbps,nvme28n1p1_util_pct,nvme29n1p1_read_mbps,nvme29n1p1_write_mbps,nvme29n1p1_util_pct,nvme2n1p1_read_mbps,nvme2n1p1_write_mbps,nvme2n1p1_util_pct,nvme30n1p3_read_mbps,nvme30n1p3_write_mbps,nvme30n1p3_util_pct,nvme3n1p1_read_mbps,nvme3n1p1_write_mbps,nvme3n1p1_util_pct,nvme4n1p1_read_mbps,nvme4n1p1_write_mbps,nvme4n1p1_util_pct,nvme5n1p1_read_mbps,nvme5n1p1_write_mbps,nvme5n1p1_util_pct,nvme6n1p1_read_mbps,nvme6n1p1_write_mbps,nvme6n1p1_util_pct,nvme7n1p1_read_mbps,nvme7n1p1_write_mbps,nvme7n1p1_util_pct,nvme8n1p1_read_mbps,nvme8n1p1_write_mbps,nvme8n1p1_util_pct,nvme9n1p1_read_mbps,nvme9n1p1_write_mbps,nvme9n1p1_util_pct
0.1003,0.000,9161.163,10.27,54.63,0.00,0.000,273.836,10.79,0.000,503.961,13.73,0.000,375.399,11.77,0.000,390.827,12.75,0.000,352.258,12.75,0.000,249.409,11.77,0.000,254.391,9.81,0.000,326.546,11.77,0.000,344.544,10.79,0.000,391.751,11.77,0.000,203.127,7.85,0.000,303.405,10.79,0.000,411.396,9.81,0.000,331.688,9.81,0.000,200.556,6.87,0.000,421.681,9.81,0.000,233.982,8.83,0.000,195.413,9.81,0.000,444.822,13.73,0.000,313.690,9.81,0.000,249.409,6.87,0.000,233.620,7.85,0.000,496.247,12.75,0.000,172.272,6.87,0.000,331.688,11.77,0.000,218.554,8.83,0.000,226.268,9.81,0.000,223.697,6.87,0.000,180.749,11.77,0.000,305.976,9.81
0.2044,0.000,36067.876,31.09,36.97,0.00,0.000,1142.070,34.58,0.000,1400.201,41.31,0.000,1203.770,34.58,0.000,1470.714,38.43,0.000,1145.848,32.66,0.000,1165.994,33.62,0.000,1040.234,30.74,0.000,768.096,11.53,0.000,1274.283,25.94,0.000,945.993,20.17,0.000,1050.150,30.74,0.000,1354.870,24.98,0.000,967.045,17.29,0.000,883.940,26.90,0.000,1249.100,24.98,0.000,1400.201,35.54,0.000,1301.985,34.58,0.000,1095.481,29.78,0.000,1135.774,28.82,0.000,1344.797,31.70,0.000,1004.820,24.98,0.000,1382.926,36.51,0.000,1165.994,26.90,0.000,1322.132,35.54,0.000,1407.756,39.39,0.000,1357.389,37.47,0.000,1228.953,33.62,0.000,1030.004,29.78,0.000,1555.590,42.27,0.000,1271.765,37.47
0.3090,0.000,37284.866,23.89,13.26,0.00,0.000,1483.077,25.80,0.000,1002.079,19.11,0.000,1082.246,21.02,0.000,1282.662,26.76,0.000,1402.911,26.76,0.000,1563.244,30.58,0.000,881.830,22.94,0.000,1202.495,20.07,0.000,1162.412,14.33,0.000,1122.329,19.11,0.000,1122.329,21.02,0.000,1282.662,21.98,0.000,961.996,17.20,0.000,1483.077,28.67,0.000,1407.921,21.02,0.000,1402.911,26.76,0.000,1162.412,25.80,0.000,1245.084,27.71,0.000,1162.412,23.89,0.000,1442.994,29.63,0.000,1362.828,24.85,0.000,1563.244,27.71,0.000,1282.662,28.67,0.000,1282.662,24.85,0.000,1122.329,21.98,0.000,1122.329,21.02,0.000,1042.162,19.11,0.000,1082.246,22.94,0.000,1362.828,32.49,0.000,1202.495,22.94
0.4117,0.000,0.000,0.00,2.69,0.00,0.000,0.000,0.00,0.000,0.000,0.00,0.000,0.000,0.00,0.000,0.000,0.00,0.000,0.000,0.00,0.000,0.000,0.00,0.000,0.000,0.00,0.000,0.000,0.00,0.000,0.000,0.00,0.000,0.000,0.00,0.000,0.000,0.00,0.000,0.000,0.00,0.000,0.000,0.00,0.000,0.000,0.00,0.000,0.000,0.00,0.000,0.000,0.00,0.000,0.000,0.00,0.000,0.000,0.00,0.000,0.000,0.00,0.000,0.000,0.00,0.000,0.000,0.00,0.000,0.000,0.00,0.000,0.000,0.00,0.000,0.000,0.00,0.000,0.000,0.00,0.000,0.000,0.00,0.000,0.000,0.00,0.000,0.000,0.00,0.000,0.000,0.00,0.000,0.000,0.00
0.5135,0.000,9233.155,6.29,5.80,0.00,0.000,329.664,5.89,0.000,206.040,3.93,0.000,247.248,6.88,0.000,414.655,4.91,0.000,206.040,4.91,0.000,247.248,3.93,0.000,164.832,3.93,0.000,329.664,7.86,0.000,370.871,7.86,0.000,206.040,4.91,0.000,288.456,4.91,0.000,412.079,5.89,0.000,453.287,6.88,0.000,206.040,3.93,0.000,412.079,7.86,0.000,453.287,8.84,0.000,206.040,4.91,0.000,329.664,7.86,0.000,535.703,9.82,0.000,247.248,4.91,0.000,329.664,7.86,0.000,206.040,4.91,0.000,164.832,3.93,0.000,329.664,6.88,0.000,288.456,7.86,0.000,412.079,9.82,0.000,206.040,3.93,0.000,288.456,7.86,0.000,618.119,10.81,0.000,123.624,3.93
0.6146,0.000,11943.567,6.63,9.82,0.00,0.000,414.797,5.93,0.000,248.878,3.96,0.000,580.716,9.89,0.000,329.245,6.92,0.000,331.838,6.92,0.000,331.838,4.94,0.000,290.358,4.94,0.000,248.878,4.94,0.000,539.236,7.91,0.000,414.797,5.93,0.000,539.236,7.91,0.000,373.317,6.92,0.000,539.236,8.90,0.000,290.358,4.94,0.000,539.236,10.88,0.000,539.236,7.91,0.000,414.797,5.93,0.000,580.716,8.90,0.000,331.838,3.96,0.000,207.399,1.98,0.000,290.358,3.96,0.000,414.797,5.93,0.000,373.317,7.91,0.000,373.317,7.91,0.000,456.277,5.93,0.000,290.358,5.93,0.000,580.716,9.89,0.000,414.797,8.90,0.000,207.399,3.96,0.000,456.277,7.91
0.7158,0.000,11936.740,6.39,8.90,0.00,0.000,414.470,6.92,0.000,373.023,6.92,0.000,248.682,1.98,0.000,414.470,8.89,0.000,290.129,4.94,0.000,870.387,14.82,0.000,290.129,5.93,0.000,290.129,3.95,0.000,248.682,2.96,0.000,207.235,1.98,0.000,290.129,3.95,0.000,497.364,4.94,0.000,663.152,10.87,0.000,248.682,3.95,0.000,455.917,7.91,0.000,331.576,3.95,0.000,621.705,9.88,0.000,207.235,4.94,0.000,248.682,3.95,0.000,663.152,9.88,0.000,290.129,5.93,0.000,455.917,7.91,0.000,455.917,6.92,0.000,373.023,4.94,0.000,455.917,6.92,0.000,621.705,10.87,0.000,331.576,4.94,0.000,290.129,4.94,0.000,248.682,5.93,0.000,538.811,8.89
0.8177,0.000,19360.822,11.25,12.17,0.00,0.000,535.085,10.79,0.000,707.444,13.74,0.000,617.406,16.68,0.000,753.750,12.76,0.000,493.925,8.83,0.000,782.048,10.79,0.000,288.123,5.89,0.000,1070.170,17.66,0.000,246.962,2.94,0.000,699.727,13.74,0.000,535.085,8.83,0.000,782.048,11.78,0.000,329.283,3.93,0.000,946.689,18.65,0.000,617.406,10.79,0.000,722.879,14.72,0.000,864.368,15.70,0.000,823.208,12.76,0.000,535.085,10.79,0.000,740.887,13.74,0.000,782.048,14.72,0.000,411.604,6.87,0.000,535.085,9.81,0.000,501.642,9.81,0.000,699.727,11.78,0.000,635.414,4.91,0.000,640.559,9.81,0.000,787.193,12.76,0.000,617.406,10.79,0.000,658.566,10.79
0.9199,0.000,9587.326,5.28,11.69,0.00,0.000,287.261,3.91,0.000,156.454,1.96,0.000,41.037,0.98,0.000,397.548,6.85,0.000,287.261,3.91,0.000,287.261,5.87,0.000,287.261,3.91,0.000,328.298,4.89,0.000,205.186,0.98,0.000,205.186,2.94,0.000,492.447,8.81,0.000,123.112,2.94,0.000,287.261,3.91,0.000,205.186,1.96,0.000,574.521,8.81,0.000,346.252,5.87,0.000,328.298,4.89,0.000,287.261,5.87,0.000,656.596,9.78,0.000,328.298,6.85,0.000,369.335,5.87,0.000,246.223,4.89,0.000,328.298,7.83,0.000,238.529,2.94,0.000,287.261,4.89,0.000,392.419,5.87,0.000,551.438,9.78,0.000,364.206,9.78,0.000,492.447,6.85,0.000,205.186,3.91
1.0218,0.000,25020.286,15.55,15.78,0.00,0.000,988.646,19.64,0.000,370.742,7.86,0.000,859.916,15.71,0.000,906.259,15.71,0.000,617.904,12.77,0.000,782.678,13.75,0.000,659.097,10.80,0.000,947.453,15.71,0.000,659.097,7.86,0.000,823.872,17.68,0.000,494.323,9.82,0.000,617.904,12.77,0.000,1029.840,23.57,0.000,929.471,17.68,0.000,617.904,12.77,0.000,1109.939,20.62,0.000,1029.840,23.57,0.000,700.291,14.73,0.000,1153.421,21.61,0.000,617.904,12.77,0.000,1112.227,22.59,0.000,988.646,15.71,0.000,741.485,13.75,0.000,906.259,14.73,0.000,782.678,12.77,0.000,865.065,12.77,0.000,1112.227,20.62,0.000,823.872,12.77,0.000,1112.227,19.64,0.000,659.097,13.75
1.1240,0.000,17091.687,9.65,10.20,0.00,0.000,410.242,6.85,0.000,451.266,7.82,0.000,415.370,8.80,0.000,328.193,3.91,0.000,779.459,15.65,0.000,451.266,6.85,0.000,656.387,8.80,0.000,328.193,5.87,0.000,451.266,5.87,0.000,656.387,8.80,0.000,697.411,12.72,0.000,574.338,9.78,0.000,697.411,13.69,0.000,633.271,10.76,0.000,615.363,8.80,0.000,617.957,11.74,0.000,779.459,14.67,0.000,656.387,8.80,0.000,697.411,8.80,0.000,410.242,7.82,0.000,779.459,12.72,0.000,697.411,12.72,0.000,738.435,12.72,0.000,369.218,5.87,0.000,738.435,10.76,0.000,574.338,10.76,0.000,574.338,10.76,0.000,328.193,6.85,0.000,328.193,6.85,0.000,656.387,12.72
1.2262,0.000,13135.686,6.82,9.43,0.08,0.000,369.439,5.87,0.000,533.635,8.81,0.000,328.391,4.89,0.000,656.781,7.83,0.000,287.342,2.94,0.000,533.635,8.81,0.000,287.342,4.89,0.000,410.488,5.87,0.000,410.488,8.81,0.000,492.586,5.87,0.000,615.732,10.77,0.000,287.342,3.91,0.000,533.635,9.79,0.000,533.635,7.83,0.000,451.537,8.81,0.000,697.890,10.77,0.000,205.244,1.96,0.000,328.391,5.87,0.000,123.146,2.94,0.000,328.391,9.79,0.000,410.488,6.85,0.000,615.732,9.79,0.000,369.439,4.89,0.000,533.635,3.91,0.000,287.342,4.89,0.000,533.635,5.87,0.000,369.439,5.87,0.000,492.586,6.85,0.000,574.684,10.77,0.000,533.635,7.83
1.3283,0.000,14194.950,8.00,10.76,0.00,0.000,641.799,12.73,0.000,249.018,4.90,0.000,492.901,9.79,0.000,369.676,5.88,0.000,369.676,6.86,0.000,410.751,5.88,0.000,575.052,7.83,0.000,410.751,5.88,0.000,328.601,4.90,0.000,575.052,15.67,0.000,451.826,8.81,0.000,533.976,7.83,0.000,575.052,7.83,0.000,328.601,5.88,0.000,205.376,4.90,0.000,328.651,3.92,0.000,492.901,7.83,0.000,492.901,7.83,0.000,451.826,8.81,0.000,722.264,10.77,0.000,205.376,2.94,0.000,834.338,14.69,0.000,575.052,9.79,0.000,616.127,9.79,0.000,605.858,8.81,0.000,526.275,7.83,0.000,333.735,3.92,0.000,821.502,17.63,0.000,218.212,3.92,0.000,451.826,5.88
1.4315,0.000,13259.893,7.43,8.99,0.00,0.000,543.327,7.75,0.000,403.687,7.75,0.000,81.245,0.97,0.000,528.093,7.75,0.000,406.226,5.81,0.000,528.093,9.69,0.000,446.848,7.75,0.000,324.980,4.84,0.000,324.980,7.75,0.000,324.980,4.84,0.000,446.848,9.69,0.000,649.961,10.65,0.000,446.848,8.72,0.000,446.848,7.75,0.000,609.338,9.69,0.000,528.133,7.75,0.000,324.980,3.87,0.000,324.980,3.87,0.000,406.226,9.69,0.000,463.748,6.78,0.000,406.226,6.78,0.000,474.776,5.81,0.000,284.358,4.84,0.000,690.583,8.72,0.000,497.626,9.69,0.000,616.955,12.59,0.000,482.393,9.69,0.000,446.848,8.72,0.000,434.154,5.81,0.000,365.603,6.78
1.5336,0.000,9203.783,4.90,8.83,0.00,0.000,328.705,6.86,0.000,246.528,3.92,0.000,82.176,1.96,0.000,123.264,1.96,0.000,287.616,3.92,0.000,328.705,6.86,0.000,246.528,2.94,0.000,451.969,6.86,0.000,616.321,8.82,0.000,205.440,4.90,0.000,410.881,4.90,0.000,451.969,6.86,0.000,287.616,4.90,0.000,246.528,3.92,0.000,287.616,3.92,0.000,452.024,4.90,0.000,82.176,1.96,0.000,164.352,2.94,0.000,205.440,4.90,0.000,287.616,4.90,0.000,205.440,1.96,0.000,410.881,6.86,0.000,534.145,7.84,0.000,534.145,8.82,0.000,493.057,8.82,0.000,205.440,1.96,0.000,493.057,7.84,0.000,246.528,3.92,0.000,164.352,2.94,0.000,123.264,2.94
1.6357,0.000,15785.158,10.75,10.17,0.00,0.000,534.392,16.66,0.000,575.499,12.74,0.000,739.927,10.78,0.000,493.285,9.80,0.000,452.178,8.82,0.000,493.285,7.84,0.000,739.927,14.70,0.000,493.285,5.88,0.000,328.857,7.84,0.000,863.248,9.80,0.000,493.285,9.80,0.000,657.713,11.76,0.000,452.178,4.90,0.000,781.034,14.70,0.000,493.285,5.88,0.000,657.758,14.70,0.000,452.178,3.92,0.000,452.178,7.84,0.000,369.964,6.86,0.000,534.392,9.80,0.000,575.499,61.74,0.000,411.071,7.84,0.000,328.857,3.92,0.000,411.071,6.86,0.000,575.499,9.80,0.000,534.392,7.84,0.000,575.499,9.80,0.000,287.749,5.88,0.000,411.071,3.92,0.000,616.606,9.80
1.7376,0.000,18435.463,10.50,12.27,0.00,0.000,946.460,13.74,0.000,658.407,9.81,0.000,288.053,4.91,0.000,699.558,10.79,0.000,617.257,11.77,0.000,823.009,17.66,0.000,699.558,10.79,0.000,658.407,9.81,0.000,370.354,5.89,0.000,699.558,10.79,0.000,534.956,10.79,0.000,534.956,9.81,0.000,534.956,7.85,0.000,493.805,8.83,0.000,370.354,6.87,0.000,658.468,12.75,0.000,493.805,7.85,0.000,781.859,14.72,0.000,781.859,17.66,0.000,699.558,12.75,0.000,823.009,12.75,0.000,699.558,10.79,0.000,370.354,5.89,0.000,411.505,5.89,0.000,329.204,4.91,0.000,699.558,11.77,0.000,534.956,6.87,0.000,740.708,12.75,0.000,864.160,13.74,0.000,617.257,13.74
1.8394,0.000,11857.828,6.58,9.98,0.00,0.000,535.247,9.82,0.000,535.247,9.82,0.000,576.420,9.82,0.000,411.729,5.89,0.000,411.729,4.91,0.000,288.210,4.91,0.000,288.210,4.91,0.000,205.864,2.94,0.000,452.902,5.89,0.000,452.902,6.87,0.000,452.902,8.83,0.000,576.420,9.82,0.000,617.593,10.80,0.000,452.902,8.83,0.000,617.593,8.83,0.000,329.423,4.91,0.000,452.902,7.85,0.000,205.864,3.93,0.000,247.037,2.94,0.000,205.864,4.91,0.000,205.864,4.91,0.000,658.766,12.76,0.000,247.037,3.93,0.000,370.556,6.87,0.000,370.556,4.91,0.000,329.383,5.89,0.000,617.593,6.87,0.000,329.383,6.87,0.000,164.691,3.93,0.000,247.037,2.94
1.9414,0.000,17105.974,10.49,9.33,0.00,0.000,452.320,9.80,0.000,699.041,15.69,0.000,411.200,9.80,0.000,657.921,11.76,0.000,575.680,9.80,0.000,370.080,8.82,0.000,657.921,9.80,0.000,452.320,6.86,0.000,575.680,8.82,0.000,657.921,10.78,0.000,575.680,9.80,0.000,493.440,9.80,0.000,493.440,6.86,0.000,534.560,8.82,0.000,575.680,6.86,0.000,740.201,15.69,0.000,370.080,7.84,0.000,493.440,9.80,0.000,575.680,10.78,0.000,452.320,7.84,0.000,493.440,11.76,0.000,616.801,17.65,0.000,575.680,9.80,0.000,616.801,8.82,0.000,699.041,11.76,0.000,493.440,7.84,0.000,575.680,11.76,0.000,657.921,10.78,0.000,904.641,15.69,0.000,657.921,12.74
2.0434,0.000,14257.940,8.14,9.79,0.00,0.000,311.081,5.88,0.000,552.747,7.85,0.000,493.616,7.85,0.000,535.037,7.85,0.000,740.424,10.79,0.000,329.077,5.88,0.000,257.172,6.87,0.000,534.751,7.85,0.000,411.633,6.87,0.000,411.347,7.85,0.000,431.914,7.85,0.000,401.063,5.88,0.000,431.914,6.87,0.000,506.471,7.85,0.000,493.927,7.85,0.000,424.201,7.85,0.000,704.431,13.73,0.000,341.048,3.92,0.000,411.347,7.85,0.000,604.165,10.79,0.000,301.199,5.88,0.000,534.751,7.85,0.000,555.318,7.85,0.000,416.488,6.87,0.000,516.754,9.81,0.000,606.937,10.79,0.000,449.910,8.83,0.000,534.751,10.79,0.000,561.986,11.77,0.000,452.481,7.85
2.1464,0.000,15155.408,8.45,10.79,0.00,0.000,547.412,7.77,0.000,430.291,7.77,0.000,448.114,6.80,0.000,936.662,17.48,0.000,611.065,8.74,0.000,387.008,6.80,0.000,274.900,3.89,0.000,488.852,7.77,0.000,611.119,9.71,0.000,285.164,4.86,0.000,509.221,7.77,0.000,588.150,10.68,0.000,427.745,7.77,0.000,605.972,10.68,0.000,351.382,5.83,0.000,481.213,5.83,0.000,491.398,9.71,0.000,436.259,7.77,0.000,557.597,8.74,0.000,623.795,11.66,0.000,544.468,7.77,0.000,448.114,11.66,0.000,590.696,7.77,0.000,809.661,13.60,0.000,343.724,6.80,0.000,514.114,7.77,0.000,453.206,5.83,0.000,651.802,10.68,0.000,380.404,7.77,0.000,325.901,5.83
2.2488,0.000,14525.849,8.20,10.77,0.00,0.000,368.657,6.84,0.000,349.296,5.86,0.000,368.657,7.81,0.000,164.207,0.98,0.000,573.466,9.77,0.000,512.023,7.81,0.000,343.055,5.86,0.000,450.580,4.88,0.000,657.950,8.79,0.000,176.648,2.93,0.000,573.466,8.79,0.000,655.390,15.63,0.000,294.413,5.86,0.000,491.662,9.77,0.000,465.941,8.79,0.000,799.626,10.74,0.000,647.709,11.72,0.000,690.111,16.60,0.000,463.381,8.79,0.000,599.747,12.70,0.000,479.027,5.86,0.000,696.351,9.77,0.000,409.618,5.86,0.000,573.466,8.79,0.000,573.466,6.84,0.000,517.143,9.77,0.000,325.135,5.86,0.000,450.580,7.81,0.000,368.657,6.84,0.000,486.422,7.81
2.3519,0.000,16578.694,9.12,11.66,0.00,0.000,691.693,9.70,0.000,629.548,11.64,0.000,569.629,11.64,0.000,732.380,12.61,0.000,366.190,7.76,0.000,447.566,9.70,0.000,600.145,8.73,0.000,610.317,12.61,0.000,445.023,5.82,0.000,394.163,6.79,0.000,488.254,6.79,0.000,480.625,7.76,0.000,696.779,13.58,0.000,439.818,5.82,0.000,610.317,8.73,0.000,421.302,5.82,0.000,325.502,5.82,0.000,657.203,8.73,0.000,325.502,4.85,0.000,838.510,14.55,0.000,554.416,15.52,0.000,935.819,13.58,0.000,284.815,3.88,0.000,691.693,12.61,0.000,610.317,10.67,0.000,447.566,8.73,0.000,447.566,7.76,0.000,610.317,6.79,0.000,813.756,11.64,0.000,411.964,2.91
2.4552,0.000,12596.164,7.71,9.85,0.00,0.000,324.539,5.80,0.000,405.674,5.80,0.000,486.808,8.70,0.000,405.674,6.77,0.000,608.510,10.64,0.000,283.971,5.80,0.000,522.305,15.48,0.000,243.404,4.84,0.000,283.971,5.80,0.000,283.971,8.70,0.000,567.943,9.67,0.000,283.971,3.87,0.000,595.833,9.67,0.000,283.971,3.87,0.000,446.241,7.74,0.000,608.510,9.67,0.000,608.510,10.64,0.000,527.376,8.70,0.000,649.078,9.67,0.000,395.532,4.84,0.000,121.702,1.93,0.000,243.404,3.87,0.000,365.106,7.74,0.000,527.376,10.64,0.000,494.415,13.54,0.000,324.539,6.77,0.000,446.241,6.77,0.000,527.376,9.67,0.000,202.837,3.87,0.000,527.376,9.67
2.5570,0.040,15869.392,8.68,10.52,0.00,0.000,453.582,8.85,0.000,206.174,2.95,0.000,536.052,10.81,0.000,700.991,9.83,0.000,618.521,7.86,0.000,453.582,5.90,0.000,1113.338,16.71,0.000,577.286,7.86,0.000,288.643,6.88,0.000,577.286,10.81,0.000,288.643,5.90,0.000,329.878,4.92,0.000,453.582,4.92,0.000,494.817,7.86,0.000,494.817,5.90,0.000,453.582,5.90,0.000,824.695,14.75,0.000,371.113,6.88,0.000,577.286,11.80,0.000,412.347,8.85,0.000,494.817,5.90,0.000,659.756,11.80,0.040,331.005,7.86,0.000,453.582,6.88,0.000,693.546,10.81,0.000,618.853,10.81,0.000,659.756,12.78,0.000,577.286,10.81,0.000,700.991,11.80,0.000,453.582,4.92
2.6592,0.000,18370.377,10.04,11.35,0.00,0.000,451.056,4.89,0.000,738.092,14.66,0.000,615.077,11.73,0.000,574.072,9.78,0.000,533.067,10.75,0.000,533.067,7.82,0.000,451.056,8.80,0.000,328.041,5.87,0.000,451.056,6.84,0.000,574.072,10.75,0.000,574.072,8.80,0.000,738.092,8.80,0.000,492.061,9.78,0.000,451.056,11.73,0.000,943.118,10.75,0.000,697.087,13.69,0.000,861.107,11.73,0.000,943.118,13.69,0.000,533.067,9.78,0.000,451.056,5.87,0.000,574.072,7.82,0.000,738.092,10.75,0.000,615.077,11.73,0.000,369.046,7.82,0.000,820.157,13.69,0.000,615.107,7.82,0.000,656.082,13.69,0.000,451.056,5.87,0.000,738.092,11.73,0.000,861.107,13.69
2.7613,0.000,10522.507,5.59,8.99,0.00,0.000,246.606,4.90,0.000,287.707,4.90,0.000,369.910,7.84,0.000,205.505,2.94,0.000,369.910,3.92,0.000,328.808,3.92,0.000,328.808,4.90,0.000,287.707,2.94,0.000,328.808,5.88,0.000,246.606,4.90,0.000,493.213,7.84,0.000,534.314,7.84,0.000,205.505,2.94,0.000,369.910,6.86,0.000,575.415,8.82,0.000,287.707,4.90,0.000,329.130,6.86,0.000,205.505,3.92,0.000,534.314,5.88,0.000,164.404,2.94,0.000,328.808,4.90,0.000,411.011,5.88,0.000,411.011,7.84,0.000,411.011,6.86,0.000,328.808,5.88,0.000,369.940,2.94,0.000,411.297,5.88,0.000,328.808,3.92,0.000,328.808,12.74,0.000,493.213,4.90
2.8633,0.000,14177.262,8.14,11.72,0.00,0.000,452.272,7.84,0.000,452.272,5.88,0.000,493.387,5.88,0.000,328.925,4.90,0.000,506.236,8.82,0.000,868.567,14.70,0.000,549.921,11.76,0.000,411.156,6.86,0.000,452.272,4.90,0.000,616.734,7.84,0.000,411.156,6.86,0.000,529.363,10.78,0.000,452.272,7.84,0.000,501.096,10.78,0.000,542.212,7.84,0.000,274.961,5.88,0.000,370.075,5.88,0.000,524.224,7.84,0.000,698.965,12.74,0.000,539.642,8.82,0.000,287.809,3.92,0.000,370.040,4.90,0.000,534.503,9.80,0.000,246.694,4.90,0.000,411.156,7.84,0.000,370.040,7.84,0.000,452.327,8.82,0.000,583.328,11.76,0.000,493.387,9.80,0.000,452.272,9.80
2.9666,0.000,17177.154,9.77,11.63,0.00,0.000,527.669,10.65,0.000,690.029,9.68,0.000,690.029,11.61,0.000,730.619,11.61,0.000,312.035,3.87,0.000,563.185,7.74,0.000,350.088,7.74,0.000,608.849,7.74,0.000,811.799,21.29,0.000,527.669,7.74,0.000,405.899,7.74,0.000,492.153,7.74,0.000,771.209,9.68,0.000,723.008,12.58,0.000,357.699,7.74,0.000,418.584,8.71,0.000,365.309,4.84,0.000,700.176,10.65,0.000,690.029,12.58,0.000,400.826,7.74,0.000,690.029,10.65,0.000,811.799,14.52,0.000,365.309,6.77,0.000,487.079,11.61,0.000,405.899,4.84,0.000,487.079,10.65,0.000,568.259,9.68,0.000,1047.728,17.42,0.000,649.439,9.68,0.000,527.669,7.74
3.0693,0.000,15808.102,9.39,11.47,0.00,0.000,449.504,7.79,0.000,490.368,14.61,0.000,572.096,8.77,0.000,490.368,7.79,0.000,326.912,6.82,0.000,408.640,4.87,0.000,449.504,7.79,0.000,735.552,12.67,0.000,490.368,6.82,0.000,531.232,11.69,0.000,735.552,16.56,0.000,776.416,14.61,0.000,572.096,10.72,0.000,521.016,8.77,0.000,653.824,12.67,0.000,688.423,12.67,0.000,367.776,5.85,0.000,694.688,11.69,0.000,490.368,7.79,0.000,612.960,9.74,0.000,245.184,4.87,0.000,367.776,6.82,0.000,612.960,8.77,0.000,490.368,5.85,0.000,418.856,8.77,0.000,572.096,10.72,0.000,449.504,7.79,0.000,449.504,6.82,0.000,612.960,9.74,0.000,531.232,10.72
3.1719,0.000,14477.623,7.96,10.24,0.00,0.000,609.907,6.82,0.000,572.114,9.74,0.000,408.653,5.85,0.000,490.384,9.74,0.000,572.404,11.69,0.000,206.881,2.92,0.000,523.746,6.82,0.000,612.980,7.79,0.000,449.518,6.82,0.000,209.435,3.90,0.000,572.114,9.74,0.000,286.057,2.92,0.000,490.384,6.82,0.000,623.196,9.74,0.000,449.518,9.74,0.000,496.649,8.77,0.000,572.114,10.72,0.000,572.114,14.61,0.000,531.249,11.69,0.000,408.653,5.85,0.000,653.845,10.72,0.000,490.384,7.79,0.000,572.114,8.77,0.000,408.653,6.82,0.000,480.167,4.87,0.000,326.922,6.82,0.000,531.249,9.74,0.000,702.373,8.77,0.000,122.596,2.92,0.000,531.249,8.77
3.2744,0.000,19429.555,10.24,11.36,0.00,0.000,821.361,12.68,0.000,572.799,12.68,0.000,572.799,11.71,0.000,490.971,5.85,0.000,654.687,9.75,0.000,938.470,9.75,0.000,498.482,7.80,0.000,245.485,3.90,0.000,613.713,11.71,0.000,894.998,14.63,0.000,777.370,13.66,0.000,531.885,7.80,0.000,572.799,8.78,0.000,736.456,9.75,0.000,490.971,8.78,0.000,572.799,8.78,0.000,695.542,9.75,0.000,531.885,6.83,0.000,572.799,9.75,0.000,777.370,12.68,0.000,818.284,11.71,0.000,572.799,8.78,0.000,531.885,7.80,0.000,654.627,9.75,0.000,900.113,14.63,0.000,654.627,12.68,0.000,450.056,8.78,0.000,565.128,9.75,0.000,818.284,12.68,0.000,900.113,13.66
3.3763,0.000,12650.640,7.10,9.84,0.00,0.000,329.391,6.87,0.000,329.391,5.89,0.000,542.981,8.83,0.000,513.266,10.80,0.000,494.087,8.83,0.000,553.274,5.89,0.000,329.391,6.87,0.000,329.391,6.87,0.000,743.704,12.76,0.000,205.869,3.93,0.000,360.633,13.74,0.000,452.913,6.87,0.000,535.261,8.83,0.000,311.418,5.89,0.000,613.427,8.83,0.000,411.739,2.94,0.000,123.522,1.96,0.000,411.739,7.85,0.000,576.435,7.85,0.000,288.217,4.91,0.000,288.217,1.96,0.000,411.739,6.87,0.000,452.913,6.87,0.000,452.913,5.89,0.000,329.391,4.91,0.000,411.739,6.87,0.000,252.190,2.94,0.000,483.793,10.80,0.000,699.956,10.80,0.000,411.739,7.85
3.4790,0.000,14446.359,7.98,10.90,0.00,0.000,612.365,10.71,0.000,694.013,11.68,0.000,598.930,10.71,0.000,440.257,7.79,0.000,408.243,7.79,0.000,757.802,12.65,0.000,408.243,6.81,0.000,326.595,6.81,0.000,364.867,3.89,0.000,244.946,3.89,0.000,499.739,5.84,0.000,449.068,9.73,0.000,734.838,11.68,0.000,303.880,6.81,0.000,289.916,2.92,0.000,653.189,9.73,0.000,449.068,5.84,0.000,408.243,4.87,0.000,408.243,5.84,0.000,408.243,6.81,0.000,367.419,5.84,0.000,612.365,11.68,0.000,653.189,16.55,0.000,326.595,5.84,0.000,489.892,6.81,0.000,530.716,9.73,0.000,362.316,5.84,0.000,622.571,12.65,0.000,489.892,4.87,0.000,530.716,6.81
3.5816,0.000,13534.941,7.28,8.75,0.00,0.000,286.330,5.85,0.000,490.851,9.75,0.000,333.026,3.90,0.000,357.912,5.85,0.000,654.468,9.75,0.000,204.521,3.90,0.000,368.138,5.85,0.000,695.373,11.70,0.000,490.851,6.83,0.000,245.426,3.90,0.000,654.468,9.75,0.000,449.947,8.78,0.000,613.564,8.78,0.000,531.816,7.80,0.000,286.330,4.88,0.000,449.947,5.85,0.000,409.043,6.83,0.000,613.564,8.78,0.000,327.234,4.88,0.000,490.851,9.75,0.000,449.947,7.80,0.000,695.373,9.75,0.000,368.138,6.83,0.000,572.660,7.80,0.000,409.043,6.83,0.000,286.330,2.93,0.000,449.947,8.78,0.000,613.564,14.63,0.000,409.043,5.85,0.000,327.234,3.90
3.6838,0.000,16723.580,9.39,11.40,0.00,0.000,410.365,5.87,0.000,789.953,11.74,0.000,492.438,6.85,0.000,328.292,6.85,0.000,492.438,9.78,0.000,574.511,6.85,0.000,492.438,13.70,0.000,656.584,12.72,0.000,410.365,5.87,0.000,492.759,9.78,0.000,574.511,8.81,0.000,451.402,14.68,0.000,738.657,10.76,0.000,246.219,3.91,0.000,533.475,9.78,0.000,656.584,10.76,0.000,533.475,7.83,0.000,656.584,8.81,0.000,675.419,11.74,0.000,697.621,10.76,0.000,656.584,8.81,0.000,410.365,5.87,0.000,574.511,9.78,0.000,615.548,9.78,0.000,659.149,10.76,0.000,574.511,10.76,0.000,597.594,7.83,0.000,533.475,6.85,0.000,533.475,9.78,0.000,664.278,13.70
3.7878,0.000,18410.126,10.67,12.72,0.00,0.000,524.299,9.62,0.000,635.208,10.58,0.000,564.630,10.58,0.000,725.953,14.42,0.000,483.968,8.65,0.000,564.630,11.54,0.000,927.606,14.42,0.000,604.960,10.58,0.000,443.638,8.65,0.000,806.643,12.50,0.000,806.614,13.46,0.000,967.937,12.50,0.000,564.630,17.31,0.000,443.638,7.69,0.000,564.630,9.62,0.000,443.638,8.65,0.000,483.968,9.62,0.000,443.638,6.73,0.000,546.119,8.65,0.000,1008.267,12.50,0.000,483.968,7.69,0.000,564.630,8.65,0.000,806.614,11.54,0.000,725.953,11.54,0.000,642.770,12.50,0.000,564.630,7.69,0.000,662.936,12.50,0.000,524.299,8.65,0.000,443.638,7.69,0.000,436.076,13.46
3.8896,0.000,5322.800,3.50,6.95,0.00,0.000,164.740,2.95,0.000,247.110,4.91,0.000,164.740,2.95,0.000,288.295,5.89,0.000,82.370,1.96,0.000,82.370,1.96,0.000,123.555,2.95,0.000,82.370,1.96,0.000,82.370,2.95,0.000,205.925,2.95,0.000,123.555,2.95,0.000,247.110,2.95,0.000,205.925,1.96,0.000,123.555,3.93,0.000,164.740,2.95,0.000,247.110,3.93,0.000,205.925,4.91,0.000,82.370,1.96,0.000,411.850,6.87,0.000,82.370,0.98,0.000,164.740,3.93,0.000,82.370,1.96,0.000,229.092,4.91,0.000,247.110,3.93,0.000,205.925,3.93,0.000,205.925,4.91,0.000,123.555,2.95,0.000,164.740,3.93,0.000,316.248,5.89,0.000,164.740,3.93
3.9922,0.000,15657.419,9.17,8.53,0.00,0.000,368.153,6.83,0.000,449.965,8.78,0.000,613.589,19.51,0.000,531.777,8.78,0.000,736.307,11.70,0.000,859.025,16.58,0.000,777.213,12.68,0.000,532.062,7.80,0.000,449.965,7.80,0.000,613.589,7.80,0.000,409.059,7.80,0.000,531.777,9.75,0.000,654.495,16.58,0.000,736.307,12.68,0.000,572.683,10.73,0.000,163.654,3.90,0.000,327.247,5.85,0.000,531.777,6.83,0.000,695.401,11.70,0.000,531.777,4.88,0.000,531.777,6.83,0.000,286.342,5.85,0.000,263.332,1.95,0.000,654.495,8.78,0.000,531.777,10.73,0.000,531.777,8.78,0.000,449.965,7.80,0.000,613.589,10.73,0.000,504.014,9.75,0.000,204.530,4.88
4.0949,0.000,14376.296,7.92,12.94,0.00,0.000,408.408,9.74,0.000,530.930,7.79,0.000,653.452,15.58,0.000,285.885,2.92,0.000,612.611,8.76,0.000,408.408,7.79,0.000,612.611,10.71,0.000,326.786,5.84,0.000,204.204,3.89,0.000,326.726,4.87,0.000,530.930,7.79,0.000,612.611,9.74,0.000,530.930,7.79,0.000,653.452,9.74,0.000,571.771,8.76,0.000,367.567,5.84,0.000,245.045,2.92,0.000,490.089,8.76,0.000,530.930,6.82,0.000,816.815,10.71,0.000,530.930,8.76,0.000,653.452,9.74,0.000,449.248,6.82,0.000,163.652,3.89,0.000,449.248,3.89,0.000,449.248,8.76,0.000,530.930,10.71,0.000,571.771,10.71,0.000,326.726,6.82,0.000,530.930,10.71
4.1977,0.000,18336.130,9.53,11.95,0.00,0.000,693.609,11.67,0.000,693.609,9.73,0.000,448.806,6.81,0.000,448.806,7.78,0.000,652.809,11.67,0.000,688.509,12.65,0.000,831.311,12.65,0.000,489.606,8.75,0.000,698.709,10.70,0.000,517.338,10.70,0.000,693.609,9.73,0.000,231.017,3.89,0.000,612.008,7.78,0.000,489.606,5.84,0.000,568.697,7.78,0.000,448.806,6.81,0.000,816.011,17.51,0.000,721.659,9.73,0.000,856.811,10.70,0.000,880.240,15.56,0.000,690.222,11.67,0.000,285.604,4.86,0.000,530.407,6.81,0.000,489.671,6.81,0.000,558.617,5.84,0.000,851.711,12.65,0.000,489.606,8.75,0.000,734.410,9.73,0.000,816.011,13.62,0.000,408.294,6.81
4.3012,0.000,15501.938,8.63,16.21,0.00,0.000,526.724,7.73,0.000,202.586,2.90,0.000,607.759,11.59,0.000,567.241,9.66,0.000,729.310,10.63,0.000,450.754,7.73,0.000,552.048,10.63,0.000,486.207,7.73,0.000,440.625,4.83,0.000,337.116,6.76,0.000,486.207,7.73,0.000,337.828,5.80,0.000,850.862,12.56,0.000,364.655,5.80,0.000,772.320,15.46,0.000,648.276,13.52,0.000,486.207,7.73,0.000,863.524,13.52,0.000,486.207,8.69,0.000,462.941,11.59,0.000,449.053,5.80,0.000,972.414,14.49,0.000,324.138,6.76,0.000,648.276,10.63,0.000,417.676,7.73,0.000,612.823,9.66,0.000,567.241,7.73,0.000,283.621,4.83,0.000,283.621,3.86,0.000,283.675,4.83
4.4036,0.000,10481.238,5.69,19.62,0.00,0.000,163.769,3.90,0.000,573.193,8.79,0.000,204.712,3.90,0.000,532.250,8.79,0.000,286.596,5.86,0.000,409.423,5.86,0.000,368.481,5.86,0.000,122.827,2.93,0.000,245.654,5.86,0.000,409.423,7.81,0.000,409.423,6.83,0.000,245.654,3.90,0.000,286.596,4.88,0.000,573.193,7.81,0.000,368.481,5.86,0.000,409.423,5.86,0.000,122.827,0.98,0.000,409.423,7.81,0.000,286.596,4.88,0.000,696.020,9.76,0.000,409.423,7.81,0.000,286.596,3.90,0.000,327.539,4.88,0.000,286.596,3.90,0.000,286.596,3.90,0.000,122.827,1.95,0.000,286.596,5.86,0.000,204.712,1.95,0.000,573.193,8.79,0.000,573.193,9.76
4.5058,0.000,7885.159,4.41,20.49,0.00,0.000,574.960,8.81,0.000,164.274,2.94,0.000,164.274,0.00,0.000,246.411,2.94,0.000,164.274,2.94,0.000,164.274,2.94,0.000,246.411,3.92,0.000,246.411,3.92,0.000,451.754,7.83,0.000,492.822,8.81,0.000,369.617,6.85,0.000,369.617,5.87,0.000,369.617,7.83,0.000,164.274,2.94,0.000,287.480,4.90,0.000,246.411,2.94,0.000,369.617,6.85,0.000,205.343,3.92,0.000,246.411,4.90,0.000,205.343,3.92,0.000,205.343,4.90,0.000,328.548,5.87,0.000,41.069,1.96,0.000,123.206,1.96,0.000,246.411,0.98,0.000,82.137,0.98,0.000,410.685,7.83,0.000,205.343,3.92,0.000,328.548,4.90,0.000,164.274,2.94
4.6076,0.000,7904.656,10.24,6.99,0.15,0.000,370.531,10.80,0.000,247.021,5.89,0.000,164.680,4.91,0.000,370.531,10.80,0.000,205.850,6.87,0.000,205.850,5.89,0.000,288.191,7.85,0.000,123.510,3.93,0.000,205.850,4.91,0.000,205.850,4.91,0.000,370.531,9.82,0.000,370.531,9.82,0.000,288.191,7.85,0.000,329.361,6.87,0.000,247.021,6.87,0.000,288.191,7.85,0.000,205.850,5.89,0.000,123.510,2.94,0.000,164.680,3.93,0.000,329.361,8.83,0.000,164.680,3.93,0.000,288.191,9.82,0.000,288.191,7.85,0.000,288.191,8.83,0.000,452.871,12.76,0.000,247.021,8.83,0.000,205.850,6.87,0.000,452.871,100.00,0.000,247.021,6.87,0.000,164.680,3.93
4.7096,0.000,0.367,0.07,26.55,0.00,0.000,0.000,0.00,0.000,0.000,0.00,0.000,0.000,0.00,0.000,0.000,0.00,0.000,0.000,0.00,0.000,0.000,0.00,0.000,0.327,0.98,0.000,0.000,0.00,0.000,0.000,0.00,0.000,0.000,0.00,0.000,0.000,0.00,0.000,0.000,0.00,0.000,0.000,0.00,0.000,0.000,0.00,0.000,0.040,0.98,0.000,0.000,0.00,0.000,0.000,0.00,0.000,0.000,0.00,0.000,0.000,0.00,0.000,0.000,0.00,0.000,0.000,0.00,0.000,0.000,0.00,0.000,0.000,0.00,0.000,0.000,0.00,0.000,0.000,0.00,0.000,0.000,0.00,0.000,0.000,0.00,0.000,0.000,0.00,0.000,0.000,0.00,0.000,0.000,0.00
4.8127,0.000,38617.539,55.62,63.98,0.00,0.000,1026.757,55.26,0.000,1128.297,48.47,0.000,1341.900,54.29,0.000,1278.363,60.11,0.000,1313.944,59.14,0.000,1784.117,72.71,0.000,1242.812,50.41,0.000,1057.255,27.15,0.000,1128.059,24.24,0.000,1602.084,57.20,0.000,1085.211,57.20,0.000,1235.158,46.54,0.000,1504.555,52.35,0.000,1319.027,58.17,0.000,1395.271,48.47,0.000,1237.699,57.20,0.000,1382.564,61.08,0.000,1289.045,59.14,0.000,1203.429,58.17,0.000,1514.720,66.90,0.000,1219.909,57.20,0.000,1255.490,61.08,0.000,1415.603,63.99,0.000,975.927,49.44,0.000,1316.485,63.99,0.000,1146.206,63.99,0.000,1425.769,67.86,0.000,1057.255,56.23,0.000,1232.617,51.38,0.000,1502.013,59.14
4.9173,0.000,39897.493,30.82,16.28,0.00,0.000,1152.932,34.42,0.000,1413.761,33.46,0.000,1162.957,25.81,0.000,1746.942,42.07,0.000,1270.731,31.55,0.000,1208.395,32.51,0.000,1661.750,36.33,0.000,1122.855,19.12,0.000,1373.845,23.90,0.000,1106.877,17.21,0.000,1375.999,34.42,0.000,947.409,17.21,0.000,721.836,12.43,0.000,1666.738,39.20,0.000,1190.527,18.17,0.000,1746.982,39.20,0.000,761.938,19.12,0.000,1776.828,43.98,0.000,1860.992,38.24,0.000,1112.830,26.77,0.000,1203.059,25.81,0.000,1528.888,45.89,0.000,1130.375,24.86,0.000,1225.617,37.29,0.000,1629.143,33.46,0.000,1436.152,40.16,0.000,1641.675,41.11,0.000,1483.773,33.46,0.000,1190.527,29.64,0.000,1045.158,27.73
5.0199,0.000,4230.677,2.44,6.75,0.00,0.000,0.000,0.00,0.000,82.089,0.98,0.000,163.578,2.93,0.000,286.262,4.88,0.000,122.684,2.93,0.000,81.819,1.95,0.000,122.684,2.93,0.000,204.473,5.85,0.000,40.895,1.95,0.000,163.578,2.93,0.000,40.895,1.95,0.000,81.789,0.98,0.000,0.000,0.00,0.000,204.473,2.93,0.000,204.473,2.93,0.000,327.156,4.88,0.000,0.000,0.00,0.000,81.819,0.98,0.000,163.868,3.90,0.000,81.789,0.98,0.000,122.684,0.98,0.000,81.789,0.98,0.000,163.578,1.95,0.000,426.837,7.80,0.000,368.051,4.88,0.000,163.578,1.95,0.000,40.895,1.95,0.000,204.473,3.90,0.000,163.578,1.95,0.000,40.895,0.00
5.1217,0.000,5271.612,3.08,4.60,0.00,0.000,164.738,3.93,0.000,247.107,2.95,0.000,82.369,1.96,0.000,82.369,1.96,0.000,0.000,0.00,0.000,164.738,0.00,0.000,82.369,0.98,0.000,205.922,3.93,0.000,205.922,2.95,0.000,164.738,1.96,0.000,82.369,1.96,0.000,247.107,2.95,0.000,205.922,3.93,0.000,247.107,2.95,0.000,288.291,5.89,0.000,205.922,4.91,0.000,164.738,4.91,0.000,82.369,2.95,0.000,205.922,3.93,0.000,123.553,0.98,0.000,205.922,2.95,0.000,247.107,2.95,0.000,82.369,0.98,0.000,82.369,1.96,0.000,205.922,4.91,0.000,123.553,2.95,0.000,247.107,3.93,0.000,329.476,6.87,0.000,247.107,3.93,0.000,247.107,4.91
5.2236,0.000,10541.051,6.02,5.39,0.08,0.000,205.880,2.95,0.000,370.584,5.89,0.000,247.056,4.91,0.000,288.232,5.89,0.000,247.056,5.89,0.000,288.232,5.89,0.000,329.408,4.91,0.000,452.936,7.85,0.000,329.408,3.93,0.000,370.584,4.91,0.000,247.056,3.93,0.000,617.640,8.84,0.000,205.880,3.93,0.000,741.168,11.78,0.000,288.232,4.91,0.000,164.704,2.95,0.000,411.760,5.89,0.000,494.112,8.84,0.000,288.232,4.91,0.000,288.232,5.89,0.000,370.584,6.87,0.000,247.056,1.96,0.000,452.936,7.85,0.000,329.408,5.89,0.000,370.584,6.87,0.000,411.760,8.84,0.000,247.056,4.91,0.000,329.408,4.91,0.000,370.584,7.85,0.000,535.288,9.82
5.3254,0.000,13055.313,8.78,11.39,0.00,0.000,131.229,4.91,0.000,164.831,4.91,0.000,412.078,9.82,0.000,564.434,11.79,0.000,463.588,10.81,0.000,446.244,11.79,0.000,352.842,8.84,0.000,618.117,9.82,0.000,164.831,1.96,0.000,582.060,10.81,0.000,419.805,5.89,0.000,288.455,5.89,0.000,494.494,9.82,0.000,239.158,5.89,0.000,494.494,8.84,0.000,412.078,5.89,0.000,659.325,10.81,0.000,285.879,5.89,0.000,576.909,12.77,0.000,523.790,9.82,0.000,535.702,6.88,0.000,475.580,9.82,0.000,509.947,8.84,0.000,615.542,9.82,0.000,569.867,17.68,0.000,206.039,4.91,0.000,582.060,11.79,0.000,374.814,8.84,0.000,509.947,7.86,0.000,381.172,9.82
5.4302,0.000,15402.779,9.35,12.93,0.00,0.000,832.932,16.22,0.000,640.242,9.54,0.000,480.182,9.54,0.000,452.280,8.59,0.000,510.193,8.59,0.000,807.141,12.40,0.000,697.764,9.54,0.000,720.272,10.49,0.000,640.242,10.49,0.000,315.119,7.63,0.000,432.664,8.59,0.000,480.182,13.36,0.000,480.182,6.68,0.000,648.097,16.22,0.000,440.166,6.68,0.000,309.727,10.49,0.000,360.136,5.72,0.000,522.698,11.45,0.000,280.106,3.82,0.000,411.718,6.68,0.000,400.151,5.72,0.000,538.563,12.40,0.000,505.191,9.54,0.000,562.713,12.40,0.000,527.035,11.45,0.000,560.212,7.63,0.000,275.104,3.82,0.000,396.322,6.68,0.000,425.161,6.68,0.000,750.284,11.45
5.5321,0.000,17246.716,11.15,18.69,0.00,0.000,535.106,9.81,0.000,905.563,14.72,0.000,452.782,10.80,0.000,859.141,12.76,0.000,370.458,8.83,0.000,576.268,10.80,0.000,493.944,9.81,0.000,535.106,8.83,0.000,370.458,5.89,0.000,740.916,12.76,0.000,493.944,9.81,0.000,452.782,5.89,0.000,511.952,8.83,0.000,535.106,17.66,0.000,467.735,8.83,0.000,710.446,13.74,0.000,740.916,11.78,0.000,617.430,12.76,0.000,740.916,13.74,0.000,617.430,11.78,0.000,658.592,16.68,0.000,493.989,10.80,0.000,493.944,7.85,0.000,823.239,15.70,0.000,535.106,10.80,0.000,617.430,11.78,0.000,355.022,6.87,0.000,452.782,10.80,0.000,470.790,11.78,0.000,617.430,11.78
5.6352,0.000,25989.770,16.99,14.67,0.00,0.000,650.475,14.54,0.000,528.511,9.69,0.000,1382.577,27.14,0.000,858.989,14.54,0.000,691.130,11.63,0.000,975.713,17.45,0.000,528.511,9.69,0.000,853.748,26.17,0.000,813.094,11.63,0.000,1219.641,18.42,0.000,1057.022,20.35,0.000,1016.367,17.45,0.000,592.034,9.69,0.000,935.058,20.35,0.000,879.634,13.57,0.000,813.094,14.54,0.000,813.094,14.54,0.000,1260.295,22.29,0.000,731.784,15.51,0.000,731.784,13.57,0.000,731.784,17.45,0.000,1057.330,22.29,0.000,894.403,18.42,0.000,1057.022,23.26,0.000,894.403,21.32,0.000,894.403,19.39,0.000,909.649,21.32,0.000,894.403,18.42,0.000,551.379,10.66,0.000,772.439,14.54
5.7373,0.000,15738.422,8.53,10.28,0.00,0.000,411.144,7.84,0.000,616.716,11.76,0.000,616.741,10.78,0.000,370.030,6.86,0.000,452.259,7.84,0.000,328.915,4.90,0.000,493.373,4.90,0.000,493.373,9.80,0.000,863.448,12.74,0.000,575.602,9.80,0.000,698.945,9.80,0.000,1027.861,15.68,0.000,411.144,7.84,0.000,534.487,6.86,0.000,411.144,7.84,0.000,1027.861,13.72,0.000,370.030,6.86,0.000,411.144,6.86,0.000,452.259,3.92,0.000,411.144,7.84,0.000,534.487,10.78,0.000,370.030,4.90,0.000,370.030,7.84,0.000,657.831,9.80,0.000,411.144,5.88,0.000,328.915,5.88,0.000,328.915,5.88,0.000,534.487,7.84,0.000,526.016,11.76,0.000,698.945,10.78
5.8392,0.000,15850.043,8.83,10.50,0.00,0.000,493.761,6.87,0.000,493.761,10.79,0.000,534.908,8.83,0.000,617.202,6.87,0.000,658.349,10.79,0.000,452.615,6.87,0.000,411.468,5.89,0.000,576.055,8.83,0.000,576.055,10.79,0.000,576.055,7.85,0.000,452.615,5.89,0.000,699.495,12.75,0.000,452.615,7.85,0.000,493.761,6.87,0.000,288.028,4.91,0.000,370.321,5.89,0.000,452.615,7.85,0.000,864.083,18.64,0.000,617.202,8.83,0.000,493.812,9.81,0.000,576.055,10.79,0.000,617.202,9.81,0.000,452.615,6.87,0.000,493.761,10.79,0.000,493.761,8.83,0.000,699.495,11.77,0.000,617.202,7.85,0.000,617.202,9.81,0.000,378.800,10.79,0.000,329.174,3.92
5.9413,0.000,7894.579,4.15,10.00,0.00,0.000,287.531,4.90,0.000,328.607,5.88,0.000,205.379,3.92,0.000,369.683,2.94,0.000,205.379,1.96,0.000,246.455,4.90,0.000,205.379,0.98,0.000,328.607,5.88,0.000,287.531,4.90,0.000,164.304,3.92,0.000,123.228,0.98,0.000,287.531,3.92,0.000,287.531,2.94,0.000,328.607,4.90,0.000,328.607,6.86,0.000,287.531,5.88,0.000,246.455,4.90,0.000,287.531,4.90,0.000,328.607,6.86,0.000,369.989,6.86,0.000,205.379,2.94,0.000,164.304,2.94,0.000,410.759,5.88,0.000,246.455,3.92,0.000,123.228,0.98,0.000,328.607,5.88,0.000,287.531,2.94,0.000,205.379,2.94,0.000,205.379,3.92,0.000,213.081,2.94
6.0441,0.000,15664.350,8.95,10.24,0.00,0.000,652.987,9.73,0.000,530.552,8.76,0.000,367.305,4.87,0.000,652.987,12.65,0.000,652.987,12.65,0.000,489.740,7.78,0.000,448.928,5.84,0.000,530.552,11.68,0.000,612.175,15.57,0.000,408.117,5.84,0.000,571.687,20.43,0.000,285.682,6.81,0.000,448.928,6.81,0.000,489.740,6.81,0.000,408.117,5.84,0.000,693.798,11.68,0.000,652.987,9.73,0.000,367.305,4.87,0.000,285.682,4.87,0.000,448.928,6.81,0.000,734.610,10.70,0.000,612.175,9.73,0.000,489.740,7.78,0.000,408.117,6.81,0.000,489.740,8.76,0.000,448.928,7.78,0.000,571.363,7.78,0.000,489.740,6.81,0.000,612.175,8.76,0.000,808.581,13.62
6.1464,0.000,12373.094,6.81,8.71,0.00,0.000,343.395,5.86,0.000,327.943,7.82,0.000,327.943,5.86,0.000,368.935,4.89,0.000,573.899,9.77,0.000,368.935,5.86,0.000,778.863,10.75,0.000,532.907,8.80,0.000,368.935,4.89,0.000,491.914,8.80,0.000,420.201,6.84,0.000,528.108,6.84,0.000,576.787,8.80,0.000,450.921,9.77,0.000,307.446,5.86,0.000,450.951,5.86,0.000,473.979,7.82,0.000,368.935,5.86,0.000,368.935,5.86,0.000,381.746,6.84,0.000,258.527,3.91,0.000,327.943,3.91,0.000,410.008,7.82,0.000,353.563,3.91,0.000,389.432,7.82,0.000,491.914,10.75,0.000,327.943,5.86,0.000,163.971,2.93,0.000,369.261,7.82,0.000,468.855,5.86
6.2503,0.000,20928.030,11.87,12.23,0.00,0.000,912.888,16.36,0.000,1008.803,23.09,0.000,685.986,9.62,0.000,443.873,6.73,0.000,685.986,10.58,0.000,564.930,8.66,0.000,515.475,8.66,0.000,766.690,14.43,0.000,620.414,11.54,0.000,685.986,11.54,0.000,595.194,9.62,0.000,802.338,15.39,0.000,804.555,15.39,0.000,645.634,13.47,0.000,827.218,13.47,0.000,685.986,9.62,0.000,663.288,7.70,0.000,712.546,11.54,0.000,645.634,11.54,0.000,552.320,10.58,0.000,673.612,10.58,0.000,564.930,11.54,0.000,807.042,11.54,0.000,983.583,15.39,0.000,781.822,13.47,0.000,524.578,8.66,0.000,766.735,13.47,0.000,766.690,13.47,0.000,686.020,10.58,0.000,547.276,7.70
6.3545,0.000,10771.499,6.78,10.80,0.00,0.000,483.508,9.60,0.000,442.824,5.76,0.000,161.027,2.88,0.000,322.054,5.76,0.000,281.797,4.80,0.000,120.770,1.92,0.000,250.622,3.84,0.000,442.824,6.72,0.000,548.498,13.44,0.000,281.797,5.76,0.000,322.054,6.72,0.000,251.290,2.88,0.000,523.337,12.48,0.000,563.594,10.56,0.000,563.594,9.60,0.000,563.594,11.52,0.000,120.770,1.92,0.000,295.557,6.72,0.000,161.027,5.76,0.000,483.081,9.60,0.000,161.027,4.80,0.000,402.567,7.68,0.000,281.797,5.76,0.000,362.311,8.64,0.000,286.829,3.84,0.000,563.594,7.68,0.000,442.824,7.68,0.000,201.284,4.80,0.000,483.081,7.68,0.000,402.567,6.72
6.4566,0.000,16190.169,9.05,11.52,0.00,0.000,493.318,7.84,0.000,534.400,8.82,0.000,657.723,10.78,0.000,606.339,8.82,0.000,863.312,14.70,0.000,534.400,9.80,0.000,501.000,7.84,0.000,472.739,5.88,0.000,575.508,7.84,0.000,660.293,10.78,0.000,550.177,8.82,0.000,493.292,10.78,0.000,693.171,13.72,0.000,452.185,6.86,0.000,781.046,14.70,0.000,287.754,5.88,0.000,264.631,4.90,0.000,452.185,5.88,0.000,575.508,8.82,0.000,548.772,8.82,0.000,418.785,7.84,0.000,739.939,10.78,0.000,493.292,9.80,0.000,493.292,9.80,0.000,524.123,9.80,0.000,534.400,7.84,0.000,536.969,7.84,0.000,328.862,5.88,0.000,588.354,9.80,0.000,534.400,9.80
6.5597,0.000,14553.494,7.69,9.92,0.00,0.000,447.216,8.72,0.000,772.464,12.60,0.000,528.528,9.69,0.000,335.412,4.85,0.000,365.904,4.85,0.000,406.560,5.82,0.000,317.625,5.82,0.000,792.792,11.63,0.000,569.184,7.75,0.000,769.923,9.69,0.000,594.236,10.66,0.000,609.840,9.69,0.000,249.534,4.85,0.000,243.936,5.82,0.000,528.528,8.72,0.000,359.671,7.75,0.000,510.741,6.79,0.000,325.248,3.88,0.000,382.778,5.82,0.000,433.002,9.69,0.000,439.593,7.75,0.000,772.464,12.60,0.000,609.840,9.69,0.000,487.872,7.75,0.000,538.692,5.82,0.000,325.248,3.88,0.000,282.051,2.91,0.000,487.872,4.85,0.000,597.135,11.63,0.000,469.608,8.72
6.6615,0.000,13893.160,8.94,9.12,0.00,0.000,453.146,9.82,0.000,576.731,10.80,0.000,576.731,11.79,0.000,205.976,3.93,0.000,494.341,9.82,0.000,617.927,11.79,0.000,247.171,5.89,0.000,205.976,3.93,0.000,411.951,5.89,0.000,659.122,13.75,0.000,494.341,9.82,0.000,411.951,4.91,0.000,329.561,6.88,0.000,247.171,4.91,0.000,370.756,4.91,0.000,541.852,9.82,0.000,411.951,8.84,0.000,823.902,17.68,0.000,724.414,12.77,0.000,453.146,6.88,0.000,535.536,9.82,0.000,659.122,13.75,0.000,542.003,11.79,0.000,576.731,10.80,0.000,329.561,7.86,0.000,494.341,8.84,0.000,288.366,5.89,0.000,531.755,12.77,0.000,247.171,3.93,0.000,430.457,7.86
6.7634,0.000,15190.620,9.39,11.49,0.00,0.000,370.491,4.91,0.000,288.160,5.89,0.000,782.147,11.78,0.000,493.988,7.85,0.000,535.154,6.87,0.000,535.154,7.85,0.000,576.319,8.83,0.000,205.828,3.93,0.000,370.491,3.93,0.000,452.822,8.83,0.000,740.982,10.80,0.000,617.485,9.81,0.000,535.154,9.81,0.000,617.485,7.85,0.000,329.325,4.91,0.000,643.213,9.81,0.000,329.325,4.91,0.000,658.650,9.81,0.000,411.657,6.87,0.000,370.491,6.87,0.000,740.982,10.80,0.000,493.988,8.83,0.000,452.898,5.89,0.000,576.319,10.80,0.000,303.642,3.93,0.000,693.786,49.07,0.000,411.657,5.89,0.000,621.264,13.74,0.000,455.395,7.85,0.000,576.369,12.76
6.8663,0.000,15955.001,9.20,10.88,0.00,0.000,608.079,11.67,0.000,407.722,5.83,0.000,285.405,4.86,0.000,530.039,8.75,0.000,448.494,6.80,0.000,530.039,8.75,0.000,530.039,9.72,0.000,815.444,11.67,0.000,693.127,11.67,0.000,652.355,11.67,0.000,285.405,5.83,0.000,502.008,8.75,0.000,530.039,11.67,0.000,570.811,9.72,0.000,530.068,9.72,0.000,708.417,10.69,0.000,489.266,8.75,0.000,489.266,7.78,0.000,326.178,6.80,0.000,203.861,3.89,0.000,733.900,12.64,0.000,489.266,8.75,0.000,489.266,8.75,0.000,570.861,9.72,0.000,596.293,12.64,0.000,699.100,11.67,0.000,693.127,10.69,0.000,652.684,12.64,0.000,445.946,5.83,0.000,448.494,7.78
6.9690,0.000,14179.559,7.34,11.08,0.00,0.000,820.625,13.64,0.000,449.413,6.82,0.000,571.980,9.74,0.000,392.319,7.79,0.000,449.413,5.84,0.000,612.836,9.74,0.000,490.269,7.79,0.000,204.279,2.92,0.000,449.413,6.82,0.000,671.566,10.71,0.000,531.124,8.77,0.000,446.859,4.87,0.000,449.413,5.84,0.000,367.701,4.87,0.000,326.846,5.84,0.000,408.557,4.87,0.000,285.990,5.84,0.000,408.557,4.87,0.000,449.413,6.82,0.000,285.990,7.79,0.000,531.124,6.82,0.000,490.269,7.79,0.000,285.990,2.92,0.000,326.846,4.87,0.000,776.259,11.69,0.000,449.413,6.82,0.000,490.269,6.82,0.000,367.731,6.82,0.000,571.980,9.74,0.000,817.114,13.64
7.0721,0.000,12765.889,7.79,9.69,0.00,0.000,528.684,10.67,0.000,406.680,4.85,0.000,488.016,9.70,0.000,219.504,2.91,0.000,244.008,4.85,0.000,366.012,6.79,0.000,351.079,4.85,0.000,569.352,8.73,0.000,213.507,1.94,0.000,551.559,8.73,0.000,427.014,8.73,0.000,559.185,9.70,0.000,325.344,4.85,0.000,284.676,4.85,0.000,447.348,6.79,0.000,528.684,35.88,0.000,406.680,7.76,0.000,447.348,6.79,0.000,325.344,5.82,0.000,376.179,4.85,0.000,406.680,4.85,0.000,528.684,10.67,0.000,366.012,5.82,0.000,447.348,6.79,0.000,691.355,9.70,0.000,488.016,8.73,0.000,340.594,5.82,0.000,495.641,6.79,0.000,569.352,8.73,0.000,366.012,5.82
7.1745,0.000,17888.468,9.37,10.81,0.00,0.000,737.151,11.72,0.000,696.198,11.72,0.000,450.481,5.86,0.000,655.245,11.72,0.000,614.292,8.79,0.000,491.434,7.81,0.000,547.424,6.83,0.000,614.337,10.74,0.000,645.042,10.74,0.000,491.434,6.83,0.000,757.627,11.72,0.000,655.245,12.69,0.000,696.198,11.72,0.000,982.868,11.72,0.000,491.434,7.81,0.000,450.481,7.81,0.000,532.387,10.74,0.000,368.575,3.91,0.000,614.292,8.79,0.000,522.149,7.81,0.000,532.387,7.81,0.000,819.057,13.67,0.000,532.387,9.76,0.000,450.481,7.81,0.000,655.245,9.76,0.000,532.387,8.79,0.000,598.935,6.83,0.000,729.472,11.72,0.000,696.198,10.74,0.000,327.623,6.83
7.2769,0.000,15722.983,8.53,9.69,0.00,0.000,532.286,7.81,0.000,163.780,4.88,0.000,368.506,4.88,0.000,450.396,5.86,0.000,368.506,5.86,0.000,491.341,6.83,0.000,450.396,5.86,0.000,450.396,7.81,0.000,532.286,9.76,0.000,859.847,23.43,0.000,368.506,6.83,0.000,450.396,8.79,0.000,573.231,9.76,0.000,655.122,10.74,0.000,409.451,5.86,0.000,532.316,8.79,0.000,818.902,12.69,0.000,573.266,10.74,0.000,409.451,5.86,0.000,532.286,7.81,0.000,573.231,8.79,0.000,573.231,9.76,0.000,532.286,7.81,0.000,532.286,7.81,0.000,818.902,9.76,0.000,573.231,8.79,0.000,368.506,4.88,0.000,655.122,10.74,0.000,532.286,6.83,0.000,573.231,9.76
7.3788,0.000,11904.801,6.55,10.63,0.00,0.000,576.524,8.84,0.000,288.262,3.93,0.000,509.606,9.82,0.000,329.442,5.89,0.000,370.623,6.87,0.000,342.311,5.89,0.000,401.065,5.89,0.000,334.590,4.91,0.000,452.983,6.87,0.000,329.442,4.91,0.000,370.623,5.89,0.000,658.885,10.80,0.000,285.688,4.91,0.000,205.901,3.93,0.000,288.262,3.93,0.000,452.983,4.91,0.000,370.623,6.87,0.000,237.229,3.93,0.000,266.305,3.93,0.000,342.311,6.87,0.000,411.803,6.87,0.000,700.065,12.76,0.000,452.983,6.87,0.000,452.983,8.84,0.000,329.442,4.91,0.000,700.065,11.78,0.000,329.442,5.89,0.000,507.032,9.82,0.000,205.901,2.95,0.000,401.427,5.89
7.4814,0.000,20893.673,11.64,13.02,0.00,0.000,981.476,14.63,0.000,654.317,10.73,0.000,516.297,9.75,0.000,245.369,2.93,0.000,531.633,9.75,0.000,805.117,13.65,0.000,787.700,12.68,0.000,771.890,11.70,0.000,572.528,7.80,0.000,531.633,8.78,0.000,613.423,11.70,0.000,940.581,12.68,0.000,615.979,9.75,0.000,695.212,8.78,0.000,531.633,8.78,0.000,695.212,12.68,0.000,695.262,13.65,0.000,623.207,10.73,0.000,430.754,6.83,0.000,927.802,19.50,0.000,654.317,12.68,0.000,572.528,9.75,0.000,695.212,10.73,0.000,817.897,12.68,0.000,981.476,15.60,0.000,858.792,22.43,0.000,736.107,8.78,0.000,1050.486,16.58,0.000,613.423,10.73,0.000,746.411,11.70
7.5836,0.000,11813.025,6.52,10.91,0.00,0.000,492.209,8.80,0.000,451.192,7.82,0.000,287.122,3.91,0.000,492.209,6.85,0.000,328.140,4.89,0.000,410.174,5.87,0.000,287.122,5.87,0.000,369.157,5.87,0.000,369.157,4.89,0.000,451.192,8.80,0.000,492.209,8.80,0.000,369.157,5.87,0.000,492.209,8.80,0.000,205.087,2.93,0.000,246.105,1.96,0.000,492.209,7.82,0.000,410.174,6.85,0.000,697.297,10.76,0.000,615.262,11.74,0.000,615.262,8.80,0.000,205.087,2.93,0.000,328.140,4.89,0.000,369.157,7.82,0.000,164.070,1.96,0.000,328.140,4.89,0.000,369.157,3.91,0.000,369.157,6.85,0.000,205.087,3.91,0.000,410.174,5.87,0.000,492.209,14.67
7.6864,0.000,18503.394,9.99,10.20,0.00,0.000,489.751,7.78,0.000,571.376,9.73,0.000,734.626,9.73,0.000,285.688,4.87,0.000,816.251,14.60,0.000,517.809,7.78,0.000,612.188,7.78,0.000,979.501,14.60,0.000,653.001,10.70,0.000,673.407,12.65,0.000,489.751,8.76,0.000,408.126,5.84,0.000,612.188,11.68,0.000,816.251,14.60,0.000,571.376,7.78,0.000,571.376,9.73,0.000,326.500,5.84,0.000,653.001,8.76,0.000,489.751,6.81,0.000,857.064,11.68,0.000,734.626,10.70,0.000,612.188,17.51,0.000,693.813,10.70,0.000,612.188,7.78,0.000,775.439,14.60,0.000,571.376,9.73,0.000,415.778,4.87,0.000,530.563,7.78,0.000,693.813,13.62,0.000,734.626,10.70
7.7895,0.000,15401.913,8.70,11.24,0.00,0.000,284.750,4.85,0.000,447.464,8.73,0.000,610.178,9.70,0.000,447.464,6.79,0.000,406.785,8.73,0.000,338.140,12.61,0.000,325.428,6.79,0.000,650.857,10.67,0.000,447.464,7.76,0.000,549.160,8.73,0.000,488.142,2.91,0.000,528.821,5.82,0.000,732.214,10.67,0.000,894.928,14.55,0.000,447.464,9.70,0.000,447.464,7.76,0.000,406.785,6.79,0.000,406.785,6.79,0.000,650.857,10.67,0.000,691.535,12.61,0.000,569.500,10.67,0.000,406.785,6.79,0.000,447.464,8.73,0.000,488.142,9.70,0.000,650.857,11.64,0.000,488.142,5.82,0.000,521.194,9.70,0.000,488.142,8.73,0.000,447.464,4.85,0.000,691.535,10.67
7.8917,0.000,7880.850,4.57,7.36,0.00,0.000,205.230,4.89,0.000,287.323,5.87,0.000,246.277,3.91,0.000,369.415,4.89,0.000,246.277,4.89,0.000,164.184,2.94,0.000,123.138,2.94,0.000,328.369,4.89,0.000,246.277,3.91,0.000,369.415,5.87,0.000,287.323,4.89,0.000,82.092,1.96,0.000,123.138,1.96,0.000,205.230,1.96,0.000,164.184,3.91,0.000,287.323,2.94,0.000,328.369,4.89,0.000,574.645,9.79,0.000,328.369,4.89,0.000,328.369,4.89,0.000,123.138,2.94,0.000,164.184,2.94,0.000,328.369,4.89,0.000,246.277,4.89,0.000,369.415,10.76,0.000,246.277,5.87,0.000,410.461,6.85,0.000,328.369,3.91,0.000,82.092,1.96,0.000,287.323,4.89
7.9936,0.000,18440.577,11.12,10.34,0.00,0.000,946.726,16.68,0.000,617.430,11.78,0.000,699.754,11.78,0.000,823.240,13.74,0.000,493.944,9.81,0.000,617.430,12.76,0.000,452.782,10.80,0.000,411.620,7.85,0.000,617.430,8.83,0.000,370.458,5.89,0.000,288.134,6.87,0.000,699.754,12.76,0.000,576.268,11.78,0.000,864.402,15.70,0.000,740.916,11.78,0.000,658.592,11.78,0.000,658.592,10.80,0.000,535.106,9.81,0.000,452.782,9.81,0.000,535.106,7.85,0.000,411.620,6.87,0.000,658.592,9.81,0.000,864.402,16.68,0.000,535.106,7.85,0.000,452.782,8.83,0.000,617.430,9.81,0.000,576.268,12.76,0.000,740.916,10.80,0.000,864.402,18.65,0.000,658.592,12.76
8.0963,0.000,10454.121,5.74,10.28,0.00,0.000,326.691,6.82,0.000,367.528,6.82,0.000,653.383,9.74,0.000,367.528,5.84,0.000,530.873,8.76,0.000,326.691,5.84,0.000,490.037,7.79,0.000,163.346,2.92,0.000,490.037,3.89,0.000,326.691,3.89,0.000,122.509,1.95,0.000,326.691,6.82,0.000,367.528,7.79,0.000,285.855,3.89,0.000,285.855,5.84,0.000,408.364,7.79,0.000,408.364,5.84,0.000,204.182,2.92,0.000,163.346,3.89,0.000,163.346,2.92,0.000,326.691,7.79,0.000,449.201,4.87,0.000,285.855,5.84,0.000,694.219,11.68,0.000,122.509,1.95,0.000,204.182,4.87,0.000,449.201,6.82,0.000,694.219,10.71,0.000,285.855,2.92,0.000,163.346,2.92
8.1983,0.000,21271.528,14.18,12.53,0.00,0.000,534.319,9.80,0.000,752.670,13.72,0.000,665.330,14.70,0.000,551.980,11.76,0.000,822.029,21.56,0.000,454.685,9.80,0.000,986.435,16.66,0.000,616.522,10.78,0.000,616.522,8.82,0.000,575.420,11.76,0.000,863.131,14.70,0.000,411.015,7.84,0.000,827.167,16.66,0.000,945.333,26.46,0.000,637.153,11.76,0.000,698.725,20.58,0.000,534.319,11.76,0.000,822.029,13.72,0.000,1027.536,18.62,0.000,534.319,11.76,0.000,1233.044,23.52,0.000,616.522,12.74,0.000,818.657,15.68,0.000,780.928,16.66,0.000,863.131,13.72,0.000,534.319,11.76,0.000,698.725,14.70,0.000,739.826,11.76,0.000,616.522,11.76,0.000,493.217,9.80
8.3008,0.000,15539.798,8.43,10.58,0.00,0.000,655.233,10.74,0.000,396.723,6.83,0.000,442.794,8.79,0.000,514.781,6.83,0.000,450.473,8.79,0.000,775.530,11.72,0.000,491.425,6.83,0.000,614.281,11.72,0.000,409.521,6.83,0.000,614.281,9.76,0.000,655.233,11.72,0.000,327.617,5.86,0.000,527.258,6.83,0.000,655.233,11.72,0.000,675.629,11.72,0.000,450.473,5.86,0.000,696.186,9.76,0.000,532.377,6.83,0.000,491.425,9.76,0.000,573.329,7.81,0.000,573.329,8.79,0.000,409.521,6.83,0.000,412.880,7.81,0.000,614.281,9.76,0.000,327.617,5.86,0.000,450.473,6.83,0.000,450.473,7.81,0.000,368.569,6.83,0.000,409.521,6.83,0.000,573.329,8.79
8.4027,0.000,14489.541,7.88,11.55,0.00,0.000,288.144,2.94,0.000,535.125,7.85,0.000,411.635,6.87,0.000,576.289,7.85,0.000,658.616,9.81,0.000,493.962,7.85,0.000,370.471,4.91,0.000,370.471,5.89,0.000,329.308,4.91,0.000,452.798,8.83,0.000,658.616,11.78,0.000,370.471,6.87,0.000,370.471,4.91,0.000,452.798,8.83,0.000,658.616,12.76,0.000,535.125,6.87,0.000,288.144,4.91,0.000,535.125,8.83,0.000,617.452,11.78,0.000,288.144,1.96,0.000,617.452,15.70,0.000,493.962,4.91,0.000,411.635,5.89,0.000,576.289,12.76,0.000,493.962,8.83,0.000,617.452,9.81,0.000,370.471,5.89,0.000,617.452,9.81,0.000,535.125,6.87,0.000,493.962,8.83
8.5065,0.000,19186.780,12.59,10.18,0.00,0.000,767.643,15.41,0.000,727.241,16.38,0.000,914.851,18.30,0.000,606.034,12.52,0.000,525.230,10.60,0.000,525.230,11.56,0.000,606.034,10.60,0.000,929.252,19.27,0.000,525.230,8.67,0.000,686.839,11.56,0.000,767.643,15.41,0.000,686.839,11.56,0.000,606.034,9.63,0.000,444.425,11.56,0.000,808.046,14.45,0.000,646.436,10.60,0.000,606.034,11.56,0.000,444.425,9.63,0.000,767.643,13.49,0.000,565.632,11.56,0.000,808.046,23.12,0.000,363.620,7.71,0.000,444.425,10.60,0.000,444.425,9.63,0.000,484.827,9.63,0.000,729.766,12.52,0.000,323.218,5.78,0.000,654.012,12.52,0.000,606.034,11.56,0.000,1171.666,20.23
8.6086,0.000,15974.766,8.10,11.52,0.00,0.000,575.045,7.83,0.000,575.045,8.81,0.000,548.612,7.83,0.000,575.045,7.83,0.000,533.971,5.88,0.000,369.672,4.90,0.000,616.120,9.79,0.000,575.045,10.77,0.000,533.971,7.83,0.000,328.597,6.86,0.000,369.672,4.90,0.000,739.344,10.77,0.000,575.045,7.83,0.000,328.647,3.92,0.000,492.896,7.83,0.000,451.821,5.88,0.000,657.195,9.79,0.000,533.971,7.83,0.000,616.120,11.75,0.000,903.643,13.71,0.000,739.344,12.73,0.000,287.523,4.90,0.000,410.747,5.88,0.000,533.971,9.79,0.000,369.672,6.86,0.000,654.627,9.79,0.000,575.045,5.88,0.000,518.568,9.79,0.000,410.747,3.92,0.000,575.045,10.77
8.7108,0.000,13462.360,7.17,10.98,0.00,0.000,328.200,6.85,0.000,492.300,7.82,0.000,451.275,7.82,0.000,248.714,3.91,0.000,451.275,7.82,0.000,287.175,3.91,0.000,410.250,4.89,0.000,533.325,6.85,0.000,287.175,4.89,0.000,410.250,5.87,0.000,285.973,2.93,0.000,533.325,9.78,0.000,568.380,8.80,0.000,492.300,9.78,0.000,410.250,6.85,0.000,574.350,10.76,0.000,441.018,5.87,0.000,474.351,7.82,0.000,123.075,0.98,0.000,820.499,13.69,0.000,492.300,9.78,0.000,451.275,6.85,0.000,533.325,10.76,0.000,584.606,8.80,0.000,328.200,3.91,0.000,684.604,11.74,0.000,246.150,3.91,0.000,533.845,8.80,0.000,574.350,5.87,0.000,410.250,6.85
8.8136,0.000,12727.804,7.23,14.11,0.00,0.000,448.683,6.81,0.000,407.894,6.81,0.000,734.209,10.70,0.000,364.555,5.83,0.000,407.894,6.81,0.000,367.105,3.89,0.000,326.315,4.86,0.000,530.262,10.70,0.000,571.051,10.70,0.000,326.315,6.81,0.000,245.931,4.86,0.000,203.947,3.89,0.000,373.040,5.83,0.000,448.683,6.81,0.000,530.262,9.72,0.000,407.894,5.83,0.000,418.091,7.78,0.000,466.529,9.72,0.000,367.105,6.81,0.000,326.315,4.86,0.000,407.894,5.83,0.000,571.051,8.75,0.000,367.105,7.78,0.000,479.275,6.81,0.000,407.894,7.78,0.000,502.219,6.81,0.000,407.894,6.81,0.000,578.182,9.72,0.000,407.894,13.61,0.000,326.315,2.92
8.9159,0.000,15756.776,10.37,19.49,0.00,0.000,861.699,12.72,0.000,738.599,18.59,0.000,615.499,8.80,0.000,328.266,5.87,0.000,410.333,7.83,0.000,369.299,4.89,0.000,820.665,17.61,0.000,574.466,9.78,0.000,328.266,5.87,0.000,492.399,6.85,0.000,615.499,7.83,0.000,697.566,12.72,0.000,533.433,8.80,0.000,738.599,14.67,0.000,246.200,4.89,0.000,533.433,10.76,0.000,369.299,6.85,0.000,410.333,7.83,0.000,492.399,6.85,0.000,656.532,12.72,0.000,451.366,7.83,0.000,451.366,8.80,0.000,369.299,8.80,0.000,615.499,9.78,0.000,205.166,4.89,0.000,615.499,10.76,0.000,615.499,11.74,0.000,451.366,10.76,0.000,820.665,38.15,0.000,328.266,6.85
9.0185,0.000,9157.935,4.84,25.35,0.00,0.000,204.418,2.92,0.000,367.953,5.85,0.000,531.487,9.75,0.000,245.302,3.90,0.000,531.487,5.85,0.000,367.953,4.87,0.000,204.418,1.95,0.000,327.069,4.87,0.000,122.651,1.95,0.000,286.185,5.85,0.000,245.302,4.87,0.000,367.953,5.85,0.000,367.953,5.85,0.000,245.302,3.90,0.000,367.953,4.87,0.000,204.418,1.95,0.000,204.418,2.92,0.000,286.185,3.90,0.000,327.069,5.85,0.000,286.185,2.92,0.000,286.185,5.85,0.000,204.418,3.90,0.000,367.953,6.82,0.000,245.302,4.87,0.000,367.953,4.87,0.000,245.302,4.87,0.000,449.720,7.80,0.000,286.185,5.85,0.000,204.418,3.90,0.000,408.836,5.85
9.1208,0.000,3935.471,2.61,19.66,0.00,0.000,81.989,0.98,0.000,163.978,2.93,0.000,122.983,0.00,0.000,81.989,0.98,0.000,163.978,4.89,0.000,40.994,0.98,0.000,163.978,2.93,0.000,81.989,0.98,0.000,122.983,3.91,0.000,122.983,0.00,0.000,204.972,3.91,0.000,81.989,0.98,0.000,163.978,3.91,0.000,0.000,0.00,0.000,122.983,1.95,0.000,327.956,4.89,0.000,81.989,1.95,0.000,81.989,2.93,0.000,122.983,2.93,0.000,81.989,2.93,0.000,81.989,1.95,0.000,40.994,2.93,0.000,245.967,4.89,0.000,122.983,2.93,0.000,122.983,1.95,0.000,204.972,2.93,0.000,81.989,0.98,0.000,163.978,3.91,0.000,163.978,3.91,0.000,286.961,6.84
9.2231,0.000,6393.873,5.86,7.29,0.23,0.000,81.973,1.95,0.000,286.905,5.86,0.000,245.918,7.82,0.000,204.932,5.86,0.000,81.973,1.95,0.000,163.945,4.89,0.000,245.918,5.86,0.000,245.918,3.91,0.000,163.945,4.89,0.000,204.932,3.91,0.000,163.945,3.91,0.000,286.905,8.79,0.000,204.932,5.86,0.000,122.959,5.86,0.000,245.918,6.84,0.000,163.945,5.86,0.000,286.905,6.84,0.000,122.959,5.86,0.000,450.850,11.73,0.000,286.905,6.84,0.000,163.945,3.91,0.000,327.891,8.79,0.000,204.932,9.77,0.000,122.959,3.91,0.000,122.959,2.93,0.000,286.905,7.82,0.000,286.905,5.86,0.000,245.918,6.84,0.000,163.945,3.91,0.000,204.932,6.84
9.3249,3747.764,0.000,8.12,1.83,0.00,123.631,0.000,6.88,144.190,0.000,12.77,205.985,0.000,12.77,164.788,0.000,11.79,164.708,0.000,10.80,199.106,0.000,11.79,123.591,0.000,4.91,0.000,0.000,0.98,188.887,0.000,7.86,239.458,0.000,9.82,164.788,0.000,7.86,92.693,0.000,6.88,82.434,0.000,5.89,41.197,0.000,8.84,72.095,0.000,7.86,123.591,0.000,6.88,205.985,0.000,14.73,123.591,0.000,8.84,92.693,0.000,9.82,164.788,0.000,8.84,41.197,0.000,4.91,82.394,0.000,3.93,41.197,0.000,1.96,0.000,0.000,0.00,123.229,0.000,8.84,41.197,0.000,2.95,82.394,0.000,7.86,123.591,0.000,9.82,247.182,0.000,10.80,247.182,0.000,15.72
9.4273,54187.908,0.000,78.39,19.91,1.14,1639.081,0.000,81.09,1736.401,0.000,78.16,1781.180,0.000,83.04,2023.921,0.000,85.97,1760.091,0.000,85.97,2208.477,0.000,90.86,1664.691,0.000,77.18,1721.035,0.000,43.96,1615.111,0.000,53.73,1954.092,0.000,77.18,1925.920,0.000,78.16,1932.083,0.000,78.16,1703.107,0.000,73.27,1541.760,0.000,71.32,2071.901,0.000,86.95,1987.025,0.000,83.04,1823.477,0.000,82.07,1672.455,0.000,79.13,1833.722,0.000,83.04,1733.840,0.000,81.09,1598.104,0.000,75.23,1661.010,0.000,78.16,1925.920,0.000,82.07,1687.741,0.000,77.18,1939.085,0.000,84.02,1613.470,0.000,73.27,2233.248,0.000,89.88,1330.072,0.000,66.43,1828.159,0.000,84.02,2041.728,0.000,87.93
9.5311,66548.710,0.000,81.65,19.51,2.83,2282.654,0.000,78.96,2355.108,0.000,94.37,1979.392,0.000,80.89,2521.628,0.000,100.00,2324.265,0.000,93.40,2297.918,0.000,95.33,2054.724,0.000,85.70,1817.446,0.000,39.48,2218.799,0.000,41.41,2120.354,0.000,56.81,1675.301,0.000,63.55,2285.928,0.000,59.70,1996.667,0.000,52.00,2170.918,0.000,100.00,1966.376,0.000,52.00,2168.669,0.000,100.00,2047.151,0.000,92.44,2177.504,0.000,100.00,2122.878,0.000,100.00,2295.039,0.000,100.00,2008.184,0.000,93.40,2845.913,0.000,86.66,2292.002,0.000,100.00,2213.751,0.000,77.03,2479.820,0.000,83.77,2582.288,0.000,83.77,2135.500,0.000,75.11,2266.128,0.000,79.92,2532.238,0.000,94.37,2314.168,0.000,89.55
9.6369,64404.452,0.000,76.04,20.78,2.21,1869.523,0.000,57.64,2016.411,0.000,68.04,2359.149,0.000,67.09,2741.639,0.000,87.88,1922.278,0.000,69.93,2115.497,0.000,69.93,1922.278,0.000,70.87,2259.172,0.000,49.14,2397.119,0.000,51.97,1857.872,0.000,56.70,1729.524,0.000,60.48,2033.751,0.000,58.59,1758.786,0.000,51.97,2161.247,0.000,99.22,2702.585,0.000,70.87,2161.208,0.000,98.28,1852.918,0.000,86.94,2165.853,0.000,98.28,2181.258,0.000,97.33,2296.717,0.000,98.28,2312.277,0.000,99.22,2229.447,0.000,67.09,2215.706,0.000,94.50,2345.873,0.000,77.49,2453.862,0.000,86.94,2085.771,0.000,80.32,2060.999,0.000,85.05,2366.039,0.000,92.61,2246.787,0.000,73.71,1582.907,0.000,54.81
9.7402,65757.677,0.000,75.54,21.69,2.08,2084.272,0.000,62.95,2208.669,0.000,78.44,1513.065,0.000,56.17,2315.294,0.000,75.54,1946.548,0.000,71.66,2908.755,0.000,89.10,1859.677,0.000,63.92,2511.567,0.000,50.36,1648.409,0.000,31.96,1929.491,0.000,51.33,2148.057,0.000,64.89,2343.220,0.000,61.01,2300.062,0.000,62.95,2225.170,0.000,100.00,2226.440,0.000,52.30,2192.961,0.000,100.00,2368.607,0.000,99.75,2208.669,0.000,100.00,2214.539,0.000,100.00,2139.251,0.000,92.97,2231.517,0.000,93.94,2142.663,0.000,69.73,2164.360,0.000,94.91,2185.820,0.000,69.73,2533.622,0.000,85.22,2140.124,0.000,75.54,2155.356,0.000,74.57,2060.829,0.000,73.60,2124.892,0.000,75.54,2725.770,0.000,88.13
9.8466,64019.808,0.000,73.46,21.74,2.32,2086.745,0.000,82.70,1717.191,0.000,55.45,2552.382,0.000,71.43,2404.561,0.000,61.09,1579.841,0.000,47.93,2262.244,0.000,62.97,1624.726,0.000,46.99,2608.277,0.000,48.87,1576.761,0.000,31.95,2390.394,0.000,57.33,2118.773,0.000,85.52,1957.439,0.000,46.99,2038.202,0.000,60.15,2192.876,0.000,98.68,2145.873,0.000,55.45,2236.414,0.000,98.68,2350.359,0.000,96.80,2235.297,0.000,98.68,2242.304,0.000,98.68,2291.192,0.000,95.86,2347.896,0.000,98.68,2217.012,0.000,86.46,1933.996,0.000,84.58,2318.408,0.000,90.22,2479.742,0.000,86.46,2283.840,0.000,85.52,2146.874,0.000,81.76,1836.064,0.000,72.37,1998.052,0.000,61.09,1846.073,0.000,54.51
9.9516,66806.725,0.000,72.18,20.39,2.67,1720.838,0.000,61.93,1878.186,0.000,59.07,2178.755,0.000,62.88,2025.466,0.000,62.88,2320.259,0.000,71.46,2010.558,0.000,62.88,1958.109,0.000,60.98,1638.418,0.000,36.20,2393.977,0.000,46.68,2476.905,0.000,61.93,2567.520,0.000,81.94,2571.228,0.000,59.07,2249.585,0.000,60.02,2317.566,0.000,100.00,1940.626,0.000,52.40,2313.976,0.000,100.00,2442.641,0.000,84.80,2307.654,0.000,100.00,2302.815,0.000,100.00,1808.878,0.000,70.50,2455.129,0.000,87.65,2632.770,0.000,82.89,2422.660,0.000,86.70,2167.828,0.000,74.31,1876.898,0.000,69.55,2340.240,0.000,78.13,2237.370,0.000,74.31,2614.350,0.000,82.89,1918.147,0.000,58.12,2717.375,0.000,75.27
10.0573,64607.033,0.000,71.26,21.91,2.15,2376.145,0.000,92.70,2182.039,0.000,53.92,1328.208,0.000,35.94,2397.841,0.000,76.62,2313.457,0.000,75.67,2050.621,0.000,68.10,2459.753,0.000,79.45,2182.039,0.000,48.24,1987.353,0.000,44.46,2102.692,0.000,55.81,1948.958,0.000,82.29,2534.141,0.000,66.21,2340.733,0.000,59.59,2370.488,0.000,99.32,1666.284,0.000,48.24,2334.108,0.000,100.00,1839.856,0.000,60.54,2358.439,0.000,100.00,2360.531,0.000,100.00,2255.032,0.000,70.94,1785.305,0.000,61.48,2310.978,0.000,91.75,2087.815,0.000,70.00,2378.004,0.000,92.70,2172.121,0.000,71.89,2374.091,0.000,78.51,2322.833,0.000,79.45,2023.345,0.000,69.05,1859.499,0.000,53.92,1904.325,0.000,51.08
10.1639,63606.694,0.000,75.87,22.22,1.59,2129.098,0.000,100.00,2144.693,0.000,66.58,1743.694,0.000,68.46,1708.971,0.000,57.20,1945.653,0.000,58.14,1841.216,0.000,60.95,1931.211,0.000,62.83,2320.572,0.000,52.51,2359.903,0.000,55.33,2674.557,0.000,79.71,2052.624,0.000,98.46,2160.326,0.000,69.39,2470.524,0.000,75.02,2664.033,0.000,99.40,2281.240,0.000,73.14,2656.581,0.000,98.46,1705.361,0.000,62.83,2391.054,0.000,96.59,2118.997,0.000,86.27,2068.411,0.000,71.27,1987.404,0.000,62.83,2052.624,0.000,98.46,1720.071,0.000,67.52,2117.729,0.000,100.00,2138.662,0.000,82.52,1967.930,0.000,78.77,2314.272,0.000,90.02,1809.259,0.000,75.96,2129.022,0.000,62.83,2001.001,0.000,64.70
10.2680,64447.873,0.000,81.54,22.32,1.87,2263.986,0.000,99.95,2450.266,0.000,100.00,2377.518,0.000,98.99,2113.292,0.000,78.81,2228.478,0.000,82.65,1917.288,0.000,74.00,1995.666,0.000,77.85,2096.168,0.000,47.09,1934.924,0.000,47.09,2425.072,0.000,73.04,1860.365,0.000,94.19,2545.099,0.000,80.73,2184.348,0.000,70.16,2386.611,0.000,92.26,2504.316,0.000,77.85,2944.272,0.000,100.00,1872.608,0.000,74.00,1602.202,0.000,72.08,1841.745,0.000,76.89,1886.779,0.000,70.16,1953.899,0.000,73.04,2292.369,0.000,98.99,2321.106,0.000,77.85,2226.667,0.000,96.11,1831.785,0.000,78.81,2203.992,0.000,89.38,1843.122,0.000,74.00,1945.002,0.000,80.73,2270.009,0.000,97.07,2128.921,0.000,92.26
10.3744,62629.456,0.000,77.85,24.87,1.04,2214.089,0.000,99.59,2430.819,0.000,86.43,2246.106,0.000,85.49,2066.319,0.000,69.52,2253.495,0.000,69.52,2241.181,0.000,67.64,1719.752,0.000,56.37,1930.863,0.000,43.22,2122.965,0.000,47.91,1958.570,0.000,53.55,2201.121,0.000,99.59,2086.022,0.000,55.43,1379.188,0.000,44.16,1712.518,0.000,78.92,1840.316,0.000,48.85,2463.606,0.000,99.59,1802.373,0.000,71.40,2398.802,0.000,98.65,2106.725,0.000,90.19,2081.404,0.000,79.86,2246.106,0.000,81.74,2199.928,0.000,99.59,1948.103,0.000,71.40,2196.426,0.000,99.59,2035.418,0.000,93.01,2286.012,0.000,98.65,2075.516,0.000,91.13,2285.088,0.000,99.59,2078.634,0.000,78.92,2021.988,0.000,76.10
10.4794,65313.811,0.000,73.89,20.52,2.54,2284.200,0.000,99.98,1824.708,0.000,60.94,1854.662,0.000,59.04,2029.824,0.000,58.09,2231.585,0.000,61.89,2023.817,0.000,58.09,1947.021,0.000,59.04,2276.517,0.000,41.90,2086.807,0.000,41.90,2042.383,0.000,58.09,2306.120,0.000,99.98,2060.987,0.000,58.09,2234.082,0.000,61.89,2515.292,0.000,88.56,2016.329,0.000,58.09,2824.545,0.000,94.27,2132.167,0.000,67.61,2306.510,0.000,84.75,1817.141,0.000,72.37,1901.309,0.000,59.99,2393.837,0.000,72.37,2281.236,0.000,99.98,1957.006,0.000,64.75,2291.299,0.000,99.98,2273.279,0.000,99.03,2279.013,0.000,99.98,2302.141,0.000,100.00,2289.427,0.000,99.98,2293.990,0.000,69.51,2236.578,0.000,66.66
10.5850,65076.287,0.000,80.92,21.20,2.29,2223.735,0.000,100.00,1914.214,0.000,78.59,2215.203,0.000,84.27,2054.722,0.000,80.48,2151.949,0.000,81.43,2028.427,0.000,78.59,2501.920,0.000,93.74,1881.404,0.000,38.82,2020.400,0.000,43.55,2101.067,0.000,59.65,2211.945,0.000,100.00,2063.836,0.000,56.81,2305.837,0.000,61.54,2348.032,0.000,93.74,2420.710,0.000,60.60,2201.590,0.000,92.79,2725.305,0.000,87.11,2162.536,0.000,88.06,2277.565,0.000,91.84,1812.915,0.000,70.07,1809.424,0.000,70.07,2216.172,0.000,100.00,1658.445,0.000,61.54,2233.702,0.000,100.00,2441.885,0.000,99.42,2151.949,0.000,92.79,1859.065,0.000,83.32,2455.769,0.000,100.00,2561.489,0.000,94.68,2065.077,0.000,84.27
10.6921,65276.138,0.000,74.26,21.35,2.16,2409.406,0.000,99.94,2080.760,0.000,63.52,2444.949,0.000,70.05,1802.157,0.000,49.51,1882.961,0.000,52.31,2037.221,0.000,56.04,2235.557,0.000,59.78,1859.737,0.000,38.30,1892.755,0.000,42.03,2393.490,0.000,57.91,2202.042,0.000,93.41,2303.735,0.000,56.98,2047.016,0.000,45.77,2227.522,0.000,87.80,2090.555,0.000,55.11,2386.030,0.000,92.47,2326.154,0.000,86.87,2482.175,0.000,92.47,2154.753,0.000,84.07,2310.927,0.000,87.80,1811.990,0.000,70.99,2380.597,0.000,99.94,2230.239,0.000,83.13,2142.511,0.000,93.41,2374.361,0.000,100.00,2336.025,0.000,100.00,2069.053,0.000,90.60,2344.748,0.000,99.01,2018.666,0.000,59.78,1998.044,0.000,58.85
10.7984,64902.913,0.000,78.20,21.95,1.86,2418.389,0.000,99.68,2342.159,0.000,78.99,1883.743,0.000,62.07,1905.236,0.000,63.95,1940.173,0.000,65.83,1774.964,0.000,60.19,2048.605,0.000,67.71,2619.267,0.000,60.19,2433.180,0.000,56.42,2090.514,0.000,70.53,1952.538,0.000,86.52,2632.864,0.000,80.88,2001.765,0.000,68.65,1760.866,0.000,64.89,1947.376,0.000,68.65,1966.135,0.000,70.53,1903.156,0.000,73.35,2329.294,0.000,79.93,2260.614,0.000,78.99,2704.355,0.000,91.22,2033.775,0.000,78.99,2451.246,0.000,100.00,2341.967,0.000,80.88,1888.365,0.000,83.70,2165.857,0.000,99.68,2198.907,0.000,99.68,2184.192,0.000,99.68,2190.895,0.000,100.00,1990.864,0.000,73.35,2541.650,0.000,80.88
10.9038,65348.976,0.000,76.87,21.14,2.33,2236.341,0.000,94.93,2055.232,0.000,75.94,2231.676,0.000,78.79,2254.888,0.000,76.89,2429.660,0.000,81.64,2222.150,0.000,74.99,1453.231,0.000,55.06,2140.032,0.000,42.72,1831.469,0.000,38.92,1592.582,0.000,41.77,2345.287,0.000,95.87,1995.704,0.000,49.36,2199.754,0.000,46.51,2391.361,0.000,99.67,1918.564,0.000,51.26,2324.174,0.000,97.77,1610.001,0.000,56.01,2095.591,0.000,88.28,2371.454,0.000,97.77,2072.845,0.000,71.19,2493.386,0.000,78.79,2460.220,0.000,99.67,2311.732,0.000,76.89,2436.153,0.000,100.00,2539.966,0.000,98.72,2250.961,0.000,92.08,2097.807,0.000,86.38,2532.501,0.000,99.67,2042.984,0.000,74.99,2411.269,0.000,83.53
11.0091,65763.675,0.000,81.16,22.41,2.01,2293.970,0.000,94.03,1957.089,0.000,77.89,2666.838,0.000,94.03,2128.895,0.000,75.04,1973.507,0.000,69.34,2227.870,0.000,78.84,2161.575,0.000,75.99,1593.559,0.000,37.99,2499.895,0.000,49.39,1952.110,0.000,56.99,1882.391,0.000,80.74,1598.539,0.000,42.74,2659.251,0.000,74.09,2534.755,0.000,99.73,2502.385,0.000,68.39,2148.814,0.000,91.18,2158.774,0.000,89.28,2056.765,0.000,89.28,2069.370,0.000,89.28,2253.781,0.000,93.08,2193.633,0.000,91.18,2539.501,0.000,99.73,2153.794,0.000,89.28,2290.741,0.000,92.13,2442.666,0.000,100.00,2105.046,0.000,89.28,2027.197,0.000,87.38,2423.213,0.000,99.73,2186.164,0.000,77.89,2081.586,0.000,80.74
11.1143,64581.590,0.000,84.96,22.35,1.79,1958.456,0.000,88.34,2256.061,0.000,97.84,2231.121,0.000,100.00,1857.608,0.000,75.99,2211.200,0.000,88.34,1908.032,0.000,78.84,2101.325,0.000,82.64,2430.328,0.000,53.19,1484.094,0.000,39.90,2320.764,0.000,64.59,2225.091,0.000,91.19,1982.112,0.000,56.04,2510.011,0.000,69.34,2182.487,0.000,100.00,2059.383,0.000,56.04,2096.656,0.000,99.74,1835.197,0.000,81.69,2138.910,0.000,98.79,2198.517,0.000,100.00,2467.291,0.000,96.89,2124.553,0.000,89.29,2445.191,0.000,92.14,2143.968,0.000,87.39,2156.418,0.000,92.14,2504.992,0.000,100.00,1957.484,0.000,90.24,1903.441,0.000,84.54,2551.837,0.000,100.00,2131.518,0.000,95.94,2207.543,0.000,97.84
11.2203,64384.733,0.000,85.79,22.39,2.16,2247.828,0.000,97.22,2254.052,0.000,100.00,2229.271,0.000,98.16,2110.508,0.000,83.06,1924.517,0.000,78.34,2229.271,0.000,90.61,2292.982,0.000,92.50,2058.550,0.000,46.25,1939.787,0.000,45.30,2088.240,0.000,64.18,2284.748,0.000,98.16,2454.425,0.000,67.96,2573.187,0.000,71.73,2233.060,0.000,98.16,1872.906,0.000,57.57,2044.052,0.000,91.55,2072.506,0.000,90.61,2001.643,0.000,90.61,2296.075,0.000,99.10,2220.804,0.000,95.33,2169.387,0.000,93.44,1715.136,0.000,80.23,2028.859,0.000,86.83,2320.817,0.000,99.10,1880.406,0.000,86.83,2310.649,0.000,96.27,1870.161,0.000,84.95,2450.868,0.000,99.10,2051.359,0.000,94.38,2158.678,0.000,96.27
11.3262,62969.276,0.000,85.48,23.51,1.51,2023.048,0.000,93.48,2240.552,0.000,98.20,2192.983,0.000,98.20,1851.412,0.000,84.98,2244.767,0.000,98.20,1994.971,0.000,90.64,2327.259,0.000,100.00,2138.529,0.000,57.60,1787.058,0.000,43.43,1821.710,0.000,57.60,2368.718,0.000,94.42,2192.983,0.000,66.09,2138.529,0.000,61.37,1454.769,0.000,69.87,2544.454,0.000,75.54,2046.601,0.000,84.03,2032.601,0.000,89.70,2361.293,0.000,95.36,2480.100,0.000,96.31,2346.442,0.000,99.14,2371.193,0.000,99.14,1892.987,0.000,86.87,1600.455,0.000,80.26,2138.529,0.000,93.48,2034.573,0.000,88.75,2329.116,0.000,98.20,1706.732,0.000,77.42,2373.668,0.000,99.14,1724.947,0.000,88.75,2208.298,0.000,98.20
11.4300,62398.086,0.000,82.57,23.29,2.23,2153.873,0.000,90.58,2194.527,0.000,100.00,2190.106,0.000,100.00,2180.002,0.000,94.43,2425.662,0.000,100.00,1609.109,0.000,75.16,2377.035,0.000,99.25,2023.385,0.000,43.36,1854.138,0.000,38.54,1828.877,0.000,49.14,2303.779,0.000,93.47,1934.972,0.000,51.07,2247.100,0.000,61.67,2235.930,0.000,100.00,2132.006,0.000,55.89,1940.814,0.000,89.62,1538.774,0.000,72.27,2235.575,0.000,100.00,1849.125,0.000,88.65,2509.536,0.000,98.29,2153.280,0.000,89.62,2344.196,0.000,96.36,1916.224,0.000,86.73,1952.655,0.000,84.80,1385.551,0.000,63.60,2081.485,0.000,84.80,2425.031,0.000,90.58,2230.523,0.000,86.73,2202.736,0.000,100.00,1942.077,0.000,92.51
11.5370,38214.028,0.048,51.88,26.07,1.03,1257.689,0.000,43.93,1592.690,0.000,69.17,1239.082,0.000,61.69,1072.194,0.000,53.28,1129.585,0.000,52.34,1516.731,0.000,61.69,1367.263,0.000,57.02,1016.871,0.000,28.98,1136.936,0.000,27.11,1573.088,0.048,49.54,1259.450,0.000,45.80,1435.871,0.000,44.87,1231.119,0.000,42.06,1249.917,0.000,61.69,1338.587,0.000,46.74,1094.515,0.000,57.95,1195.743,0.000,52.34,1134.485,0.000,56.08,1511.601,0.000,65.43,1641.466,0.000,63.56,1146.162,0.000,51.41,1199.763,0.000,43.93,1100.219,0.000,51.41,1021.198,0.000,38.32,1231.272,0.000,51.41,1210.444,0.000,48.61,1126.177,0.000,49.54,1178.590,0.000,49.54,1966.398,0.000,73.84,1038.924,0.000,57.02
11.6434,43234.147,0.000,71.76,29.38,2.95,1225.439,0.000,44.14,1375.320,0.000,91.10,1585.946,0.000,98.62,1552.246,0.000,98.62,1415.714,0.000,90.17,1572.097,0.000,98.62,1575.752,0.000,99.56,1063.632,0.000,21.60,1221.208,0.000,27.24,1313.729,0.000,32.87,1538.820,0.000,59.17,1580.676,0.000,42.26,1383.707,0.000,30.99,1450.184,0.000,97.68,1451.915,0.000,32.87,1467.457,0.000,98.62,1480.653,0.000,98.62,1324.616,0.000,90.17,1475.382,0.000,98.62,1467.573,0.000,98.62,1297.071,0.000,91.10,1428.910,0.000,55.41,1496.464,0.000,98.62,1386.746,0.000,55.41,1671.774,0.000,59.17,1610.221,0.000,52.60,1625.956,0.000,56.35,1048.860,0.000,38.51,1559.709,0.000,96.74,1586.369,0.000,98.62
11.7483,35982.586,23903.049,89.29,26.72,2.94,1087.948,850.289,83.95,1257.967,751.701,100.00,1240.852,735.250,100.00,1372.889,675.230,100.00,1210.412,737.751,100.00,1316.659,682.732,100.00,1103.735,770.262,100.00,920.313,1440.490,57.24,1360.463,1400.476,67.73,1131.439,865.294,72.50,1065.362,757.758,78.23,1120.381,1012.844,76.32,1235.420,984.085,80.14,1222.916,670.228,100.00,1080.367,880.299,74.41,1164.576,721.573,100.00,1199.470,682.732,100.00,1352.960,603.916,98.26,1096.701,740.760,96.35,1191.538,718.057,100.00,1204.589,625.213,95.40,1465.498,780.265,88.72,1195.406,714.110,100.00,1022.848,652.722,68.69,1317.948,767.761,91.58,1260.077,703.638,84.91,1287.938,796.873,87.77,1042.855,770.262,82.04,1169.890,685.233,94.45,1283.171,725.247,100.00
11.8535,39994.048,14447.739,80.28,27.64,2.85,1561.226,348.616,70.29,1270.933,486.623,85.49,1128.023,861.581,97.84,1418.511,682.292,99.74,1330.384,460.672,90.24,1378.202,714.664,100.00,1137.128,547.826,91.19,1474.150,0.000,35.15,1274.940,0.000,30.40,1145.454,134.466,36.10,893.952,1157.905,98.79,1115.573,186.759,38.95,996.047,334.921,33.25,1247.549,766.956,99.74,1235.098,0.000,31.35,1197.552,795.515,99.74,876.638,634.980,100.00,1274.940,235.355,72.19,1634.295,577.201,100.00,1495.432,440.440,100.00,1293.188,493.043,95.94,1688.300,697.233,92.14,1393.493,404.527,100.00,1660.908,744.545,98.79,1558.813,550.316,93.09,1462.049,16.536,64.59,1426.837,840.064,91.19,1631.027,507.984,93.09,1551.849,393.439,94.04,1241.557,433.280,75.04
11.9598,41633.024,25047.287,87.21,27.77,3.09,987.143,862.555,72.49,1601.639,724.085,98.85,1310.432,789.714,98.85,1624.699,686.064,99.79,1366.537,814.393,98.85,1412.925,787.247,99.79,1404.442,769.972,98.85,1403.054,1618.914,65.90,1460.972,1263.543,64.02,1233.929,1053.775,76.25,1214.186,710.743,73.43,1280.548,837.876,69.66,1152.489,1073.518,75.31,1419.018,731.990,99.79,1660.868,1024.161,77.20,1407.180,740.781,99.79,1310.317,805.408,98.85,1438.838,730.486,99.79,1443.697,750.229,99.79,1520.123,723.082,98.85,1373.208,698.404,94.14,1446.164,742.170,79.08,1474.275,750.229,99.79,1493.054,784.933,81.90,1488.118,757.632,75.31,1051.307,888.506,77.20,1303.029,755.164,75.31,1470.843,683.597,74.37,1505.393,740.357,99.79,1374.597,747.761,93.20
12.0644,8168.931,13055.527,15.80,6.57,0.08,160.356,286.847,9.56,40.089,307.165,12.43,283.128,200.444,12.43,528.672,345.767,13.38,0.000,95.211,3.82,80.178,443.483,13.38,17.304,300.667,11.47,98.891,0.000,1.91,40.089,120.267,2.87,80.178,212.972,5.73,160.356,0.000,3.82,423.713,632.613,21.98,132.873,433.461,10.51,902.000,459.495,31.54,358.294,563.750,16.25,1586.486,410.529,38.23,310.689,545.311,20.07,523.583,461.022,24.85,626.389,1002.222,33.45,42.673,749.161,21.03,289.548,934.572,26.76,175.389,569.475,15.29,228.006,40.089,4.78,117.761,485.921,14.34,210.467,754.172,21.03,197.939,621.299,20.07,0.000,355.789,11.47,190.422,548.717,19.12,255.567,651.444,17.20,107.895,523.661,15.29
12.1664,702.344,259.589,0.92,1.15,0.00,41.123,0.000,0.98,10.361,0.000,1.96,0.000,0.000,0.00,0.000,0.000,0.00,0.000,0.000,0.00,41.123,0.000,1.96,0.000,0.000,0.00,0.000,0.000,0.00,17.991,0.000,1.96,164.492,82.246,3.92,41.123,17.991,0.98,41.123,0.000,0.98,20.481,0.000,0.98,0.000,0.000,0.00,0.000,0.000,0.98,0.000,0.000,0.00,11.847,0.000,0.98,0.000,0.000,0.00,41.123,23.132,2.94,0.000,0.000,0.00,0.000,0.000,0.00,0.000,0.000,0.00,10.281,0.000,1.96,0.000,0.000,0.00,41.123,0.000,0.00,41.123,0.000,0.00,82.246,97.667,3.92,76.383,38.553,2.94,0.000,0.000,0.00,20.401,0.000,0.00
12.2686,358.396,11273.785,7.24,6.97,0.00,0.000,451.260,6.85,30.688,287.166,5.87,0.000,148.711,4.89,10.296,492.284,8.80,0.000,615.355,8.80,0.000,216.416,2.93,20.512,410.237,9.78,0.000,205.118,6.85,23.076,410.282,10.76,0.000,192.579,1.96,0.000,392.289,5.87,0.000,246.142,3.91,82.047,328.189,8.80,0.000,574.332,10.76,29.326,369.213,6.85,0.000,369.213,7.82,29.205,492.284,9.78,41.024,123.071,3.91,0.000,305.114,3.91,41.024,533.308,10.76,0.000,287.166,5.87,0.000,637.029,9.78,30.768,205.118,5.87,0.000,328.189,8.80,0.000,410.237,6.85,0.000,574.332,11.74,0.000,435.877,7.82,20.432,576.896,6.85,0.000,369.213,7.82,0.000,287.166,5.87
12.3706,878.074,1680.919,1.70,1.92,0.00,41.121,0.000,0.98,0.000,41.121,0.00,0.000,15.420,0.00,71.921,123.363,3.92,0.000,123.363,1.96,52.485,70.917,0.98,20.560,82.242,1.96,41.121,123.363,2.94,41.121,0.025,0.00,0.000,53.690,0.98,0.000,0.000,0.00,0.000,82.242,0.98,41.121,41.121,0.98,41.121,82.242,0.00,130.912,41.121,11.76,0.000,82.242,1.96,41.121,0.000,0.98,0.000,0.000,0.00,82.242,0.000,3.92,41.121,82.242,1.96,0.000,82.242,1.96,41.121,101.638,1.96,0.000,82.242,0.98,0.000,82.242,0.98,41.121,82.242,2.94,41.121,0.000,0.00,0.000,82.242,1.96,108.745,41.121,2.94,0.000,41.121,0.98,0.000,41.121,0.00
12.4724,36192.314,1318.224,66.03,25.23,1.96,1155.940,41.195,72.68,1114.826,41.195,52.05,976.077,41.195,48.13,1204.256,82.389,78.57,1166.320,82.389,78.57,1361.792,82.389,78.57,1117.401,41.195,67.77,1441.808,0.000,42.23,1235.835,41.195,33.39,1112.252,0.000,44.20,1292.478,0.000,74.64,1483.002,41.195,55.98,1194.641,0.000,49.11,1228.111,0.000,77.59,1322.408,0.000,49.11,1037.466,41.195,74.64,1086.505,82.389,75.63,1112.252,0.000,73.66,957.772,82.389,73.66,1112.252,41.195,76.61,1307.926,0.000,73.66,1081.718,41.195,73.66,1056.937,41.195,75.63,1240.341,0.000,73.66,1338.822,123.584,75.63,1350.206,0.000,64.82,1441.808,41.195,75.63,1089.080,123.584,70.72,1305.351,123.584,61.88,1266.731,82.389,58.93
12.5783,41460.751,3047.461,82.06,32.46,2.83,1554.635,116.692,87.82,1346.623,101.453,88.76,1250.043,51.984,76.49,1452.524,136.148,100.00,1462.967,98.320,96.32,1594.280,79.213,100.00,1046.325,136.148,83.10,1901.115,165.852,50.05,1069.377,133.672,32.11,1544.656,39.607,60.43,1253.099,86.639,78.38,1158.492,54.459,53.82,1425.836,42.082,62.32,1425.836,34.037,100.00,1386.229,89.115,60.43,1440.804,62.581,100.00,1370.758,99.016,100.00,1309.492,126.246,100.00,1238.517,160.902,100.00,1319.393,141.098,100.00,1311.967,123.770,100.00,1455.193,69.311,82.15,1335.445,126.246,100.00,1503.192,69.311,83.10,1802.098,57.399,85.93,1350.529,200.508,71.77,1188.197,126.246,66.10,1096.606,128.721,61.38,1262.459,76.815,81.21,1604.065,113.869,100.00
12.6845,36028.991,31474.629,91.30,25.30,3.01,1120.779,910.595,89.46,1103.499,609.802,77.22,1411.852,935.629,97.94,1514.495,1029.438,99.82,836.882,1202.554,99.82,1499.451,1023.459,99.82,962.167,1246.682,99.82,1303.461,1217.058,56.50,910.942,1249.151,50.85,1342.960,1263.963,83.81,1211.580,1162.747,99.82,1254.088,1091.155,80.05,1012.158,1261.494,80.05,1231.870,1032.524,97.94,1162.747,780.102,69.69,1150.403,1075.649,100.00,1281.783,1046.719,99.82,1134.049,1082.862,99.82,1302.651,985.002,99.82,1106.584,1049.188,98.88,1189.902,1096.671,99.82,1199.777,1155.341,99.82,1162.747,1088.687,99.82,1288.804,1128.764,100.00,1328.148,1048.725,98.88,1202.246,1140.915,99.82,1194.840,1113.373,99.82,1033.411,1056.594,97.94,1281.128,871.366,91.35,1293.587,518.422,70.63
12.7903,40930.982,9585.040,74.46,31.15,2.63,1110.308,228.010,65.23,872.385,203.226,43.49,1467.192,215.666,61.45,1472.149,614.683,77.52,1172.267,327.531,57.67,1604.045,479.433,74.69,1312.449,198.269,58.62,1387.885,237.923,39.71,1147.483,203.226,32.14,1677.853,245.358,59.56,1474.628,718.726,100.00,1330.882,274.634,55.78,1494.493,218.159,53.89,1430.017,86.743,76.58,1449.844,277.577,53.89,1112.786,592.329,99.27,1686.760,193.313,100.00,968.112,650.271,100.00,1918.565,79.308,96.43,1110.695,451.063,100.00,1670.418,170.426,99.27,1469.671,235.948,79.42,1016.130,475.846,100.00,1528.997,661.143,99.27,1250.684,104.091,71.85,1417.625,515.181,100.00,1506.846,446.106,96.43,1547.468,180.921,89.82,1075.727,141.267,44.43,1246.618,158.664,47.27
12.8956,35631.703,34600.666,76.72,26.18,1.86,849.079,1324.663,83.59,1235.024,1110.525,76.94,1115.505,1018.431,75.04,861.529,756.950,56.99,956.147,1426.751,72.19,876.468,756.950,60.79,796.789,1035.826,66.49,796.789,1354.542,52.24,1195.184,1230.044,54.14,943.698,1267.393,71.24,1399.362,1284.823,86.44,1411.811,839.586,60.79,1103.017,1135.449,66.49,1232.534,1227.554,89.29,796.789,1115.505,57.94,2320.649,886.428,98.78,1714.187,1040.806,86.44,2155.961,996.016,98.78,1199.853,1115.505,85.49,1580.118,1454.141,94.98,1070.686,1665.788,95.93,1337.112,1237.008,82.64,1576.149,1364.502,92.14,866.509,1513.900,81.69,869.893,1170.285,72.19,993.497,1237.514,82.64,1025.866,891.408,70.29,1023.377,1093.096,75.99,1030.846,1013.417,75.04,1297.273,1035.860,77.89
12.9979,660.953,0.000,0.46,1.38,0.00,0.000,0.000,0.00,41.007,0.000,1.96,0.000,0.000,0.00,0.000,0.000,0.00,82.013,0.000,0.98,41.007,0.000,0.98,41.007,0.000,0.98,30.154,0.000,1.96,89.662,0.000,0.98,20.503,0.000,0.98,0.000,0.000,0.00,0.000,0.000,0.00,0.000,0.000,0.00,0.000,0.000,0.00,0.000,0.000,0.00,41.007,0.000,0.98,0.000,0.000,0.00,69.559,0.000,0.98,41.007,0.000,0.00,0.000,0.000,0.00,0.000,0.000,0.00,41.007,0.000,0.98,0.000,0.000,0.00,0.000,0.000,0.00,0.000,0.000,0.00,41.007,0.000,0.98,0.000,0.000,0.00,82.013,0.000,0.98,0.000,0.000,0.00,0.000,0.000,0.00
13.0997,10103.975,5270.597,14.40,5.26,0.00,535.295,288.236,21.60,205.883,247.059,14.73,164.706,164.706,11.78,288.236,123.530,10.80,452.942,164.706,14.73,288.236,205.883,14.73,123.530,329.412,12.76,52.074,288.236,9.82,426.845,288.236,12.76,555.883,288.236,15.71,329.412,164.706,13.74,452.942,123.530,14.73,329.412,205.883,13.74,452.942,41.177,14.73,205.883,41.177,8.84,164.706,123.530,8.84,205.883,123.530,12.76,370.589,82.353,14.73,205.883,82.353,9.82,411.765,123.530,16.69,205.883,205.883,14.73,288.236,247.059,15.71,411.765,123.530,15.71,535.295,164.706,19.63,288.236,123.530,14.73,535.295,247.059,18.65,411.765,164.706,16.69,494.118,123.530,18.65,411.765,164.706,15.71,298.570,205.883,13.74
13.2027,6224.478,10429.858,10.91,12.82,0.00,198.098,488.900,12.63,122.225,407.416,11.66,224.835,122.225,9.71,349.805,244.450,11.66,122.225,366.675,7.77,244.450,407.416,12.63,244.450,81.483,7.77,448.158,325.933,10.68,58.964,407.416,7.77,244.450,203.708,7.77,236.572,366.675,10.68,285.191,325.933,11.66,122.225,448.158,9.71,305.562,366.675,15.54,145.460,366.675,11.66,122.225,407.416,10.68,122.225,407.416,10.68,81.483,366.675,11.66,366.675,285.191,12.63,244.450,407.416,13.60,162.967,285.191,7.77,325.933,203.708,10.68,162.967,407.416,11.66,407.416,448.158,19.43,81.483,448.158,10.68,315.310,285.191,10.68,162.967,325.933,10.68,40.742,407.416,6.80,40.742,407.416,8.74,234.225,407.416,11.66
13.3044,27531.000,6596.282,23.52,5.45,0.00,1118.483,206.075,26.53,824.302,247.291,24.57,720.499,206.075,22.60,975.397,206.075,23.58,783.087,288.506,21.62,1071.592,82.430,23.58,863.666,288.506,25.55,783.087,164.860,19.65,1071.592,247.291,27.51,906.732,164.860,19.65,502.550,288.506,16.70,865.517,247.291,21.62,971.533,329.721,23.58,680.049,164.860,19.65,883.227,247.291,21.62,1318.883,123.645,29.48,906.732,247.291,22.60,1030.377,329.721,28.50,659.442,82.430,18.67,741.872,206.075,19.65,906.732,206.413,24.57,1216.006,123.645,25.55,783.087,248.820,22.60,1277.668,123.645,28.50,1165.695,288.506,27.51,917.479,41.215,19.65,1030.377,206.075,25.55,783.087,329.721,25.55,947.947,370.936,25.55,824.302,288.506,23.58
13.4067,12269.666,0.000,13.04,7.29,0.00,318.277,0.000,8.80,517.175,0.000,18.58,302.533,0.000,12.71,361.422,0.000,13.69,492.258,0.000,15.65,243.565,0.000,10.76,371.036,0.000,12.71,461.572,0.000,14.67,410.215,0.000,11.74,697.365,0.000,16.63,164.086,0.000,4.89,328.172,0.000,9.78,425.718,0.000,12.71,512.768,0.000,13.69,369.193,0.000,10.76,533.279,0.000,16.63,287.150,0.000,11.74,369.193,0.000,14.67,382.012,0.000,11.74,574.301,0.000,17.60,451.236,0.000,14.67,371.597,0.000,8.80,369.193,0.000,13.69,430.725,0.000,16.63,511.406,0.000,13.69,328.172,0.000,10.76,574.301,0.000,18.58,451.236,0.000,13.69,264.276,0.000,8.80,396.234,0.000,11.74
13.5145,37712.251,2489.890,72.13,36.06,0.66,913.915,116.714,76.06,1542.276,116.714,80.70,1189.020,116.714,65.86,1303.682,77.809,73.28,1094.190,116.714,71.42,1159.842,155.618,80.70,1402.995,116.714,86.26,1274.048,116.714,38.03,1089.327,38.905,34.32,1167.136,116.714,61.22,1323.020,38.905,87.19,1742.080,116.714,69.57,1207.978,0.000,57.51,1283.850,38.905,75.13,1371.385,77.809,60.29,1595.086,38.905,85.34,911.901,194.523,75.13,1111.211,77.809,81.62,1105.056,116.714,76.99,992.066,116.714,67.71,1461.352,155.618,85.34,1383.201,38.905,87.19,1237.651,38.905,73.28,1578.065,38.905,94.61,1268.197,38.905,72.35,1481.640,38.905,84.41,1137.958,116.714,76.99,1174.431,38.905,71.42,1089.593,38.905,54.73,1120.101,38.905,59.36
13.6220,32525.858,20653.497,94.78,32.71,2.85,1024.412,653.673,100.00,1043.925,658.551,96.77,829.363,753.942,93.97,1021.592,707.332,99.56,1060.999,699.710,99.56,1080.511,691.593,99.56,1063.438,678.330,99.56,1575.644,826.847,75.37,1365.883,975.631,72.57,634.960,877.496,77.23,1175.368,585.379,100.00,1440.389,687.820,92.11,1209.782,748.797,89.32,1068.316,673.185,94.90,1048.803,736.030,83.74,1141.488,646.355,96.77,1087.752,660.990,99.56,797.578,723.644,87.46,1169.271,661.943,96.77,1234.173,582.978,97.70,911.376,732.600,99.56,1074.795,634.160,99.56,982.948,704.893,98.63,958.138,612.208,99.56,1044.992,619.526,99.56,985.692,651.539,99.56,1012.217,626.843,96.77,1102.463,585.379,99.56,1170.300,639.038,98.63,1209.287,617.087,99.56
13.7284,38977.492,15688.041,81.05,33.63,2.74,1080.077,851.186,99.59,1317.628,635.417,98.65,992.608,420.879,76.10,1253.824,861.999,100.00,1448.005,436.233,83.62,1322.553,444.430,83.62,1095.971,930.690,100.00,1049.176,189.640,35.70,1265.908,0.000,33.82,1784.762,177.903,53.55,1582.500,433.463,90.19,1219.229,448.240,52.61,1699.370,623.102,69.52,1214.188,738.857,82.68,1384.125,517.777,56.37,1745.895,647.731,95.83,975.291,317.708,70.46,1054.102,569.689,79.86,842.912,474.369,70.46,1216.650,514.698,88.31,1394.823,600.052,90.19,1634.066,344.800,88.31,1509.730,273.377,82.68,1106.515,721.617,100.00,990.068,398.983,66.70,1426.416,642.497,100.00,1433.382,785.651,100.00,1176.668,788.114,97.71,1556.524,418.685,91.13,1204.529,480.257,93.95
13.8346,38172.272,31609.242,87.60,27.15,2.21,1915.202,744.220,99.85,1365.515,1150.687,97.96,1486.356,985.245,98.91,1236.920,1099.450,98.91,1301.468,1059.324,92.31,1076.609,1081.547,97.96,1693.930,990.184,98.91,948.206,1343.292,50.87,1259.336,1106.240,50.87,1321.068,1027.223,71.59,1055.504,1013.488,95.14,1318.483,1066.732,71.59,1101.302,1145.749,72.53,1513.672,1106.240,97.02,1175.380,1461.817,81.01,778.095,1179.509,87.60,1103.771,927.487,77.24,1392.677,869.189,88.54,1063.992,1153.229,90.43,869.189,1029.760,75.36,1324.733,938.830,80.07,1363.046,869.189,97.02,856.842,1200.073,80.07,1473.894,975.368,98.91,1175.380,1069.201,97.02,1717.041,992.653,97.96,1123.525,1066.732,97.02,1301.893,997.592,97.96,1595.159,1010.787,97.96,1264.082,948.206,89.49
13.9381,8653.295,10399.868,13.56,5.50,0.00,1159.768,681.406,32.85,202.649,521.820,14.49,243.178,934.717,23.19,126.616,412.263,10.63,324.238,575.016,25.12,192.516,349.569,17.39,263.443,402.814,15.46,364.768,81.059,11.60,283.708,40.530,7.73,81.059,121.589,3.87,283.708,95.150,9.66,324.238,121.589,9.66,121.589,162.119,4.83,243.178,243.178,9.66,486.357,81.059,10.63,365.955,289.605,16.43,324.238,223.967,10.63,202.649,121.589,5.80,202.649,32.970,4.83,121.589,200.145,7.73,138.094,252.796,8.70,298.907,445.827,14.49,91.865,187.450,6.76,445.827,620.611,18.36,526.886,281.175,18.36,202.649,481.291,15.46,162.119,405.347,15.46,395.165,800.462,23.19,352.102,624.807,19.33,121.589,607.946,14.49
14.0400,11017.955,2634.225,9.58,6.55,0.00,205.799,164.639,9.81,411.598,41.160,9.81,329.278,82.320,7.85,329.278,123.479,6.87,452.757,41.160,10.79,493.917,82.320,8.83,267.538,123.479,6.87,452.757,41.160,11.78,123.479,41.160,2.94,357.857,41.160,9.81,164.639,41.160,5.89,411.598,164.639,10.79,576.237,41.160,11.78,102.899,82.320,2.94,370.438,123.479,9.81,441.262,123.479,13.74,164.639,82.320,5.89,782.036,41.160,15.70,329.278,123.479,10.79,535.077,41.160,8.83,360.148,123.479,10.79,288.118,41.160,7.85,771.062,0.000,15.70,535.077,82.320,12.76,288.118,164.639,13.74,267.538,41.160,7.85,217.697,205.799,8.83,411.598,164.639,11.78,329.278,41.160,6.87,246.959,123.479,9.81
14.1418,7724.156,5273.931,8.91,1.38,0.00,123.608,164.810,4.91,123.608,206.013,6.88,329.621,247.215,11.79,370.823,82.405,8.84,247.215,206.013,5.89,247.215,329.621,8.84,453.228,288.418,12.77,164.810,164.810,6.88,288.418,123.608,7.86,424.620,164.810,10.81,206.013,453.228,12.77,329.621,247.215,12.77,164.810,164.810,7.86,309.019,123.608,8.84,225.970,82.405,7.86,341.169,206.013,18.66,453.228,82.405,8.84,206.013,206.013,8.84,342.376,41.203,9.82,247.215,288.418,9.82,211.163,164.810,8.84,206.013,206.013,9.82,206.013,41.203,6.88,123.608,123.608,2.95,206.013,247.215,10.81,226.614,206.013,9.82,194.103,123.608,4.91,247.215,123.608,7.86,247.215,123.608,9.82,257.597,41.203,3.93
14.2452,3658.870,0.000,5.00,2.18,0.00,40.560,0.000,0.97,202.800,0.000,5.80,147.030,0.000,3.87,101.400,0.000,5.80,27.885,0.000,2.90,0.000,0.000,0.00,202.800,0.000,5.80,81.120,0.000,3.87,202.800,0.000,7.74,283.919,0.000,8.70,243.360,0.000,7.74,110.787,0.000,5.80,162.240,0.000,5.80,81.120,0.000,2.90,142.593,0.000,8.70,110.312,0.000,3.87,220.188,0.000,7.74,81.120,0.000,5.80,109.124,0.000,3.87,121.680,0.000,6.77,116.610,0.000,3.87,81.120,0.000,2.90,81.120,0.000,2.90,81.120,0.000,8.70,81.120,0.000,4.84,10.140,0.000,3.87,81.120,0.000,1.93,58.305,0.000,1.93,202.800,0.000,8.70,192.580,0.000,5.80
14.3481,34910.608,1304.955,74.60,36.83,1.42,822.869,40.761,71.92,1230.682,40.761,83.58,1004.982,0.000,69.00,1299.267,0.000,70.94,1683.953,81.523,83.58,1019.033,122.284,68.03,858.536,41.040,51.51,937.511,81.523,34.99,1345.124,122.284,47.62,1447.465,0.000,86.49,1204.848,0.000,83.58,1103.860,81.592,83.58,1314.752,40.761,84.55,1238.404,0.000,85.52,1449.814,40.761,84.55,1155.249,40.761,80.66,1164.604,81.523,85.52,961.673,40.761,66.08,1129.734,40.761,74.83,1281.434,40.761,80.66,1019.033,0.000,71.92,1151.348,81.766,89.41,1375.536,40.761,94.27,1136.222,40.761,83.58,1169.341,40.761,73.86,953.990,122.284,69.97,1278.927,0.000,69.00,1059.795,0.000,63.17,1019.710,40.761,73.86,1092.913,0.000,71.92
14.4538,37155.632,17171.837,86.18,28.58,2.67,1253.574,500.949,100.00,1420.815,649.862,91.76,972.487,660.014,77.57,1252.373,446.390,80.41,1239.973,510.908,85.14,1115.976,498.469,80.41,1172.356,590.295,87.98,1349.090,649.242,60.55,1111.016,952.299,51.09,1544.580,877.901,92.71,1312.124,483.589,100.00,1594.605,643.841,90.82,1140.581,634.866,74.74,1316.309,411.671,99.33,1128.143,753.904,82.30,1511.604,384.392,99.33,833.262,758.863,71.90,1300.770,481.109,99.33,1281.008,478.630,99.33,1198.046,716.704,79.47,1071.337,388.422,61.49,1344.286,453.888,100.00,922.695,585.577,62.44,1319.331,448.870,100.00,1257.332,459.449,99.33,1350.408,493.509,99.33,1078.738,572.867,92.71,1414.964,449.684,99.33,991.320,766.303,83.25,1356.530,469.368,83.25
14.5590,37424.585,20904.594,82.80,27.10,2.85,1650.186,493.176,99.77,1115.873,821.843,76.96,1410.720,652.236,91.22,1516.889,866.794,99.77,1180.633,841.847,91.22,1370.672,1013.750,100.00,1198.730,722.289,88.36,1195.578,423.940,38.01,1275.283,677.494,45.61,899.174,433.397,44.66,1066.407,829.432,99.77,1056.094,907.620,57.96,1083.492,518.084,47.51,1311.088,742.255,95.02,1155.725,438.379,46.56,1355.845,371.127,77.91,1315.136,552.955,82.66,1073.607,1043.640,100.00,1332.727,794.561,95.02,971.174,794.561,77.91,1315.136,566.343,81.71,2005.862,420.943,99.77,1003.787,886.409,94.07,1168.179,784.598,99.77,1200.559,933.384,100.00,1574.333,779.616,100.00,1213.013,819.469,95.02,1454.542,823.633,100.00,873.021,625.188,84.56,1081.118,325.632,73.16
14.6647,40393.198,17597.853,88.12,27.89,2.87,1465.416,459.492,99.32,1373.285,562.859,98.37,1381.111,539.613,100.00,1457.900,538.063,89.86,1292.002,555.420,87.02,1663.044,483.513,93.64,1207.542,533.104,86.07,1626.587,1071.167,71.89,952.148,962.067,50.13,1507.568,600.052,77.56,1437.405,471.115,100.00,932.312,451.511,63.37,1381.111,825.691,81.35,1194.486,587.654,88.91,1031.494,865.364,68.10,1186.854,590.134,88.91,1487.732,665.760,92.70,1619.071,582.695,99.32,1430.547,552.940,96.48,1001.739,632.286,73.78,1061.946,461.197,72.83,1504.314,450.504,100.00,1176.354,510.788,77.56,1383.591,505.829,100.00,1517.486,498.390,99.32,1400.793,567.818,99.32,1274.490,503.272,89.86,1557.043,483.513,99.32,1419.544,562.859,99.32,1468.283,523.186,99.32
14.7692,18566.408,23413.646,36.03,9.90,0.23,436.662,980.450,42.12,256.366,514.458,22.98,281.070,738.749,30.63,572.256,1222.152,44.04,584.569,843.209,35.42,424.114,996.292,37.34,436.662,624.878,35.42,401.528,562.140,21.06,521.987,712.713,25.85,441.681,838.190,31.59,738.122,767.923,37.34,321.223,386.236,22.98,439.407,730.280,28.72,579.706,690.127,39.25,361.375,1011.349,29.68,828.152,848.228,42.12,863.286,691.381,38.29,798.037,762.904,39.25,662.522,805.566,41.16,311.184,725.260,32.55,770.589,818.114,40.21,747.846,828.936,41.16,448.151,486.853,29.68,1151.884,772.942,44.99,1455.540,900.929,51.70,742.827,991.273,42.12,677.579,574.766,34.46,1010.134,795.528,42.12,745.337,956.139,42.12,556.611,835.681,34.46
14.8712,600.412,0.055,0.49,4.89,0.00,0.000,0.000,0.00,10.283,0.000,0.98,41.131,0.000,0.98,0.000,0.000,0.00,41.131,0.000,0.98,0.000,0.000,0.00,0.000,0.000,0.00,0.000,0.055,0.00,0.000,0.000,0.00,0.000,0.000,0.00,20.887,0.000,0.98,0.000,0.000,0.00,68.886,0.000,1.96,0.000,0.000,0.00,10.283,0.000,0.98,0.000,0.000,0.00,0.000,0.000,0.00,41.131,0.000,1.96,0.000,0.000,0.00,0.000,0.000,0.00,83.948,0.000,0.98,82.261,0.000,0.00,0.000,0.000,0.00,41.131,0.000,0.98,32.816,0.000,0.98,0.000,0.000,0.00,0.000,0.000,0.00,41.131,0.000,0.98,44.264,0.000,0.98,41.131,0.000,0.98
14.9732,632.845,1137.113,1.21,1.67,0.00,0.000,0.000,0.00,30.839,53.968,0.98,41.119,41.119,2.94,0.000,0.000,0.00,0.000,87.378,0.98,32.084,0.000,1.96,41.119,0.000,0.98,0.000,41.119,1.96,0.000,0.000,0.00,41.119,82.238,2.94,20.238,41.119,0.98,0.000,0.000,0.00,56.820,0.000,0.98,41.119,41.119,1.96,71.958,0.000,0.98,0.000,0.000,0.98,0.000,0.000,0.00,0.000,41.119,0.00,0.000,82.238,1.96,20.559,0.000,0.98,10.280,105.367,1.96,0.000,41.119,0.00,0.000,41.119,0.00,41.119,82.238,0.98,49.431,120.787,3.92,41.119,41.119,1.96,25.097,41.119,1.96,0.000,37.184,0.98,27.707,33.409,0.00,41.119,82.238,2.94
15.0758,608.131,9369.521,5.55,4.99,0.00,0.000,285.973,4.87,0.000,436.619,6.82,40.853,245.120,4.87,0.000,367.679,7.79,0.000,240.013,3.90,49.830,245.120,2.92,0.000,163.413,1.95,0.000,326.826,4.87,0.000,367.679,5.84,0.000,285.973,4.87,64.910,285.973,3.90,81.707,367.679,8.77,66.985,245.120,4.87,0.000,163.413,1.95,0.000,326.826,3.90,0.000,367.679,6.82,12.168,449.386,10.71,0.000,367.679,5.84,0.000,285.973,4.87,20.427,367.679,6.82,30.640,426.406,8.77,10.213,531.092,8.77,40.853,285.973,5.84,0.000,285.973,4.87,0.000,411.086,3.90,122.560,122.560,6.82,15.918,245.120,3.90,0.000,412.442,6.82,40.853,252.780,4.87,10.213,204.266,4.87
15.1780,23243.345,0.000,36.36,24.93,0.22,937.249,0.000,44.06,903.442,0.000,44.06,861.535,0.000,43.08,821.311,0.000,33.29,903.442,0.000,30.35,677.582,0.000,23.50,852.311,0.000,31.33,621.117,0.000,21.54,780.246,0.000,30.35,832.219,0.000,46.02,686.765,0.000,28.39,867.510,0.000,41.12,941.420,0.000,42.10,649.349,0.000,32.31,726.347,0.000,39.16,1006.106,0.000,39.16,673.371,0.000,40.14,598.017,0.000,27.41,689.853,0.000,32.31,867.510,0.000,40.14,849.544,0.000,39.16,943.265,0.000,42.10,678.183,0.000,36.23,582.618,0.000,30.35,703.248,0.000,40.14,795.645,0.000,46.02,471.372,0.000,37.21,741.747,0.000,38.18,965.041,0.000,40.14,615.983,0.000,31.33
15.2860,38498.792,5952.519,81.96,30.88,3.19,1478.014,109.213,99.99,1147.949,206.291,76.84,1319.049,116.494,77.77,970.781,308.223,62.03,1397.925,111.640,61.10,990.197,410.155,61.10,1446.274,194.156,68.51,948.939,232.987,33.33,1359.094,310.650,42.59,1232.285,373.751,74.06,1397.925,155.325,99.99,1434.329,82.516,69.44,1143.019,271.819,65.73,1286.285,222.142,99.06,1526.553,330.066,72.21,1194.061,172.314,87.03,1273.164,203.864,98.14,1402.779,184.448,98.14,1289.243,165.033,91.66,1361.521,160.179,97.21,1281.431,150.471,97.21,1306.876,196.583,99.06,1251.739,203.864,97.21,1157.657,97.078,84.25,1485.295,97.078,98.14,1342.105,148.765,98.14,1324.661,172.314,98.14,1191.634,175.689,94.43,1167.364,162.606,73.14,1390.644,226.806,83.32
15.3907,34304.053,30535.398,91.51,25.64,3.11,1229.543,1016.398,99.32,1217.260,1089.741,100.00,1404.001,841.157,90.72,743.523,1084.294,82.13,680.936,966.329,77.35,841.157,1139.067,86.90,1001.377,1201.653,89.77,1647.265,921.267,58.25,1161.598,1121.542,59.21,1081.487,1016.398,82.13,1234.197,966.329,100.00,1359.370,715.985,75.44,1081.487,1041.432,81.17,1174.115,1055.123,100.00,1081.487,1181.718,89.77,1119.039,903.743,93.59,1119.743,993.750,100.00,1146.577,1051.446,100.00,1106.796,993.867,100.00,1096.508,988.860,100.00,947.045,1091.501,100.00,1479.457,878.708,100.00,1436.546,831.143,100.00,713.481,1249.218,100.00,1306.797,861.184,93.59,1204.156,727.759,85.95,1137.893,1169.108,100.00,1186.632,1117.122,100.00,1080.314,1166.604,100.00,1284.266,1152.953,100.00
15.4956,42179.846,8590.175,79.74,29.96,3.22,1623.344,192.396,100.00,1594.609,294.099,86.74,1471.785,239.871,86.74,1024.448,129.930,42.89,1231.407,315.143,61.00,1249.327,319.828,60.05,999.461,199.892,46.70,1504.189,399.785,50.52,1519.181,199.892,49.56,1239.332,300.385,55.28,1314.292,347.430,98.18,1701.583,162.412,62.91,1666.602,299.838,67.67,1461.986,342.316,100.00,1439.224,292.342,63.86,1264.358,209.887,88.64,1381.755,399.902,99.13,1199.354,374.798,99.13,1252.723,482.240,99.13,1629.122,224.879,99.13,813.819,577.696,100.00,1563.845,224.879,99.13,1736.994,142.931,89.60,1261.820,347.313,98.18,1189.359,134.927,65.77,1281.224,159.914,69.58,1594.141,302.337,83.88,1693.892,340.754,85.78,1342.948,357.307,83.88,1933.723,274.852,99.13
15.5996,42467.469,34249.214,83.99,22.55,2.68,1363.396,846.767,75.95,974.231,1255.030,88.44,1418.760,846.767,81.72,1363.396,1199.587,84.60,774.116,1496.648,84.60,1239.909,887.089,75.95,1411.278,1290.312,87.48,1479.322,1290.312,49.03,1008.056,1129.023,52.87,1129.023,1148.633,66.33,1330.634,1136.465,92.29,1146.664,965.214,60.57,1181.946,1310.473,74.99,1559.691,1386.077,99.02,1048.378,1439.000,72.10,1297.833,836.686,78.83,1451.601,1328.114,95.17,2124.478,871.968,95.17,1694.873,1043.338,93.25,1842.222,1111.382,97.10,1786.779,1186.474,97.10,1535.159,1063.499,86.52,1489.403,1105.830,90.37,1678.413,1234.869,91.33,1622.970,1275.191,93.25,1207.738,1048.378,85.56,1255.030,1000.496,82.68,1805.995,1252.510,99.02,1491.923,1315.513,99.02,1754.254,947.573,89.41
15.7022,279.849,168.748,0.23,2.91,0.00,0.000,0.000,0.00,0.000,0.000,0.00,0.000,0.000,0.00,0.000,0.000,0.00,0.000,0.000,0.00,0.000,0.000,0.00,0.000,0.000,0.00,0.000,0.000,0.00,0.000,0.000,0.00,0.000,0.000,0.00,0.000,0.000,0.00,0.000,0.000,0.00,0.000,0.000,0.00,143.180,0.000,1.95,0.000,0.000,0.00,0.000,0.000,0.00,0.000,0.000,0.00,0.000,0.000,0.00,0.000,0.000,0.00,0.000,0.000,0.00,0.000,0.000,0.00,0.000,0.000,0.00,0.000,0.000,0.00,0.000,0.000,0.00,0.000,0.000,0.00,0.000,0.000,0.00,0.000,0.000,0.00,19.056,0.000,0.98,117.613,168.748,3.90,0.000,0.000,0.00
15.8040,10588.762,5273.831,13.00,5.11,0.00,412.014,41.201,13.75,453.216,247.208,16.70,370.813,164.806,12.77,247.208,164.806,9.82,288.410,206.007,9.82,247.208,206.007,10.81,206.007,123.604,8.84,164.806,82.403,5.89,618.021,329.611,18.66,412.014,288.410,15.72,329.611,123.604,11.79,329.611,82.403,9.82,288.410,82.403,9.82,288.410,206.007,12.77,453.216,123.604,12.77,370.813,329.611,19.65,329.611,206.007,15.72,370.813,247.208,15.72,329.611,82.403,13.75,700.424,247.208,18.66,453.216,41.201,13.75,370.813,247.208,13.75,247.208,164.806,13.75,535.618,206.007,16.70,206.007,123.604,7.86,164.806,247.208,10.81,288.410,164.806,10.81,370.813,247.208,13.75,370.813,82.453,11.79,370.813,164.806,13.75
15.9068,15237.800,10224.107,26.58,12.30,0.30,326.356,367.150,24.32,407.944,367.150,26.26,448.739,326.356,23.34,571.122,530.328,33.07,775.094,326.356,31.12,571.122,448.739,31.12,489.533,285.561,25.29,407.944,285.561,19.45,489.533,285.561,17.51,489.533,489.533,27.23,448.739,448.739,26.26,530.328,489.533,32.10,326.356,81.589,18.48,734.300,367.150,29.18,489.533,407.944,27.23,530.328,489.533,30.15,367.150,163.178,24.32,367.150,367.150,24.32,367.150,285.561,24.32,530.328,203.972,26.26,448.739,456.388,30.15,530.328,285.561,25.29,571.122,234.568,32.10,489.533,203.972,23.34,918.951,354.402,34.04,530.328,285.561,26.26,407.944,203.972,22.37,856.683,367.150,32.10,489.533,611.917,30.15,326.356,203.972,20.42
16.0106,30915.487,10861.325,34.76,20.77,0.00,1171.196,282.702,39.48,1313.809,565.405,42.37,1575.056,201.930,44.29,1110.419,403.861,39.48,1251.968,403.861,42.37,807.721,426.578,34.66,1090.424,363.475,36.59,1050.037,282.702,26.00,888.493,444.247,25.03,807.721,403.861,27.92,1012.176,323.088,32.74,686.563,363.475,26.96,1373.126,403.861,35.63,1133.334,201.930,35.63,888.493,686.563,34.66,888.493,323.088,33.70,888.493,242.316,32.74,888.493,444.247,34.66,767.335,363.475,33.70,1050.037,323.088,36.59,1009.651,355.902,36.59,928.879,242.316,30.81,1171.196,413.957,41.40,767.335,444.247,29.85,978.258,254.937,30.81,1171.196,323.088,34.66,1332.740,323.088,38.52,933.928,282.702,30.81,1009.651,282.702,35.63,969.265,484.633,38.52
16.1132,33775.046,8052.224,44.57,26.17,0.08,1103.686,245.264,40.93,1269.870,40.877,51.65,1173.745,224.825,51.65,1034.826,279.434,45.81,1389.827,245.264,56.53,1302.963,176.523,54.58,978.500,321.909,53.60,963.171,145.625,23.39,1019.457,173.728,28.26,1383.959,219.715,39.96,770.201,393.444,34.11,1001.573,225.823,36.06,1205.840,462.424,40.93,1223.763,163.509,47.75,963.610,544.179,43.86,1389.827,204.386,55.55,781.778,187.341,36.06,831.238,408.773,45.81,1716.845,204.386,59.45,1348.950,327.018,54.58,1226.318,10.219,44.83,733.236,467.534,37.03,981.055,245.264,45.81,904.410,342.347,36.06,1016.862,268.257,38.98,1085.803,321.909,39.96,1034.706,327.018,39.96,1604.433,341.269,50.68,1141.490,245.264,45.81,1193.105,288.696,57.50
16.2166,29470.725,20873.029,42.94,23.11,0.00,862.101,594.649,37.75,1031.310,608.962,44.52,1265.062,626.723,44.52,921.134,575.025,40.65,1045.384,933.741,52.27,1101.205,573.201,44.52,1111.355,778.963,56.14,1222.641,707.918,40.65,829.631,882.994,34.85,541.207,733.291,31.94,1247.380,859.088,50.33,872.766,1027.186,45.49,1310.417,471.945,47.43,1220.460,751.053,49.36,951.066,636.872,38.72,895.681,682.743,37.75,864.836,707.085,37.75,932.829,375.526,37.75,987.025,512.543,45.49,867.770,811.949,39.68,1055.533,554.290,38.72,972.198,446.572,40.65,1031.191,690.156,45.49,946.428,465.404,39.68,731.467,748.515,39.68,931.204,492.244,38.72,1142.913,1088.519,52.27,923.592,950.035,50.33,769.409,776.426,42.59,885.532,809.411,42.59
16.3210,33646.565,20275.638,50.28,21.80,0.23,1315.331,696.614,57.43,906.512,722.607,50.73,1209.362,524.392,48.81,890.909,837.317,49.77,1174.236,454.138,48.81,1043.765,692.498,48.81,830.496,599.663,43.07,936.229,762.751,33.50,908.276,682.462,32.54,996.093,504.319,39.24,1299.492,716.138,52.64,1056.310,363.342,36.37,1454.152,644.826,50.73,840.532,925.840,54.56,1124.055,468.918,43.07,1161.690,1136.404,67.00,1147.028,1003.620,56.47,1231.944,549.364,54.56,1402.559,725.116,59.34,1319.761,521.883,52.64,1485.358,843.198,65.08,807.522,343.740,36.37,877.148,521.883,44.03,1427.650,809.365,59.34,1258.838,682.462,55.51,1264.562,710.061,53.60,944.814,900.749,57.43,1239.471,572.064,54.56,1209.284,677.444,53.60,883.186,682.462,48.81
16.4244,26396.940,16477.432,37.99,18.06,0.00,966.238,486.923,40.63,673.838,626.406,34.83,641.622,907.908,46.44,661.713,741.242,37.73,867.331,453.954,37.73,740.528,489.459,32.89,1044.855,730.384,48.37,811.538,243.461,23.22,689.807,649.230,27.09,770.961,608.654,33.86,1054.999,339.832,42.57,961.165,735.377,39.66,1024.567,568.077,39.66,651.767,595.973,34.83,973.846,459.304,36.76,730.384,765.889,33.86,618.798,497.067,30.96,1298.461,578.340,45.47,1047.391,461.562,45.47,1133.617,380.408,37.73,852.115,206.649,36.76,892.692,568.077,41.60,1057.615,384.411,42.57,1054.999,808.487,47.40,811.538,568.077,36.76,1014.423,390.553,32.89,859.723,598.509,40.63,907.908,405.769,37.73,852.115,844.507,40.63,730.384,382.945,32.89
16.5294,28517.757,13186.199,38.75,17.20,0.08,1085.704,359.406,39.04,950.927,501.670,43.80,925.969,304.496,32.37,838.613,354.414,36.18,1143.109,259.571,39.04,948.431,506.662,44.75,1407.672,359.406,46.65,758.745,718.811,32.37,718.811,439.273,26.66,1038.283,119.802,31.42,878.547,479.207,37.13,1118.151,439.273,41.89,628.960,439.273,27.61,716.315,589.026,40.94,1118.151,279.538,37.13,678.877,599.009,39.04,1068.233,589.026,45.70,1038.283,471.720,43.80,796.183,396.844,35.23,791.191,344.430,36.18,1237.953,359.406,47.60,838.613,319.472,37.13,706.254,381.868,36.18,1397.688,721.814,51.41,1078.217,638.943,41.89,838.613,426.794,33.32,711.324,479.207,36.18,1063.242,519.141,39.04,958.415,326.959,37.13,1038.283,461.736,45.70
16.6314,11848.703,7899.135,15.89,11.52,0.00,370.272,82.283,9.81,493.696,205.707,15.69,534.837,246.848,22.56,411.413,287.989,18.64,411.413,164.565,16.68,452.555,164.565,16.68,370.272,164.565,14.71,287.989,287.989,12.75,452.555,287.989,14.71,493.696,246.848,13.73,205.707,287.989,10.79,329.131,164.565,11.77,617.120,246.848,16.68,370.272,329.131,20.60,329.131,411.413,13.73,411.413,205.707,14.71,329.131,123.424,12.75,329.131,123.424,12.75,534.837,575.979,24.52,493.696,287.989,25.50,411.413,205.707,15.69,287.989,82.283,10.79,411.413,246.848,16.68,287.989,205.707,11.77,370.272,246.848,14.71,287.989,740.544,20.60,246.848,493.696,16.68,493.696,164.565,14.71,370.272,411.413,18.64,452.555,205.707,16.68
16.7333,18551.639,10216.095,23.29,13.72,0.15,423.796,309.707,20.61,603.212,411.656,22.57,627.654,246.993,20.61,681.885,632.921,32.39,578.891,279.154,24.54,866.889,411.656,30.43,743.553,378.209,26.50,769.281,246.993,18.65,370.490,288.159,10.80,699.815,288.159,22.57,967.391,205.828,26.50,617.483,329.325,21.59,751.272,535.152,25.52,769.281,329.325,30.43,557.464,411.656,22.57,812.537,164.662,26.50,385.967,288.159,20.61,764.136,246.993,28.46,740.980,164.662,23.56,682.247,486.509,27.48,437.384,452.821,22.57,334.470,205.828,17.67,525.705,329.325,22.57,699.815,347.334,24.54,288.159,370.490,15.70,596.901,288.159,21.59,801.683,246.993,23.56,535.152,411.656,21.59,493.987,419.374,23.56,424.158,488.238,22.57
16.8359,23105.087,14221.945,31.70,15.09,0.00,682.725,509.908,30.21,954.163,367.824,31.18,807.289,490.432,33.13,876.056,924.668,37.03,733.093,376.764,26.31,733.253,490.432,30.21,1060.048,441.899,33.13,707.550,326.954,26.31,531.301,449.562,23.39,531.301,817.386,35.08,674.344,326.954,30.21,858.255,204.347,26.31,848.038,449.562,29.23,911.896,408.693,37.03,713.497,613.040,32.16,828.082,531.301,34.10,679.412,694.778,38.98,876.136,531.301,35.08,735.648,422.702,32.16,1120.913,702.202,42.87,873.581,408.693,36.05,730.539,245.216,23.39,704.157,531.301,35.08,449.562,349.943,23.39,449.562,367.889,24.36,674.344,531.301,31.18,716.251,326.954,29.23,858.255,482.769,34.10,613.040,523.638,35.08,1172.797,373.531,35.08
16.9397,22142.312,13651.304,26.33,16.26,0.00,808.114,444.462,25.05,1010.142,363.651,30.83,686.897,363.651,23.12,444.462,525.274,23.12,727.302,444.462,27.94,808.114,606.490,27.94,606.085,363.651,22.16,969.736,444.462,28.90,767.708,484.868,24.08,848.519,404.057,31.79,808.114,606.139,28.90,646.491,484.868,26.01,686.897,646.491,27.94,727.302,525.274,28.90,848.519,484.868,26.01,525.274,565.680,24.08,686.897,282.840,26.01,969.736,323.245,28.90,1010.142,107.367,28.90,606.085,323.245,20.23,686.897,444.462,21.19,888.925,565.680,26.97,363.651,525.274,20.23,727.302,444.462,26.01,565.680,80.811,18.30,767.708,525.274,32.75,565.680,484.868,23.12,808.114,613.661,29.86,929.331,525.274,27.94,646.491,646.491,32.75
17.0418,21882.100,12238.953,30.49,17.83,0.08,559.069,321.026,24.48,974.831,410.708,36.23,752.110,397.874,30.36,636.598,369.638,28.40,793.742,459.480,32.31,821.417,287.496,30.36,870.189,444.079,38.19,726.441,616.063,27.42,574.992,410.708,21.54,799.919,451.779,34.27,739.275,485.149,31.33,711.039,385.200,30.36,621.197,410.708,28.40,652.000,261.827,27.42,785.480,544.189,35.25,618.630,251.559,25.46,641.732,408.142,31.33,559.630,338.835,26.44,821.417,369.638,31.33,657.134,246.425,26.44,771.001,346.535,29.38,801.162,492.850,30.36,727.844,418.409,27.42,542.504,322.952,32.31,716.173,500.551,34.27,1273.196,410.708,42.11,564.724,521.086,28.40,739.275,287.496,29.38,985.700,246.425,31.33,443.677,821.417,32.31
17.1459,21203.838,11201.737,29.17,17.21,0.08,700.610,450.626,30.74,856.826,362.641,32.66,692.740,334.939,28.82,999.781,362.641,40.35,550.966,435.673,26.90,402.935,282.054,24.98,556.553,450.783,27.86,527.750,201.467,18.25,725.282,241.761,19.21,444.408,362.641,25.94,765.576,410.490,33.62,889.171,347.374,30.74,878.901,161.174,27.86,851.199,226.651,29.78,919.194,594.328,37.47,867.332,599.365,34.58,677.434,365.159,24.02,469.356,392.861,24.02,322.348,765.576,27.86,1165.992,201.467,34.58,492.690,425.600,26.90,704.860,282.054,27.86,535.029,274.499,24.98,475.101,448.737,27.86,828.534,516.260,31.70,624.548,201.467,24.02,896.529,415.526,34.58,520.746,201.467,22.10,805.869,322.348,32.66,1055.578,564.108,42.27
17.2491,18330.123,16908.523,32.88,17.99,0.08,609.682,609.682,36.82,528.391,406.455,31.98,548.516,447.100,30.04,515.690,528.391,29.07,772.264,731.619,39.73,528.391,772.264,31.01,772.264,365.809,35.86,577.769,569.037,28.10,609.682,609.682,28.10,467.185,812.910,32.95,853.555,365.809,34.89,634.887,487.746,31.98,896.741,569.037,35.86,447.100,569.037,31.01,734.159,569.037,31.98,585.787,609.682,36.82,551.254,690.973,33.92,517.238,690.973,33.92,447.100,406.455,31.01,937.387,853.555,45.55,569.037,487.746,28.10,731.619,447.100,36.82,569.037,812.910,33.92,650.328,325.164,32.95,528.391,569.037,30.04,426.778,487.746,26.16,528.391,447.100,26.16,572.133,528.391,28.10,812.910,569.037,35.86,406.455,569.037,37.79
17.3525,0.000,10388.300,6.55,27.20,0.00,0.000,446.372,11.61,0.000,324.634,6.77,0.000,324.634,3.87,0.000,405.793,7.74,0.000,365.214,7.74,0.000,365.214,8.71,0.000,284.055,5.80,0.000,365.214,7.74,0.000,284.055,6.77,0.000,243.476,2.90,0.000,405.793,7.74,0.000,324.634,6.77,0.000,446.372,5.80,0.000,243.476,3.87,0.000,324.634,5.80,0.000,162.317,1.93,0.000,162.317,3.87,0.000,284.055,7.74,0.000,324.634,4.84,0.000,405.793,9.67,0.000,365.214,6.77,0.000,446.372,7.74,0.000,324.634,5.80,0.000,324.634,5.80,0.000,365.214,4.84,0.000,446.372,8.71,0.000,568.110,8.71,0.000,446.372,7.74,0.000,324.634,5.80,0.000,284.055,6.77
17.4543,0.000,4574.821,3.70,1.23,0.00,0.000,288.483,7.86,0.000,123.636,2.95,0.000,206.059,5.90,0.000,82.424,2.95,0.000,82.424,2.95,0.000,329.695,11.79,0.000,123.636,2.95,0.000,123.636,1.97,0.000,82.424,1.97,0.000,206.059,4.91,0.000,0.000,0.00,0.000,206.059,2.95,0.000,247.271,3.93,0.000,123.636,2.95,0.000,164.848,1.97,0.000,41.514,0.98,0.000,123.636,2.95,0.000,247.271,5.90,0.000,206.059,4.91,0.000,164.848,2.95,0.000,41.212,1.97,0.000,206.059,4.91,0.000,164.848,4.91,0.000,206.059,4.91,0.000,123.636,2.95,0.000,82.424,1.97,0.000,206.059,4.91,0.000,164.848,3.93,0.000,41.212,0.98,0.000,164.848,3.93
