time_s,agg_read_mbps,agg_write_mbps,mean_util_pct,cpu_pct,iowait_pct,nvme0n1p1_read_mbps,nvme0n1p1_write_mbps,nvme0n1p1_util_pct,nvme10n1p1_read_mbps,nvme10n1p1_write_mbps,nvme10n1p1_util_pct,nvme11n1p1_read_mbps,nvme11n1p1_write_mbps,nvme11n1p1_util_pct,nvme12n1p1_read_mbps,nvme12n1p1_write_mbps,nvme12n1p1_util_pct,nvme13n1p1_read_mbps,nvme13n1p1_write_mbps,nvme13n1p1_util_pct,nvme14n1p1_read_mbps,nvme14n1p1_write_mbps,nvme14n1p1_util_pct,nvme15n1p1_read_mbps,nvme15n1p1_write_mbps,nvme15n1p1_util_pct,nvme17n1p1_read_mbps,nvme17n1p1_write_mbps,nvme17n1p1_util_pct,nvme18n1p1_read_mbps,nvme18n1p1_write_mbps,nvme18n1p1_util_pct,nvme19n1p1_read_mbps,nvme19n1p1_write_mbps,nvme19n1p1_util_pct,nvme1n1p1_read_mbps,nvme1n1p1_write_mbps,nvme1n1p1_util_pct,nvme20n1p1_read_mbps,nvme20n1p1_write_mbps,nvme20n1p1_util_pct,nvme21n1p1_read_mbps,nvme21n1p1_write_mbps,nvme21n1p1_util_pct,nvme22n1p1_read_mbps,nvme22n1p1_write_mbps,nvme22n1p1_util_pct,nvme23n1p1_read_mbps,nvme23n1p1_write_mbps,nvme23n1p1_util_pct,nvme24n1p1_read_mbps,nvme24n1p1_write_mbps,nvme24n1p1_util_pct,nvme25n1p1_read_mbps,nvme25n1p1_write_mbps,nvme25n1p1_util_pct,nvme26n1p1_read_mbps,nvme26n1p1_write_mbps,nvme26n1p1_util_pct,nvme27n1p1_read_mbps,nvme27n1p1_write_mbps,nvme27n1p1_util_pct,nvme28n1p1_read_mbps,nvme28n1p1_write_mbps,nvme28n1p1_util_pct,nvme29n1p1_read_mbps,nvme29n1p1_write_mbps,nvme29n1p1_util_pct,nvme2n1p1_read_mbps,nvme2n1p1_write_mbps,nvme2n1p1_util_pct,nvme30n1p3_read_mbps,nvme30n1p3_write_mbps,nvme30n1p3_util_pct,nvme3n1p1_read_mbps,nvme3n1p1_write_mbps,nvme3n1p1_util_pct,nvme4n1p1_read_mbps,nvme4n1p1_write_mbps,nvme4n1p1_util_pct,nvme5n1p1_read_mbps,nvme5n1p1_write_mbps,nvme5n1p1_util_pct,nvme6n1p1_read_mbps,nvme6n1p1_write_mbps,nvme6n1p1_util_pct,nvme7n1p1_read_mbps,nvme7n1p1_write_mbps,nvme7n1p1_util_pct,nvme8n1p1_read_mbps,nvme8n1p1_write_mbps,nvme8n1p1_util_pct,nvme9n1p1_read_mbps,nvme9n1p1_write_mbps,nvme9n1p1_util_pct
0.0881,1373.848,0.000,2.18,19.54,0.46,76.325,0.000,2.73,38.162,0.000,2.73,76.325,0.000,2.73,0.000,0.000,0.00,38.162,0.000,2.73,38.162,0.000,2.73,38.162,0.000,2.73,38.162,0.000,1.82,0.000,0.000,0.00,0.000,0.000,0.00,114.487,0.000,4.55,38.162,0.000,2.73,76.325,0.000,3.64,0.000,0.000,0.00,38.162,0.000,2.73,76.325,0.000,3.64,76.325,0.000,2.73,0.000,0.000,0.00,38.162,0.000,1.82,38.162,0.000,1.82,0.000,0.000,0.00,76.325,0.000,3.64,38.162,0.000,1.82,38.162,0.000,2.73,76.325,0.000,2.73,0.000,0.000,0.00,114.487,0.000,4.55,38.162,0.000,1.82,38.162,0.000,1.82,114.487,0.000,4.55
0.1899,3172.098,0.000,2.29,0.23,0.54,82.392,0.000,0.98,0.000,0.000,0.00,164.784,0.000,4.91,0.000,0.000,0.00,82.392,0.000,1.96,41.196,0.000,0.98,205.980,0.000,4.91,164.784,0.000,1.96,123.588,0.000,4.91,82.392,0.000,2.95,205.980,0.000,2.95,82.392,0.000,0.98,82.392,0.000,1.96,247.176,0.000,3.93,82.392,0.000,2.95,164.784,0.000,3.93,123.588,0.000,1.96,82.392,0.000,2.95,82.392,0.000,1.96,41.196,0.000,0.98,164.784,0.000,3.93,164.784,0.000,2.95,41.196,0.000,0.00,82.392,0.000,1.96,41.196,0.000,0.98,0.000,0.000,0.00,41.196,0.000,0.98,164.784,0.000,3.93,205.980,0.000,2.95,123.588,0.000,2.95
0.2912,3265.612,0.000,2.37,0.31,0.46,124.207,0.000,2.96,82.805,0.000,2.96,248.414,0.000,4.94,124.207,0.000,4.94,124.207,0.000,1.97,124.207,0.000,2.96,124.207,0.000,0.99,82.805,0.000,1.97,82.805,0.000,1.97,0.000,0.000,0.00,124.207,0.000,2.96,165.609,0.000,3.95,82.805,0.000,2.96,165.609,0.000,2.96,41.402,0.000,1.97,124.207,0.000,1.97,165.609,0.000,0.99,41.402,0.000,0.99,119.032,0.000,0.99,82.805,0.000,2.96,41.402,0.000,0.99,207.012,0.000,1.97,165.609,0.000,2.96,0.000,0.000,0.00,41.402,0.000,1.97,82.805,0.000,2.96,165.609,0.000,3.95,165.609,0.000,2.96,41.402,0.000,1.97,124.207,0.000,2.96
0.3930,3248.561,0.000,2.16,0.31,0.46,82.372,0.000,1.96,0.000,0.000,0.00,123.559,0.000,1.96,247.117,0.000,4.91,82.372,0.000,0.98,288.303,0.000,2.95,123.559,0.000,1.96,82.372,0.000,1.96,82.372,0.000,1.96,123.559,0.000,3.93,205.931,0.000,4.91,205.931,0.000,2.95,41.186,0.000,0.00,164.745,0.000,2.95,82.372,0.000,1.96,82.372,0.000,0.98,82.372,0.000,1.96,41.186,0.000,1.96,87.521,0.000,1.96,164.745,0.000,2.95,41.186,0.000,0.98,82.372,0.000,0.98,123.559,0.000,0.98,236.821,0.000,5.89,164.745,0.000,4.91,41.186,0.000,1.96,41.186,0.000,1.96,82.372,0.000,0.98,41.186,0.000,0.98,0.000,0.000,0.00
0.4949,3283.961,0.000,2.26,0.31,0.54,164.713,0.000,3.93,123.535,0.000,1.96,82.356,0.000,1.96,123.535,0.000,0.00,329.426,0.000,6.87,164.713,0.000,2.95,0.000,0.000,0.00,82.356,0.000,0.98,41.178,0.000,0.98,164.713,0.000,2.95,123.535,0.000,2.95,123.535,0.000,2.95,123.535,0.000,1.96,41.178,0.000,0.98,164.713,0.000,1.96,205.891,0.000,4.91,247.069,0.000,4.91,0.000,0.000,0.00,82.356,0.000,2.95,82.356,0.000,0.98,41.178,0.000,1.96,82.356,0.000,0.98,41.178,0.000,0.98,133.829,0.000,0.98,226.480,0.000,4.91,41.178,0.000,0.98,41.178,0.000,1.96,82.356,0.000,2.95,41.178,0.000,1.96,82.356,0.000,2.95
0.5967,3356.165,0.000,1.96,0.31,0.46,82.360,0.000,0.98,123.540,0.000,0.98,288.260,0.000,4.91,82.360,0.000,1.96,82.360,0.000,1.96,41.180,0.000,1.96,82.360,0.000,2.95,82.360,0.000,1.96,370.619,0.000,5.89,123.540,0.000,0.98,164.720,0.000,0.98,0.000,0.000,0.00,82.360,0.000,2.95,41.180,0.000,1.96,0.000,0.000,0.00,123.540,0.000,1.96,41.180,0.000,0.98,205.900,0.000,3.93,288.260,0.000,3.93,82.360,0.000,0.98,41.180,0.000,0.98,41.180,0.000,1.96,41.180,0.000,1.96,123.540,0.000,1.96,102.950,0.000,0.00,164.720,0.000,2.95,247.080,0.000,2.95,0.000,0.000,0.00,164.720,0.000,2.95,41.180,0.000,0.98
0.6986,3335.196,0.000,2.68,0.31,0.46,123.526,0.000,1.96,205.876,0.000,3.93,123.526,0.000,2.95,82.351,0.000,2.95,205.876,0.000,2.95,82.351,0.000,2.95,82.351,0.000,2.95,123.526,0.000,1.96,41.175,0.000,1.96,82.351,0.000,1.96,164.701,0.000,3.93,41.175,0.000,1.96,123.526,0.000,1.96,247.052,0.000,5.89,164.701,0.000,4.91,123.526,0.000,1.96,82.351,0.000,1.96,82.351,0.000,2.95,82.351,0.000,2.95,123.526,0.000,4.91,123.526,0.000,3.93,164.701,0.000,3.93,41.175,0.000,0.98,82.351,0.000,0.98,123.526,0.000,0.98,41.175,0.000,0.98,41.175,0.000,0.98,205.876,0.000,5.89,41.175,0.000,0.98,82.351,0.000,0.98
0.8004,3294.850,0.000,2.75,0.23,0.54,41.186,0.000,0.98,82.371,0.000,1.96,123.557,0.000,2.95,41.186,0.000,2.95,41.186,0.000,1.96,82.371,0.000,1.96,164.742,0.000,3.93,247.114,0.000,5.89,164.742,0.000,3.93,82.371,0.000,2.95,82.371,0.000,2.95,123.557,0.000,2.95,0.000,0.000,0.00,82.371,0.000,2.95,41.186,0.000,0.98,164.742,0.000,3.93,0.000,0.000,0.00,82.371,0.000,0.98,164.742,0.000,2.95,82.371,0.000,3.93,205.928,0.000,4.91,123.557,0.000,1.96,123.557,0.000,3.93,205.928,0.000,2.95,123.557,0.000,3.93,41.186,0.000,1.96,205.928,0.000,1.96,123.557,0.000,2.95,41.186,0.000,2.95,205.928,0.000,3.93
0.9023,3274.400,0.478,2.75,0.23,0.46,82.375,0.478,3.93,164.750,0.000,3.93,82.375,0.000,1.96,205.937,0.000,4.91,41.187,0.000,0.98,82.375,0.000,1.96,164.750,0.000,2.95,123.562,0.000,2.95,82.375,0.000,2.95,41.187,0.000,1.96,205.937,0.000,4.91,123.562,0.000,2.95,123.562,0.000,3.93,82.375,0.000,2.95,61.781,0.000,1.96,82.375,0.000,1.96,164.750,0.000,3.93,41.187,0.000,1.96,164.750,0.000,3.93,123.562,0.000,2.95,123.562,0.000,2.95,82.375,0.000,0.98,82.375,0.000,2.95,123.562,0.000,2.95,82.375,0.000,0.98,82.375,0.000,1.96,123.562,0.000,2.95,123.562,0.000,0.98,123.562,0.000,3.93,82.375,0.000,1.96
1.0042,3670.916,0.000,2.81,0.08,0.46,82.261,0.000,1.96,82.261,0.000,2.94,82.261,0.000,1.96,41.131,0.000,1.96,0.000,0.000,0.00,0.000,0.000,0.00,123.392,0.000,2.94,123.392,0.000,2.94,164.523,0.000,3.92,164.523,0.000,2.94,287.915,0.000,6.86,123.392,0.000,1.96,164.523,0.000,2.94,164.523,0.000,3.92,143.958,0.000,1.96,82.261,0.000,2.94,164.523,0.000,2.94,113.109,0.000,1.96,123.392,0.000,2.94,82.261,0.000,2.94,41.131,0.000,2.94,205.654,0.000,4.90,82.261,0.000,1.96,205.654,0.000,3.92,82.261,0.000,1.96,164.523,0.000,3.92,205.654,0.000,3.92,164.523,0.000,3.92,82.261,0.000,1.96,123.392,0.000,1.96
1.1061,3142.186,0.000,2.55,0.23,0.54,164.701,0.000,3.93,205.876,0.000,2.95,0.000,0.000,0.00,329.402,0.000,7.85,41.175,0.000,2.95,329.402,0.000,6.87,82.350,0.000,0.98,82.350,0.000,3.93,164.701,0.000,3.93,41.175,0.000,0.98,82.350,0.000,1.96,2.573,0.000,1.96,164.701,0.000,0.98,164.701,0.000,3.93,0.000,0.000,0.00,123.526,0.000,3.93,41.175,0.000,0.98,10.294,0.000,0.00,41.175,0.000,0.00,82.350,0.000,0.00,82.350,0.000,1.96,205.876,0.000,3.93,41.175,0.000,0.00,41.175,0.000,2.95,82.350,0.000,3.93,82.350,0.000,1.96,205.876,0.000,4.91,82.350,0.000,2.95,123.526,0.000,2.95,41.175,0.000,2.95
1.2079,3262.248,0.000,2.19,0.31,0.46,0.000,0.000,0.00,41.196,0.000,1.96,82.393,0.000,1.96,82.393,0.000,0.98,41.196,0.000,1.96,123.589,0.000,1.96,82.393,0.000,2.95,205.982,0.000,3.93,123.589,0.000,0.98,123.589,0.000,1.96,82.393,0.000,1.96,203.408,0.000,3.93,82.393,0.000,1.96,133.889,0.000,1.96,0.000,0.000,0.00,123.589,0.000,0.98,123.589,0.000,1.96,41.196,0.000,2.95,82.393,0.000,2.95,164.786,0.000,2.95,123.589,0.000,1.96,41.196,0.000,0.98,164.786,0.000,3.93,123.589,0.000,2.95,123.589,0.000,2.95,82.393,0.000,1.96,205.982,0.000,3.93,247.179,0.000,3.93,82.393,0.000,0.00,123.589,0.000,2.95
1.3098,3077.646,0.000,1.93,0.38,0.54,164.690,0.000,2.94,41.173,0.000,1.96,123.518,0.000,2.94,123.518,0.000,1.96,41.173,0.000,1.96,123.518,0.000,0.98,82.345,0.000,0.98,205.863,0.000,3.93,123.518,0.000,1.96,41.173,0.000,1.96,123.518,0.000,1.96,82.345,0.000,0.98,164.690,0.000,1.96,113.224,0.000,1.96,82.345,0.000,3.93,82.345,0.000,2.94,82.345,0.000,0.98,82.345,0.000,0.98,82.345,0.000,1.96,123.518,0.000,0.98,205.863,0.000,2.94,82.345,0.000,0.98,164.690,0.000,1.96,82.345,0.000,2.94,82.345,0.000,0.00,82.345,0.000,1.96,41.173,0.000,0.98,82.345,0.000,0.98,41.173,0.000,2.94,123.518,0.000,1.96
1.4116,3336.054,0.000,2.52,0.23,0.46,82.372,0.000,0.98,164.743,0.000,1.96,82.372,0.000,1.96,82.372,0.000,1.96,123.558,0.000,2.95,205.929,0.000,4.91,82.372,0.000,2.95,164.743,0.000,2.95,41.186,0.000,0.98,41.186,0.000,1.96,82.372,0.000,0.98,41.186,0.000,1.96,123.558,0.000,2.95,123.558,0.000,1.96,82.372,0.000,1.96,82.372,0.000,1.96,164.743,0.000,4.91,82.372,0.000,1.96,247.115,0.000,4.91,123.558,0.000,2.95,164.743,0.000,1.96,41.186,0.000,1.96,164.743,0.000,4.91,123.558,0.000,2.95,123.558,0.000,1.96,123.558,0.000,2.95,164.743,0.000,3.93,0.000,0.000,0.00,82.372,0.000,1.96,123.558,0.000,2.95
1.5135,3551.332,0.000,2.78,0.15,0.46,123.525,0.000,4.91,82.350,0.000,1.96,82.350,0.000,2.95,82.350,0.000,1.96,205.874,0.000,3.93,0.000,0.000,0.00,0.000,0.000,0.00,164.699,0.000,2.95,247.049,0.000,4.91,82.350,0.000,1.96,82.350,0.000,1.96,82.350,0.000,0.98,205.874,0.000,5.89,0.000,0.000,0.00,164.699,0.000,2.95,247.049,0.000,4.91,164.699,0.000,4.91,123.525,0.000,0.98,0.000,0.000,0.00,205.874,0.000,3.93,205.874,0.000,4.91,164.699,0.000,3.93,123.525,0.000,2.95,82.350,0.000,2.95,82.350,0.000,1.96,174.993,0.000,2.95,123.525,0.000,2.95,41.175,0.000,1.96,82.350,0.000,2.95,123.525,0.000,3.93
1.6153,3285.542,0.000,2.49,0.31,0.46,41.198,0.000,1.96,123.594,0.000,2.95,41.198,0.000,0.98,123.594,0.000,1.96,82.396,0.000,2.95,82.396,0.000,3.93,247.188,0.000,2.95,205.990,0.000,3.93,123.594,0.000,2.95,123.594,0.000,3.93,82.396,0.000,1.96,82.396,0.000,1.96,164.792,0.000,3.93,247.188,0.000,3.93,123.594,0.000,1.96,164.792,0.000,2.95,41.198,0.000,0.98,82.396,0.000,1.96,205.990,0.000,4.91,0.000,0.000,0.00,41.198,0.000,0.98,82.396,0.000,0.98,41.198,0.000,0.98,82.396,0.000,1.96,164.792,0.000,3.93,154.493,0.000,3.93,164.792,0.000,3.93,41.198,0.000,1.96,82.396,0.000,1.96,41.198,0.000,0.98
1.7172,3251.273,0.000,2.06,0.31,0.54,82.311,0.000,1.96,41.155,0.000,0.98,123.466,0.000,3.92,82.311,0.000,1.96,82.311,0.000,1.96,41.155,0.000,1.96,205.777,0.000,0.98,82.311,0.000,0.00,123.466,0.000,0.98,164.621,0.000,1.96,41.155,0.000,0.98,205.777,0.000,2.94,288.087,0.000,5.89,82.311,0.000,1.96,82.311,0.000,3.92,123.466,0.000,1.96,41.155,0.000,1.96,164.621,0.000,2.94,82.311,0.000,1.96,41.155,0.000,1.96,41.155,0.000,1.96,123.466,0.000,0.98,0.000,0.000,0.00,164.621,0.000,0.98,205.777,0.000,3.92,41.155,0.000,0.98,82.311,0.000,1.96,246.932,0.000,3.92,82.311,0.000,1.96,82.311,0.000,1.96
1.8190,3254.022,0.000,2.32,0.46,0.46,82.380,0.000,1.96,247.141,0.000,4.91,123.570,0.000,0.98,41.190,0.000,0.98,82.380,0.000,1.96,82.380,0.000,2.95,123.570,0.000,2.95,123.570,0.000,1.96,41.190,0.000,0.98,123.570,0.000,1.96,41.190,0.000,1.96,82.380,0.000,2.95,82.380,0.000,1.96,0.000,0.000,0.00,123.570,0.000,2.95,123.570,0.000,1.96,123.570,0.000,3.93,123.570,0.000,2.95,41.190,0.000,1.96,164.761,0.000,2.95,164.761,0.000,0.98,123.570,0.000,3.93,41.190,0.000,1.96,247.141,0.000,4.91,82.380,0.000,0.98,205.951,0.000,2.95,164.761,0.000,1.96,41.190,0.000,1.96,123.570,0.000,2.95,82.380,0.000,1.96
1.9208,3194.456,0.000,2.33,0.31,0.54,123.656,0.000,1.97,0.000,0.000,0.00,41.219,0.000,2.95,41.219,0.000,1.97,41.219,0.000,1.97,123.656,0.000,0.98,164.875,0.000,2.95,123.656,0.000,2.95,164.875,0.000,1.97,206.094,0.000,5.90,41.219,0.000,0.98,82.438,0.000,0.98,164.875,0.000,4.91,164.875,0.000,3.93,206.094,0.000,3.93,41.219,0.000,0.00,82.438,0.000,0.00,123.656,0.000,3.93,82.438,0.000,0.98,103.047,0.000,0.98,123.656,0.000,1.97,123.656,0.000,3.93,41.219,0.000,1.97,41.219,0.000,1.97,288.532,0.000,5.90,41.219,0.000,0.98,82.438,0.000,2.95,206.094,0.000,1.97,82.438,0.000,1.97,41.219,0.000,1.97
2.0227,3519.691,0.000,2.32,0.23,0.46,82.332,0.000,1.96,205.830,0.000,5.89,246.996,0.000,3.93,123.498,0.000,1.96,41.166,0.000,0.00,164.664,0.000,2.94,123.498,0.000,1.96,41.166,0.000,0.98,205.830,0.000,3.93,41.166,0.000,0.98,41.166,0.000,0.98,205.830,0.000,4.91,123.498,0.000,2.94,0.000,0.000,0.00,41.166,0.000,0.98,0.000,0.000,0.00,41.166,0.000,0.98,164.664,0.000,2.94,82.332,0.000,2.94,185.247,0.000,1.96,164.664,0.000,2.94,41.166,0.000,0.00,123.498,0.000,3.93,82.332,0.000,0.98,123.498,0.000,2.94,82.332,0.000,0.98,82.332,0.000,1.96,123.498,0.000,2.94,246.996,0.000,3.93,288.162,0.000,5.89
2.1244,3264.284,0.000,2.23,0.38,0.46,0.000,0.000,0.00,123.667,0.000,2.95,41.222,0.000,0.98,123.667,0.000,1.97,41.222,0.000,0.98,123.667,0.000,1.97,0.000,0.000,0.00,123.667,0.000,2.95,41.222,0.000,0.98,82.444,0.000,3.93,123.667,0.000,1.97,247.333,0.000,2.95,82.444,0.000,1.97,131.396,0.000,2.95,123.667,0.000,4.91,123.667,0.000,3.93,82.444,0.000,2.95,82.444,0.000,1.97,247.333,0.000,3.93,164.889,0.000,1.97,123.667,0.000,0.98,41.222,0.000,0.98,41.222,0.000,0.98,82.444,0.000,1.97,329.778,0.000,4.91,206.111,0.000,4.91,82.444,0.000,1.97,41.222,0.000,0.98,164.889,0.000,1.97,41.222,0.000,0.98
2.2263,3246.183,0.000,2.55,0.23,0.46,164.755,0.000,4.91,0.000,0.000,0.00,41.189,0.000,1.96,82.377,0.000,1.96,41.189,0.000,1.96,205.943,0.000,2.95,82.377,0.000,3.93,41.189,0.000,0.98,82.377,0.000,3.93,82.377,0.000,0.98,41.189,0.000,0.98,164.755,0.000,2.95,82.377,0.000,1.96,198.221,0.000,2.95,164.755,0.000,2.95,82.377,0.000,2.95,123.566,0.000,3.93,41.189,0.000,0.98,370.698,0.000,4.91,247.132,0.000,5.89,82.377,0.000,1.96,82.377,0.000,2.95,41.189,0.000,1.96,41.189,0.000,0.98,41.189,0.000,0.98,123.566,0.000,1.96,41.189,0.000,0.98,164.755,0.000,2.95,82.377,0.000,2.95,205.943,0.000,4.91
2.3281,3335.062,0.000,1.87,0.31,0.54,247.042,0.000,3.93,82.347,0.000,1.96,82.347,0.000,2.94,164.694,0.000,2.94,41.174,0.000,0.98,82.347,0.000,0.98,41.174,0.000,1.96,164.694,0.000,2.94,82.347,0.000,0.98,0.000,0.000,0.00,41.174,0.000,0.98,41.174,0.000,0.98,123.521,0.000,1.96,0.000,0.000,0.00,247.042,0.000,4.91,82.347,0.000,1.96,205.868,0.000,2.94,123.521,0.000,0.98,123.521,0.000,0.98,123.521,0.000,0.98,164.694,0.000,2.94,123.521,0.000,1.96,0.000,0.000,0.00,247.042,0.000,2.94,82.347,0.000,1.96,82.347,0.000,0.98,123.521,0.000,1.96,82.347,0.000,1.96,123.521,0.000,1.96,205.868,0.000,2.94
2.4300,3087.851,0.000,2.36,0.38,0.46,123.514,0.000,1.96,82.343,0.000,2.94,123.514,0.000,1.96,82.343,0.000,1.96,123.514,0.000,3.93,0.000,0.000,0.00,41.171,0.000,0.00,82.343,0.000,2.94,41.171,0.000,1.96,247.028,0.000,3.93,41.171,0.000,1.96,82.343,0.000,1.96,82.343,0.000,3.93,123.514,0.000,1.96,205.857,0.000,4.91,41.171,0.000,1.96,247.028,0.000,3.93,82.343,0.000,1.96,82.343,0.000,1.96,82.343,0.000,1.96,164.685,0.000,1.96,247.028,0.000,1.96,123.514,0.000,3.93,82.343,0.000,1.96,41.171,0.000,0.98,41.171,0.000,1.96,82.343,0.000,1.96,123.514,0.000,2.94,123.514,0.000,3.93,41.171,0.000,0.98
2.5318,3584.118,0.000,2.82,0.08,0.46,82.394,0.000,0.98,0.000,0.000,0.00,41.197,0.000,1.96,123.590,0.000,1.96,123.590,0.000,2.95,82.394,0.000,0.98,82.394,0.000,2.95,205.984,0.000,4.91,123.590,0.000,2.95,123.590,0.000,1.96,123.590,0.000,2.95,123.590,0.000,2.95,164.787,0.000,3.93,205.984,0.000,4.91,41.197,0.000,2.95,288.377,0.000,7.86,0.000,0.000,0.00,0.000,0.000,0.00,247.181,0.000,5.89,205.984,0.000,5.89,164.787,0.000,2.95,205.984,0.000,3.93,82.394,0.000,2.95,41.197,0.000,1.96,164.787,0.000,0.98,82.394,0.000,0.98,288.377,0.000,5.89,82.394,0.000,3.93,82.394,0.000,1.96,0.000,0.000,0.00
2.6336,3157.282,0.000,2.39,0.31,0.54,82.409,0.000,0.98,123.613,0.000,1.96,41.204,0.000,1.96,123.613,0.000,2.95,206.022,0.000,2.95,25.753,0.000,0.00,123.613,0.000,2.95,164.817,0.000,2.95,206.022,0.000,2.95,41.204,0.000,1.96,82.409,0.000,1.96,41.204,0.000,1.96,41.204,0.000,0.98,82.409,0.000,1.96,247.226,0.000,2.95,41.204,0.000,0.98,164.817,0.000,3.93,123.613,0.000,3.93,82.409,0.000,2.95,41.204,0.000,0.98,123.613,0.000,2.95,206.022,0.000,3.93,41.204,0.000,1.96,82.409,0.000,3.93,82.409,0.000,1.96,82.409,0.000,2.95,0.000,0.000,0.00,123.613,0.000,1.96,247.226,0.000,4.91,82.409,0.000,2.95
2.7355,3227.028,0.000,2.88,0.08,0.46,82.348,0.000,1.96,123.523,0.000,2.95,0.000,0.000,0.00,164.697,0.000,3.93,247.045,0.000,5.89,138.963,0.000,3.93,82.348,0.000,2.95,41.174,0.000,0.98,41.174,0.000,1.96,41.174,0.000,1.96,123.523,0.000,0.98,164.697,0.000,4.91,41.174,0.000,2.95,82.348,0.000,1.96,82.348,0.000,2.95,164.697,0.000,5.89,123.523,0.000,1.96,41.174,0.000,1.96,41.174,0.000,0.00,82.348,0.000,2.95,41.174,0.000,0.98,247.045,0.000,3.93,123.523,0.000,2.95,123.523,0.000,2.95,164.697,0.000,5.89,205.871,0.000,3.93,205.871,0.000,4.91,41.174,0.000,1.96,41.174,0.000,1.96,123.523,0.000,3.93
2.8374,3458.225,0.000,2.65,0.31,0.46,82.339,0.000,0.00,82.339,0.000,1.96,82.339,0.000,0.98,164.677,0.000,3.93,123.508,0.000,2.94,164.677,0.000,3.93,205.847,0.000,4.91,82.339,0.000,3.93,82.339,0.000,1.96,123.508,0.000,3.93,123.508,0.000,1.96,41.169,0.000,2.94,123.508,0.000,1.96,82.339,0.000,1.96,123.508,0.000,1.96,82.339,0.000,2.94,123.508,0.000,1.96,41.169,0.000,0.98,123.508,0.000,2.94,123.508,0.000,0.00,123.508,0.000,3.93,123.508,0.000,3.93,82.339,0.000,1.96,164.677,0.000,3.93,41.169,0.000,0.98,164.677,0.000,2.94,123.508,0.000,3.93,205.847,0.000,3.93,205.847,0.000,3.93,41.169,0.000,1.96
2.9392,3694.939,0.000,2.85,0.15,0.46,247.188,0.000,4.91,82.396,0.000,1.96,0.000,0.000,0.00,82.396,0.000,1.96,247.188,0.000,3.93,82.396,0.000,1.96,123.594,0.000,2.95,164.792,0.000,3.93,247.188,0.000,5.89,288.386,0.000,5.89,82.396,0.000,0.98,82.396,0.000,1.96,0.000,0.000,0.00,82.396,0.000,3.93,123.594,0.000,2.95,164.792,0.000,2.95,205.990,0.000,4.91,0.000,0.000,0.00,69.522,0.000,1.96,164.792,0.000,3.93,82.396,0.000,2.95,82.396,0.000,0.98,164.792,0.000,2.95,82.396,0.000,1.96,205.990,0.000,5.89,0.000,0.000,0.00,123.594,0.000,2.95,164.792,0.000,2.95,123.594,0.000,3.93,123.594,0.000,3.93
3.0410,3068.406,0.000,2.39,0.23,0.46,41.187,0.000,1.96,82.373,0.000,1.96,164.747,0.000,1.96,82.373,0.000,1.96,82.373,0.000,0.98,164.747,0.000,2.95,41.187,0.000,1.96,82.373,0.000,1.96,123.560,0.000,2.95,123.560,0.000,2.95,164.747,0.000,4.91,41.187,0.000,1.96,164.747,0.000,3.93,172.469,0.000,2.95,82.373,0.000,1.96,82.373,0.000,2.95,41.187,0.000,0.98,164.747,0.000,3.93,95.244,0.000,3.93,123.560,0.000,0.00,41.187,0.000,0.98,123.560,0.000,2.95,164.747,0.000,2.95,82.373,0.000,0.98,41.187,0.000,0.98,164.747,0.000,5.89,41.187,0.000,0.98,123.560,0.000,2.95,123.560,0.000,2.95,41.187,0.000,0.98
3.1429,3324.655,0.000,2.52,0.38,0.46,82.344,0.000,1.96,79.771,0.000,0.00,41.172,0.000,0.98,82.344,0.000,1.96,123.517,0.000,4.91,123.517,0.000,2.94,123.517,0.000,2.94,41.172,0.000,0.98,82.344,0.000,0.98,123.517,0.000,2.94,123.517,0.000,1.96,164.689,0.000,1.96,123.517,0.000,3.93,156.969,0.000,3.93,41.172,0.000,1.96,82.344,0.000,2.94,82.344,0.000,1.96,288.205,0.000,4.91,41.172,0.000,0.98,164.689,0.000,1.96,41.172,0.000,1.96,41.172,0.000,0.98,82.344,0.000,1.96,164.689,0.000,4.91,205.861,0.000,4.91,164.689,0.000,2.94,247.033,0.000,6.87,205.861,0.000,3.93,0.000,0.000,0.00,0.000,0.000,0.00
3.2448,3306.460,0.000,2.32,0.31,0.46,41.170,0.000,1.96,126.083,0.000,1.96,123.510,0.000,1.96,82.340,0.000,1.96,41.170,0.000,0.00,123.510,0.000,1.96,133.802,0.000,2.94,123.510,0.000,1.96,82.340,0.000,1.96,0.000,0.000,0.00,164.680,0.000,3.93,82.340,0.000,1.96,82.340,0.000,0.98,41.170,0.000,0.98,41.170,0.000,1.96,123.510,0.000,2.94,247.020,0.000,4.91,205.850,0.000,3.93,123.510,0.000,1.96,123.510,0.000,1.96,41.170,0.000,0.98,123.510,0.000,1.96,82.340,0.000,2.94,123.510,0.000,1.96,123.510,0.000,1.96,205.850,0.000,4.91,164.680,0.000,1.96,123.510,0.000,2.94,82.340,0.000,2.94,123.510,0.000,4.91
3.3467,3526.494,0.000,1.96,0.23,0.46,205.776,0.000,1.96,41.155,0.000,0.98,164.621,0.000,1.96,246.932,0.000,4.91,82.311,0.000,2.94,123.466,0.000,0.00,195.488,0.000,2.94,123.466,0.000,2.94,123.466,0.000,3.92,82.311,0.000,0.98,164.621,0.000,1.96,41.155,0.000,0.98,123.466,0.000,2.94,123.466,0.000,1.96,0.000,0.000,0.00,205.776,0.000,2.94,164.621,0.000,2.94,162.049,0.000,0.98,123.466,0.000,0.00,41.155,0.000,0.98,82.311,0.000,2.94,82.311,0.000,0.98,123.466,0.000,2.94,246.932,0.000,4.91,0.000,0.000,0.00,123.466,0.000,1.96,123.466,0.000,1.96,41.155,0.000,1.96,82.311,0.000,0.98,82.311,0.000,0.98
3.4486,3341.512,0.000,2.36,0.38,0.54,41.158,0.000,0.98,205.790,0.000,2.94,41.158,0.000,0.00,164.632,0.000,1.96,164.632,0.000,2.94,82.316,0.000,1.96,0.000,0.000,0.00,123.474,0.000,0.98,82.316,0.000,2.94,246.948,0.000,4.91,0.000,0.000,0.00,164.632,0.000,3.93,288.106,0.000,5.89,82.316,0.000,0.98,41.158,0.000,2.94,123.474,0.000,1.96,82.316,0.000,0.98,84.888,0.000,2.94,46.303,0.000,2.94,82.316,0.000,2.94,123.474,0.000,2.94,123.474,0.000,3.93,164.632,0.000,3.93,41.158,0.000,0.98,164.632,0.000,2.94,246.948,0.000,4.91,164.632,0.000,1.96,41.158,0.000,0.98,82.316,0.000,1.96,41.158,0.000,0.98
3.5504,3413.570,0.000,2.26,0.31,0.46,123.568,0.000,1.96,0.000,0.000,0.00,0.000,0.000,0.00,123.568,0.000,2.95,41.189,0.000,1.96,164.758,0.000,2.95,247.136,0.000,6.87,164.758,0.000,3.93,123.568,0.000,2.95,82.379,0.000,1.96,123.568,0.000,2.95,82.379,0.000,1.96,82.379,0.000,1.96,82.379,0.000,2.95,0.000,0.000,0.00,0.000,0.000,0.00,164.758,0.000,2.95,205.947,0.000,3.93,283.177,0.000,4.91,164.758,0.000,0.98,82.379,0.000,1.96,82.379,0.000,1.96,41.189,0.000,0.98,288.326,0.000,5.89,0.000,0.000,0.00,164.758,0.000,2.95,123.568,0.000,0.98,123.568,0.000,0.98,205.947,0.000,2.95,41.189,0.000,0.98
3.6524,3356.060,0.000,2.22,0.31,0.46,41.116,0.000,0.98,41.116,0.000,0.98,123.347,0.000,1.96,107.928,0.000,0.98,246.694,0.000,4.90,82.231,0.000,1.96,0.000,0.000,0.00,164.462,0.000,3.92,123.347,0.000,1.96,123.347,0.000,2.94,205.578,0.000,4.90,164.462,0.000,2.94,164.462,0.000,1.96,0.000,0.000,0.00,41.116,0.000,2.94,82.231,0.000,3.92,82.231,0.000,1.96,41.116,0.000,0.98,82.231,0.000,0.98,82.231,0.000,0.98,41.116,0.000,1.96,123.347,0.000,3.92,123.347,0.000,1.96,123.347,0.000,0.98,123.347,0.000,2.94,287.809,0.000,5.88,82.231,0.000,1.96,246.694,0.000,2.94,123.347,0.000,1.96,82.231,0.000,0.00
3.7543,3474.515,0.000,2.36,0.38,0.46,41.179,0.000,1.96,0.000,0.000,0.00,123.538,0.000,1.96,138.981,0.000,2.95,82.359,0.000,2.95,164.718,0.000,0.98,164.718,0.000,2.95,0.000,0.000,0.00,123.538,0.000,0.98,205.897,0.000,5.89,164.718,0.000,2.95,123.538,0.000,0.98,123.538,0.000,2.95,82.359,0.000,1.96,82.359,0.000,2.95,205.897,0.000,3.93,82.359,0.000,1.96,82.359,0.000,1.96,82.359,0.000,2.95,205.897,0.000,2.95,205.897,0.000,1.96,82.359,0.000,1.96,123.538,0.000,2.95,82.359,0.000,1.96,0.000,0.000,0.00,164.718,0.000,2.95,164.718,0.000,2.95,164.718,0.000,3.93,123.538,0.000,3.93,82.359,0.000,1.96
3.8561,3459.587,0.000,1.96,0.38,0.46,123.557,0.000,0.00,82.371,0.000,0.98,41.186,0.000,0.00,164.742,0.000,2.95,247.113,0.000,4.91,82.371,0.000,0.00,164.742,0.000,2.95,123.557,0.000,3.93,164.742,0.000,1.96,164.742,0.000,2.95,123.557,0.000,2.95,41.186,0.000,0.98,82.371,0.000,1.96,164.742,0.000,2.95,123.557,0.000,1.96,0.000,0.000,0.98,123.557,0.000,2.95,82.371,0.000,0.98,82.371,0.000,1.96,123.557,0.000,0.98,164.742,0.000,2.95,164.742,0.000,0.98,205.928,0.000,3.93,123.557,0.000,2.95,82.371,0.000,0.98,41.186,0.000,1.96,123.557,0.000,2.95,82.371,0.000,1.96,82.371,0.000,0.98,82.371,0.000,0.00
3.9579,3625.279,0.000,2.42,0.23,0.46,82.393,0.000,1.96,0.000,0.000,0.00,41.196,0.000,0.98,41.196,0.000,1.96,164.785,0.000,2.95,82.393,0.000,0.98,205.982,0.000,4.91,123.589,0.000,1.96,82.393,0.000,2.95,82.393,0.000,1.96,164.785,0.000,2.95,123.589,0.000,2.95,41.196,0.000,0.98,164.785,0.000,1.96,123.589,0.000,1.96,205.982,0.000,3.93,41.196,0.000,0.98,164.785,0.000,2.95,41.196,0.000,1.96,247.178,0.000,3.93,205.982,0.000,4.91,247.178,0.000,4.91,205.982,0.000,3.93,123.589,0.000,2.95,82.393,0.000,1.96,123.589,0.000,0.98,82.393,0.000,1.96,164.785,0.000,1.96,82.393,0.000,1.96,82.393,0.000,1.96
4.0598,3582.191,0.000,2.09,0.38,0.38,205.873,0.000,1.96,0.000,0.000,0.00,288.222,0.000,5.89,123.524,0.000,0.98,164.698,0.000,3.93,123.524,0.000,1.96,0.000,0.000,0.00,123.524,0.000,2.95,41.175,0.000,1.96,0.000,0.000,0.00,164.698,0.000,3.93,247.048,0.000,2.95,205.873,0.000,2.95,123.524,0.000,1.96,164.698,0.000,2.95,164.698,0.000,2.95,41.175,0.000,1.96,82.349,0.000,1.96,123.524,0.000,1.96,123.524,0.000,0.98,41.175,0.000,0.00,164.698,0.000,3.93,41.175,0.000,0.00,164.698,0.000,2.95,288.222,0.000,5.89,0.000,0.000,0.00,82.349,0.000,0.00,0.000,0.000,0.00,164.698,0.000,3.93,123.524,0.000,1.96
4.1616,3394.855,0.000,2.78,0.15,0.54,0.000,0.000,0.00,41.212,0.000,0.98,82.424,0.000,1.97,82.424,0.000,1.97,82.424,0.000,1.97,82.424,0.000,1.97,123.637,0.000,1.97,206.061,0.000,4.91,164.849,0.000,1.97,82.424,0.000,1.97,123.637,0.000,2.95,41.212,0.000,1.97,123.637,0.000,1.97,41.212,0.000,0.98,164.849,0.000,4.91,82.424,0.000,2.95,82.424,0.000,3.93,82.424,0.000,2.95,82.424,0.000,1.97,164.849,0.000,3.93,288.485,0.000,6.88,82.424,0.000,2.95,123.637,0.000,2.95,247.273,0.000,4.91,56.667,0.000,0.98,370.910,0.000,8.84,82.424,0.000,1.97,123.637,0.000,1.97,82.424,0.000,3.93,0.000,0.000,0.00
4.2634,3672.128,0.000,2.75,0.23,0.46,82.346,0.000,0.98,41.173,0.000,0.00,41.173,0.000,0.98,164.692,0.000,3.93,82.346,0.000,1.96,164.692,0.000,4.91,247.039,0.000,4.91,123.519,0.000,2.94,82.346,0.000,1.96,82.346,0.000,1.96,329.385,0.000,4.91,82.346,0.000,2.94,82.346,0.000,1.96,205.866,0.000,2.94,164.692,0.000,2.94,164.692,0.000,3.93,41.173,0.000,1.96,205.866,0.000,4.91,123.519,0.000,2.94,82.346,0.000,2.94,164.692,0.000,4.91,164.692,0.000,2.94,164.692,0.000,2.94,41.173,0.000,0.98,190.426,0.000,4.91,205.866,0.000,4.91,64.333,0.000,2.94,41.173,0.000,0.00,0.000,0.000,0.00,41.173,0.000,0.98
4.3653,3640.574,0.000,2.62,0.23,0.38,123.584,0.000,1.96,123.584,0.000,2.95,82.389,0.000,1.96,82.389,0.000,2.95,123.584,0.000,3.93,41.195,0.000,0.98,82.389,0.000,1.96,164.778,0.000,2.95,121.009,0.000,1.96,164.778,0.000,3.93,164.778,0.000,2.95,164.778,0.000,3.93,205.973,0.000,4.91,164.778,0.000,2.95,0.000,0.000,0.00,205.973,0.000,2.95,123.584,0.000,3.93,82.389,0.000,1.96,82.389,0.000,1.96,247.168,0.000,2.95,123.584,0.000,1.96,41.195,0.000,1.96,82.389,0.000,1.96,247.168,0.000,4.91,164.778,0.000,3.93,123.584,0.000,2.95,59.217,0.000,1.96,0.000,0.000,0.00,164.778,0.000,3.93,82.389,0.000,0.98
4.4671,3669.305,0.000,2.95,0.08,0.46,205.996,0.000,5.89,41.199,0.000,0.98,41.199,0.000,0.98,123.598,0.000,3.93,205.996,0.000,4.91,205.996,0.000,5.89,41.199,0.000,0.98,123.598,0.000,3.93,84.973,0.000,1.96,41.199,0.000,0.98,164.797,0.000,2.95,123.598,0.000,1.96,82.398,0.000,2.95,82.398,0.000,1.96,123.598,0.000,3.93,82.398,0.000,0.98,123.598,0.000,2.95,247.195,0.000,5.89,247.195,0.000,5.89,123.598,0.000,1.96,41.199,0.000,1.96,123.598,0.000,1.96,123.598,0.000,0.98,123.598,0.000,1.96,164.797,0.000,3.93,205.996,0.000,4.91,123.598,0.000,4.91,82.398,0.000,1.96,82.398,0.000,1.96,82.398,0.000,1.96
4.5688,3667.544,0.000,3.27,0.08,0.54,247.250,0.000,5.89,206.042,0.000,4.91,41.208,0.000,1.96,123.625,0.000,3.93,247.250,0.000,5.89,82.417,0.000,1.96,123.625,0.000,2.95,123.625,0.000,3.93,123.625,0.000,3.93,82.417,0.000,3.93,288.459,0.000,6.88,41.208,0.000,1.96,123.625,0.000,2.95,0.000,0.000,0.00,41.208,0.000,0.98,41.208,0.000,1.96,164.833,0.000,3.93,0.000,0.000,0.00,82.417,0.000,1.96,0.000,0.000,0.00,123.625,0.000,3.93,123.625,0.000,2.95,247.250,0.000,6.88,164.833,0.000,4.91,82.417,0.000,1.96,82.417,0.000,1.96,206.042,0.000,4.91,288.459,0.000,6.88,41.208,0.000,0.98,123.625,0.000,2.95
4.6706,3503.444,0.000,2.65,0.15,0.46,164.868,0.000,4.91,82.434,0.000,2.95,123.651,0.000,3.93,123.651,0.000,2.95,123.651,0.000,2.95,41.217,0.000,0.98,164.868,0.000,2.95,206.085,0.000,4.91,123.651,0.000,1.97,206.085,0.000,3.93,82.434,0.000,0.98,0.000,0.000,0.00,123.651,0.000,1.97,0.000,0.000,0.00,164.868,0.000,5.90,41.217,0.000,1.97,247.302,0.000,3.93,82.434,0.000,0.98,164.868,0.000,3.93,123.651,0.000,4.91,164.868,0.000,1.97,123.651,0.000,2.95,123.651,0.000,2.95,164.868,0.000,3.93,82.434,0.000,1.97,82.434,0.000,0.98,82.434,0.000,1.97,82.434,0.000,2.95,164.868,0.000,1.97,41.217,0.000,0.98
4.7724,3698.571,0.000,2.62,0.31,0.46,82.419,0.000,0.00,164.839,0.000,3.93,82.419,0.000,0.98,41.210,0.000,0.98,154.536,0.000,3.93,0.000,0.000,0.00,41.210,0.000,0.00,82.419,0.000,1.97,247.258,0.000,3.93,41.210,0.000,0.98,82.419,0.000,1.97,82.419,0.000,2.95,247.258,0.000,2.95,123.629,0.000,1.97,206.048,0.000,3.93,41.210,0.000,2.95,41.210,0.000,0.98,82.419,0.000,1.97,164.839,0.000,2.95,206.048,0.000,3.93,123.629,0.000,3.93,123.629,0.000,1.97,247.258,0.000,4.91,288.468,0.000,6.88,164.839,0.000,4.91,164.839,0.000,3.93,82.419,0.000,2.95,123.629,0.000,3.93,123.629,0.000,0.98,41.210,0.000,0.98
4.8742,3758.229,0.000,2.59,0.31,0.46,123.558,0.000,1.96,123.558,0.000,3.93,123.558,0.000,1.96,164.744,0.000,4.91,216.227,0.000,3.93,82.372,0.000,0.98,82.372,0.000,0.98,123.558,0.000,2.95,247.116,0.000,4.91,123.558,0.000,2.95,123.558,0.000,1.96,123.558,0.000,0.98,123.558,0.000,2.95,164.744,0.000,0.98,82.372,0.000,1.96,164.744,0.000,3.93,205.930,0.000,4.91,247.116,0.000,4.91,164.744,0.000,3.93,82.372,0.000,2.95,82.372,0.000,1.96,123.558,0.000,2.95,123.558,0.000,1.96,41.186,0.000,0.98,41.186,0.000,1.96,82.372,0.000,1.96,41.186,0.000,0.98,123.558,0.000,1.96,41.186,0.000,0.00,164.744,0.000,3.93
4.9760,3681.571,0.000,2.23,0.23,0.46,247.327,0.000,5.90,82.442,0.000,1.97,82.442,0.000,1.97,123.664,0.000,1.97,82.442,0.000,0.98,41.221,0.000,0.00,41.221,0.000,0.98,164.885,0.000,2.95,206.106,0.000,2.95,206.106,0.000,3.93,41.221,0.000,0.98,123.664,0.000,2.95,82.442,0.000,0.98,164.885,0.000,1.97,288.549,0.000,5.90,123.664,0.000,1.97,41.221,0.000,0.98,123.664,0.000,2.95,0.000,0.000,0.00,329.770,0.000,5.90,164.885,0.000,1.97,41.221,0.000,0.98,54.103,0.000,0.98,123.664,0.000,1.97,123.664,0.000,1.97,82.442,0.000,0.98,164.885,0.000,3.93,82.442,0.000,1.97,41.221,0.000,0.98,206.106,0.000,2.95
5.0778,3760.209,0.000,2.59,0.31,0.46,82.416,0.000,2.95,123.623,0.000,2.95,105.595,0.000,1.96,123.623,0.000,3.93,82.416,0.000,1.96,41.208,0.000,0.98,164.831,0.000,2.95,164.831,0.000,3.93,123.623,0.000,1.96,123.623,0.000,1.96,82.416,0.000,0.98,41.208,0.000,0.98,82.416,0.000,1.96,164.831,0.000,2.95,0.000,0.000,0.00,123.623,0.000,0.98,123.623,0.000,2.95,41.208,0.000,0.98,82.416,0.000,0.98,123.623,0.000,2.95,453.286,0.000,6.88,206.039,0.000,4.91,193.161,0.000,4.91,41.208,0.000,0.98,82.416,0.000,2.95,82.416,0.000,1.96,164.831,0.000,3.93,206.039,0.000,2.95,247.247,0.000,3.93,82.416,0.000,2.95
5.1795,3610.074,0.000,2.46,0.23,0.46,82.457,0.000,1.97,206.143,0.000,4.91,100.495,0.000,2.95,123.686,0.000,3.93,41.229,0.000,1.97,164.914,0.000,1.97,206.143,0.000,4.91,164.914,0.000,3.93,82.457,0.000,1.97,247.371,0.000,4.91,123.686,0.000,0.98,41.229,0.000,0.98,123.686,0.000,2.95,123.686,0.000,1.97,87.611,0.000,0.98,41.229,0.000,0.98,247.371,0.000,4.91,41.229,0.000,0.98,0.000,0.000,0.00,164.914,0.000,3.93,164.914,0.000,0.00,164.914,0.000,3.93,123.686,0.000,3.93,206.143,0.000,3.93,123.686,0.000,1.97,82.457,0.000,1.97,123.686,0.000,0.98,123.686,0.000,2.95,41.229,0.000,0.98,41.229,0.000,0.98
5.2813,3786.608,0.000,2.82,0.23,0.46,82.430,0.000,2.95,123.644,0.000,2.95,206.074,0.000,3.93,82.430,0.000,1.97,247.289,0.000,4.91,247.289,0.000,5.90,123.644,0.000,1.97,247.289,0.000,4.91,82.430,0.000,1.97,82.430,0.000,1.97,82.430,0.000,1.97,123.644,0.000,1.97,41.215,0.000,0.98,123.644,0.000,1.97,200.922,0.000,4.91,164.859,0.000,2.95,123.644,0.000,3.93,123.644,0.000,2.95,41.215,0.000,0.98,82.430,0.000,1.97,164.859,0.000,2.95,164.859,0.000,2.95,82.430,0.000,2.95,123.644,0.000,1.97,82.430,0.000,1.97,123.644,0.000,2.95,123.644,0.000,2.95,41.215,0.000,0.98,82.430,0.000,2.95,164.859,0.000,3.93
5.3830,3791.495,0.000,2.69,0.08,0.46,206.059,0.000,4.91,206.059,0.000,2.95,206.059,0.000,4.91,41.212,0.000,0.98,82.424,0.000,2.95,41.212,0.000,0.00,123.636,0.000,2.95,82.424,0.000,2.95,123.636,0.000,3.93,164.848,0.000,3.93,206.059,0.000,3.93,164.848,0.000,3.93,123.636,0.000,0.98,82.424,0.000,2.95,41.212,0.000,0.00,164.848,0.000,3.93,82.424,0.000,1.97,164.848,0.000,3.93,82.424,0.000,0.98,82.424,0.000,1.97,164.848,0.000,2.95,82.424,0.000,0.98,123.636,0.000,0.98,164.848,0.000,3.93,206.059,0.000,4.91,164.848,0.000,4.91,41.212,0.000,0.98,123.636,0.000,1.97,164.848,0.000,2.95,82.424,0.000,0.98
5.4848,3613.991,0.000,3.01,0.23,0.46,164.858,0.000,4.91,164.858,0.000,3.93,82.429,0.000,1.97,82.429,0.000,1.97,82.429,0.000,1.97,110.764,0.000,4.91,41.214,0.000,0.98,206.072,0.000,3.93,0.000,0.000,0.00,0.000,0.000,0.00,164.858,0.000,2.95,41.214,0.000,0.98,164.858,0.000,3.93,123.643,0.000,2.95,82.429,0.000,2.95,41.214,0.000,0.98,82.429,0.000,3.93,41.214,0.000,0.98,206.072,0.000,2.95,123.643,0.000,2.95,206.072,0.000,4.91,247.287,0.000,6.88,82.429,0.000,2.95,247.287,0.000,6.88,41.214,0.000,0.98,0.000,0.000,0.00,123.643,0.000,3.93,164.858,0.000,1.97,247.287,0.000,6.88,247.287,0.000,4.91
5.5866,3598.403,0.000,2.06,0.38,0.46,206.065,0.000,3.93,123.639,0.000,2.95,82.426,0.000,1.97,41.213,0.000,0.98,123.639,0.000,2.95,95.305,0.000,0.00,164.852,0.000,1.97,82.426,0.000,0.98,247.278,0.000,2.95,123.639,0.000,1.97,164.852,0.000,3.93,41.213,0.000,0.98,206.065,0.000,0.98,123.639,0.000,1.97,123.639,0.000,1.97,123.639,0.000,0.98,123.639,0.000,2.95,123.639,0.000,1.97,123.639,0.000,2.95,82.426,0.000,0.98,82.426,0.000,1.97,41.213,0.000,0.98,82.426,0.000,0.98,82.426,0.000,2.95,164.852,0.000,1.97,82.426,0.000,1.97,41.213,0.000,1.97,164.852,0.000,3.93,123.639,0.000,2.95,206.065,0.000,1.97
5.6883,3714.168,0.000,3.11,0.08,0.46,247.439,0.000,5.90,206.199,0.000,3.93,41.240,0.000,0.98,82.480,0.000,0.98,123.720,0.000,2.95,82.480,0.000,2.95,82.480,0.000,1.97,0.000,0.000,0.00,329.919,0.000,7.87,167.537,0.000,3.93,0.000,0.000,0.00,288.679,0.000,5.90,164.960,0.000,4.92,41.240,0.000,1.97,82.480,0.000,1.97,82.480,0.000,1.97,41.240,0.000,0.98,164.960,0.000,3.93,82.480,0.000,2.95,206.199,0.000,4.92,164.960,0.000,4.92,82.480,0.000,2.95,123.720,0.000,3.93,41.240,0.000,0.98,82.480,0.000,1.97,206.199,0.000,4.92,123.720,0.000,2.95,123.720,0.000,2.95,123.720,0.000,2.95,123.720,0.000,3.93
5.7901,3808.565,0.000,2.59,0.15,0.46,123.605,0.000,2.95,41.202,0.000,0.98,164.806,0.000,2.95,164.806,0.000,2.95,288.411,0.000,4.91,164.806,0.000,2.95,144.205,0.000,2.95,164.806,0.000,2.95,123.605,0.000,0.98,79.828,0.000,1.96,82.403,0.000,0.98,0.000,0.000,0.00,247.209,0.000,3.93,82.403,0.000,1.96,164.806,0.000,3.93,164.806,0.000,4.91,41.202,0.000,0.98,123.605,0.000,1.96,123.605,0.000,1.96,0.000,0.000,0.00,82.403,0.000,1.96,0.000,0.000,0.00,288.411,0.000,5.89,41.202,0.000,0.98,247.209,0.000,5.89,123.605,0.000,2.95,164.806,0.000,4.91,123.605,0.000,1.96,41.202,0.000,1.96,206.008,0.000,3.93
5.8919,3512.955,0.000,2.10,0.54,0.38,82.415,0.000,2.95,329.661,0.000,4.91,82.415,0.000,1.96,123.623,0.000,2.95,206.038,0.000,5.89,123.623,0.000,1.96,20.604,0.000,0.00,41.208,0.000,0.98,82.415,0.000,0.98,0.000,0.000,0.00,206.038,0.000,2.95,82.415,0.000,0.98,41.208,0.000,0.98,164.831,0.000,0.98,329.661,0.000,3.93,41.208,0.000,0.00,41.208,0.000,0.00,41.208,0.000,0.98,82.415,0.000,1.96,247.246,0.000,4.91,41.208,0.000,1.96,82.415,0.000,0.98,82.415,0.000,0.98,206.038,0.000,1.96,72.113,0.000,2.95,206.038,0.000,3.93,82.415,0.000,1.96,164.831,0.000,3.93,82.415,0.000,0.98,123.623,0.000,2.95
5.9936,3720.080,0.000,2.85,0.15,0.46,164.879,0.000,2.95,82.439,0.000,1.97,123.659,0.000,2.95,164.879,0.000,4.91,123.659,0.000,1.97,123.659,0.000,1.97,164.879,0.000,3.93,82.439,0.000,1.97,41.220,0.000,0.98,164.879,0.000,3.93,82.439,0.000,2.95,206.099,0.000,3.93,41.220,0.000,0.98,123.659,0.000,0.98,206.099,0.000,4.91,123.659,0.000,2.95,164.879,0.000,2.95,206.099,0.000,5.90,0.000,0.000,0.00,247.318,0.000,4.91,123.659,0.000,1.97,164.879,0.000,3.93,82.439,0.000,1.97,123.659,0.000,2.95,133.964,0.000,2.95,41.220,0.000,1.97,164.879,0.000,3.93,123.659,0.000,2.95,123.659,0.000,4.91,0.000,0.000,0.00
6.0954,3864.590,0.000,2.72,0.31,0.46,164.889,0.000,2.95,41.222,0.000,0.98,123.667,0.000,3.93,247.334,0.000,4.91,206.111,0.000,2.95,82.445,0.000,1.97,123.667,0.000,2.95,123.667,0.000,1.97,82.445,0.000,0.98,164.889,0.000,3.93,82.445,0.000,1.97,164.889,0.000,3.93,206.111,0.000,4.91,247.334,0.000,5.90,206.111,0.000,3.93,206.111,0.000,2.95,0.000,0.000,0.00,82.445,0.000,1.97,164.889,0.000,3.93,206.111,0.000,4.91,30.917,0.000,0.98,82.445,0.000,0.00,82.445,0.000,1.97,0.000,0.000,0.00,41.222,0.000,1.97,0.000,0.000,0.00,123.667,0.000,3.93,164.889,0.000,2.95,164.889,0.000,2.95,247.334,0.000,4.91
6.1971,3835.784,0.000,2.13,0.23,0.46,123.652,0.000,2.95,123.652,0.000,3.93,123.652,0.000,2.95,123.652,0.000,1.97,206.086,0.000,2.95,206.086,0.000,2.95,247.304,0.000,4.91,0.000,0.000,0.00,123.652,0.000,1.97,123.652,0.000,2.95,41.217,0.000,0.00,206.086,0.000,4.91,41.217,0.000,0.00,123.652,0.000,0.98,82.435,0.000,0.98,82.435,0.000,0.98,164.869,0.000,2.95,164.869,0.000,3.93,123.652,0.000,1.97,164.869,0.000,1.97,257.608,0.000,1.97,82.435,0.000,0.98,41.217,0.000,0.00,82.435,0.000,1.97,164.869,0.000,1.97,157.141,0.000,1.97,123.652,0.000,2.95,123.652,0.000,1.97,41.217,0.000,0.98,164.869,0.000,2.95
6.2989,3589.499,0.000,3.05,0.08,0.46,82.399,0.000,1.96,82.399,0.000,2.95,41.199,0.000,0.98,123.598,0.000,1.96,82.399,0.000,1.96,123.598,0.000,2.95,205.997,0.000,5.89,123.598,0.000,4.91,164.798,0.000,3.93,41.199,0.000,0.98,123.598,0.000,2.95,123.598,0.000,1.96,82.399,0.000,2.95,205.997,0.000,3.93,0.000,0.000,0.00,205.997,0.000,4.91,164.798,0.000,3.93,203.422,0.000,4.91,164.798,0.000,4.91,41.199,0.000,1.96,205.997,0.000,4.91,41.199,0.000,0.98,164.798,0.000,4.91,123.598,0.000,2.95,123.598,0.000,0.98,90.124,0.000,1.96,41.199,0.000,1.96,82.399,0.000,2.95,123.598,0.000,2.95,205.997,0.000,5.89
6.4007,3667.508,0.000,2.91,0.15,0.46,123.624,0.000,1.96,164.832,0.000,3.93,82.416,0.000,1.96,123.624,0.000,2.95,41.208,0.000,1.96,82.416,0.000,1.96,164.832,0.000,3.93,82.416,0.000,0.98,123.624,0.000,2.95,82.416,0.000,1.96,123.624,0.000,3.93,123.624,0.000,2.95,164.832,0.000,3.93,123.624,0.000,3.93,41.208,0.000,0.00,164.832,0.000,4.91,288.456,0.000,5.89,43.783,0.000,0.98,164.832,0.000,2.95,206.040,0.000,5.89,162.256,0.000,3.93,82.416,0.000,0.98,206.040,0.000,3.93,82.416,0.000,1.96,82.416,0.000,2.95,123.624,0.000,2.95,82.416,0.000,2.95,206.040,0.000,4.91,123.624,0.000,2.95,0.000,0.000,0.00
6.5025,3587.737,0.000,2.23,0.38,0.46,82.418,0.000,3.93,41.209,0.000,0.98,164.835,0.000,3.93,123.626,0.000,2.95,247.253,0.000,4.91,82.418,0.000,0.98,164.835,0.000,1.96,164.835,0.000,1.96,41.209,0.000,0.98,123.626,0.000,2.95,41.209,0.000,0.98,164.835,0.000,3.93,206.044,0.000,2.95,41.209,0.000,0.98,41.209,0.000,0.98,123.626,0.000,2.95,206.044,0.000,2.95,206.044,0.000,2.95,123.626,0.000,1.96,41.209,0.000,0.98,249.828,0.000,4.91,206.044,0.000,2.95,0.000,0.000,0.00,123.626,0.000,1.96,41.209,0.000,0.00,82.418,0.000,0.98,82.418,0.000,1.96,123.626,0.000,2.95,82.418,0.000,1.96,164.835,0.000,1.96
6.6043,3708.039,0.000,2.55,0.23,0.46,82.401,0.000,1.96,164.802,0.000,1.96,82.401,0.000,1.96,123.601,0.000,3.93,0.000,0.000,0.00,123.601,0.000,2.95,123.601,0.000,1.96,164.802,0.000,3.93,82.401,0.000,1.96,41.200,0.000,0.00,123.601,0.000,1.96,41.200,0.000,1.96,0.000,0.000,0.00,247.203,0.000,3.93,123.601,0.000,2.95,206.002,0.000,3.93,41.200,0.000,0.98,247.203,0.000,4.91,123.601,0.000,2.95,41.200,0.000,0.98,82.401,0.000,2.95,164.802,0.000,1.96,164.802,0.000,2.95,247.203,0.000,5.89,164.802,0.000,3.93,82.401,0.000,0.98,123.601,0.000,2.95,206.002,0.000,2.95,123.601,0.000,3.93,164.802,0.000,2.95
6.7061,3845.839,0.000,2.95,0.08,0.46,164.858,0.000,2.95,247.288,0.000,5.90,123.644,0.000,2.95,82.429,0.000,1.97,41.215,0.000,0.98,206.073,0.000,4.91,82.429,0.000,0.98,206.073,0.000,5.90,123.644,0.000,2.95,206.073,0.000,3.93,164.858,0.000,3.93,164.858,0.000,3.93,164.858,0.000,1.97,82.429,0.000,2.95,164.858,0.000,4.91,41.215,0.000,0.98,164.858,0.000,3.93,41.215,0.000,0.98,41.215,0.000,0.98,82.429,0.000,1.97,95.309,0.000,2.95,82.429,0.000,0.98,164.858,0.000,3.93,247.288,0.000,4.91,0.000,0.000,0.00,41.215,0.000,0.98,164.858,0.000,3.93,206.073,0.000,4.91,164.858,0.000,3.93,82.429,0.000,1.97
6.8078,3738.612,0.000,2.72,0.23,0.46,123.676,0.000,1.97,41.225,0.000,0.98,123.676,0.000,2.95,247.351,0.000,4.91,164.901,0.000,3.93,123.676,0.000,1.97,206.126,0.000,2.95,123.676,0.000,3.93,206.126,0.000,3.93,41.225,0.000,0.98,82.450,0.000,1.97,123.676,0.000,1.97,82.450,0.000,0.98,82.450,0.000,1.97,164.901,0.000,3.93,164.901,0.000,4.91,41.225,0.000,0.98,82.450,0.000,1.97,41.225,0.000,0.98,123.676,0.000,0.98,193.243,0.000,3.93,0.000,0.000,0.00,164.901,0.000,3.93,82.450,0.000,2.95,82.450,0.000,0.98,329.802,0.000,7.86,164.901,0.000,3.93,82.450,0.000,2.95,164.901,0.000,4.91,82.450,0.000,0.98
6.9096,3709.980,0.000,2.88,0.15,0.46,247.332,0.000,5.90,123.666,0.000,3.93,41.222,0.000,0.00,123.666,0.000,1.97,164.888,0.000,3.93,82.444,0.000,1.97,206.110,0.000,4.91,82.444,0.000,0.98,247.332,0.000,5.90,206.110,0.000,5.90,123.666,0.000,2.95,164.888,0.000,2.95,206.110,0.000,4.91,82.444,0.000,1.97,247.332,0.000,5.90,82.444,0.000,1.97,82.444,0.000,1.97,123.666,0.000,1.97,123.666,0.000,2.95,82.444,0.000,1.97,41.222,0.000,0.98,123.666,0.000,2.95,82.444,0.000,2.95,0.000,0.000,0.00,82.444,0.000,1.97,123.666,0.000,2.95,123.666,0.000,3.93,82.444,0.000,1.97,123.666,0.000,1.97,82.444,0.000,1.97
7.0113,3668.789,0.050,2.06,0.38,0.46,206.112,0.000,1.97,164.889,0.000,2.95,123.667,0.000,2.95,164.889,0.000,2.95,164.889,0.000,1.97,247.334,0.000,2.95,123.667,0.000,1.97,82.445,0.000,0.98,123.667,0.000,2.95,41.222,0.000,0.98,41.222,0.000,1.97,82.445,0.000,1.97,164.889,0.000,0.98,82.445,0.000,1.97,164.889,0.000,3.93,123.667,0.000,1.97,82.445,0.000,0.00,164.889,0.000,1.97,123.667,0.000,1.97,41.222,0.000,0.98,123.667,0.000,0.98,123.667,0.000,2.95,82.445,0.000,0.98,0.000,0.050,0.98,288.556,0.000,3.93,82.445,0.000,0.00,41.222,0.000,0.98,123.667,0.000,2.95,247.334,0.000,5.90,41.222,0.000,1.97
7.1131,3552.735,0.000,2.46,0.31,0.46,123.663,0.000,2.95,164.884,0.000,1.97,164.884,0.000,3.93,255.055,0.000,5.90,206.105,0.000,1.97,82.442,0.000,0.98,82.442,0.000,0.98,164.884,0.000,2.95,0.000,0.000,0.00,82.442,0.000,0.98,41.221,0.000,0.98,123.663,0.000,2.95,82.442,0.000,2.95,123.663,0.000,1.97,123.663,0.000,2.95,123.663,0.000,2.95,82.442,0.000,2.95,41.221,0.000,1.97,41.221,0.000,0.98,41.221,0.000,0.98,206.105,0.000,3.93,164.884,0.000,2.95,41.221,0.000,0.98,288.547,0.000,5.90,164.884,0.000,3.93,82.442,0.000,1.97,247.326,0.000,4.91,123.663,0.000,3.93,0.000,0.000,0.00,82.442,0.000,0.98
7.2148,3867.748,0.000,2.69,0.15,0.46,82.457,0.000,1.97,329.828,0.000,5.90,123.685,0.000,0.98,198.412,0.000,3.93,123.685,0.000,2.95,123.685,0.000,2.95,123.685,0.000,2.95,123.685,0.000,1.97,82.457,0.000,1.97,82.457,0.000,1.97,82.457,0.000,1.97,164.914,0.000,2.95,164.914,0.000,2.95,164.914,0.000,2.95,82.457,0.000,3.93,41.228,0.000,0.98,82.457,0.000,1.97,164.914,0.000,3.93,164.914,0.000,2.95,41.228,0.000,0.98,0.000,0.000,0.00,123.685,0.000,1.97,82.457,0.000,1.97,288.599,0.000,5.90,41.228,0.000,0.98,247.371,0.000,5.90,123.685,0.000,1.97,206.142,0.000,4.91,82.457,0.000,1.97,123.685,0.000,1.97
7.3165,3951.728,0.000,2.29,0.38,0.46,41.218,0.000,0.98,206.088,0.000,1.97,247.305,0.000,3.93,164.870,0.000,2.95,200.935,0.000,3.93,41.218,0.000,0.98,206.088,0.000,3.93,82.435,0.000,1.97,41.218,0.000,0.00,82.435,0.000,1.97,164.870,0.000,3.93,41.218,0.000,0.98,82.435,0.000,1.97,206.088,0.000,3.93,82.435,0.000,0.98,41.218,0.000,0.00,164.870,0.000,2.95,164.870,0.000,2.95,82.435,0.000,1.97,82.435,0.000,0.98,123.653,0.000,1.97,164.870,0.000,1.97,164.870,0.000,3.93,82.435,0.000,1.97,247.305,0.000,3.93,164.870,0.000,1.97,164.870,0.000,1.97,164.870,0.000,3.93,164.870,0.000,2.95,82.435,0.000,0.98
7.4183,3647.461,0.000,2.98,0.00,0.46,164.857,0.000,4.91,82.428,0.000,2.95,123.643,0.000,2.95,41.214,0.000,0.98,252.437,0.000,5.90,0.000,0.000,0.00,0.000,0.000,0.00,123.643,0.000,2.95,41.214,0.000,0.98,206.071,0.000,4.91,123.643,0.000,3.93,82.428,0.000,1.97,123.643,0.000,0.98,206.071,0.000,4.91,123.643,0.000,2.95,164.857,0.000,2.95,0.000,0.000,0.00,41.214,0.000,1.97,206.071,0.000,4.91,164.857,0.000,3.93,82.428,0.000,1.97,82.428,0.000,2.95,82.428,0.000,2.95,180.312,0.000,3.93,82.428,0.000,1.97,206.071,0.000,3.93,288.500,0.000,6.88,164.857,0.000,2.95,123.643,0.000,4.91,82.428,0.000,1.97
7.5201,3733.288,0.000,2.75,0.31,0.46,82.390,0.000,2.95,123.585,0.000,1.96,329.559,0.000,4.91,41.195,0.000,0.98,41.195,0.000,1.96,164.780,0.000,3.93,164.780,0.000,3.93,164.780,0.000,3.93,164.780,0.000,2.95,41.195,0.000,0.98,123.585,0.000,1.96,41.195,0.000,0.00,82.390,0.000,2.95,205.975,0.000,2.95,123.585,0.000,2.95,205.975,0.000,3.93,123.585,0.000,2.95,123.585,0.000,2.95,82.390,0.000,2.95,82.390,0.000,2.95,164.780,0.000,3.93,82.390,0.000,1.96,123.585,0.000,2.95,108.137,0.000,0.98,82.390,0.000,2.95,205.975,0.000,3.93,41.195,0.000,0.98,123.585,0.000,2.95,123.585,0.000,2.95,164.780,0.000,3.93
7.6219,3833.533,0.000,2.52,0.15,0.46,123.662,0.000,1.97,288.545,0.000,4.91,123.662,0.000,2.95,123.662,0.000,3.93,0.000,0.000,0.00,247.325,0.000,5.90,123.662,0.000,2.95,206.104,0.000,1.97,164.883,0.000,3.93,82.442,0.000,1.97,164.883,0.000,4.91,123.662,0.000,2.95,41.221,0.000,0.98,41.221,0.000,0.98,123.662,0.000,1.97,41.221,0.000,0.98,82.442,0.000,1.97,0.000,0.000,0.00,82.442,0.000,0.00,82.442,0.000,1.97,288.545,0.000,5.90,123.662,0.000,2.95,41.221,0.000,0.98,164.883,0.000,1.97,123.662,0.000,0.98,206.104,0.000,4.91,164.883,0.000,3.93,206.104,0.000,2.95,82.442,0.000,1.97,164.883,0.000,1.97
7.7237,3749.783,0.000,2.62,0.31,0.46,164.826,0.000,4.91,82.413,0.000,1.96,329.651,0.000,7.86,0.000,0.000,0.00,206.032,0.000,3.93,123.619,0.000,2.95,206.032,0.000,2.95,82.413,0.000,1.96,82.413,0.000,0.98,206.032,0.000,3.93,206.032,0.000,2.95,41.206,0.000,0.98,164.826,0.000,3.93,41.206,0.000,0.98,123.619,0.000,1.96,164.826,0.000,3.93,82.413,0.000,2.95,41.206,0.000,0.98,82.413,0.000,0.98,123.619,0.000,2.95,41.206,0.000,0.00,164.826,0.000,3.93,82.413,0.000,1.96,82.413,0.000,1.96,82.413,0.000,1.96,164.826,0.000,3.93,82.413,0.000,1.96,164.826,0.000,3.93,164.826,0.000,1.96,164.826,0.000,2.95
7.8254,3833.416,0.000,2.82,0.23,0.46,206.098,0.000,2.95,164.878,0.000,3.93,82.439,0.000,1.97,247.317,0.000,5.90,164.878,0.000,2.95,206.098,0.000,5.90,41.220,0.000,0.98,0.000,0.000,0.00,123.659,0.000,2.95,123.659,0.000,3.93,0.000,0.000,0.00,247.317,0.000,4.91,123.659,0.000,2.95,123.659,0.000,2.95,164.878,0.000,4.91,123.659,0.000,2.95,164.878,0.000,3.93,82.439,0.000,1.97,82.439,0.000,0.98,123.659,0.000,2.95,41.220,0.000,0.98,123.659,0.000,1.97,164.878,0.000,3.93,123.659,0.000,1.97,0.000,0.000,0.00,82.439,0.000,2.95,206.098,0.000,3.93,247.317,0.000,4.91,82.439,0.000,0.98,164.878,0.000,2.95
7.9272,3711.642,0.000,2.78,0.15,0.46,247.271,0.000,4.91,206.059,0.000,4.91,164.847,0.000,2.95,41.212,0.000,0.98,126.211,0.000,3.93,41.212,0.000,0.98,41.212,0.000,0.98,82.424,0.000,1.97,41.212,0.000,1.97,41.212,0.000,1.97,123.636,0.000,1.97,123.636,0.000,3.93,164.847,0.000,3.93,41.212,0.000,0.00,41.212,0.000,0.98,206.059,0.000,3.93,206.059,0.000,3.93,123.636,0.000,3.93,164.847,0.000,1.97,164.847,0.000,3.93,82.424,0.000,0.98,123.636,0.000,2.95,206.059,0.000,3.93,164.847,0.000,4.91,82.424,0.000,0.98,123.636,0.000,2.95,164.847,0.000,3.93,123.636,0.000,1.97,82.424,0.000,2.95,164.847,0.000,3.93
8.0290,3580.586,0.000,2.00,0.31,0.38,205.929,0.000,2.95,82.371,0.000,1.96,123.557,0.000,1.96,123.557,0.000,1.96,79.797,0.000,2.95,123.557,0.000,0.98,205.929,0.000,2.95,41.186,0.000,0.98,41.186,0.000,0.98,82.371,0.000,0.98,0.000,0.000,0.00,123.557,0.000,0.98,123.557,0.000,2.95,205.929,0.000,1.96,82.371,0.000,1.96,205.929,0.000,4.91,41.186,0.000,0.00,41.186,0.000,1.96,82.371,0.000,0.98,82.371,0.000,1.96,82.371,0.000,1.96,41.186,0.000,0.00,164.743,0.000,2.95,247.114,0.000,3.93,164.743,0.000,3.93,41.186,0.000,0.98,288.300,0.000,3.93,82.371,0.000,1.96,164.743,0.000,1.96,205.929,0.000,1.96
8.1308,3557.831,0.000,2.36,0.38,0.54,206.102,0.000,2.95,123.661,0.000,1.97,247.322,0.000,2.95,288.542,0.000,5.90,82.441,0.000,2.95,247.322,0.000,2.95,95.322,0.000,2.95,164.881,0.000,0.98,41.220,0.000,0.98,82.441,0.000,3.93,164.881,0.000,2.95,82.441,0.000,2.95,164.881,0.000,1.97,123.661,0.000,0.98,164.881,0.000,3.93,82.441,0.000,1.97,123.661,0.000,2.95,123.661,0.000,2.95,82.441,0.000,2.95,123.661,0.000,3.93,164.881,0.000,3.93,82.441,0.000,1.97,0.000,0.000,0.00,0.000,0.000,0.00,206.102,0.000,3.93,82.441,0.000,1.97,41.220,0.000,0.98,0.000,0.000,0.00,82.441,0.000,0.00,82.441,0.000,1.97
8.2326,3737.030,0.000,2.65,0.23,0.46,82.416,0.000,2.95,123.623,0.000,2.95,82.416,0.000,0.98,206.039,0.000,2.95,164.831,0.000,3.93,82.416,0.000,1.96,193.161,0.000,4.91,247.247,0.000,3.93,0.000,0.000,0.00,206.039,0.000,2.95,288.454,0.000,6.88,164.831,0.000,3.93,206.039,0.000,3.93,123.623,0.000,2.95,41.208,0.000,0.98,82.416,0.000,1.96,123.623,0.000,0.98,123.623,0.000,2.95,164.831,0.000,3.93,123.623,0.000,2.95,41.208,0.000,1.96,41.208,0.000,1.96,41.208,0.000,0.98,82.416,0.000,1.96,123.623,0.000,1.96,82.416,0.000,1.96,123.623,0.000,2.95,82.416,0.000,1.96,288.454,0.000,4.91,0.000,0.000,0.00
8.3343,3628.032,0.000,2.95,0.08,0.46,123.683,0.000,3.93,41.228,0.000,0.98,206.138,0.000,4.91,123.683,0.000,2.95,82.455,0.000,1.97,82.455,0.000,0.98,164.911,0.000,3.93,82.455,0.000,1.97,123.683,0.000,1.97,164.911,0.000,4.91,329.821,0.000,8.85,164.911,0.000,3.93,41.228,0.000,1.97,82.455,0.000,1.97,123.683,0.000,2.95,82.455,0.000,1.97,41.228,0.000,0.98,164.911,0.000,3.93,41.228,0.000,0.98,247.366,0.000,6.88,41.228,0.000,0.98,206.138,0.000,3.93,123.683,0.000,2.95,123.683,0.000,1.97,206.138,0.000,5.90,82.455,0.000,1.97,82.455,0.000,2.95,123.683,0.000,2.95,41.228,0.000,0.00,82.455,0.000,1.97
8.4361,3832.180,0.000,2.62,0.31,0.46,82.412,0.000,1.96,247.237,0.000,4.91,123.619,0.000,1.96,123.619,0.000,2.95,41.206,0.000,0.98,206.031,0.000,5.89,164.825,0.000,2.95,41.206,0.000,0.98,164.825,0.000,2.95,41.206,0.000,0.00,41.206,0.000,0.98,82.412,0.000,1.96,41.206,0.000,0.98,164.825,0.000,3.93,82.412,0.000,0.98,164.825,0.000,3.93,164.825,0.000,2.95,82.412,0.000,2.95,82.412,0.000,2.95,123.619,0.000,2.95,0.000,0.000,0.00,82.412,0.000,3.93,164.825,0.000,1.96,82.412,0.000,0.00,370.856,0.000,2.95,82.412,0.000,1.96,247.237,0.000,4.91,247.237,0.000,5.89,206.031,0.000,4.91,82.412,0.000,1.96
8.5378,3751.850,0.000,2.88,0.08,0.46,41.229,0.000,1.97,123.687,0.000,1.97,41.229,0.000,0.98,123.687,0.000,1.97,123.687,0.000,1.97,41.229,0.000,1.97,123.687,0.000,1.97,206.146,0.000,4.91,164.916,0.000,1.97,329.833,0.000,8.85,82.458,0.000,1.97,206.146,0.000,4.91,82.458,0.000,1.97,41.229,0.000,0.00,164.916,0.000,3.93,164.916,0.000,3.93,82.458,0.000,1.97,206.146,0.000,5.90,41.229,0.000,1.97,206.146,0.000,4.91,82.458,0.000,1.97,123.687,0.000,2.95,82.458,0.000,2.95,123.687,0.000,1.97,123.687,0.000,2.95,82.458,0.000,1.97,82.458,0.000,1.97,123.687,0.000,2.95,164.916,0.000,3.93,164.916,0.000,2.95
8.6396,3830.466,0.000,2.23,0.38,0.38,123.647,0.000,0.98,123.647,0.000,0.98,164.862,0.000,2.95,164.862,0.000,0.98,164.862,0.000,2.95,247.293,0.000,5.90,164.862,0.000,3.93,82.431,0.000,1.97,206.078,0.000,1.97,82.431,0.000,1.97,82.431,0.000,1.97,206.078,0.000,4.91,123.647,0.000,1.97,82.431,0.000,0.98,82.431,0.000,0.98,41.216,0.000,0.98,82.431,0.000,1.97,247.293,0.000,3.93,82.431,0.000,1.97,123.647,0.000,1.97,82.431,0.000,1.97,123.647,0.000,1.97,121.071,0.000,2.95,206.078,0.000,2.95,82.431,0.000,1.97,164.862,0.000,2.95,123.647,0.000,1.97,123.647,0.000,2.95,82.431,0.000,0.98,41.216,0.000,0.00
8.7413,3712.743,0.000,2.92,0.15,0.46,82.448,0.000,1.97,329.793,0.000,5.90,41.224,0.000,1.97,41.224,0.000,0.98,41.224,0.000,0.98,206.120,0.000,2.95,206.120,0.000,4.91,123.672,0.000,1.97,206.120,0.000,4.91,123.672,0.000,2.95,206.120,0.000,4.91,41.224,0.000,0.98,82.448,0.000,2.95,41.224,0.000,0.98,82.448,0.000,1.97,82.448,0.000,2.95,82.448,0.000,1.97,82.448,0.000,1.97,123.672,0.000,3.93,82.448,0.000,2.95,82.448,0.000,2.95,164.896,0.000,3.93,85.025,0.000,1.97,164.896,0.000,3.93,164.896,0.000,3.93,82.448,0.000,1.97,329.793,0.000,6.88,247.344,0.000,3.93,41.224,0.000,1.97,41.224,0.000,0.98
8.8431,3787.755,0.000,3.01,0.15,0.46,123.682,0.000,2.95,41.227,0.000,0.98,82.455,0.000,1.97,206.136,0.000,4.91,82.455,0.000,2.95,206.136,0.000,4.91,0.000,0.000,0.00,82.455,0.000,1.97,247.364,0.000,5.90,242.210,0.000,5.90,123.682,0.000,2.95,123.682,0.000,0.98,123.682,0.000,2.95,123.682,0.000,1.97,288.591,0.000,5.90,41.227,0.000,0.98,247.364,0.000,5.90,164.909,0.000,3.93,164.909,0.000,2.95,206.136,0.000,4.91,0.000,0.000,0.00,82.455,0.000,2.95,82.455,0.000,2.95,206.136,0.000,5.90,82.455,0.000,1.97,164.909,0.000,3.93,82.455,0.000,1.97,0.000,0.000,0.00,123.682,0.000,3.93,41.227,0.000,0.98
8.9448,3740.669,0.000,2.06,0.31,0.46,82.439,0.000,1.97,0.000,0.000,0.00,370.975,0.000,6.88,41.219,0.000,0.00,206.097,0.000,1.97,164.878,0.000,2.95,41.219,0.000,0.98,41.219,0.000,1.97,108.201,0.000,0.98,128.811,0.000,2.95,123.658,0.000,2.95,123.658,0.000,0.98,123.658,0.000,0.98,164.878,0.000,2.95,123.658,0.000,1.97,82.439,0.000,1.97,123.658,0.000,1.97,82.439,0.000,0.98,82.439,0.000,0.00,164.878,0.000,1.97,123.658,0.000,2.95,164.878,0.000,3.93,123.658,0.000,2.95,41.219,0.000,0.98,164.878,0.000,0.98,164.878,0.000,3.93,41.219,0.000,0.00,288.536,0.000,4.91,82.439,0.000,1.97,164.878,0.000,1.97
9.0466,3719.685,0.000,2.92,0.31,0.46,123.646,0.000,2.95,82.431,0.000,1.97,82.431,0.000,1.97,164.861,0.000,3.93,164.861,0.000,3.93,288.507,0.000,5.90,206.077,0.000,4.91,41.215,0.000,1.97,139.102,0.000,2.95,82.431,0.000,2.95,123.646,0.000,1.97,82.431,0.000,1.97,164.861,0.000,4.91,82.431,0.000,2.95,164.861,0.000,3.93,41.215,0.000,0.98,0.000,0.000,0.00,41.215,0.000,0.00,247.292,0.000,5.90,206.077,0.000,3.93,41.215,0.000,0.98,0.000,0.000,0.00,82.431,0.000,1.97,118.494,0.000,2.95,123.646,0.000,2.95,247.292,0.000,5.90,206.077,0.000,4.91,41.215,0.000,0.00,206.077,0.000,4.91,123.646,0.000,2.95
9.1484,3796.878,0.000,2.95,0.08,0.46,123.643,0.000,1.97,247.287,0.000,6.88,206.072,0.000,4.91,82.429,0.000,2.95,82.429,0.000,2.95,41.214,0.000,0.98,247.287,0.000,4.91,123.643,0.000,3.93,164.858,0.000,3.93,41.214,0.000,1.97,123.643,0.000,1.97,41.214,0.000,0.98,164.858,0.000,3.93,82.429,0.000,2.95,82.429,0.000,2.95,41.214,0.000,0.98,206.072,0.000,4.91,164.858,0.000,3.93,82.429,0.000,1.97,247.287,0.000,5.90,82.429,0.000,0.98,82.429,0.000,0.98,41.214,0.000,0.98,87.581,0.000,1.97,82.429,0.000,0.98,206.072,0.000,3.93,82.429,0.000,1.97,164.858,0.000,1.97,288.501,0.000,6.88,82.429,0.000,1.97
9.2501,3876.323,0.000,2.59,0.23,0.46,247.425,0.000,3.93,206.187,0.000,4.92,206.187,0.000,3.93,82.475,0.000,1.97,123.712,0.000,2.95,164.950,0.000,2.95,164.950,0.000,2.95,123.712,0.000,1.97,247.425,0.000,3.93,123.712,0.000,4.92,82.475,0.000,0.98,82.475,0.000,1.97,206.187,0.000,1.97,0.000,0.000,0.00,164.950,0.000,2.95,82.475,0.000,1.97,41.237,0.000,0.98,247.425,0.000,4.92,247.425,0.000,4.92,0.000,0.000,0.00,0.000,0.000,0.00,41.237,0.000,0.98,123.712,0.000,1.97,82.475,0.000,1.97,164.950,0.000,2.95,164.950,0.000,3.93,206.187,0.000,4.92,123.712,0.000,2.95,123.712,0.000,2.95,0.000,0.000,0.00
9.3518,3834.094,0.000,2.59,0.23,0.46,82.454,0.000,1.97,164.907,0.000,2.95,164.907,0.000,4.91,123.680,0.000,2.95,164.907,0.000,2.95,123.680,0.000,2.95,0.000,0.000,0.00,164.907,0.000,2.95,123.680,0.000,1.97,82.454,0.000,0.98,82.454,0.000,0.98,329.815,0.000,4.91,206.134,0.000,2.95,164.907,0.000,3.93,82.454,0.000,1.97,206.134,0.000,3.93,82.454,0.000,0.98,164.907,0.000,4.91,82.454,0.000,1.97,82.454,0.000,1.97,164.907,0.000,3.93,41.227,0.000,0.98,164.907,0.000,2.95,164.907,0.000,3.93,82.454,0.000,0.98,123.680,0.000,2.95,123.680,0.000,1.97,123.680,0.000,2.95,82.454,0.000,1.97,82.454,0.000,1.97
9.4536,3782.235,0.000,2.65,0.23,0.46,123.670,0.000,3.93,164.893,0.000,2.95,123.670,0.000,2.95,113.364,0.000,0.98,123.670,0.000,2.95,41.223,0.000,1.97,123.670,0.000,2.95,288.563,0.000,4.91,123.670,0.000,3.93,41.223,0.000,0.98,288.563,0.000,5.90,164.893,0.000,2.95,82.447,0.000,2.95,0.000,0.000,0.00,164.893,0.000,3.93,0.000,0.000,0.00,206.116,0.000,3.93,82.447,0.000,1.97,41.223,0.000,0.98,164.893,0.000,2.95,206.116,0.000,3.93,41.223,0.000,0.98,206.116,0.000,4.91,123.670,0.000,1.97,206.116,0.000,3.93,82.447,0.000,1.97,123.670,0.000,0.98,123.670,0.000,3.93,123.670,0.000,1.97,82.447,0.000,0.98
9.5552,3717.649,0.000,3.02,0.08,0.46,41.250,0.000,0.98,247.500,0.000,4.92,0.000,0.000,0.00,257.812,0.000,6.88,123.750,0.000,3.93,82.500,0.000,1.97,82.500,0.000,0.98,165.000,0.000,3.93,288.749,0.000,5.90,123.750,0.000,1.97,82.500,0.000,1.97,206.250,0.000,5.90,41.250,0.000,1.97,123.750,0.000,1.97,123.750,0.000,2.95,0.000,0.000,0.00,82.500,0.000,1.97,206.250,0.000,5.90,123.750,0.000,3.93,165.000,0.000,3.93,201.093,0.000,5.90,123.750,0.000,2.95,123.750,0.000,3.93,123.750,0.000,1.97,41.250,0.000,0.98,41.250,0.000,0.98,123.750,0.000,2.95,123.750,0.000,2.95,123.750,0.000,2.95,123.750,0.000,2.95
9.6570,3714.933,0.000,2.85,0.23,0.46,164.879,0.000,3.93,82.440,0.000,1.97,206.099,0.000,4.91,164.879,0.000,3.93,164.879,0.000,1.97,206.099,0.000,3.93,123.659,0.000,2.95,123.659,0.000,4.91,164.879,0.000,3.93,206.099,0.000,4.91,41.220,0.000,0.98,164.879,0.000,2.95,123.659,0.000,2.95,164.879,0.000,2.95,0.000,0.000,0.00,82.440,0.000,1.97,247.319,0.000,5.90,41.220,0.000,0.98,82.440,0.000,1.97,82.440,0.000,2.95,211.251,0.000,4.91,164.879,0.000,3.93,123.659,0.000,2.95,82.440,0.000,2.95,41.220,0.000,0.98,41.220,0.000,0.98,41.220,0.000,0.98,82.440,0.000,1.97,123.659,0.000,1.97,164.879,0.000,2.95
9.7588,3749.613,0.000,3.08,0.08,0.46,123.614,0.000,3.93,0.000,0.000,0.00,41.205,0.000,0.98,41.205,0.000,0.98,164.818,0.000,4.91,247.227,0.000,4.91,247.227,0.000,5.89,123.614,0.000,2.95,247.227,0.000,5.89,123.614,0.000,3.93,123.614,0.000,1.96,82.409,0.000,1.96,41.205,0.000,0.98,123.614,0.000,2.95,247.227,0.000,3.93,164.818,0.000,2.95,123.614,0.000,2.95,41.205,0.000,0.98,41.205,0.000,1.96,164.818,0.000,4.91,82.409,0.000,2.95,206.023,0.000,3.93,123.614,0.000,2.95,123.614,0.000,2.95,123.614,0.000,3.93,206.023,0.000,4.91,0.000,0.000,0.00,123.614,0.000,2.95,82.409,0.000,2.95,164.818,0.000,4.91
9.8605,3721.228,0.000,2.59,0.23,0.46,164.930,0.000,3.93,164.930,0.000,2.95,82.465,0.000,0.98,0.000,0.000,0.00,123.697,0.000,1.97,123.697,0.000,2.95,41.232,0.000,1.97,206.162,0.000,3.93,164.930,0.000,3.93,123.697,0.000,2.95,247.395,0.000,2.95,51.541,0.000,1.97,82.465,0.000,1.97,123.697,0.000,1.97,82.465,0.000,1.97,329.860,0.000,6.88,82.465,0.000,1.97,82.465,0.000,0.98,123.697,0.000,3.93,206.162,0.000,3.93,123.697,0.000,2.95,123.697,0.000,1.97,164.930,0.000,3.93,206.162,0.000,2.95,41.232,0.000,0.98,41.232,0.000,0.98,123.697,0.000,1.97,123.697,0.000,2.95,82.465,0.000,1.97,82.465,0.000,2.95
9.9622,3703.039,0.000,2.69,0.15,0.46,82.462,0.000,0.98,0.000,0.000,0.00,82.462,0.000,2.95,164.923,0.000,0.98,206.154,0.000,4.92,82.462,0.000,1.97,164.923,0.000,2.95,206.154,0.000,4.92,41.231,0.000,1.97,0.000,0.000,0.00,82.462,0.000,1.97,195.846,0.000,3.93,43.808,0.000,0.98,206.154,0.000,4.92,123.692,0.000,3.93,164.923,0.000,3.93,41.231,0.000,1.97,247.385,0.000,4.92,82.462,0.000,1.97,82.462,0.000,1.97,123.692,0.000,2.95,123.692,0.000,2.95,206.154,0.000,3.93,206.154,0.000,2.95,247.385,0.000,5.90,123.692,0.000,2.95,41.231,0.000,0.98,41.231,0.000,0.98,164.923,0.000,0.98,123.692,0.000,3.93
10.0639,3791.420,14.256,2.36,0.38,0.46,164.956,0.000,2.95,123.717,0.000,2.95,82.478,0.000,1.97,329.913,0.000,3.93,164.956,0.000,1.97,0.000,0.000,0.00,82.478,0.000,0.98,123.717,0.000,3.93,164.956,0.000,3.93,123.717,0.000,2.95,123.717,0.000,2.95,206.196,0.000,2.95,162.379,0.000,2.95,123.717,0.000,1.97,371.152,0.000,6.88,123.717,0.000,2.95,123.717,0.000,2.95,82.478,0.000,1.97,82.478,0.000,1.97,164.956,0.000,1.97,0.000,0.000,0.00,123.717,0.000,1.97,41.239,14.256,0.98,82.478,0.000,0.98,164.956,0.000,4.92,0.000,0.000,0.00,164.956,0.000,2.95,164.956,0.000,1.97,123.717,0.000,1.97,0.000,0.000,0.00
10.1657,3751.547,0.000,2.26,0.38,0.38,0.000,0.000,0.00,82.452,0.000,0.00,164.903,0.000,2.95,123.677,0.000,2.95,123.677,0.000,1.97,41.226,0.000,0.98,82.452,0.000,0.00,164.903,0.000,2.95,123.677,0.000,1.97,0.000,0.000,0.00,123.677,0.000,2.95,41.226,0.000,0.00,164.903,0.000,1.97,123.677,0.000,1.97,164.903,0.000,2.95,123.677,0.000,2.95,82.452,0.000,0.98,41.226,0.000,0.98,247.355,0.000,4.91,41.226,0.000,0.98,247.355,0.000,5.90,206.129,0.000,3.93,206.129,0.000,3.93,41.226,0.000,0.98,247.355,0.000,3.93,123.677,0.000,1.97,123.677,0.000,2.95,206.129,0.000,4.91,247.355,0.000,3.93,41.226,0.000,0.98
10.2674,3796.581,0.000,2.75,0.15,0.46,164.957,0.000,3.93,206.196,0.000,4.92,82.478,0.000,1.97,206.196,0.000,4.92,164.957,0.000,3.93,247.435,0.000,3.93,206.196,0.000,4.92,85.056,0.000,2.95,164.957,0.000,2.95,206.196,0.000,3.93,206.196,0.000,2.95,0.000,0.000,0.00,123.718,0.000,1.97,164.957,0.000,3.93,123.718,0.000,2.95,41.239,0.000,0.98,123.718,0.000,2.95,41.239,0.000,0.98,123.718,0.000,2.95,41.239,0.000,0.98,41.239,0.000,0.00,0.000,0.000,0.00,123.718,0.000,1.97,82.478,0.000,1.97,123.718,0.000,1.97,123.718,0.000,1.97,164.957,0.000,3.93,164.957,0.000,4.92,206.196,0.000,5.90,41.239,0.000,0.98
10.3691,3916.568,0.000,2.69,0.15,0.46,206.271,0.000,3.93,0.000,0.000,0.00,123.763,0.000,2.95,82.508,0.000,1.97,206.271,0.000,3.93,123.763,0.000,1.97,41.254,0.000,1.97,162.438,0.000,3.93,165.017,0.000,3.93,82.508,0.000,0.98,0.000,0.000,0.00,0.000,0.000,0.00,123.763,0.000,1.97,41.254,0.000,0.98,165.017,0.000,4.92,206.271,0.000,3.93,123.763,0.000,2.95,123.763,0.000,0.00,123.763,0.000,2.95,123.763,0.000,1.97,330.033,0.000,7.87,165.017,0.000,3.93,41.254,0.000,1.97,165.017,0.000,2.95,123.763,0.000,1.97,247.525,0.000,5.90,82.508,0.000,0.98,288.779,0.000,5.90,165.017,0.000,2.95,82.508,0.000,0.98
10.4709,3782.749,0.000,2.39,0.31,0.46,164.803,0.000,2.95,41.201,0.000,0.98,82.402,0.000,1.96,247.205,0.000,3.93,123.602,0.000,2.95,41.201,0.000,0.98,123.602,0.000,2.95,41.201,0.000,0.98,164.803,0.000,3.93,123.602,0.000,1.96,123.602,0.000,2.95,82.402,0.000,1.96,82.402,0.000,0.98,123.602,0.000,1.96,206.004,0.000,3.93,41.201,0.000,0.98,206.004,0.000,1.96,164.803,0.000,2.95,329.606,0.000,6.88,206.004,0.000,4.91,164.803,0.000,1.96,82.402,0.000,1.96,41.201,0.000,0.98,164.803,0.000,1.96,0.000,0.000,0.00,206.004,0.000,2.95,115.877,0.000,3.93,41.201,0.000,1.96,123.602,0.000,0.00,123.602,0.000,2.95
10.5726,3801.306,0.000,2.72,0.15,0.46,82.469,0.000,2.95,123.704,0.000,0.98,123.704,0.000,2.95,164.938,0.000,2.95,123.704,0.000,2.95,164.938,0.000,2.95,206.173,0.000,3.93,82.469,0.000,1.97,123.704,0.000,3.93,82.469,0.000,1.97,82.469,0.000,0.98,0.000,0.000,0.00,82.469,0.000,0.98,164.938,0.000,2.95,164.938,0.000,3.93,82.469,0.000,1.97,206.173,0.000,4.92,164.938,0.000,2.95,41.235,0.000,0.98,123.704,0.000,2.95,164.938,0.000,3.93,123.704,0.000,1.97,82.469,0.000,0.98,123.704,0.000,1.97,206.173,0.000,4.92,206.173,0.000,4.92,48.966,0.000,1.97,41.235,0.000,1.97,247.407,0.000,5.90,164.938,0.000,2.95
10.6743,3612.812,0.000,2.62,0.15,0.46,123.691,0.000,2.95,66.999,0.000,0.98,82.461,0.000,1.97,41.230,0.000,1.97,123.691,0.000,1.97,123.691,0.000,2.95,41.230,0.000,1.97,82.461,0.000,1.97,123.691,0.000,2.95,123.691,0.000,1.97,123.691,0.000,1.97,164.922,0.000,1.97,164.922,0.000,3.93,82.461,0.000,1.97,0.000,0.000,0.00,164.922,0.000,3.93,206.152,0.000,3.93,206.152,0.000,4.92,164.922,0.000,2.95,164.922,0.000,3.93,164.922,0.000,2.95,82.461,0.000,0.98,164.922,0.000,4.92,82.461,0.000,1.97,164.922,0.000,3.93,82.461,0.000,1.97,82.461,0.000,2.95,164.922,0.000,3.93,123.691,0.000,1.97,123.691,0.000,1.97
10.7760,3772.283,0.000,2.78,0.23,0.46,0.000,0.000,0.00,56.687,0.000,1.97,0.000,0.000,0.00,206.136,0.000,4.91,123.681,0.000,2.95,164.909,0.000,1.97,41.227,0.000,0.98,164.909,0.000,2.95,0.000,0.000,0.00,82.454,0.000,1.97,82.454,0.000,0.98,164.909,0.000,3.93,247.363,0.000,5.90,41.227,0.000,1.97,82.454,0.000,1.97,41.227,0.000,0.98,0.000,0.000,0.00,329.817,0.000,7.86,41.227,0.000,0.00,82.454,0.000,2.95,164.909,0.000,4.91,87.608,0.000,1.97,164.909,0.000,2.95,206.136,0.000,3.93,288.590,0.000,5.90,164.909,0.000,4.91,164.909,0.000,2.95,164.909,0.000,3.93,206.136,0.000,3.93,206.136,0.000,3.93
10.8778,3867.551,0.000,2.92,0.15,0.46,82.453,0.000,1.97,164.906,0.000,4.91,123.679,0.000,2.95,164.906,0.000,3.93,123.679,0.000,2.95,123.679,0.000,3.93,206.132,0.000,3.93,206.132,0.000,4.91,82.453,0.000,1.97,247.358,0.000,5.90,123.679,0.000,3.93,0.000,0.000,0.00,82.453,0.000,2.95,82.453,0.000,1.97,164.906,0.000,2.95,247.358,0.000,5.90,82.453,0.000,1.97,41.226,0.000,0.00,164.906,0.000,3.93,162.329,0.000,2.95,247.358,0.000,3.93,77.299,0.000,1.97,0.000,0.000,0.00,82.453,0.000,0.98,41.226,0.000,1.97,123.679,0.000,2.95,123.679,0.000,2.95,329.811,0.000,5.90,82.453,0.000,1.97,82.453,0.000,0.98
10.9795,3911.561,0.000,2.29,0.23,0.46,82.457,0.000,0.98,206.143,0.000,4.91,206.143,0.000,2.95,247.371,0.000,4.91,206.143,0.000,1.97,247.371,0.000,3.93,247.371,0.000,2.95,164.914,0.000,2.95,82.457,0.000,0.00,206.143,0.000,3.93,0.000,0.000,0.00,82.457,0.000,0.98,82.457,0.000,1.97,82.457,0.000,0.98,206.143,0.000,3.93,41.229,0.000,0.98,164.914,0.000,3.93,164.914,0.000,3.93,198.413,0.000,3.93,167.491,0.000,2.95,82.457,0.000,2.95,82.457,0.000,0.98,123.686,0.000,2.95,82.457,0.000,1.97,82.457,0.000,0.00,0.000,0.000,0.00,123.686,0.000,1.97,41.229,0.000,0.98,123.686,0.000,1.97,82.457,0.000,1.97
11.0812,3761.867,0.000,2.72,0.31,0.46,41.254,0.000,0.98,206.271,0.000,4.92,82.508,0.000,0.98,123.763,0.000,2.95,82.508,0.000,2.95,206.271,0.000,3.93,123.763,0.000,2.95,123.763,0.000,1.97,247.525,0.000,5.90,165.017,0.000,2.95,82.508,0.000,1.97,123.763,0.000,2.95,123.763,0.000,1.97,123.763,0.000,1.97,206.271,0.000,3.93,247.525,0.000,4.92,82.508,0.000,1.97,123.763,0.000,2.95,48.989,0.000,0.98,82.508,0.000,1.97,165.017,0.000,3.93,123.763,0.000,1.97,82.508,0.000,1.97,41.254,0.000,0.98,165.017,0.000,3.93,82.508,0.000,0.98,123.763,0.000,2.95,165.017,0.000,3.93,123.763,0.000,3.93,41.254,0.000,0.98
11.1829,3627.646,0.000,2.49,0.31,0.46,123.670,0.000,0.98,123.670,0.000,0.98,123.670,0.000,2.95,247.339,0.000,4.91,82.446,0.000,0.98,123.670,0.000,2.95,82.446,0.000,0.98,123.670,0.000,2.95,41.223,0.000,0.98,123.670,0.000,1.97,41.223,0.000,0.98,41.223,0.000,0.98,123.670,0.000,1.97,123.670,0.000,3.93,82.446,0.000,0.98,82.446,0.000,1.97,123.670,0.000,1.97,41.223,0.000,0.98,82.446,0.000,1.97,123.670,0.000,1.97,206.116,0.000,3.93,164.893,0.000,3.93,123.670,0.000,3.93,164.893,0.000,1.97,82.446,0.000,2.95,123.670,0.000,2.95,41.223,0.000,1.97,123.670,0.000,2.95,164.893,0.000,4.91,371.009,0.000,6.88
11.2847,3897.316,0.000,3.05,0.08,0.46,164.857,0.000,3.93,164.857,0.000,2.95,123.643,0.000,2.95,123.643,0.000,3.93,123.643,0.000,2.95,164.857,0.000,3.93,123.643,0.000,2.95,123.643,0.000,3.93,41.214,0.000,0.98,206.071,0.000,5.90,82.428,0.000,0.00,82.428,0.000,1.97,82.428,0.000,1.97,164.857,0.000,3.93,123.643,0.000,2.95,82.428,0.000,1.97,247.285,0.000,4.91,206.071,0.000,5.90,164.857,0.000,1.97,164.857,0.000,3.93,206.071,0.000,4.91,164.857,0.000,4.91,41.214,0.000,0.98,82.428,0.000,1.97,0.000,0.000,0.00,82.428,0.000,0.98,82.428,0.000,1.97,123.643,0.000,2.95,188.040,0.000,4.91,164.857,0.000,3.93
11.3864,3685.812,0.000,2.52,0.31,0.46,123.720,0.000,2.95,164.959,0.000,3.93,123.720,0.000,2.95,41.240,0.000,1.97,82.480,0.000,1.97,82.480,0.000,0.98,164.959,0.000,2.95,123.720,0.000,1.97,123.720,0.000,2.95,82.480,0.000,1.97,110.832,0.000,1.97,41.240,0.000,0.98,206.199,0.000,4.92,123.720,0.000,3.93,123.720,0.000,2.95,82.480,0.000,1.97,206.199,0.000,3.93,247.439,0.000,4.92,123.720,0.000,1.97,175.269,0.000,2.95,41.240,0.000,0.98,164.959,0.000,1.97,206.199,0.000,3.93,41.240,0.000,0.98,41.240,0.000,0.98,247.439,0.000,4.92,123.720,0.000,0.98,41.240,0.000,0.98,59.282,0.000,0.98,164.959,0.000,3.93
11.4882,3771.866,0.000,2.33,0.31,0.46,41.223,0.000,0.98,164.890,0.000,0.98,82.445,0.000,0.98,123.668,0.000,1.97,82.445,0.000,1.97,123.668,0.000,2.95,123.668,0.000,2.95,82.445,0.000,1.97,206.113,0.000,2.95,82.445,0.000,1.97,260.218,0.000,4.91,123.668,0.000,2.95,164.890,0.000,2.95,41.223,0.000,0.98,123.668,0.000,2.95,41.223,0.000,0.00,123.668,0.000,1.97,0.000,0.000,0.00,206.113,0.000,2.95,90.174,0.000,2.95,247.336,0.000,3.93,41.223,0.000,1.97,206.113,0.000,1.97,206.113,0.000,3.93,123.668,0.000,2.95,41.223,0.000,0.00,206.113,0.000,3.93,206.113,0.000,4.91,41.223,0.000,0.98,164.890,0.000,2.95
11.5899,3782.015,0.000,2.72,0.15,0.46,41.221,0.000,0.98,164.883,0.000,2.95,288.546,0.000,6.88,41.221,0.000,0.98,41.221,0.000,0.98,82.442,0.000,0.00,82.442,0.000,2.95,41.221,0.000,0.98,288.546,0.000,6.88,164.883,0.000,2.95,131.392,0.000,2.95,123.663,0.000,3.93,123.663,0.000,3.93,123.663,0.000,1.97,41.221,0.000,0.98,82.442,0.000,0.98,164.883,0.000,4.91,247.325,0.000,4.91,82.442,0.000,1.97,146.849,0.000,2.95,41.221,0.000,0.00,41.221,0.000,0.98,41.221,0.000,0.98,164.883,0.000,3.93,164.883,0.000,2.95,41.221,0.000,1.97,247.325,0.000,3.93,123.663,0.000,2.95,206.104,0.000,2.95,206.104,0.000,4.91
11.6916,3868.512,0.000,2.62,0.15,0.39,82.473,0.000,1.97,123.710,0.000,2.95,123.710,0.000,2.95,123.710,0.000,2.95,123.710,0.000,0.98,164.947,0.000,2.95,41.237,0.000,0.98,123.710,0.000,2.95,41.237,0.000,0.98,247.420,0.000,2.95,74.741,0.000,1.97,82.473,0.000,1.97,206.183,0.000,2.95,247.420,0.000,4.92,247.420,0.000,4.92,164.947,0.000,2.95,206.183,0.000,3.93,0.000,0.000,0.00,123.710,0.000,2.95,123.710,0.000,2.95,123.710,0.000,2.95,164.947,0.000,2.95,247.420,0.000,3.93,41.237,0.000,0.98,82.473,0.000,1.97,0.000,0.000,0.00,82.473,0.000,2.95,82.473,0.000,2.95,206.183,0.000,4.92,164.947,0.000,2.95
11.7933,3918.228,0.000,2.72,0.23,0.46,0.000,0.000,0.00,164.978,0.000,2.95,82.489,0.000,2.95,82.489,0.000,1.97,123.734,0.000,2.95,123.734,0.000,2.95,206.223,0.000,3.93,206.223,0.000,3.93,82.489,0.000,0.00,164.978,0.000,1.97,164.978,0.000,3.93,41.245,0.000,0.00,164.978,0.000,3.93,123.734,0.000,2.95,288.712,0.000,4.92,206.223,0.000,3.93,123.734,0.000,2.95,164.978,0.000,2.95,247.467,0.000,4.92,41.245,0.000,0.98,0.000,0.000,0.00,123.734,0.000,2.95,123.734,0.000,2.95,123.734,0.000,3.93,82.489,0.000,1.97,82.489,0.000,1.97,247.467,0.000,5.90,164.978,0.000,2.95,123.734,0.000,2.95,41.245,0.000,0.98
11.8950,3715.643,0.000,2.62,0.23,0.46,164.911,0.000,2.95,0.000,0.000,0.00,82.455,0.000,2.95,164.911,0.000,4.91,82.455,0.000,1.97,82.455,0.000,0.98,206.138,0.000,3.93,164.911,0.000,2.95,82.455,0.000,0.98,82.455,0.000,0.98,123.683,0.000,2.95,82.455,0.000,1.97,164.911,0.000,2.95,164.911,0.000,3.93,247.366,0.000,5.90,123.683,0.000,2.95,206.138,0.000,4.91,123.683,0.000,1.97,82.455,0.000,1.97,82.455,0.000,1.97,164.911,0.000,0.98,164.911,0.000,2.95,82.455,0.000,1.97,164.911,0.000,4.91,82.455,0.000,1.97,123.683,0.000,1.97,82.455,0.000,1.97,87.609,0.000,2.95,123.683,0.000,1.97,123.683,0.000,2.95
11.9968,3670.688,0.000,2.95,0.15,0.46,164.859,0.000,3.93,41.215,0.000,0.98,41.215,0.000,0.98,41.215,0.000,1.97,82.429,0.000,2.95,123.644,0.000,3.93,41.215,0.000,0.98,123.644,0.000,2.95,123.644,0.000,2.95,41.215,0.000,0.98,123.644,0.000,2.95,164.859,0.000,1.97,164.859,0.000,1.97,206.074,0.000,4.91,82.429,0.000,1.97,41.215,0.000,1.97,206.074,0.000,4.91,164.859,0.000,3.93,41.215,0.000,1.97,206.074,0.000,4.91,206.074,0.000,2.95,48.943,0.000,2.95,41.215,0.000,1.97,206.074,0.000,4.91,206.074,0.000,2.95,164.859,0.000,3.93,206.074,0.000,4.91,77.278,0.000,1.97,164.859,0.000,4.91,123.644,0.000,2.95
12.0985,3722.982,0.000,2.49,0.23,0.46,123.756,0.000,2.95,41.252,0.000,0.98,123.756,0.000,3.93,123.756,0.000,3.93,141.803,0.000,1.97,206.259,0.000,2.95,82.504,0.000,1.97,123.756,0.000,0.98,41.252,0.000,0.00,165.007,0.000,0.98,123.756,0.000,3.93,41.252,0.000,0.98,288.763,0.000,5.90,371.267,0.000,6.88,247.511,0.000,5.90,206.259,0.000,2.95,82.504,0.000,0.98,165.007,0.000,2.95,41.252,0.000,0.98,41.252,0.000,0.98,82.504,0.000,1.97,116.021,0.000,2.95,82.504,0.000,1.97,41.252,0.000,0.98,82.504,0.000,0.98,41.252,0.000,1.97,165.007,0.000,3.93,82.504,0.000,1.97,206.259,0.000,3.93,41.252,0.000,0.98
12.2002,3568.752,0.000,3.08,0.15,0.46,123.682,0.000,2.95,206.137,0.000,4.91,41.227,0.000,0.98,82.455,0.000,2.95,105.645,0.000,2.95,164.910,0.000,2.95,123.682,0.000,2.95,164.910,0.000,3.93,41.227,0.000,0.98,123.682,0.000,2.95,123.682,0.000,1.97,123.682,0.000,2.95,206.137,0.000,4.91,82.455,0.000,1.97,164.910,0.000,3.93,82.455,0.000,1.97,123.682,0.000,2.95,82.455,0.000,2.95,82.455,0.000,1.97,164.910,0.000,4.91,82.455,0.000,2.95,164.910,0.000,5.90,0.000,0.000,0.00,123.682,0.000,2.95,164.910,0.000,4.91,82.455,0.000,2.95,82.455,0.000,2.95,206.137,0.000,4.91,164.910,0.000,2.95,82.455,0.000,2.95
12.3020,3873.741,0.000,2.59,0.15,0.46,164.840,0.000,2.95,82.420,0.000,2.95,41.210,0.000,0.98,288.470,0.000,6.88,206.050,0.000,2.95,41.210,0.000,0.98,82.420,0.000,1.97,206.050,0.000,4.91,206.050,0.000,3.93,41.210,0.000,0.98,164.840,0.000,3.93,123.630,0.000,2.95,82.420,0.000,2.95,164.840,0.000,2.95,123.630,0.000,0.98,123.630,0.000,2.95,164.840,0.000,1.97,164.840,0.000,3.93,82.420,0.000,0.98,123.630,0.000,1.97,123.630,0.000,3.93,123.630,0.000,0.98,82.420,0.000,0.98,164.840,0.000,3.93,82.420,0.000,1.97,82.420,0.000,0.00,82.420,0.000,1.97,41.210,0.000,0.98,247.260,0.000,3.93,164.840,0.000,3.93
12.4037,3816.786,0.000,2.72,0.23,0.46,164.939,0.000,1.97,206.173,0.000,2.95,41.235,0.000,0.98,41.235,0.000,0.00,82.469,0.000,2.95,82.469,0.000,1.97,41.235,0.000,0.98,82.469,0.000,1.97,288.643,0.000,5.90,164.939,0.000,3.93,206.173,0.000,2.95,41.235,0.000,0.98,188.133,0.000,4.92,82.469,0.000,1.97,247.408,0.000,5.90,164.939,0.000,3.93,206.173,0.000,3.93,123.704,0.000,1.97,82.469,0.000,1.97,82.469,0.000,0.98,82.469,0.000,1.97,123.704,0.000,2.95,123.704,0.000,2.95,329.878,0.000,6.88,41.235,0.000,0.98,164.939,0.000,3.93,0.000,0.000,0.00,123.704,0.000,4.92,123.704,0.000,1.97,82.469,0.000,1.97
12.5054,3754.182,0.000,2.59,0.31,0.46,123.764,0.000,2.95,82.509,0.000,2.95,41.255,0.000,0.98,206.274,0.000,4.92,165.019,0.000,1.97,41.255,0.000,0.98,123.764,0.000,1.97,206.274,0.000,4.92,330.038,0.000,5.90,206.274,0.000,2.95,41.255,0.000,0.98,41.255,0.000,0.98,141.813,0.000,2.95,229.480,0.000,4.92,82.509,0.000,1.97,82.509,0.000,0.98,0.000,0.000,0.00,41.255,0.000,0.00,206.274,0.000,5.90,123.764,0.000,2.95,165.019,0.000,2.95,41.255,0.000,0.98,82.509,0.000,1.97,123.764,0.000,1.97,206.274,0.000,3.93,247.528,0.000,5.90,247.528,0.000,4.92,41.255,0.000,0.98,0.000,0.000,0.00,82.509,0.000,1.97
12.6072,3768.895,0.000,2.29,0.23,0.46,123.655,0.000,1.97,41.218,0.000,0.98,206.091,0.000,3.93,82.437,0.000,1.97,164.873,0.000,1.97,123.655,0.000,1.97,82.437,0.000,1.97,82.437,0.000,2.95,123.655,0.000,2.95,123.655,0.000,1.97,41.218,0.000,0.00,82.437,0.000,0.98,123.655,0.000,2.95,141.688,0.000,2.95,288.528,0.000,6.88,41.218,0.000,0.98,164.873,0.000,1.97,123.655,0.000,2.95,164.873,0.000,1.97,41.218,0.000,0.98,164.873,0.000,1.97,288.528,0.000,6.88,123.655,0.000,1.97,247.310,0.000,4.91,247.310,0.000,1.97,82.437,0.000,0.98,82.437,0.000,0.98,82.437,0.000,1.97,82.437,0.000,1.97,0.000,0.000,0.00
12.7089,3764.930,0.000,2.39,0.31,0.46,123.694,0.000,1.97,164.925,0.000,3.93,41.231,0.000,0.98,123.694,0.000,1.97,123.694,0.000,1.97,41.231,0.000,0.98,206.156,0.000,4.92,123.694,0.000,1.97,41.231,0.000,0.00,206.156,0.000,5.90,288.619,0.000,5.90,82.463,0.000,1.97,82.463,0.000,0.98,123.694,0.000,1.97,0.000,0.000,0.00,123.694,0.000,2.95,41.231,0.000,0.98,123.694,0.000,1.97,288.619,0.000,6.88,206.156,0.000,4.92,82.463,0.000,0.00,82.463,0.000,1.97,82.463,0.000,1.97,12.885,0.000,0.00,123.694,0.000,1.97,41.231,0.000,0.00,82.463,0.000,2.95,329.850,0.000,3.93,41.231,0.000,0.00,329.850,0.000,5.90
12.8106,3774.353,0.000,2.36,0.38,0.38,82.443,0.000,0.98,82.443,0.000,1.97,41.222,0.000,0.98,164.886,0.000,1.97,200.955,0.000,3.93,164.886,0.000,1.97,82.443,0.000,1.97,123.665,0.000,2.95,164.886,0.000,4.91,123.665,0.000,1.97,41.222,0.000,0.98,164.886,0.000,3.93,164.886,0.000,2.95,123.665,0.000,1.97,123.665,0.000,0.98,0.000,0.000,0.00,82.443,0.000,1.97,0.000,0.000,0.00,206.108,0.000,3.93,82.443,0.000,1.97,206.108,0.000,1.97,123.665,0.000,2.95,164.886,0.000,3.93,110.783,0.000,0.98,82.443,0.000,1.97,123.665,0.000,2.95,164.886,0.000,2.95,206.108,0.000,1.97,247.330,0.000,5.90,123.665,0.000,2.95
12.9123,3716.126,0.000,2.79,0.08,0.46,41.233,0.000,0.98,288.631,0.000,4.92,123.699,0.000,1.97,164.932,0.000,3.93,128.853,0.000,2.95,206.165,0.000,3.93,123.699,0.000,2.95,41.233,0.000,1.97,123.699,0.000,2.95,123.699,0.000,1.97,123.699,0.000,2.95,0.000,0.000,0.00,82.466,0.000,2.95,82.466,0.000,1.97,164.932,0.000,1.97,41.233,0.000,0.98,123.699,0.000,1.97,206.165,0.000,4.92,82.466,0.000,2.95,123.699,0.000,2.95,288.631,0.000,6.88,82.466,0.000,1.97,123.699,0.000,2.95,247.398,0.000,3.93,123.699,0.000,1.97,123.699,0.000,2.95,82.466,0.000,2.95,123.699,0.000,2.95,82.466,0.000,2.95,41.233,0.000,1.97
13.0142,3872.476,0.000,2.88,0.15,0.46,205.983,0.000,2.95,205.983,0.000,5.89,82.393,0.000,0.98,164.786,0.000,2.95,0.000,0.000,0.00,205.983,0.000,3.93,123.590,0.000,3.93,247.179,0.000,4.91,247.179,0.000,5.89,82.393,0.000,2.95,82.393,0.000,1.96,247.179,0.000,4.91,82.393,0.000,2.95,0.000,0.000,0.00,41.197,0.000,1.96,164.786,0.000,2.95,123.590,0.000,2.95,123.590,0.000,2.95,82.393,0.000,1.96,41.197,0.000,0.00,0.000,0.000,0.00,247.179,0.000,5.89,123.590,0.000,2.95,164.786,0.000,3.93,123.590,0.000,2.95,164.786,0.000,2.95,82.393,0.000,1.96,82.393,0.000,1.96,247.179,0.000,4.91,82.393,0.000,1.96
13.1159,3710.134,0.000,2.75,0.31,0.46,41.224,0.000,0.98,82.447,0.000,1.97,0.000,0.000,0.00,41.224,0.000,0.98,82.447,0.000,1.97,206.119,0.000,4.91,329.790,0.000,5.90,41.224,0.000,0.98,41.224,0.000,0.98,206.119,0.000,4.91,82.447,0.000,0.98,82.447,0.000,1.97,0.000,0.000,0.00,123.671,0.000,1.97,247.342,0.000,4.91,206.119,0.000,4.91,288.566,0.000,6.88,41.224,0.000,0.98,82.447,0.000,1.97,206.119,0.000,3.93,164.895,0.000,3.93,41.224,0.000,1.97,123.671,0.000,3.93,164.895,0.000,4.91,82.447,0.000,0.98,164.895,0.000,2.95,0.000,0.000,0.00,123.671,0.000,1.97,247.342,0.000,5.90,164.895,0.000,3.93
13.2176,3918.967,0.000,2.69,0.08,0.46,0.000,0.000,0.00,165.009,0.000,3.93,165.009,0.000,3.93,82.505,0.000,1.97,82.505,0.000,1.97,206.261,0.000,4.92,0.000,0.000,0.00,123.757,0.000,3.93,82.505,0.000,1.97,330.018,0.000,5.90,165.009,0.000,3.93,123.757,0.000,2.95,206.261,0.000,4.92,165.009,0.000,3.93,247.514,0.000,2.95,165.009,0.000,3.93,82.505,0.000,1.97,82.505,0.000,1.97,123.757,0.000,0.98,165.009,0.000,2.95,123.757,0.000,1.97,165.009,0.000,2.95,123.757,0.000,2.95,0.000,0.000,0.00,206.261,0.000,4.92,82.505,0.000,1.97,41.252,0.000,0.98,206.261,0.000,1.97,82.505,0.000,2.95,123.757,0.000,0.98
13.3193,3628.669,0.000,2.56,0.31,0.46,41.235,0.000,0.00,206.174,0.000,4.92,164.939,0.000,2.95,206.174,0.000,2.95,206.174,0.000,2.95,82.470,0.000,2.95,164.939,0.000,3.93,206.174,0.000,2.95,164.939,0.000,2.95,82.470,0.000,1.97,82.470,0.000,1.97,41.235,0.000,2.95,123.705,0.000,2.95,164.939,0.000,3.93,41.235,0.000,0.98,123.705,0.000,1.97,82.470,0.000,2.95,82.470,0.000,0.98,82.470,0.000,1.97,123.705,0.000,1.97,123.705,0.000,2.95,247.409,0.000,4.92,82.470,0.000,0.98,164.939,0.000,2.95,82.470,0.000,1.97,82.470,0.000,1.97,123.705,0.000,2.95,82.470,0.000,2.95,41.235,0.000,0.98,123.705,0.000,2.95
13.4210,3800.698,0.000,1.93,0.46,0.46,41.228,0.000,0.98,123.684,0.000,1.97,123.684,0.000,0.98,82.456,0.000,0.98,247.367,0.000,2.95,206.140,0.000,3.93,121.107,0.000,2.95,82.456,0.000,0.00,164.912,0.000,2.95,82.456,0.000,0.98,164.912,0.000,1.97,164.912,0.000,2.95,0.000,0.000,0.00,123.684,0.000,0.98,247.367,0.000,1.97,164.912,0.000,3.93,0.000,0.000,0.00,123.684,0.000,1.97,206.140,0.000,2.95,92.763,0.000,0.98,82.456,0.000,1.97,206.140,0.000,1.97,206.140,0.000,2.95,82.456,0.000,0.98,164.912,0.000,3.93,82.456,0.000,0.98,164.912,0.000,2.95,41.228,0.000,0.98,123.684,0.000,2.95,82.456,0.000,1.97
13.5229,3778.949,0.000,2.91,0.08,0.46,82.319,0.000,2.94,0.000,0.000,0.00,41.159,0.000,0.98,82.319,0.000,0.98,246.957,0.000,5.89,82.319,0.000,2.94,84.891,0.000,1.96,41.159,0.000,0.98,82.319,0.000,2.94,246.957,0.000,4.91,123.478,0.000,1.96,123.478,0.000,1.96,164.638,0.000,2.94,164.638,0.000,3.93,205.797,0.000,4.91,123.478,0.000,2.94,123.478,0.000,2.94,82.319,0.000,2.94,82.319,0.000,1.96,154.348,0.000,3.93,41.159,0.000,0.98,82.319,0.000,1.96,82.319,0.000,1.96,205.797,0.000,3.93,41.159,0.000,0.98,164.638,0.000,4.91,164.638,0.000,2.94,205.797,0.000,4.91,246.957,0.000,4.91,205.797,0.000,4.91
13.6247,3681.893,0.322,2.59,0.23,0.46,82.450,0.000,0.98,123.675,0.000,1.97,164.899,0.000,2.95,164.899,0.000,2.95,123.675,0.000,2.95,164.899,0.000,4.91,164.899,0.000,2.95,95.332,0.000,1.97,123.675,0.000,2.95,164.899,0.000,2.95,123.675,0.000,2.95,164.899,0.000,2.95,41.225,0.000,0.98,82.450,0.000,0.98,206.124,0.000,4.91,123.675,0.000,2.95,123.675,0.000,1.97,206.124,0.000,4.91,41.225,0.000,0.98,82.450,0.000,2.95,123.675,0.000,2.95,82.450,0.000,1.97,82.450,0.322,2.95,82.450,0.000,1.97,82.450,0.000,1.97,123.675,0.000,2.95,82.450,0.000,1.97,123.675,0.000,1.97,82.450,0.000,1.97,247.349,0.000,2.95
13.7266,3568.724,31.037,2.94,0.15,0.46,205.838,0.000,4.91,82.335,0.000,1.96,164.671,0.000,2.94,82.335,0.000,2.94,164.671,0.000,2.94,164.671,0.000,2.94,123.503,0.000,2.94,69.470,0.000,0.98,123.503,0.000,2.94,164.671,0.000,4.91,41.168,0.000,0.98,123.503,0.000,1.96,41.168,0.000,0.98,123.503,0.000,3.93,82.335,0.000,2.94,164.671,0.000,2.94,82.335,0.000,2.94,288.174,0.000,6.87,0.000,0.000,0.00,247.006,0.000,5.89,0.000,0.000,0.00,82.335,0.000,1.96,123.503,31.037,2.94,288.174,0.000,7.85,164.671,0.000,3.93,41.168,0.000,0.98,41.168,0.000,0.98,41.168,0.000,2.94,123.503,0.000,3.93,123.503,0.000,2.94
13.8284,3795.481,0.000,2.78,0.15,0.46,82.343,0.000,0.98,82.343,0.000,2.94,123.514,0.000,3.93,205.857,0.000,2.94,131.234,0.000,3.93,123.514,0.000,1.96,205.857,0.000,3.93,329.371,0.000,6.87,82.343,0.000,1.96,82.343,0.000,1.96,205.857,0.000,4.91,123.514,0.000,2.94,0.000,0.000,0.00,41.171,0.000,0.98,205.857,0.000,5.89,288.199,0.000,5.89,41.171,0.000,0.98,82.343,0.000,0.98,205.857,0.000,3.93,82.343,0.000,2.94,123.514,0.000,2.94,82.343,0.000,1.96,41.171,0.000,0.98,123.514,0.000,2.94,82.343,0.000,0.00,0.000,0.000,0.00,123.514,0.000,1.96,247.028,0.000,5.89,123.514,0.000,2.94,123.514,0.000,2.94
13.9303,3739.303,0.000,2.59,0.23,0.46,123.528,0.000,2.95,205.880,0.000,3.93,82.352,0.000,1.96,82.352,0.000,1.96,115.808,0.000,1.96,41.176,0.000,0.98,82.352,0.000,2.95,82.352,0.000,2.95,123.528,0.000,2.95,123.528,0.000,1.96,288.233,0.000,4.91,82.352,0.000,1.96,82.352,0.000,0.98,123.528,0.000,2.95,123.528,0.000,2.95,164.704,0.000,2.95,164.704,0.000,2.95,164.704,0.000,3.93,41.176,0.000,0.00,123.528,0.000,1.96,247.056,0.000,5.89,164.704,0.000,2.95,205.880,0.000,3.93,164.704,0.000,3.93,82.352,0.000,1.96,0.000,0.000,0.00,123.528,0.000,0.98,123.528,0.000,2.95,123.528,0.000,2.95,82.352,0.000,1.96
14.0320,3752.484,0.000,2.82,0.15,0.39,123.708,0.000,1.97,164.944,0.000,2.95,82.472,0.000,0.98,206.180,0.000,3.93,164.944,0.000,4.92,123.708,0.000,0.98,206.180,0.000,4.92,41.236,0.000,0.98,164.944,0.000,4.92,123.708,0.000,2.95,164.944,0.000,1.97,164.944,0.000,3.93,82.472,0.000,1.97,82.472,0.000,1.97,82.472,0.000,1.97,164.944,0.000,2.95,41.236,0.000,0.98,206.180,0.000,5.90,206.180,0.000,4.92,0.000,0.000,0.00,206.180,0.000,3.93,82.472,0.000,1.97,123.708,0.000,2.95,82.472,0.000,2.95,123.708,0.000,2.95,82.472,0.000,1.97,123.708,0.000,2.95,82.472,0.000,1.97,164.944,0.000,4.92,82.472,0.000,1.97
14.1337,3753.993,0.000,2.56,0.31,0.46,206.263,0.000,2.95,165.011,0.000,1.97,82.505,0.000,1.97,247.516,0.000,3.93,0.000,0.000,0.00,82.505,0.000,1.97,0.000,0.000,0.00,123.758,0.000,2.95,82.505,0.000,2.95,165.011,0.000,0.98,165.011,0.000,4.92,123.758,0.000,2.95,82.505,0.000,2.95,123.758,0.000,2.95,82.505,0.000,1.97,123.758,0.000,2.95,82.505,0.000,1.97,123.758,0.000,3.93,82.505,0.000,1.97,82.505,0.000,1.97,82.505,0.000,0.98,165.011,0.000,3.93,165.011,0.000,3.93,123.758,0.000,2.95,123.758,0.000,1.97,123.758,0.000,1.97,206.263,0.000,3.93,206.263,0.000,4.92,165.011,0.000,0.00,165.011,0.000,3.93
14.2355,3829.781,0.000,2.03,0.31,0.46,41.180,0.000,0.98,205.902,0.000,1.96,123.541,0.000,2.95,123.541,0.000,1.96,205.902,0.000,4.91,41.180,0.000,0.00,164.722,0.000,3.93,82.361,0.000,1.96,123.541,0.000,2.95,205.902,0.000,1.96,123.541,0.000,1.96,288.263,0.000,2.95,247.083,0.000,2.95,82.361,0.000,0.98,123.541,0.000,2.95,164.722,0.000,1.96,41.180,0.000,0.98,82.361,0.000,1.96,123.541,0.000,1.96,41.180,0.000,0.00,82.361,0.000,1.96,164.722,0.000,1.96,164.722,0.000,0.98,123.541,0.000,0.98,41.180,0.000,0.98,41.180,0.000,1.96,247.083,0.000,2.95,0.000,0.000,0.00,288.263,0.000,5.89,41.180,0.000,0.98
14.3372,3917.944,0.000,2.13,0.31,0.46,165.075,0.000,2.95,0.000,0.000,0.00,82.537,0.000,1.97,165.075,0.000,3.94,41.269,0.000,0.00,165.075,0.000,0.98,165.075,0.000,2.95,123.806,0.000,0.98,82.537,0.000,0.00,123.806,0.000,2.95,165.075,0.000,2.95,165.075,0.000,2.95,41.269,0.000,0.00,247.612,0.000,4.92,82.537,0.000,1.97,41.269,0.000,0.98,165.075,0.000,0.98,82.537,0.000,1.97,203.764,0.000,2.95,41.269,0.000,0.98,165.075,0.000,2.95,165.075,0.000,3.94,165.075,0.000,1.97,82.537,0.000,1.97,41.269,0.000,0.98,206.343,0.000,2.95,247.612,0.000,2.95,206.343,0.000,2.95,82.537,0.000,2.95,206.343,0.000,2.95
14.4389,3577.942,0.000,2.59,0.31,0.46,82.489,0.000,1.97,164.977,0.000,3.93,152.088,0.000,2.95,123.733,0.000,3.93,123.733,0.000,2.95,123.733,0.000,2.95,41.244,0.000,0.98,288.710,0.000,3.93,206.221,0.000,3.93,41.244,0.000,1.97,164.977,0.000,2.95,123.733,0.000,2.95,82.489,0.000,1.97,123.733,0.000,2.95,164.977,0.000,2.95,82.489,0.000,2.95,206.221,0.000,2.95,123.733,0.000,3.93,2.578,0.000,0.00,82.489,0.000,2.95,41.244,0.000,0.98,0.000,0.000,0.00,164.977,0.000,2.95,0.000,0.000,0.00,206.221,0.000,4.92,288.710,0.000,6.88,123.733,0.000,1.97,82.489,0.000,0.98,41.244,0.000,0.98,123.733,0.000,1.97
14.5406,3600.490,0.000,2.98,0.08,0.46,41.237,0.000,1.97,41.237,0.000,0.98,95.360,0.000,3.93,247.421,0.000,4.92,41.237,0.000,1.97,123.710,0.000,2.95,164.947,0.000,3.93,123.710,0.000,2.95,82.474,0.000,2.95,82.474,0.000,1.97,82.474,0.000,1.97,123.710,0.000,1.97,206.184,0.000,4.92,123.710,0.000,1.97,123.710,0.000,2.95,123.710,0.000,3.93,123.710,0.000,2.95,82.474,0.000,1.97,41.237,0.000,0.98,123.710,0.000,2.95,82.474,0.000,1.97,41.237,0.000,0.98,41.237,0.000,0.98,123.710,0.000,2.95,82.474,0.000,1.97,164.947,0.000,4.92,288.658,0.000,5.90,123.710,0.000,3.93,123.710,0.000,3.93,329.895,0.000,6.88
14.6423,3710.287,0.000,3.31,0.08,0.46,164.902,0.000,4.91,41.225,0.000,0.98,0.000,0.000,0.00,82.451,0.000,1.97,329.803,0.000,8.85,123.676,0.000,2.95,164.902,0.000,4.91,206.127,0.000,4.91,123.676,0.000,2.95,82.451,0.000,1.97,82.451,0.000,2.95,123.676,0.000,2.95,0.000,0.000,0.00,82.451,0.000,1.97,123.676,0.000,3.93,164.902,0.000,4.91,123.676,0.000,2.95,164.902,0.000,4.91,123.676,0.000,2.95,206.127,0.000,4.91,123.676,0.000,2.95,123.676,0.000,2.95,164.902,0.000,3.93,123.676,0.000,2.95,164.902,0.000,4.91,164.902,0.000,3.93,41.225,0.000,1.97,123.676,0.000,2.95,82.451,0.000,3.93,82.451,0.000,1.97
14.7441,3761.643,0.000,2.59,0.23,0.46,41.223,0.000,0.98,0.000,0.000,0.00,41.223,0.000,0.98,206.117,0.000,3.93,288.564,0.000,4.91,41.223,0.000,0.98,123.670,0.000,1.97,41.223,0.000,0.98,206.117,0.000,3.93,164.894,0.000,3.93,123.670,0.000,2.95,123.670,0.000,1.97,164.894,0.000,3.93,164.894,0.000,4.91,164.894,0.000,2.95,123.670,0.000,3.93,247.341,0.000,2.95,41.223,0.000,0.98,41.223,0.000,0.00,247.341,0.000,5.90,41.223,0.000,0.00,41.223,0.000,0.98,82.447,0.000,1.97,216.423,0.000,5.90,329.788,0.000,6.88,0.000,0.000,0.00,82.447,0.000,1.97,123.670,0.000,1.97,164.894,0.000,2.95,82.447,0.000,1.97
14.8458,3823.297,0.000,2.65,0.23,0.46,164.886,0.000,2.95,206.108,0.000,2.95,164.886,0.000,2.95,82.443,0.000,1.97,164.886,0.000,1.97,123.665,0.000,2.95,41.222,0.000,0.98,41.222,0.000,1.97,206.108,0.000,3.93,41.222,0.000,0.98,123.665,0.000,1.97,123.665,0.000,2.95,164.886,0.000,1.97,164.886,0.000,3.93,164.886,0.000,1.97,288.551,0.000,5.90,123.665,0.000,2.95,123.665,0.000,3.93,123.665,0.000,1.97,247.329,0.000,3.93,41.222,0.000,0.98,82.443,0.000,1.97,41.222,0.000,0.00,154.581,0.000,4.91,41.222,0.000,1.97,41.222,0.000,0.98,247.329,0.000,5.90,164.886,0.000,3.93,123.665,0.000,3.93,0.000,0.000,0.00
14.9475,3823.699,0.000,2.75,0.08,0.46,82.507,0.000,0.98,165.015,0.000,2.95,123.761,0.000,2.95,206.268,0.000,3.93,123.761,0.000,3.93,82.507,0.000,1.97,0.000,0.000,0.00,41.254,0.000,1.97,165.015,0.000,3.93,82.507,0.000,1.97,330.029,0.000,6.88,165.015,0.000,3.93,165.015,0.000,3.93,206.268,0.000,3.93,123.761,0.000,2.95,123.761,0.000,2.95,165.015,0.000,3.93,41.254,0.000,0.98,123.761,0.000,2.95,82.507,0.000,0.98,82.507,0.000,1.97,41.254,0.000,0.98,123.761,0.000,1.97,165.015,0.000,2.95,110.869,0.000,1.97,82.507,0.000,1.97,123.761,0.000,2.95,165.015,0.000,3.93,247.522,0.000,4.92,82.507,0.000,0.98
15.0491,3783.258,0.000,2.59,0.23,0.46,41.263,0.000,1.97,41.263,0.000,0.98,123.788,0.000,4.92,206.313,0.000,1.97,82.525,0.000,2.95,123.788,0.000,2.95,123.788,0.000,1.97,247.575,0.000,4.92,165.050,0.000,3.94,165.050,0.000,3.94,123.788,0.000,1.97,123.788,0.000,3.94,206.313,0.000,2.95,206.313,0.000,3.94,165.050,0.000,3.94,82.525,0.000,0.98,165.050,0.000,3.94,247.575,0.000,4.92,56.736,0.000,0.98,0.000,0.000,0.00,82.525,0.000,1.97,0.000,0.000,0.00,82.525,0.000,1.97,165.050,0.000,2.95,95.420,0.000,0.98,206.313,0.000,4.92,165.050,0.000,1.97,123.788,0.000,1.97,123.788,0.000,1.97,41.263,0.000,0.98
15.1508,3737.761,0.000,2.29,0.38,0.46,82.489,0.000,1.97,164.977,0.000,0.98,123.733,0.000,2.95,123.733,0.000,2.95,41.244,0.000,0.00,288.710,0.000,3.93,82.489,0.000,1.97,123.733,0.000,1.97,123.733,0.000,2.95,123.733,0.000,1.97,123.733,0.000,0.98,123.733,0.000,1.97,41.244,0.000,0.98,41.244,0.000,0.98,164.977,0.000,1.97,288.710,0.000,3.93,206.221,0.000,4.92,82.489,0.000,0.98,190.755,0.000,4.92,41.244,0.000,0.98,82.489,0.000,1.97,82.489,0.000,2.95,123.733,0.000,2.95,206.221,0.000,0.98,123.733,0.000,2.95,41.244,0.000,1.97,82.489,0.000,2.95,164.977,0.000,1.97,0.000,0.000,0.00,247.466,0.000,5.90
15.2526,3915.348,0.000,2.33,0.23,0.38,412.142,0.000,7.86,123.643,0.000,2.95,41.214,0.000,0.98,0.000,0.000,0.00,0.000,0.000,0.00,41.214,0.000,0.98,123.643,0.000,1.97,164.857,0.000,2.95,206.071,0.000,4.91,82.428,0.000,1.97,164.857,0.000,1.97,164.857,0.000,2.95,206.071,0.000,4.91,247.285,0.000,4.91,41.214,0.000,0.98,123.643,0.000,1.97,123.643,0.000,2.95,82.428,0.000,0.98,123.643,0.000,1.97,123.643,0.000,2.95,206.071,0.000,1.97,41.214,0.000,0.00,0.000,0.000,0.00,164.857,0.000,0.98,206.071,0.000,3.93,164.857,0.000,2.95,82.428,0.000,0.98,82.428,0.000,1.97,206.071,0.000,3.93,164.857,0.000,1.97
15.3543,3628.544,0.000,2.23,0.31,0.46,123.700,0.000,0.98,164.934,0.000,0.00,82.467,0.000,0.98,123.700,0.000,1.97,123.700,0.000,2.95,82.467,0.000,2.95,247.401,0.000,4.92,123.700,0.000,1.97,288.634,0.000,5.90,82.467,0.000,2.95,0.000,0.000,0.00,82.467,0.000,0.00,123.700,0.000,1.97,164.934,0.000,1.97,41.233,0.000,1.97,82.467,0.000,0.98,123.700,0.000,3.93,164.934,0.000,3.93,41.233,0.000,0.98,41.233,0.000,0.98,41.233,0.000,0.98,0.000,0.000,0.00,123.700,0.000,2.95,206.167,0.000,3.93,164.934,0.000,1.97,164.934,0.000,1.97,247.401,0.000,4.92,123.700,0.000,1.97,164.934,0.000,3.93,82.467,0.000,1.97
15.4563,3619.094,0.000,1.90,0.46,0.39,287.883,0.000,5.88,123.378,0.000,2.94,164.504,0.000,3.92,41.126,0.000,0.98,82.252,0.000,0.98,123.378,0.000,1.96,164.504,0.000,1.96,82.252,0.000,2.94,123.378,0.000,1.96,41.126,0.000,0.98,164.504,0.000,2.94,164.504,0.000,2.94,41.126,0.000,0.00,246.756,0.000,2.94,164.504,0.000,0.98,82.252,0.000,1.96,123.378,0.000,2.94,82.252,0.000,1.96,164.504,0.000,2.94,41.126,0.000,0.98,329.009,0.000,0.98,82.252,0.000,0.98,82.252,0.000,0.98,123.378,0.000,1.96,41.126,0.000,0.98,41.126,0.000,0.98,205.630,0.000,2.94,82.252,0.000,0.00,41.126,0.000,0.98,82.252,0.000,0.98
15.5574,3667.906,0.000,2.14,0.39,0.46,41.504,0.000,0.99,166.016,0.000,2.97,166.016,0.000,3.96,124.512,0.000,1.98,0.000,0.000,0.00,83.008,0.000,1.98,249.023,0.000,3.96,83.008,0.000,2.97,41.504,0.000,0.99,249.023,0.000,4.95,207.519,0.000,3.96,0.000,0.000,0.00,290.527,0.000,2.97,83.008,0.000,0.00,166.016,0.000,2.97,124.512,0.000,0.99,41.504,0.000,1.98,0.000,0.000,0.00,290.527,0.000,4.95,166.016,0.000,3.96,83.008,0.000,0.99,124.512,0.000,1.98,0.000,0.000,0.00,249.023,0.000,2.97,83.008,0.000,0.99,57.068,0.000,1.98,83.008,0.000,1.98,207.519,0.000,2.97,166.016,0.000,2.97,41.504,0.000,0.99
15.6584,3660.004,0.000,2.01,0.39,0.39,83.005,0.000,1.98,83.005,0.000,0.99,230.858,0.000,4.95,41.503,0.000,0.99,83.005,0.000,1.98,166.010,0.000,4.95,0.000,0.000,0.00,83.005,0.000,0.99,166.010,0.000,2.97,124.508,0.000,1.98,124.508,0.000,2.97,124.508,0.000,0.99,83.005,0.000,0.99,124.508,0.000,1.98,166.010,0.000,1.98,207.513,0.000,1.98,41.503,0.000,0.00,41.503,0.000,0.99,249.015,0.000,2.97,166.010,0.000,2.97,83.005,0.000,1.98,83.005,0.000,0.99,124.508,0.000,2.97,83.005,0.000,0.99,83.005,0.000,1.98,399.462,0.000,4.95,0.000,0.000,0.00,166.010,0.000,2.97,124.508,0.000,1.98,124.508,0.000,1.98
15.7594,3507.040,0.000,2.21,0.23,0.46,0.000,0.000,0.00,124.602,0.000,0.99,267.376,0.000,3.96,83.068,0.000,0.99,124.602,0.000,1.98,166.137,0.000,3.96,124.602,0.000,1.98,41.534,0.000,1.98,83.068,0.000,0.99,83.068,0.000,0.99,166.137,0.000,1.98,124.602,0.000,1.98,124.602,0.000,2.97,124.602,0.000,1.98,166.137,0.000,2.97,41.534,0.000,0.99,0.000,0.000,0.00,166.137,0.000,2.97,41.534,0.000,1.98,41.534,0.000,1.98,41.534,0.000,0.99,41.534,0.000,0.99,124.602,0.000,2.97,249.205,0.000,3.96,249.205,0.000,4.95,41.534,0.000,1.98,249.205,0.000,4.95,124.602,0.000,1.98,124.602,0.000,1.98,166.137,0.000,3.96
15.8606,3439.027,0.000,2.21,0.46,0.46,124.302,0.000,1.98,207.170,0.000,1.98,124.302,0.000,1.98,165.736,0.000,3.95,82.868,0.000,0.99,165.736,0.000,3.95,82.868,0.000,1.98,82.868,0.000,2.96,207.170,0.000,2.96,82.868,0.000,2.96,82.868,0.000,2.96,0.000,0.000,0.00,248.604,0.000,4.94,82.868,0.000,1.98,41.434,0.000,0.99,82.868,0.000,1.98,82.868,0.000,1.98,124.302,0.000,1.98,0.000,0.000,0.00,82.868,0.000,0.99,82.868,0.000,0.99,82.868,0.000,2.96,165.736,0.000,3.95,41.434,0.000,1.98,248.604,0.000,1.98,82.868,0.000,1.98,124.302,0.000,1.98,82.868,0.000,1.98,290.038,0.000,4.94,82.868,0.000,0.00
15.9619,3562.603,0.000,1.94,0.54,0.46,124.277,0.000,0.00,165.702,0.000,2.96,165.702,0.000,2.96,165.702,0.000,2.96,165.702,0.000,3.95,124.277,0.000,2.96,248.554,0.000,2.96,41.426,0.000,0.99,0.000,0.000,0.00,124.277,0.000,1.98,41.426,0.000,0.00,41.426,0.000,0.99,82.851,0.000,1.98,0.000,0.000,0.00,0.000,0.000,0.00,248.554,0.000,4.94,248.554,0.000,4.94,124.277,0.000,0.00,165.702,0.000,3.95,41.426,0.000,0.99,165.702,0.000,0.99,165.702,0.000,1.98,41.426,0.000,0.99,124.277,0.000,2.96,124.277,0.000,1.98,165.702,0.000,1.98,248.554,0.000,2.96,124.277,0.000,2.96,41.426,0.000,0.99,41.426,0.000,0.99
16.0636,3462.316,0.000,1.97,0.31,0.38,123.654,0.000,2.95,164.872,0.000,1.97,41.218,0.000,1.97,288.526,0.000,4.91,82.436,0.000,1.97,123.654,0.000,1.97,41.218,0.000,0.98,206.090,0.000,3.93,123.654,0.000,1.97,123.654,0.000,0.98,0.000,0.000,0.00,164.872,0.000,1.97,0.000,0.000,0.00,164.872,0.000,1.97,82.436,0.000,1.97,164.872,0.000,2.95,82.436,0.000,1.97,206.090,0.000,2.95,0.000,0.000,0.00,164.872,0.000,1.97,41.218,0.000,0.98,82.436,0.000,0.98,41.218,0.000,0.98,206.090,0.000,3.93,164.872,0.000,2.95,123.654,0.000,2.95,82.436,0.000,0.00,164.872,0.000,3.93,41.218,0.000,0.98,164.872,0.000,1.97
16.1654,3507.985,0.000,2.00,0.38,0.46,82.420,0.000,1.97,41.210,0.000,1.97,123.629,0.000,2.95,41.210,0.000,0.98,41.210,0.000,0.98,87.571,0.000,0.00,0.000,0.000,0.00,82.420,0.000,1.97,82.420,0.000,0.98,206.049,0.000,1.97,164.839,0.000,0.98,206.049,0.000,2.95,247.259,0.000,4.91,82.420,0.000,0.98,206.049,0.000,2.95,123.629,0.000,1.97,41.210,0.000,1.97,82.420,0.000,1.97,82.420,0.000,0.00,164.839,0.000,0.98,123.629,0.000,0.98,41.210,0.000,1.97,41.210,0.000,0.98,164.839,0.000,3.93,164.839,0.000,3.93,123.629,0.000,1.97,247.259,0.000,5.90,41.210,0.000,0.00,206.049,0.000,3.93,164.839,0.000,2.95
16.2673,3576.735,0.000,2.16,0.38,0.46,123.513,0.000,0.98,82.342,0.000,1.96,205.855,0.000,1.96,164.684,0.000,2.94,82.342,0.000,1.96,118.367,0.000,2.94,123.513,0.000,0.00,123.513,0.000,1.96,82.342,0.000,1.96,41.171,0.000,0.98,205.855,0.000,2.94,82.342,0.000,1.96,164.684,0.000,1.96,164.684,0.000,2.94,41.171,0.000,1.96,82.342,0.000,0.98,205.855,0.000,4.91,123.513,0.000,0.98,82.342,0.000,1.96,205.855,0.000,3.93,0.000,0.000,0.00,123.513,0.000,2.94,41.171,0.000,0.98,123.513,0.000,2.94,123.513,0.000,2.94,82.342,0.000,2.94,205.855,0.000,3.93,164.684,0.000,2.94,123.513,0.000,0.98,82.342,0.000,1.96
16.3691,3503.168,0.000,2.29,0.31,0.38,82.427,0.000,2.95,164.855,0.000,2.95,82.427,0.000,1.97,288.496,0.000,4.91,82.427,0.000,1.97,123.641,0.000,1.97,164.855,0.000,3.93,82.427,0.000,1.97,0.000,0.000,0.00,123.641,0.000,0.98,164.855,0.000,2.95,123.641,0.000,3.93,82.427,0.000,0.98,164.855,0.000,1.97,82.427,0.000,0.98,206.069,0.000,4.91,164.855,0.000,1.97,164.855,0.000,2.95,82.427,0.000,2.95,82.427,0.000,0.98,206.069,0.000,2.95,41.214,0.000,1.97,82.427,0.000,0.98,41.214,0.000,0.98,0.000,0.000,0.00,206.069,0.000,4.91,0.000,0.000,0.00,82.427,0.000,1.97,123.641,0.000,1.97,206.069,0.000,4.91
16.4709,3500.103,0.000,2.42,0.23,0.46,82.416,0.000,1.96,123.624,0.000,2.95,41.208,0.000,0.98,206.040,0.000,3.93,164.832,0.000,3.93,288.456,0.000,4.91,123.624,0.000,0.98,79.840,0.000,1.96,82.416,0.000,0.98,123.624,0.000,2.95,41.208,0.000,0.98,123.624,0.000,3.93,164.832,0.000,3.93,164.832,0.000,3.93,0.000,0.000,0.00,206.040,0.000,4.91,123.624,0.000,2.95,0.000,0.000,0.00,41.208,0.000,0.98,82.416,0.000,1.96,123.624,0.000,1.96,41.208,0.000,0.00,123.624,0.000,0.98,123.624,0.000,2.95,123.624,0.000,1.96,123.624,0.000,2.95,82.416,0.000,1.96,206.040,0.000,3.93,164.832,0.000,4.91,123.624,0.000,1.96
16.5726,3671.018,0.000,2.19,0.38,0.46,82.437,0.000,0.98,82.437,0.000,1.97,41.218,0.000,0.98,206.092,0.000,3.93,82.437,0.000,2.95,164.874,0.000,2.95,0.000,0.000,0.00,249.887,0.000,2.95,82.437,0.000,1.97,41.218,0.000,0.98,82.437,0.000,0.98,206.092,0.000,4.91,123.655,0.000,2.95,164.874,0.000,1.97,82.437,0.000,1.97,123.655,0.000,2.95,164.874,0.000,3.93,82.437,0.000,0.98,41.218,0.000,0.98,370.966,0.000,6.88,41.218,0.000,0.00,123.655,0.000,2.95,164.874,0.000,0.98,82.437,0.000,0.98,206.092,0.000,2.95,247.311,0.000,4.91,41.218,0.000,0.98,123.655,0.000,1.97,41.218,0.000,0.98,123.655,0.000,0.98
16.6744,3545.018,0.000,2.10,0.31,0.38,41.221,0.000,0.98,123.663,0.000,2.95,41.221,0.000,0.00,41.221,0.000,0.98,164.885,0.000,3.93,82.442,0.000,0.98,41.221,0.000,0.98,123.663,0.000,2.95,0.000,0.000,0.00,41.221,0.000,0.98,82.442,0.000,0.98,123.663,0.000,1.97,164.885,0.000,0.98,247.327,0.000,4.91,164.885,0.000,2.95,41.221,0.000,0.98,206.106,0.000,4.91,206.106,0.000,3.93,123.663,0.000,2.95,82.442,0.000,1.97,82.442,0.000,1.97,41.221,0.000,0.98,206.106,0.000,4.91,123.663,0.000,1.97,41.221,0.000,0.98,82.442,0.000,0.98,206.106,0.000,1.97,206.106,0.000,2.95,82.442,0.000,1.97,329.769,0.000,2.95
16.7761,3614.480,0.000,2.16,0.31,0.46,123.660,0.000,1.97,206.100,0.000,3.93,164.880,0.000,2.95,247.320,0.000,2.95,41.220,0.000,0.98,82.440,0.000,0.98,82.440,0.000,1.97,82.440,0.000,0.98,82.440,0.000,1.97,123.660,0.000,1.97,123.660,0.000,2.95,82.440,0.000,1.97,123.660,0.000,1.97,82.440,0.000,2.95,41.220,0.000,0.98,82.440,0.000,3.93,41.220,0.000,0.98,206.100,0.000,3.93,82.440,0.000,0.98,164.880,0.000,2.95,123.660,0.000,1.97,247.320,0.000,3.93,0.000,0.000,0.00,123.660,0.000,1.97,82.440,0.000,0.98,247.320,0.000,2.95,41.220,0.000,0.00,151.999,0.000,0.98,206.100,0.000,3.93,123.660,0.000,3.93
16.8779,3706.991,0.000,2.36,0.31,0.38,123.566,0.000,2.95,123.566,0.000,2.95,82.378,0.000,0.00,164.755,0.000,2.95,123.566,0.000,1.96,41.189,0.000,0.98,82.378,0.000,2.95,164.755,0.000,1.96,205.944,0.000,4.91,316.639,0.000,6.87,0.000,0.000,0.00,41.189,0.000,0.98,82.378,0.000,0.98,82.378,0.000,1.96,123.566,0.000,2.95,82.378,0.000,0.98,123.566,0.000,0.98,41.189,0.000,0.98,247.133,0.000,5.89,205.944,0.000,3.93,164.755,0.000,1.96,205.944,0.000,4.91,247.133,0.000,2.95,41.189,0.000,0.98,41.189,0.000,0.98,123.566,0.000,1.96,82.378,0.000,0.98,136.438,0.000,2.95,123.566,0.000,2.95,82.378,0.000,1.96
16.9797,3528.012,0.000,2.23,0.38,0.46,164.812,0.000,4.91,123.609,0.000,2.95,123.609,0.000,2.95,206.015,0.000,1.96,41.203,0.000,1.96,82.406,0.000,0.98,247.218,0.000,2.95,123.609,0.000,3.93,123.609,0.000,2.95,260.094,0.000,3.93,123.609,0.000,1.96,123.609,0.000,1.96,12.876,0.000,0.98,41.203,0.000,1.96,288.421,0.000,3.93,164.812,0.000,2.95,41.203,0.000,0.98,82.406,0.000,1.96,288.421,0.000,2.95,41.203,0.000,0.98,0.000,0.000,0.00,41.203,0.000,0.98,164.812,0.000,3.93,0.000,0.000,0.00,82.406,0.000,0.98,41.203,0.000,0.98,206.015,0.000,2.95,82.406,0.000,1.96,82.406,0.000,2.95,123.609,0.000,1.96
17.0815,3403.429,0.000,1.77,0.38,0.46,123.667,0.000,1.97,164.890,0.000,2.95,123.667,0.000,1.97,164.890,0.000,1.97,200.959,0.000,3.93,82.445,0.000,0.98,164.890,0.000,3.93,0.000,0.000,0.00,82.445,0.000,1.97,0.000,0.000,0.00,82.445,0.000,0.98,206.112,0.000,1.97,110.785,0.000,0.00,82.445,0.000,1.97,82.445,0.000,0.98,123.667,0.000,0.98,123.667,0.000,0.98,41.222,0.000,0.00,82.445,0.000,1.97,123.667,0.000,2.95,164.890,0.000,3.93,0.000,0.000,0.00,82.445,0.000,0.98,247.335,0.000,2.95,82.445,0.000,1.97,123.667,0.000,2.95,82.445,0.000,1.97,164.890,0.000,1.97,123.667,0.000,0.98,164.890,0.000,2.95
17.1833,3566.640,0.000,2.10,0.46,0.38,41.203,0.000,0.98,123.609,0.000,1.96,82.406,0.000,1.96,123.609,0.000,2.95,169.963,0.000,2.95,41.203,0.000,0.00,164.812,0.000,2.95,123.609,0.000,1.96,206.015,0.000,4.91,164.812,0.000,2.95,41.203,0.000,0.98,123.609,0.000,2.95,41.203,0.000,0.00,82.406,0.000,0.98,247.218,0.000,3.93,164.812,0.000,1.96,100.432,0.000,1.96,82.406,0.000,0.98,82.406,0.000,0.98,206.015,0.000,3.93,164.812,0.000,2.95,82.406,0.000,0.98,41.203,0.000,0.98,82.406,0.000,1.96,123.609,0.000,2.95,164.812,0.000,3.93,41.203,0.000,0.00,41.203,0.000,0.98,164.812,0.000,1.96,247.218,0.000,3.93
17.2851,3508.401,0.000,2.49,0.15,0.46,82.429,0.000,1.97,82.429,0.000,0.00,123.644,0.000,2.95,164.859,0.000,2.95,123.644,0.000,3.93,394.115,0.000,5.90,41.215,0.000,0.98,123.644,0.000,1.97,123.644,0.000,1.97,123.644,0.000,1.97,82.429,0.000,2.95,41.215,0.000,0.98,82.429,0.000,1.97,164.859,0.000,3.93,123.644,0.000,2.95,164.859,0.000,5.90,270.471,0.000,6.88,82.429,0.000,0.98,82.429,0.000,2.95,123.644,0.000,3.93,206.073,0.000,5.90,82.429,0.000,1.97,82.429,0.000,0.98,41.215,0.000,0.98,82.429,0.000,0.98,0.000,0.000,0.00,41.215,0.000,0.98,41.215,0.000,0.98,164.859,0.000,1.97,164.859,0.000,1.97
17.3868,3561.885,0.000,2.19,0.31,0.46,164.831,0.000,0.98,123.623,0.000,0.98,123.623,0.000,0.98,82.415,0.000,1.96,123.623,0.000,2.95,59.236,0.000,0.98,164.831,0.000,3.93,164.831,0.000,4.91,82.415,0.000,1.96,82.415,0.000,1.96,164.831,0.000,1.96,82.415,0.000,1.96,164.831,0.000,2.95,123.623,0.000,1.96,164.831,0.000,2.95,82.415,0.000,1.96,164.831,0.000,0.98,82.415,0.000,1.96,123.623,0.000,2.95,41.208,0.000,1.96,164.831,0.000,3.93,41.208,0.000,0.98,164.831,0.000,2.95,0.000,0.000,0.00,164.831,0.000,2.95,164.831,0.000,2.95,123.623,0.000,0.98,0.000,0.000,0.00,164.831,0.000,2.95,206.038,0.000,4.91
17.4886,3570.164,0.000,2.19,0.38,0.38,82.428,0.000,1.97,123.642,0.000,2.95,41.214,0.000,0.98,206.070,0.000,2.95,82.428,0.000,1.97,82.428,0.000,1.97,206.070,0.000,3.93,82.428,0.000,0.98,247.284,0.000,4.91,123.642,0.000,3.93,123.642,0.000,2.95,164.856,0.000,1.97,164.856,0.000,2.95,190.615,0.000,3.93,206.070,0.000,2.95,0.000,0.000,0.00,247.284,0.000,1.97,206.070,0.000,2.95,164.856,0.000,2.95,82.428,0.000,2.95,82.428,0.000,1.97,41.214,0.000,0.98,82.428,0.000,0.98,0.000,0.000,0.00,41.214,0.000,0.98,82.428,0.000,1.97,82.428,0.000,0.98,41.214,0.000,0.98,206.070,0.000,3.93,82.428,0.000,0.98
17.5904,3539.936,0.000,2.13,0.31,0.46,41.222,0.000,0.98,247.332,0.000,3.93,82.444,0.000,0.98,82.444,0.000,1.97,164.888,0.000,1.97,0.000,0.000,0.00,164.888,0.000,2.95,82.444,0.000,1.97,123.666,0.000,2.95,82.444,0.000,0.98,82.444,0.000,1.97,288.554,0.000,2.95,82.444,0.000,1.97,56.680,0.000,0.98,206.110,0.000,2.95,123.666,0.000,2.95,164.888,0.000,2.95,164.888,0.000,3.93,164.888,0.000,2.95,82.444,0.000,1.97,82.444,0.000,1.97,82.444,0.000,0.98,144.277,0.000,4.91,82.444,0.000,1.97,123.666,0.000,1.97,82.444,0.000,1.97,82.444,0.000,0.98,82.444,0.000,1.97,41.222,0.000,0.00,247.332,0.000,2.95
17.6922,3548.503,0.000,2.23,0.31,0.46,123.605,0.000,0.98,41.202,0.000,0.00,41.202,0.000,0.98,164.807,0.000,3.93,123.605,0.000,2.95,123.605,0.000,0.98,0.000,0.000,0.00,123.605,0.000,2.95,0.000,0.000,0.00,82.404,0.000,0.98,82.404,0.000,1.96,41.202,0.000,1.96,206.009,0.000,2.95,82.404,0.000,2.95,329.614,0.000,6.88,41.202,0.000,0.98,164.807,0.000,3.93,41.202,0.000,0.98,41.202,0.000,0.98,82.404,0.000,0.98,82.404,0.000,2.95,123.605,0.000,2.95,267.812,0.000,3.93,123.605,0.000,1.96,123.605,0.000,0.98,329.614,0.000,5.89,206.009,0.000,4.91,82.404,0.000,1.96,123.605,0.000,1.96,149.356,0.000,0.98
17.7940,3610.574,0.000,2.26,0.31,0.38,329.639,0.000,7.86,82.410,0.000,1.96,82.410,0.000,1.96,82.410,0.000,1.96,82.410,0.000,0.98,164.819,0.000,3.93,82.410,0.000,0.98,123.615,0.000,1.96,206.024,0.000,4.91,164.819,0.000,1.96,247.229,0.000,3.93,123.615,0.000,1.96,0.000,0.000,0.00,82.410,0.000,0.98,206.024,0.000,2.95,82.410,0.000,0.98,123.615,0.000,2.95,41.205,0.000,0.98,82.410,0.000,0.98,41.205,0.000,0.00,41.205,0.000,0.98,206.024,0.000,1.96,164.819,0.000,3.93,82.410,0.000,2.95,123.615,0.000,1.96,82.410,0.000,1.96,123.615,0.000,1.96,133.916,0.000,3.93,82.410,0.000,1.96,139.066,0.000,1.96
17.8957,3657.435,0.000,2.13,0.46,0.46,82.421,0.000,2.95,164.842,0.000,3.93,41.211,0.000,1.97,123.632,0.000,1.97,164.842,0.000,2.95,206.053,0.000,3.93,164.842,0.000,1.97,41.211,0.000,0.00,123.632,0.000,0.98,41.211,0.000,0.98,82.421,0.000,0.98,123.632,0.000,2.95,41.211,0.000,0.00,206.053,0.000,3.93,164.842,0.000,2.95,164.842,0.000,1.97,41.211,0.000,0.00,0.000,0.000,0.00,82.421,0.000,2.95,164.842,0.000,1.97,82.421,0.000,1.97,123.632,0.000,1.97,206.053,0.000,3.93,123.632,0.000,1.97,41.211,0.000,0.98,164.842,0.000,1.97,206.053,0.000,2.95,195.750,0.000,4.91,123.632,0.000,2.95,164.842,0.000,0.98
17.9975,3531.764,0.000,2.03,0.31,0.38,82.434,0.000,0.98,82.434,0.000,1.97,275.637,0.000,3.93,123.650,0.000,3.93,288.518,0.000,2.95,41.217,0.000,1.97,164.867,0.000,3.93,206.084,0.000,1.97,0.000,0.000,0.00,82.434,0.000,1.97,164.867,0.000,3.93,82.434,0.000,0.00,82.434,0.000,1.97,0.000,0.000,0.00,0.000,0.000,0.00,82.434,0.000,0.98,0.000,0.000,0.00,164.867,0.000,2.95,82.434,0.000,1.97,123.650,0.000,0.98,206.084,0.000,3.93,329.734,0.000,2.95,288.518,0.000,5.90,41.217,0.000,0.98,82.434,0.000,1.97,164.867,0.000,3.93,82.434,0.000,0.98,0.000,0.000,0.00,82.434,0.000,2.95,123.650,0.000,0.98
18.0992,3519.478,0.000,2.07,0.54,0.46,165.016,0.000,1.97,82.508,0.000,1.97,219.162,0.000,3.93,82.508,0.000,1.97,165.016,0.000,3.93,0.000,0.000,0.00,41.254,0.000,0.00,82.508,0.000,1.97,0.000,0.000,0.00,82.508,0.000,2.95,330.032,0.000,3.93,41.254,0.000,0.98,123.762,0.000,2.95,247.524,0.000,2.95,82.508,0.000,1.97,206.270,0.000,4.92,82.508,0.000,1.97,41.254,0.000,0.00,165.016,0.000,1.97,123.762,0.000,2.95,82.508,0.000,0.00,82.508,0.000,2.95,82.508,0.000,1.97,82.508,0.000,1.97,82.508,0.000,1.97,123.762,0.000,0.98,412.540,0.000,6.88,123.762,0.000,0.98,82.508,0.000,0.98,0.000,0.000,0.00
18.2009,3629.078,0.000,2.43,0.31,0.38,123.719,0.000,2.95,41.240,0.000,0.98,41.240,0.000,0.98,82.479,0.000,2.95,123.719,0.000,0.98,164.958,0.000,2.95,82.479,0.000,1.97,247.437,0.000,4.92,123.719,0.000,1.97,41.240,0.000,0.98,41.240,0.000,0.98,82.479,0.000,0.98,206.198,0.000,2.95,0.000,0.000,0.00,164.958,0.000,2.95,206.198,0.000,3.93,41.240,0.000,0.98,247.437,0.000,5.90,82.479,0.000,1.97,41.240,0.000,1.97,247.437,0.000,4.92,123.719,0.000,1.97,41.240,0.000,0.00,123.719,0.000,2.95,82.479,0.000,2.95,206.198,0.000,4.92,82.479,0.000,0.98,206.198,0.000,3.93,164.958,0.000,3.93,164.958,0.000,1.97
18.3026,3503.230,0.000,2.16,0.31,0.46,164.858,0.000,3.93,164.858,0.000,2.95,206.072,0.000,2.95,206.072,0.000,4.91,123.643,0.000,1.97,41.214,0.000,0.98,247.287,0.000,3.93,82.429,0.000,0.98,41.214,0.000,0.98,247.287,0.000,4.91,41.214,0.000,1.97,41.214,0.000,0.00,82.429,0.000,1.97,0.000,0.000,0.00,123.643,0.000,2.95,164.858,0.000,1.97,206.072,0.000,3.93,123.643,0.000,1.97,82.429,0.000,2.95,164.858,0.000,3.93,0.000,0.000,0.00,164.858,0.000,1.97,123.643,0.000,0.98,247.287,0.000,4.91,82.429,0.000,0.98,82.429,0.000,1.97,82.429,0.000,0.00,82.429,0.000,1.97,41.214,0.000,0.98,41.214,0.000,0.98
18.4043,3547.486,0.000,2.13,0.38,0.46,82.500,0.000,1.97,82.500,0.000,1.97,41.250,0.000,0.98,82.500,0.000,1.97,82.500,0.000,2.95,82.500,0.000,0.98,41.250,0.000,0.00,206.249,0.000,1.97,206.249,0.000,4.92,82.500,0.000,2.95,247.499,0.000,5.90,82.500,0.000,0.98,371.249,0.000,6.88,82.500,0.000,0.98,123.750,0.000,2.95,123.750,0.000,1.97,123.750,0.000,2.95,82.500,0.000,1.97,206.249,0.000,0.98,123.750,0.000,0.98,123.750,0.000,1.97,82.500,0.000,0.00,82.500,0.000,1.97,164.999,0.000,2.95,82.500,0.000,0.98,41.250,0.000,0.98,82.500,0.000,0.98,0.000,0.000,0.00,123.750,0.000,1.97,206.249,0.000,4.92
18.5061,3529.446,0.000,2.00,0.31,0.38,0.000,0.000,0.00,66.982,0.000,1.97,41.220,0.000,0.98,123.659,0.000,1.97,82.440,0.000,3.93,123.659,0.000,2.95,164.879,0.000,1.97,82.440,0.000,0.98,247.319,0.000,1.97,123.659,0.000,2.95,82.440,0.000,1.97,164.879,0.000,1.97,164.879,0.000,0.00,41.220,0.000,0.00,123.659,0.000,0.98,123.659,0.000,2.95,123.659,0.000,3.93,82.440,0.000,2.95,164.879,0.000,2.95,164.879,0.000,2.95,123.659,0.000,1.97,123.659,0.000,2.95,164.879,0.000,1.97,123.659,0.000,2.95,164.879,0.000,0.98,82.440,0.000,0.98,123.659,0.000,1.97,41.220,0.000,0.98,164.879,0.000,3.93,123.659,0.000,0.98
18.6079,3634.108,0.000,2.32,0.23,0.46,205.898,0.000,3.93,15.442,0.000,0.98,123.539,0.000,2.95,205.898,0.000,4.91,41.180,0.000,0.98,241.931,0.000,2.95,0.000,0.000,0.00,82.359,0.000,0.98,123.539,0.000,1.96,288.258,0.000,5.89,123.539,0.000,3.93,41.180,0.000,0.98,0.000,0.000,0.00,205.898,0.000,2.95,164.719,0.000,4.91,82.359,0.000,0.98,41.180,0.000,0.98,164.719,0.000,3.93,82.359,0.000,0.98,164.719,0.000,2.95,123.539,0.000,1.96,82.359,0.000,0.98,82.359,0.000,0.98,82.359,0.000,2.95,205.898,0.000,1.96,41.180,0.000,0.00,164.719,0.000,2.95,247.078,0.000,3.93,82.359,0.000,1.96,123.539,0.000,3.93
18.7098,3628.287,0.000,2.32,0.38,0.46,123.516,0.000,1.96,123.516,0.000,2.94,205.860,0.000,3.93,123.516,0.000,2.94,123.516,0.000,1.96,211.007,0.000,5.89,123.516,0.000,2.94,41.172,0.000,0.98,82.344,0.000,2.94,205.860,0.000,2.94,82.344,0.000,1.96,82.344,0.000,1.96,0.000,0.000,0.00,0.000,0.000,0.00,123.516,0.000,2.94,82.344,0.000,1.96,82.344,0.000,2.94,205.860,0.000,2.94,164.688,0.000,2.94,164.688,0.000,1.96,123.516,0.000,1.96,164.688,0.000,2.94,123.516,0.000,1.96,164.688,0.000,1.96,123.516,0.000,2.94,41.172,0.000,0.00,247.032,0.000,4.91,205.860,0.000,2.94,82.344,0.000,0.98,0.000,0.000,0.00
18.8117,3705.371,0.000,2.29,0.31,0.38,288.195,0.000,4.91,82.342,0.000,1.96,41.171,0.000,0.98,82.342,0.000,1.96,82.342,0.000,2.94,164.683,0.000,2.94,205.854,0.000,3.93,123.512,0.000,0.98,123.512,0.000,2.94,82.342,0.000,1.96,0.000,0.000,0.00,82.342,0.000,1.96,288.195,0.000,4.91,82.342,0.000,1.96,164.683,0.000,2.94,0.000,0.000,0.00,164.683,0.000,1.96,41.171,0.000,0.98,123.512,0.000,0.98,164.683,0.000,1.96,41.171,0.000,0.98,164.683,0.000,2.94,205.854,0.000,1.96,164.683,0.000,2.94,164.683,0.000,3.93,0.000,0.000,0.00,205.854,0.000,3.93,164.683,0.000,2.94,82.342,0.000,2.94,123.512,0.000,2.94
18.9135,3699.862,0.000,2.55,0.23,0.46,82.391,0.000,1.96,41.195,0.000,0.98,82.391,0.000,0.98,164.782,0.000,1.96,123.586,0.000,0.98,288.368,0.000,6.88,41.195,0.000,0.98,164.782,0.000,2.95,164.782,0.000,4.91,82.391,0.000,1.96,82.391,0.000,1.96,123.586,0.000,1.96,164.782,0.000,3.93,164.782,0.000,2.95,82.391,0.000,1.96,164.782,0.000,1.96,82.391,0.000,2.95,205.977,0.000,2.95,82.391,0.000,0.98,164.782,0.000,4.91,0.000,0.000,0.00,41.195,0.000,1.96,82.391,0.000,1.96,82.391,0.000,2.95,123.586,0.000,1.96,157.057,0.000,1.96,164.782,0.000,3.93,123.586,0.000,2.95,164.782,0.000,2.95,205.977,0.000,4.91
19.0152,3430.604,0.000,2.33,0.38,0.46,123.718,0.000,1.97,123.718,0.000,1.97,164.958,0.000,0.98,41.239,0.000,1.97,123.718,0.000,2.95,82.479,0.000,0.98,41.239,0.000,0.98,41.239,0.000,0.98,123.718,0.000,0.98,247.436,0.000,4.92,0.000,0.000,0.00,164.958,0.000,1.97,206.197,0.000,5.90,82.479,0.000,1.97,164.958,0.000,2.95,123.718,0.000,2.95,123.718,0.000,2.95,123.718,0.000,1.97,123.718,0.000,3.93,82.479,0.000,1.97,82.479,0.000,1.97,123.718,0.000,1.97,82.479,0.000,2.95,123.718,0.000,3.93,206.197,0.000,4.92,90.211,0.000,1.97,41.239,0.000,0.98,123.718,0.000,2.95,82.479,0.000,0.00,164.958,0.000,2.95
19.1170,82.371,0.000,0.07,0.69,0.00,0.000,0.000,0.00,0.000,0.000,0.00,0.000,0.000,0.00,0.000,0.000,0.00,0.000,0.000,0.00,41.185,0.000,0.98,0.000,0.000,0.00,0.000,0.000,0.00,0.000,0.000,0.00,0.000,0.000,0.00,0.000,0.000,0.00,0.000,0.000,0.00,0.000,0.000,0.00,0.000,0.000,0.00,0.000,0.000,0.00,0.000,0.000,0.00,0.000,0.000,0.00,0.000,0.000,0.00,0.000,0.000,0.00,0.000,0.000,0.00,0.000,0.000,0.00,0.000,0.000,0.00,0.000,0.000,0.00,0.000,0.000,0.00,0.000,0.000,0.00,41.185,0.000,0.98,0.000,0.000,0.00,0.000,0.000,0.00,0.000,0.000,0.00,0.000,0.000,0.00
19.2189,0.000,0.000,0.00,1.61,0.00,0.000,0.000,0.00,0.000,0.000,0.00,0.000,0.000,0.00,0.000,0.000,0.00,0.000,0.000,0.00,0.000,0.000,0.00,0.000,0.000,0.00,0.000,0.000,0.00,0.000,0.000,0.00,0.000,0.000,0.00,0.000,0.000,0.00,0.000,0.000,0.00,0.000,0.000,0.00,0.000,0.000,0.00,0.000,0.000,0.00,0.000,0.000,0.00,0.000,0.000,0.00,0.000,0.000,0.00,0.000,0.000,0.00,0.000,0.000,0.00,0.000,0.000,0.00,0.000,0.000,0.00,0.000,0.000,0.00,0.000,0.000,0.00,0.000,0.000,0.00,0.000,0.000,0.00,0.000,0.000,0.00,0.000,0.000,0.00,0.000,0.000,0.00,0.000,0.000,0.00
19.3205,0.000,0.282,0.00,0.77,0.00,0.000,0.000,0.00,0.000,0.000,0.00,0.000,0.000,0.00,0.000,0.000,0.00,0.000,0.000,0.00,0.000,0.000,0.00,0.000,0.000,0.00,0.000,0.000,0.00,0.000,0.282,0.00,0.000,0.000,0.00,0.000,0.000,0.00,0.000,0.000,0.00,0.000,0.000,0.00,0.000,0.000,0.00,0.000,0.000,0.00,0.000,0.000,0.00,0.000,0.000,0.00,0.000,0.000,0.00,0.000,0.000,0.00,0.000,0.000,0.00,0.000,0.000,0.00,0.000,0.000,0.00,0.000,0.000,0.00,0.000,0.000,0.00,0.000,0.000,0.00,0.000,0.000,0.00,0.000,0.000,0.00,0.000,0.000,0.00,0.000,0.000,0.00,0.000,0.000,0.00
19.4222,0.000,0.000,0.00,0.84,0.00,0.000,0.000,0.00,0.000,0.000,0.00,0.000,0.000,0.00,0.000,0.000,0.00,0.000,0.000,0.00,0.000,0.000,0.00,0.000,0.000,0.00,0.000,0.000,0.00,0.000,0.000,0.00,0.000,0.000,0.00,0.000,0.000,0.00,0.000,0.000,0.00,0.000,0.000,0.00,0.000,0.000,0.00,0.000,0.000,0.00,0.000,0.000,0.00,0.000,0.000,0.00,0.000,0.000,0.00,0.000,0.000,0.00,0.000,0.000,0.00,0.000,0.000,0.00,0.000,0.000,0.00,0.000,0.000,0.00,0.000,0.000,0.00,0.000,0.000,0.00,0.000,0.000,0.00,0.000,0.000,0.00,0.000,0.000,0.00,0.000,0.000,0.00,0.000,0.000,0.00
19.5239,0.000,0.000,0.00,0.77,0.00,0.000,0.000,0.00,0.000,0.000,0.00,0.000,0.000,0.00,0.000,0.000,0.00,0.000,0.000,0.00,0.000,0.000,0.00,0.000,0.000,0.00,0.000,0.000,0.00,0.000,0.000,0.00,0.000,0.000,0.00,0.000,0.000,0.00,0.000,0.000,0.00,0.000,0.000,0.00,0.000,0.000,0.00,0.000,0.000,0.00,0.000,0.000,0.00,0.000,0.000,0.00,0.000,0.000,0.00,0.000,0.000,0.00,0.000,0.000,0.00,0.000,0.000,0.00,0.000,0.000,0.00,0.000,0.000,0.00,0.000,0.000,0.00,0.000,0.000,0.00,0.000,0.000,0.00,0.000,0.000,0.00,0.000,0.000,0.00,0.000,0.000,0.00,0.000,0.000,0.00
19.6256,0.000,0.000,0.00,0.77,0.00,0.000,0.000,0.00,0.000,0.000,0.00,0.000,0.000,0.00,0.000,0.000,0.00,0.000,0.000,0.00,0.000,0.000,0.00,0.000,0.000,0.00,0.000,0.000,0.00,0.000,0.000,0.00,0.000,0.000,0.00,0.000,0.000,0.00,0.000,0.000,0.00,0.000,0.000,0.00,0.000,0.000,0.00,0.000,0.000,0.00,0.000,0.000,0.00,0.000,0.000,0.00,0.000,0.000,0.00,0.000,0.000,0.00,0.000,0.000,0.00,0.000,0.000,0.00,0.000,0.000,0.00,0.000,0.000,0.00,0.000,0.000,0.00,0.000,0.000,0.00,0.000,0.000,0.00,0.000,0.000,0.00,0.000,0.000,0.00,0.000,0.000,0.00,0.000,0.000,0.00
19.7273,0.000,0.000,0.00,0.77,0.00,0.000,0.000,0.00,0.000,0.000,0.00,0.000,0.000,0.00,0.000,0.000,0.00,0.000,0.000,0.00,0.000,0.000,0.00,0.000,0.000,0.00,0.000,0.000,0.00,0.000,0.000,0.00,0.000,0.000,0.00,0.000,0.000,0.00,0.000,0.000,0.00,0.000,0.000,0.00,0.000,0.000,0.00,0.000,0.000,0.00,0.000,0.000,0.00,0.000,0.000,0.00,0.000,0.000,0.00,0.000,0.000,0.00,0.000,0.000,0.00,0.000,0.000,0.00,0.000,0.000,0.00,0.000,0.000,0.00,0.000,0.000,0.00,0.000,0.000,0.00,0.000,0.000,0.00,0.000,0.000,0.00,0.000,0.000,0.00,0.000,0.000,0.00,0.000,0.000,0.00
19.8290,0.000,1.223,0.16,0.84,0.00,0.000,0.000,0.00,0.000,0.000,0.00,0.000,0.282,0.98,0.000,0.000,0.00,0.000,0.000,0.00,0.000,0.000,0.00,0.000,0.000,0.00,0.000,0.000,0.00,0.000,0.000,0.00,0.000,0.000,0.00,0.000,0.000,0.00,0.000,0.000,0.00,0.000,0.383,1.97,0.000,0.000,0.00,0.000,0.000,0.00,0.000,0.000,0.00,0.000,0.000,0.00,0.000,0.277,0.98,0.000,0.000,0.00,0.000,0.000,0.00,0.000,0.000,0.00,0.000,0.000,0.00,0.000,0.000,0.00,0.000,0.000,0.00,0.000,0.000,0.00,0.000,0.000,0.00,0.000,0.000,0.00,0.000,0.000,0.00,0.000,0.000,0.00,0.000,0.282,0.98
19.9307,0.000,0.000,0.00,0.84,0.00,0.000,0.000,0.00,0.000,0.000,0.00,0.000,0.000,0.00,0.000,0.000,0.00,0.000,0.000,0.00,0.000,0.000,0.00,0.000,0.000,0.00,0.000,0.000,0.00,0.000,0.000,0.00,0.000,0.000,0.00,0.000,0.000,0.00,0.000,0.000,0.00,0.000,0.000,0.00,0.000,0.000,0.00,0.000,0.000,0.00,0.000,0.000,0.00,0.000,0.000,0.00,0.000,0.000,0.00,0.000,0.000,0.00,0.000,0.000,0.00,0.000,0.000,0.00,0.000,0.000,0.00,0.000,0.000,0.00,0.000,0.000,0.00,0.000,0.000,0.00,0.000,0.000,0.00,0.000,0.000,0.00,0.000,0.000,0.00,0.000,0.000,0.00,0.000,0.000,0.00
20.0325,0.000,0.000,0.00,0.77,0.00,0.000,0.000,0.00,0.000,0.000,0.00,0.000,0.000,0.00,0.000,0.000,0.00,0.000,0.000,0.00,0.000,0.000,0.00,0.000,0.000,0.00,0.000,0.000,0.00,0.000,0.000,0.00,0.000,0.000,0.00,0.000,0.000,0.00,0.000,0.000,0.00,0.000,0.000,0.00,0.000,0.000,0.00,0.000,0.000,0.00,0.000,0.000,0.00,0.000,0.000,0.00,0.000,0.000,0.00,0.000,0.000,0.00,0.000,0.000,0.00,0.000,0.000,0.00,0.000,0.000,0.00,0.000,0.000,0.00,0.000,0.000,0.00,0.000,0.000,0.00,0.000,0.000,0.00,0.000,0.000,0.00,0.000,0.000,0.00,0.000,0.000,0.00,0.000,0.000,0.00
20.1342,0.000,0.000,0.00,0.84,0.00,0.000,0.000,0.00,0.000,0.000,0.00,0.000,0.000,0.00,0.000,0.000,0.00,0.000,0.000,0.00,0.000,0.000,0.00,0.000,0.000,0.00,0.000,0.000,0.00,0.000,0.000,0.00,0.000,0.000,0.00,0.000,0.000,0.00,0.000,0.000,0.00,0.000,0.000,0.00,0.000,0.000,0.00,0.000,0.000,0.00,0.000,0.000,0.00,0.000,0.000,0.00,0.000,0.000,0.00,0.000,0.000,0.00,0.000,0.000,0.00,0.000,0.000,0.00,0.000,0.000,0.00,0.000,0.000,0.00,0.000,0.000,0.00,0.000,0.000,0.00,0.000,0.000,0.00,0.000,0.000,0.00,0.000,0.000,0.00,0.000,0.000,0.00,0.000,0.000,0.00
20.2360,0.000,0.000,0.00,0.84,0.00,0.000,0.000,0.00,0.000,0.000,0.00,0.000,0.000,0.00,0.000,0.000,0.00,0.000,0.000,0.00,0.000,0.000,0.00,0.000,0.000,0.00,0.000,0.000,0.00,0.000,0.000,0.00,0.000,0.000,0.00,0.000,0.000,0.00,0.000,0.000,0.00,0.000,0.000,0.00,0.000,0.000,0.00,0.000,0.000,0.00,0.000,0.000,0.00,0.000,0.000,0.00,0.000,0.000,0.00,0.000,0.000,0.00,0.000,0.000,0.00,0.000,0.000,0.00,0.000,0.000,0.00,0.000,0.000,0.00,0.000,0.000,0.00,0.000,0.000,0.00,0.000,0.000,0.00,0.000,0.000,0.00,0.000,0.000,0.00,0.000,0.000,0.00,0.000,0.000,0.00
20.3378,0.000,0.035,0.03,0.77,0.00,0.000,0.000,0.00,0.000,0.000,0.00,0.000,0.000,0.00,0.000,0.000,0.00,0.000,0.000,0.00,0.000,0.000,0.00,0.000,0.000,0.00,0.000,0.000,0.00,0.000,0.000,0.00,0.000,0.000,0.00,0.000,0.000,0.00,0.000,0.000,0.00,0.000,0.000,0.00,0.000,0.000,0.00,0.000,0.000,0.00,0.000,0.000,0.00,0.000,0.000,0.00,0.000,0.000,0.00,0.000,0.000,0.00,0.000,0.000,0.00,0.000,0.035,0.98,0.000,0.000,0.00,0.000,0.000,0.00,0.000,0.000,0.00,0.000,0.000,0.00,0.000,0.000,0.00,0.000,0.000,0.00,0.000,0.000,0.00,0.000,0.000,0.00,0.000,0.000,0.00
20.4396,0.000,0.000,0.00,0.77,0.00,0.000,0.000,0.00,0.000,0.000,0.00,0.000,0.000,0.00,0.000,0.000,0.00,0.000,0.000,0.00,0.000,0.000,0.00,0.000,0.000,0.00,0.000,0.000,0.00,0.000,0.000,0.00,0.000,0.000,0.00,0.000,0.000,0.00,0.000,0.000,0.00,0.000,0.000,0.00,0.000,0.000,0.00,0.000,0.000,0.00,0.000,0.000,0.00,0.000,0.000,0.00,0.000,0.000,0.00,0.000,0.000,0.00,0.000,0.000,0.00,0.000,0.000,0.00,0.000,0.000,0.00,0.000,0.000,0.00,0.000,0.000,0.00,0.000,0.000,0.00,0.000,0.000,0.00,0.000,0.000,0.00,0.000,0.000,0.00,0.000,0.000,0.00,0.000,0.000,0.00
20.5414,0.000,0.000,0.00,0.84,0.00,0.000,0.000,0.00,0.000,0.000,0.00,0.000,0.000,0.00,0.000,0.000,0.00,0.000,0.000,0.00,0.000,0.000,0.00,0.000,0.000,0.00,0.000,0.000,0.00,0.000,0.000,0.00,0.000,0.000,0.00,0.000,0.000,0.00,0.000,0.000,0.00,0.000,0.000,0.00,0.000,0.000,0.00,0.000,0.000,0.00,0.000,0.000,0.00,0.000,0.000,0.00,0.000,0.000,0.00,0.000,0.000,0.00,0.000,0.000,0.00,0.000,0.000,0.00,0.000,0.000,0.00,0.000,0.000,0.00,0.000,0.000,0.00,0.000,0.000,0.00,0.000,0.000,0.00,0.000,0.000,0.00,0.000,0.000,0.00,0.000,0.000,0.00,0.000,0.000,0.00
20.6431,0.000,0.000,0.00,0.77,0.00,0.000,0.000,0.00,0.000,0.000,0.00,0.000,0.000,0.00,0.000,0.000,0.00,0.000,0.000,0.00,0.000,0.000,0.00,0.000,0.000,0.00,0.000,0.000,0.00,0.000,0.000,0.00,0.000,0.000,0.00,0.000,0.000,0.00,0.000,0.000,0.00,0.000,0.000,0.00,0.000,0.000,0.00,0.000,0.000,0.00,0.000,0.000,0.00,0.000,0.000,0.00,0.000,0.000,0.00,0.000,0.000,0.00,0.000,0.000,0.00,0.000,0.000,0.00,0.000,0.000,0.00,0.000,0.000,0.00,0.000,0.000,0.00,0.000,0.000,0.00,0.000,0.000,0.00,0.000,0.000,0.00,0.000,0.000,0.00,0.000,0.000,0.00,0.000,0.000,0.00
20.7449,0.000,0.000,0.00,0.84,0.00,0.000,0.000,0.00,0.000,0.000,0.00,0.000,0.000,0.00,0.000,0.000,0.00,0.000,0.000,0.00,0.000,0.000,0.00,0.000,0.000,0.00,0.000,0.000,0.00,0.000,0.000,0.00,0.000,0.000,0.00,0.000,0.000,0.00,0.000,0.000,0.00,0.000,0.000,0.00,0.000,0.000,0.00,0.000,0.000,0.00,0.000,0.000,0.00,0.000,0.000,0.00,0.000,0.000,0.00,0.000,0.000,0.00,0.000,0.000,0.00,0.000,0.000,0.00,0.000,0.000,0.00,0.000,0.000,0.00,0.000,0.000,0.00,0.000,0.000,0.00,0.000,0.000,0.00,0.000,0.000,0.00,0.000,0.000,0.00,0.000,0.000,0.00,0.000,0.000,0.00
20.8467,0.000,0.749,0.13,0.77,0.00,0.000,0.000,0.00,0.000,0.000,0.00,0.000,0.000,0.00,0.000,0.000,0.00,0.000,0.000,0.00,0.000,0.000,0.00,0.000,0.000,0.00,0.000,0.000,0.00,0.000,0.000,0.00,0.000,0.000,0.00,0.000,0.000,0.00,0.000,0.000,0.00,0.000,0.000,0.00,0.000,0.000,0.00,0.000,0.000,0.00,0.000,0.000,0.00,0.000,0.000,0.00,0.000,0.000,0.00,0.000,0.377,1.96,0.000,0.372,1.96,0.000,0.000,0.00,0.000,0.000,0.00,0.000,0.000,0.00,0.000,0.000,0.00,0.000,0.000,0.00,0.000,0.000,0.00,0.000,0.000,0.00,0.000,0.000,0.00,0.000,0.000,0.00,0.000,0.000,0.00
20.9485,0.000,0.000,0.00,0.77,0.00,0.000,0.000,0.00,0.000,0.000,0.00,0.000,0.000,0.00,0.000,0.000,0.00,0.000,0.000,0.00,0.000,0.000,0.00,0.000,0.000,0.00,0.000,0.000,0.00,0.000,0.000,0.00,0.000,0.000,0.00,0.000,0.000,0.00,0.000,0.000,0.00,0.000,0.000,0.00,0.000,0.000,0.00,0.000,0.000,0.00,0.000,0.000,0.00,0.000,0.000,0.00,0.000,0.000,0.00,0.000,0.000,0.00,0.000,0.000,0.00,0.000,0.000,0.00,0.000,0.000,0.00,0.000,0.000,0.00,0.000,0.000,0.00,0.000,0.000,0.00,0.000,0.000,0.00,0.000,0.000,0.00,0.000,0.000,0.00,0.000,0.000,0.00,0.000,0.000,0.00
21.0502,0.000,0.000,0.00,0.77,0.00,0.000,0.000,0.00,0.000,0.000,0.00,0.000,0.000,0.00,0.000,0.000,0.00,0.000,0.000,0.00,0.000,0.000,0.00,0.000,0.000,0.00,0.000,0.000,0.00,0.000,0.000,0.00,0.000,0.000,0.00,0.000,0.000,0.00,0.000,0.000,0.00,0.000,0.000,0.00,0.000,0.000,0.00,0.000,0.000,0.00,0.000,0.000,0.00,0.000,0.000,0.00,0.000,0.000,0.00,0.000,0.000,0.00,0.000,0.000,0.00,0.000,0.000,0.00,0.000,0.000,0.00,0.000,0.000,0.00,0.000,0.000,0.00,0.000,0.000,0.00,0.000,0.000,0.00,0.000,0.000,0.00,0.000,0.000,0.00,0.000,0.000,0.00,0.000,0.000,0.00
21.1518,0.000,0.000,0.00,0.84,0.00,0.000,0.000,0.00,0.000,0.000,0.00,0.000,0.000,0.00,0.000,0.000,0.00,0.000,0.000,0.00,0.000,0.000,0.00,0.000,0.000,0.00,0.000,0.000,0.00,0.000,0.000,0.00,0.000,0.000,0.00,0.000,0.000,0.00,0.000,0.000,0.00,0.000,0.000,0.00,0.000,0.000,0.00,0.000,0.000,0.00,0.000,0.000,0.00,0.000,0.000,0.00,0.000,0.000,0.00,0.000,0.000,0.00,0.000,0.000,0.00,0.000,0.000,0.00,0.000,0.000,0.00,0.000,0.000,0.00,0.000,0.000,0.00,0.000,0.000,0.00,0.000,0.000,0.00,0.000,0.000,0.00,0.000,0.000,0.00,0.000,0.000,0.00,0.000,0.000,0.00
21.2537,0.000,0.000,0.00,0.77,0.00,0.000,0.000,0.00,0.000,0.000,0.00,0.000,0.000,0.00,0.000,0.000,0.00,0.000,0.000,0.00,0.000,0.000,0.00,0.000,0.000,0.00,0.000,0.000,0.00,0.000,0.000,0.00,0.000,0.000,0.00,0.000,0.000,0.00,0.000,0.000,0.00,0.000,0.000,0.00,0.000,0.000,0.00,0.000,0.000,0.00,0.000,0.000,0.00,0.000,0.000,0.00,0.000,0.000,0.00,0.000,0.000,0.00,0.000,0.000,0.00,0.000,0.000,0.00,0.000,0.000,0.00,0.000,0.000,0.00,0.000,0.000,0.00,0.000,0.000,0.00,0.000,0.000,0.00,0.000,0.000,0.00,0.000,0.000,0.00,0.000,0.000,0.00,0.000,0.000,0.00
21.3554,0.000,0.433,0.20,0.84,0.00,0.000,0.000,0.00,0.000,0.000,0.00,0.000,0.000,0.00,0.000,0.000,0.00,0.000,0.000,0.00,0.000,0.000,0.00,0.000,0.030,1.97,0.000,0.000,0.00,0.000,0.000,0.00,0.000,0.000,0.00,0.000,0.000,0.00,0.000,0.372,1.97,0.000,0.000,0.00,0.000,0.000,0.00,0.000,0.000,0.00,0.000,0.000,0.00,0.000,0.000,0.00,0.000,0.000,0.00,0.000,0.000,0.00,0.000,0.000,0.00,0.000,0.000,0.00,0.000,0.030,1.97,0.000,0.000,0.00,0.000,0.000,0.00,0.000,0.000,0.00,0.000,0.000,0.00,0.000,0.000,0.00,0.000,0.000,0.00,0.000,0.000,0.00,0.000,0.000,0.00
21.4572,0.000,0.000,0.00,0.77,0.00,0.000,0.000,0.00,0.000,0.000,0.00,0.000,0.000,0.00,0.000,0.000,0.00,0.000,0.000,0.00,0.000,0.000,0.00,0.000,0.000,0.00,0.000,0.000,0.00,0.000,0.000,0.00,0.000,0.000,0.00,0.000,0.000,0.00,0.000,0.000,0.00,0.000,0.000,0.00,0.000,0.000,0.00,0.000,0.000,0.00,0.000,0.000,0.00,0.000,0.000,0.00,0.000,0.000,0.00,0.000,0.000,0.00,0.000,0.000,0.00,0.000,0.000,0.00,0.000,0.000,0.00,0.000,0.000,0.00,0.000,0.000,0.00,0.000,0.000,0.00,0.000,0.000,0.00,0.000,0.000,0.00,0.000,0.000,0.00,0.000,0.000,0.00,0.000,0.000,0.00
21.5589,0.000,0.000,0.00,0.84,0.00,0.000,0.000,0.00,0.000,0.000,0.00,0.000,0.000,0.00,0.000,0.000,0.00,0.000,0.000,0.00,0.000,0.000,0.00,0.000,0.000,0.00,0.000,0.000,0.00,0.000,0.000,0.00,0.000,0.000,0.00,0.000,0.000,0.00,0.000,0.000,0.00,0.000,0.000,0.00,0.000,0.000,0.00,0.000,0.000,0.00,0.000,0.000,0.00,0.000,0.000,0.00,0.000,0.000,0.00,0.000,0.000,0.00,0.000,0.000,0.00,0.000,0.000,0.00,0.000,0.000,0.00,0.000,0.000,0.00,0.000,0.000,0.00,0.000,0.000,0.00,0.000,0.000,0.00,0.000,0.000,0.00,0.000,0.000,0.00,0.000,0.000,0.00,0.000,0.000,0.00
21.6607,0.000,0.000,0.00,0.84,0.00,0.000,0.000,0.00,0.000,0.000,0.00,0.000,0.000,0.00,0.000,0.000,0.00,0.000,0.000,0.00,0.000,0.000,0.00,0.000,0.000,0.00,0.000,0.000,0.00,0.000,0.000,0.00,0.000,0.000,0.00,0.000,0.000,0.00,0.000,0.000,0.00,0.000,0.000,0.00,0.000,0.000,0.00,0.000,0.000,0.00,0.000,0.000,0.00,0.000,0.000,0.00,0.000,0.000,0.00,0.000,0.000,0.00,0.000,0.000,0.00,0.000,0.000,0.00,0.000,0.000,0.00,0.000,0.000,0.00,0.000,0.000,0.00,0.000,0.000,0.00,0.000,0.000,0.00,0.000,0.000,0.00,0.000,0.000,0.00,0.000,0.000,0.00,0.000,0.000,0.00
21.7624,0.000,0.000,0.00,0.77,0.00,0.000,0.000,0.00,0.000,0.000,0.00,0.000,0.000,0.00,0.000,0.000,0.00,0.000,0.000,0.00,0.000,0.000,0.00,0.000,0.000,0.00,0.000,0.000,0.00,0.000,0.000,0.00,0.000,0.000,0.00,0.000,0.000,0.00,0.000,0.000,0.00,0.000,0.000,0.00,0.000,0.000,0.00,0.000,0.000,0.00,0.000,0.000,0.00,0.000,0.000,0.00,0.000,0.000,0.00,0.000,0.000,0.00,0.000,0.000,0.00,0.000,0.000,0.00,0.000,0.000,0.00,0.000,0.000,0.00,0.000,0.000,0.00,0.000,0.000,0.00,0.000,0.000,0.00,0.000,0.000,0.00,0.000,0.000,0.00,0.000,0.000,0.00,0.000,0.000,0.00
21.8642,0.000,0.277,0.07,0.77,0.00,0.000,0.000,0.00,0.000,0.000,0.00,0.000,0.000,0.00,0.000,0.000,0.00,0.000,0.000,0.00,0.000,0.000,0.00,0.000,0.000,0.00,0.000,0.277,1.96,0.000,0.000,0.00,0.000,0.000,0.00,0.000,0.000,0.00,0.000,0.000,0.00,0.000,0.000,0.00,0.000,0.000,0.00,0.000,0.000,0.00,0.000,0.000,0.00,0.000,0.000,0.00,0.000,0.000,0.00,0.000,0.000,0.00,0.000,0.000,0.00,0.000,0.000,0.00,0.000,0.000,0.00,0.000,0.000,0.00,0.000,0.000,0.00,0.000,0.000,0.00,0.000,0.000,0.00,0.000,0.000,0.00,0.000,0.000,0.00,0.000,0.000,0.00,0.000,0.000,0.00
21.9659,0.000,0.000,0.00,0.77,0.00,0.000,0.000,0.00,0.000,0.000,0.00,0.000,0.000,0.00,0.000,0.000,0.00,0.000,0.000,0.00,0.000,0.000,0.00,0.000,0.000,0.00,0.000,0.000,0.00,0.000,0.000,0.00,0.000,0.000,0.00,0.000,0.000,0.00,0.000,0.000,0.00,0.000,0.000,0.00,0.000,0.000,0.00,0.000,0.000,0.00,0.000,0.000,0.00,0.000,0.000,0.00,0.000,0.000,0.00,0.000,0.000,0.00,0.000,0.000,0.00,0.000,0.000,0.00,0.000,0.000,0.00,0.000,0.000,0.00,0.000,0.000,0.00,0.000,0.000,0.00,0.000,0.000,0.00,0.000,0.000,0.00,0.000,0.000,0.00,0.000,0.000,0.00,0.000,0.000,0.00
22.0677,0.000,0.000,0.00,0.84,0.00,0.000,0.000,0.00,0.000,0.000,0.00,0.000,0.000,0.00,0.000,0.000,0.00,0.000,0.000,0.00,0.000,0.000,0.00,0.000,0.000,0.00,0.000,0.000,0.00,0.000,0.000,0.00,0.000,0.000,0.00,0.000,0.000,0.00,0.000,0.000,0.00,0.000,0.000,0.00,0.000,0.000,0.00,0.000,0.000,0.00,0.000,0.000,0.00,0.000,0.000,0.00,0.000,0.000,0.00,0.000,0.000,0.00,0.000,0.000,0.00,0.000,0.000,0.00,0.000,0.000,0.00,0.000,0.000,0.00,0.000,0.000,0.00,0.000,0.000,0.00,0.000,0.000,0.00,0.000,0.000,0.00,0.000,0.000,0.00,0.000,0.000,0.00,0.000,0.000,0.00
22.1695,0.000,0.000,0.00,0.77,0.00,0.000,0.000,0.00,0.000,0.000,0.00,0.000,0.000,0.00,0.000,0.000,0.00,0.000,0.000,0.00,0.000,0.000,0.00,0.000,0.000,0.00,0.000,0.000,0.00,0.000,0.000,0.00,0.000,0.000,0.00,0.000,0.000,0.00,0.000,0.000,0.00,0.000,0.000,0.00,0.000,0.000,0.00,0.000,0.000,0.00,0.000,0.000,0.00,0.000,0.000,0.00,0.000,0.000,0.00,0.000,0.000,0.00,0.000,0.000,0.00,0.000,0.000,0.00,0.000,0.000,0.00,0.000,0.000,0.00,0.000,0.000,0.00,0.000,0.000,0.00,0.000,0.000,0.00,0.000,0.000,0.00,0.000,0.000,0.00,0.000,0.000,0.00,0.000,0.000,0.00
22.2712,0.000,0.000,0.00,0.84,0.00,0.000,0.000,0.00,0.000,0.000,0.00,0.000,0.000,0.00,0.000,0.000,0.00,0.000,0.000,0.00,0.000,0.000,0.00,0.000,0.000,0.00,0.000,0.000,0.00,0.000,0.000,0.00,0.000,0.000,0.00,0.000,0.000,0.00,0.000,0.000,0.00,0.000,0.000,0.00,0.000,0.000,0.00,0.000,0.000,0.00,0.000,0.000,0.00,0.000,0.000,0.00,0.000,0.000,0.00,0.000,0.000,0.00,0.000,0.000,0.00,0.000,0.000,0.00,0.000,0.000,0.00,0.000,0.000,0.00,0.000,0.000,0.00,0.000,0.000,0.00,0.000,0.000,0.00,0.000,0.000,0.00,0.000,0.000,0.00,0.000,0.000,0.00,0.000,0.000,0.00
22.3730,0.000,0.307,0.23,0.77,0.00,0.000,0.000,0.00,0.000,0.000,0.00,0.000,0.000,0.00,0.000,0.030,2.95,0.000,0.000,0.00,0.000,0.000,0.00,0.000,0.000,0.00,0.000,0.000,0.00,0.000,0.000,0.00,0.000,0.000,0.00,0.000,0.000,0.00,0.000,0.000,0.00,0.000,0.000,0.00,0.000,0.000,0.00,0.000,0.277,3.93,0.000,0.000,0.00,0.000,0.000,0.00,0.000,0.000,0.00,0.000,0.000,0.00,0.000,0.000,0.00,0.000,0.000,0.00,0.000,0.000,0.00,0.000,0.000,0.00,0.000,0.000,0.00,0.000,0.000,0.00,0.000,0.000,0.00,0.000,0.000,0.00,0.000,0.000,0.00,0.000,0.000,0.00,0.000,0.000,0.00
22.4747,0.000,0.000,0.00,0.84,0.00,0.000,0.000,0.00,0.000,0.000,0.00,0.000,0.000,0.00,0.000,0.000,0.00,0.000,0.000,0.00,0.000,0.000,0.00,0.000,0.000,0.00,0.000,0.000,0.00,0.000,0.000,0.00,0.000,0.000,0.00,0.000,0.000,0.00,0.000,0.000,0.00,0.000,0.000,0.00,0.000,0.000,0.00,0.000,0.000,0.00,0.000,0.000,0.00,0.000,0.000,0.00,0.000,0.000,0.00,0.000,0.000,0.00,0.000,0.000,0.00,0.000,0.000,0.00,0.000,0.000,0.00,0.000,0.000,0.00,0.000,0.000,0.00,0.000,0.000,0.00,0.000,0.000,0.00,0.000,0.000,0.00,0.000,0.000,0.00,0.000,0.000,0.00,0.000,0.000,0.00
22.5765,0.000,0.000,0.00,0.77,0.00,0.000,0.000,0.00,0.000,0.000,0.00,0.000,0.000,0.00,0.000,0.000,0.00,0.000,0.000,0.00,0.000,0.000,0.00,0.000,0.000,0.00,0.000,0.000,0.00,0.000,0.000,0.00,0.000,0.000,0.00,0.000,0.000,0.00,0.000,0.000,0.00,0.000,0.000,0.00,0.000,0.000,0.00,0.000,0.000,0.00,0.000,0.000,0.00,0.000,0.000,0.00,0.000,0.000,0.00,0.000,0.000,0.00,0.000,0.000,0.00,0.000,0.000,0.00,0.000,0.000,0.00,0.000,0.000,0.00,0.000,0.000,0.00,0.000,0.000,0.00,0.000,0.000,0.00,0.000,0.000,0.00,0.000,0.000,0.00,0.000,0.000,0.00,0.000,0.000,0.00
22.6782,0.000,0.000,0.00,0.84,0.00,0.000,0.000,0.00,0.000,0.000,0.00,0.000,0.000,0.00,0.000,0.000,0.00,0.000,0.000,0.00,0.000,0.000,0.00,0.000,0.000,0.00,0.000,0.000,0.00,0.000,0.000,0.00,0.000,0.000,0.00,0.000,0.000,0.00,0.000,0.000,0.00,0.000,0.000,0.00,0.000,0.000,0.00,0.000,0.000,0.00,0.000,0.000,0.00,0.000,0.000,0.00,0.000,0.000,0.00,0.000,0.000,0.00,0.000,0.000,0.00,0.000,0.000,0.00,0.000,0.000,0.00,0.000,0.000,0.00,0.000,0.000,0.00,0.000,0.000,0.00,0.000,0.000,0.00,0.000,0.000,0.00,0.000,0.000,0.00,0.000,0.000,0.00,0.000,0.000,0.00
22.7799,0.000,0.000,0.00,0.84,0.00,0.000,0.000,0.00,0.000,0.000,0.00,0.000,0.000,0.00,0.000,0.000,0.00,0.000,0.000,0.00,0.000,0.000,0.00,0.000,0.000,0.00,0.000,0.000,0.00,0.000,0.000,0.00,0.000,0.000,0.00,0.000,0.000,0.00,0.000,0.000,0.00,0.000,0.000,0.00,0.000,0.000,0.00,0.000,0.000,0.00,0.000,0.000,0.00,0.000,0.000,0.00,0.000,0.000,0.00,0.000,0.000,0.00,0.000,0.000,0.00,0.000,0.000,0.00,0.000,0.000,0.00,0.000,0.000,0.00,0.000,0.000,0.00,0.000,0.000,0.00,0.000,0.000,0.00,0.000,0.000,0.00,0.000,0.000,0.00,0.000,0.000,0.00,0.000,0.000,0.00
22.8816,0.000,0.000,0.00,0.77,0.00,0.000,0.000,0.00,0.000,0.000,0.00,0.000,0.000,0.00,0.000,0.000,0.00,0.000,0.000,0.00,0.000,0.000,0.00,0.000,0.000,0.00,0.000,0.000,0.00,0.000,0.000,0.00,0.000,0.000,0.00,0.000,0.000,0.00,0.000,0.000,0.00,0.000,0.000,0.00,0.000,0.000,0.00,0.000,0.000,0.00,0.000,0.000,0.00,0.000,0.000,0.00,0.000,0.000,0.00,0.000,0.000,0.00,0.000,0.000,0.00,0.000,0.000,0.00,0.000,0.000,0.00,0.000,0.000,0.00,0.000,0.000,0.00,0.000,0.000,0.00,0.000,0.000,0.00,0.000,0.000,0.00,0.000,0.000,0.00,0.000,0.000,0.00,0.000,0.000,0.00
22.9834,0.000,0.000,0.00,0.92,0.00,0.000,0.000,0.00,0.000,0.000,0.00,0.000,0.000,0.00,0.000,0.000,0.00,0.000,0.000,0.00,0.000,0.000,0.00,0.000,0.000,0.00,0.000,0.000,0.00,0.000,0.000,0.00,0.000,0.000,0.00,0.000,0.000,0.00,0.000,0.000,0.00,0.000,0.000,0.00,0.000,0.000,0.00,0.000,0.000,0.00,0.000,0.000,0.00,0.000,0.000,0.00,0.000,0.000,0.00,0.000,0.000,0.00,0.000,0.000,0.00,0.000,0.000,0.00,0.000,0.000,0.00,0.000,0.000,0.00,0.000,0.000,0.00,0.000,0.000,0.00,0.000,0.000,0.00,0.000,0.000,0.00,0.000,0.000,0.00,0.000,0.000,0.00,0.000,0.000,0.00
23.0852,0.000,0.000,0.00,0.77,0.00,0.000,0.000,0.00,0.000,0.000,0.00,0.000,0.000,0.00,0.000,0.000,0.00,0.000,0.000,0.00,0.000,0.000,0.00,0.000,0.000,0.00,0.000,0.000,0.00,0.000,0.000,0.00,0.000,0.000,0.00,0.000,0.000,0.00,0.000,0.000,0.00,0.000,0.000,0.00,0.000,0.000,0.00,0.000,0.000,0.00,0.000,0.000,0.00,0.000,0.000,0.00,0.000,0.000,0.00,0.000,0.000,0.00,0.000,0.000,0.00,0.000,0.000,0.00,0.000,0.000,0.00,0.000,0.000,0.00,0.000,0.000,0.00,0.000,0.000,0.00,0.000,0.000,0.00,0.000,0.000,0.00,0.000,0.000,0.00,0.000,0.000,0.00,0.000,0.000,0.00
23.1870,0.000,0.000,0.00,0.77,0.00,0.000,0.000,0.00,0.000,0.000,0.00,0.000,0.000,0.00,0.000,0.000,0.00,0.000,0.000,0.00,0.000,0.000,0.00,0.000,0.000,0.00,0.000,0.000,0.00,0.000,0.000,0.00,0.000,0.000,0.00,0.000,0.000,0.00,0.000,0.000,0.00,0.000,0.000,0.00,0.000,0.000,0.00,0.000,0.000,0.00,0.000,0.000,0.00,0.000,0.000,0.00,0.000,0.000,0.00,0.000,0.000,0.00,0.000,0.000,0.00,0.000,0.000,0.00,0.000,0.000,0.00,0.000,0.000,0.00,0.000,0.000,0.00,0.000,0.000,0.00,0.000,0.000,0.00,0.000,0.000,0.00,0.000,0.000,0.00,0.000,0.000,0.00,0.000,0.000,0.00
23.2888,0.000,0.000,0.00,0.77,0.00,0.000,0.000,0.00,0.000,0.000,0.00,0.000,0.000,0.00,0.000,0.000,0.00,0.000,0.000,0.00,0.000,0.000,0.00,0.000,0.000,0.00,0.000,0.000,0.00,0.000,0.000,0.00,0.000,0.000,0.00,0.000,0.000,0.00,0.000,0.000,0.00,0.000,0.000,0.00,0.000,0.000,0.00,0.000,0.000,0.00,0.000,0.000,0.00,0.000,0.000,0.00,0.000,0.000,0.00,0.000,0.000,0.00,0.000,0.000,0.00,0.000,0.000,0.00,0.000,0.000,0.00,0.000,0.000,0.00,0.000,0.000,0.00,0.000,0.000,0.00,0.000,0.000,0.00,0.000,0.000,0.00,0.000,0.000,0.00,0.000,0.000,0.00,0.000,0.000,0.00
23.3905,0.000,0.000,0.00,0.84,0.00,0.000,0.000,0.00,0.000,0.000,0.00,0.000,0.000,0.00,0.000,0.000,0.00,0.000,0.000,0.00,0.000,0.000,0.00,0.000,0.000,0.00,0.000,0.000,0.00,0.000,0.000,0.00,0.000,0.000,0.00,0.000,0.000,0.00,0.000,0.000,0.00,0.000,0.000,0.00,0.000,0.000,0.00,0.000,0.000,0.00,0.000,0.000,0.00,0.000,0.000,0.00,0.000,0.000,0.00,0.000,0.000,0.00,0.000,0.000,0.00,0.000,0.000,0.00,0.000,0.000,0.00,0.000,0.000,0.00,0.000,0.000,0.00,0.000,0.000,0.00,0.000,0.000,0.00,0.000,0.000,0.00,0.000,0.000,0.00,0.000,0.000,0.00,0.000,0.000,0.00
23.4922,0.000,0.000,0.00,0.77,0.00,0.000,0.000,0.00,0.000,0.000,0.00,0.000,0.000,0.00,0.000,0.000,0.00,0.000,0.000,0.00,0.000,0.000,0.00,0.000,0.000,0.00,0.000,0.000,0.00,0.000,0.000,0.00,0.000,0.000,0.00,0.000,0.000,0.00,0.000,0.000,0.00,0.000,0.000,0.00,0.000,0.000,0.00,0.000,0.000,0.00,0.000,0.000,0.00,0.000,0.000,0.00,0.000,0.000,0.00,0.000,0.000,0.00,0.000,0.000,0.00,0.000,0.000,0.00,0.000,0.000,0.00,0.000,0.000,0.00,0.000,0.000,0.00,0.000,0.000,0.00,0.000,0.000,0.00,0.000,0.000,0.00,0.000,0.000,0.00,0.000,0.000,0.00,0.000,0.000,0.00
23.5940,0.000,0.000,0.00,0.77,0.00,0.000,0.000,0.00,0.000,0.000,0.00,0.000,0.000,0.00,0.000,0.000,0.00,0.000,0.000,0.00,0.000,0.000,0.00,0.000,0.000,0.00,0.000,0.000,0.00,0.000,0.000,0.00,0.000,0.000,0.00,0.000,0.000,0.00,0.000,0.000,0.00,0.000,0.000,0.00,0.000,0.000,0.00,0.000,0.000,0.00,0.000,0.000,0.00,0.000,0.000,0.00,0.000,0.000,0.00,0.000,0.000,0.00,0.000,0.000,0.00,0.000,0.000,0.00,0.000,0.000,0.00,0.000,0.000,0.00,0.000,0.000,0.00,0.000,0.000,0.00,0.000,0.000,0.00,0.000,0.000,0.00,0.000,0.000,0.00,0.000,0.000,0.00,0.000,0.000,0.00
23.6957,0.000,0.000,0.00,0.77,0.00,0.000,0.000,0.00,0.000,0.000,0.00,0.000,0.000,0.00,0.000,0.000,0.00,0.000,0.000,0.00,0.000,0.000,0.00,0.000,0.000,0.00,0.000,0.000,0.00,0.000,0.000,0.00,0.000,0.000,0.00,0.000,0.000,0.00,0.000,0.000,0.00,0.000,0.000,0.00,0.000,0.000,0.00,0.000,0.000,0.00,0.000,0.000,0.00,0.000,0.000,0.00,0.000,0.000,0.00,0.000,0.000,0.00,0.000,0.000,0.00,0.000,0.000,0.00,0.000,0.000,0.00,0.000,0.000,0.00,0.000,0.000,0.00,0.000,0.000,0.00,0.000,0.000,0.00,0.000,0.000,0.00,0.000,0.000,0.00,0.000,0.000,0.00,0.000,0.000,0.00
23.7974,0.000,0.000,0.00,0.84,0.00,0.000,0.000,0.00,0.000,0.000,0.00,0.000,0.000,0.00,0.000,0.000,0.00,0.000,0.000,0.00,0.000,0.000,0.00,0.000,0.000,0.00,0.000,0.000,0.00,0.000,0.000,0.00,0.000,0.000,0.00,0.000,0.000,0.00,0.000,0.000,0.00,0.000,0.000,0.00,0.000,0.000,0.00,0.000,0.000,0.00,0.000,0.000,0.00,0.000,0.000,0.00,0.000,0.000,0.00,0.000,0.000,0.00,0.000,0.000,0.00,0.000,0.000,0.00,0.000,0.000,0.00,0.000,0.000,0.00,0.000,0.000,0.00,0.000,0.000,0.00,0.000,0.000,0.00,0.000,0.000,0.00,0.000,0.000,0.00,0.000,0.000,0.00,0.000,0.000,0.00
23.8991,0.000,126.653,0.20,0.84,0.08,0.000,0.000,0.00,0.000,0.000,0.00,0.000,0.000,0.00,0.000,0.000,0.00,0.000,0.000,0.00,0.000,0.040,1.97,0.000,0.000,0.00,0.000,0.000,0.00,0.000,0.000,0.00,0.000,0.000,0.00,0.000,0.000,0.00,0.000,0.000,0.00,0.000,0.000,0.00,0.000,0.000,0.00,0.000,0.000,0.00,0.000,0.000,0.00,0.000,0.000,0.00,0.000,0.000,0.00,0.000,0.000,0.00,0.000,0.000,0.00,0.000,0.000,0.00,0.000,0.000,0.00,0.000,126.613,3.93,0.000,0.000,0.00,0.000,0.000,0.00,0.000,0.000,0.00,0.000,0.000,0.00,0.000,0.000,0.00,0.000,0.000,0.00,0.000,0.000,0.00
24.0008,0.000,0.000,0.00,0.77,0.00,0.000,0.000,0.00,0.000,0.000,0.00,0.000,0.000,0.00,0.000,0.000,0.00,0.000,0.000,0.00,0.000,0.000,0.00,0.000,0.000,0.00,0.000,0.000,0.00,0.000,0.000,0.00,0.000,0.000,0.00,0.000,0.000,0.00,0.000,0.000,0.00,0.000,0.000,0.00,0.000,0.000,0.00,0.000,0.000,0.00,0.000,0.000,0.00,0.000,0.000,0.00,0.000,0.000,0.00,0.000,0.000,0.00,0.000,0.000,0.00,0.000,0.000,0.00,0.000,0.000,0.00,0.000,0.000,0.00,0.000,0.000,0.00,0.000,0.000,0.00,0.000,0.000,0.00,0.000,0.000,0.00,0.000,0.000,0.00,0.000,0.000,0.00,0.000,0.000,0.00
24.1024,0.000,0.000,0.00,0.77,0.00,0.000,0.000,0.00,0.000,0.000,0.00,0.000,0.000,0.00,0.000,0.000,0.00,0.000,0.000,0.00,0.000,0.000,0.00,0.000,0.000,0.00,0.000,0.000,0.00,0.000,0.000,0.00,0.000,0.000,0.00,0.000,0.000,0.00,0.000,0.000,0.00,0.000,0.000,0.00,0.000,0.000,0.00,0.000,0.000,0.00,0.000,0.000,0.00,0.000,0.000,0.00,0.000,0.000,0.00,0.000,0.000,0.00,0.000,0.000,0.00,0.000,0.000,0.00,0.000,0.000,0.00,0.000,0.000,0.00,0.000,0.000,0.00,0.000,0.000,0.00,0.000,0.000,0.00,0.000,0.000,0.00,0.000,0.000,0.00,0.000,0.000,0.00,0.000,0.000,0.00
24.2043,0.000,0.000,0.00,0.84,0.00,0.000,0.000,0.00,0.000,0.000,0.00,0.000,0.000,0.00,0.000,0.000,0.00,0.000,0.000,0.00,0.000,0.000,0.00,0.000,0.000,0.00,0.000,0.000,0.00,0.000,0.000,0.00,0.000,0.000,0.00,0.000,0.000,0.00,0.000,0.000,0.00,0.000,0.000,0.00,0.000,0.000,0.00,0.000,0.000,0.00,0.000,0.000,0.00,0.000,0.000,0.00,0.000,0.000,0.00,0.000,0.000,0.00,0.000,0.000,0.00,0.000,0.000,0.00,0.000,0.000,0.00,0.000,0.000,0.00,0.000,0.000,0.00,0.000,0.000,0.00,0.000,0.000,0.00,0.000,0.000,0.00,0.000,0.000,0.00,0.000,0.000,0.00,0.000,0.000,0.00
24.3060,0.000,0.000,0.00,0.77,0.00,0.000,0.000,0.00,0.000,0.000,0.00,0.000,0.000,0.00,0.000,0.000,0.00,0.000,0.000,0.00,0.000,0.000,0.00,0.000,0.000,0.00,0.000,0.000,0.00,0.000,0.000,0.00,0.000,0.000,0.00,0.000,0.000,0.00,0.000,0.000,0.00,0.000,0.000,0.00,0.000,0.000,0.00,0.000,0.000,0.00,0.000,0.000,0.00,0.000,0.000,0.00,0.000,0.000,0.00,0.000,0.000,0.00,0.000,0.000,0.00,0.000,0.000,0.00,0.000,0.000,0.00,0.000,0.000,0.00,0.000,0.000,0.00,0.000,0.000,0.00,0.000,0.000,0.00,0.000,0.000,0.00,0.000,0.000,0.00,0.000,0.000,0.00,0.000,0.000,0.00
24.4076,0.000,0.136,0.10,0.84,0.00,0.000,0.000,0.00,0.000,0.000,0.00,0.000,0.000,0.00,0.000,0.000,0.00,0.000,0.000,0.00,0.000,0.000,0.00,0.000,0.000,0.00,0.000,0.000,0.00,0.000,0.000,0.00,0.000,0.000,0.00,0.000,0.000,0.00,0.000,0.000,0.00,0.000,0.000,0.00,0.000,0.000,0.00,0.000,0.000,0.00,0.000,0.136,2.95,0.000,0.000,0.00,0.000,0.000,0.00,0.000,0.000,0.00,0.000,0.000,0.00,0.000,0.000,0.00,0.000,0.000,0.00,0.000,0.000,0.00,0.000,0.000,0.00,0.000,0.000,0.00,0.000,0.000,0.00,0.000,0.000,0.00,0.000,0.000,0.00,0.000,0.000,0.00,0.000,0.000,0.00
24.5093,0.000,0.000,0.00,0.77,0.00,0.000,0.000,0.00,0.000,0.000,0.00,0.000,0.000,0.00,0.000,0.000,0.00,0.000,0.000,0.00,0.000,0.000,0.00,0.000,0.000,0.00,0.000,0.000,0.00,0.000,0.000,0.00,0.000,0.000,0.00,0.000,0.000,0.00,0.000,0.000,0.00,0.000,0.000,0.00,0.000,0.000,0.00,0.000,0.000,0.00,0.000,0.000,0.00,0.000,0.000,0.00,0.000,0.000,0.00,0.000,0.000,0.00,0.000,0.000,0.00,0.000,0.000,0.00,0.000,0.000,0.00,0.000,0.000,0.00,0.000,0.000,0.00,0.000,0.000,0.00,0.000,0.000,0.00,0.000,0.000,0.00,0.000,0.000,0.00,0.000,0.000,0.00,0.000,0.000,0.00
24.6110,0.000,0.000,0.00,0.77,0.00,0.000,0.000,0.00,0.000,0.000,0.00,0.000,0.000,0.00,0.000,0.000,0.00,0.000,0.000,0.00,0.000,0.000,0.00,0.000,0.000,0.00,0.000,0.000,0.00,0.000,0.000,0.00,0.000,0.000,0.00,0.000,0.000,0.00,0.000,0.000,0.00,0.000,0.000,0.00,0.000,0.000,0.00,0.000,0.000,0.00,0.000,0.000,0.00,0.000,0.000,0.00,0.000,0.000,0.00,0.000,0.000,0.00,0.000,0.000,0.00,0.000,0.000,0.00,0.000,0.000,0.00,0.000,0.000,0.00,0.000,0.000,0.00,0.000,0.000,0.00,0.000,0.000,0.00,0.000,0.000,0.00,0.000,0.000,0.00,0.000,0.000,0.00,0.000,0.000,0.00
24.7128,0.000,0.000,0.00,0.84,0.00,0.000,0.000,0.00,0.000,0.000,0.00,0.000,0.000,0.00,0.000,0.000,0.00,0.000,0.000,0.00,0.000,0.000,0.00,0.000,0.000,0.00,0.000,0.000,0.00,0.000,0.000,0.00,0.000,0.000,0.00,0.000,0.000,0.00,0.000,0.000,0.00,0.000,0.000,0.00,0.000,0.000,0.00,0.000,0.000,0.00,0.000,0.000,0.00,0.000,0.000,0.00,0.000,0.000,0.00,0.000,0.000,0.00,0.000,0.000,0.00,0.000,0.000,0.00,0.000,0.000,0.00,0.000,0.000,0.00,0.000,0.000,0.00,0.000,0.000,0.00,0.000,0.000,0.00,0.000,0.000,0.00,0.000,0.000,0.00,0.000,0.000,0.00,0.000,0.000,0.00
24.8145,0.000,0.000,0.00,0.77,0.00,0.000,0.000,0.00,0.000,0.000,0.00,0.000,0.000,0.00,0.000,0.000,0.00,0.000,0.000,0.00,0.000,0.000,0.00,0.000,0.000,0.00,0.000,0.000,0.00,0.000,0.000,0.00,0.000,0.000,0.00,0.000,0.000,0.00,0.000,0.000,0.00,0.000,0.000,0.00,0.000,0.000,0.00,0.000,0.000,0.00,0.000,0.000,0.00,0.000,0.000,0.00,0.000,0.000,0.00,0.000,0.000,0.00,0.000,0.000,0.00,0.000,0.000,0.00,0.000,0.000,0.00,0.000,0.000,0.00,0.000,0.000,0.00,0.000,0.000,0.00,0.000,0.000,0.00,0.000,0.000,0.00,0.000,0.000,0.00,0.000,0.000,0.00,0.000,0.000,0.00
24.9162,0.000,0.488,0.30,0.77,0.00,0.000,0.000,0.00,0.000,0.000,0.00,0.000,0.000,0.00,0.000,0.000,0.00,0.000,0.000,0.00,0.000,0.000,0.00,0.000,0.000,0.00,0.000,0.000,0.00,0.000,0.000,0.00,0.000,0.000,0.00,0.000,0.000,0.00,0.000,0.000,0.00,0.000,0.000,0.00,0.000,0.000,0.00,0.000,0.000,0.00,0.000,0.000,0.00,0.000,0.176,2.95,0.000,0.000,0.00,0.000,0.000,0.00,0.000,0.000,0.00,0.000,0.000,0.00,0.000,0.000,0.00,0.000,0.000,0.00,0.000,0.000,0.00,0.000,0.176,2.95,0.000,0.000,0.00,0.000,0.136,2.95,0.000,0.000,0.00,0.000,0.000,0.00,0.000,0.000,0.00
25.0180,0.000,0.000,0.00,0.77,0.00,0.000,0.000,0.00,0.000,0.000,0.00,0.000,0.000,0.00,0.000,0.000,0.00,0.000,0.000,0.00,0.000,0.000,0.00,0.000,0.000,0.00,0.000,0.000,0.00,0.000,0.000,0.00,0.000,0.000,0.00,0.000,0.000,0.00,0.000,0.000,0.00,0.000,0.000,0.00,0.000,0.000,0.00,0.000,0.000,0.00,0.000,0.000,0.00,0.000,0.000,0.00,0.000,0.000,0.00,0.000,0.000,0.00,0.000,0.000,0.00,0.000,0.000,0.00,0.000,0.000,0.00,0.000,0.000,0.00,0.000,0.000,0.00,0.000,0.000,0.00,0.000,0.000,0.00,0.000,0.000,0.00,0.000,0.000,0.00,0.000,0.000,0.00,0.000,0.000,0.00
25.1199,0.000,0.000,0.00,0.92,0.00,0.000,0.000,0.00,0.000,0.000,0.00,0.000,0.000,0.00,0.000,0.000,0.00,0.000,0.000,0.00,0.000,0.000,0.00,0.000,0.000,0.00,0.000,0.000,0.00,0.000,0.000,0.00,0.000,0.000,0.00,0.000,0.000,0.00,0.000,0.000,0.00,0.000,0.000,0.00,0.000,0.000,0.00,0.000,0.000,0.00,0.000,0.000,0.00,0.000,0.000,0.00,0.000,0.000,0.00,0.000,0.000,0.00,0.000,0.000,0.00,0.000,0.000,0.00,0.000,0.000,0.00,0.000,0.000,0.00,0.000,0.000,0.00,0.000,0.000,0.00,0.000,0.000,0.00,0.000,0.000,0.00,0.000,0.000,0.00,0.000,0.000,0.00,0.000,0.000,0.00
25.2217,0.000,0.000,0.00,0.77,0.00,0.000,0.000,0.00,0.000,0.000,0.00,0.000,0.000,0.00,0.000,0.000,0.00,0.000,0.000,0.00,0.000,0.000,0.00,0.000,0.000,0.00,0.000,0.000,0.00,0.000,0.000,0.00,0.000,0.000,0.00,0.000,0.000,0.00,0.000,0.000,0.00,0.000,0.000,0.00,0.000,0.000,0.00,0.000,0.000,0.00,0.000,0.000,0.00,0.000,0.000,0.00,0.000,0.000,0.00,0.000,0.000,0.00,0.000,0.000,0.00,0.000,0.000,0.00,0.000,0.000,0.00,0.000,0.000,0.00,0.000,0.000,0.00,0.000,0.000,0.00,0.000,0.000,0.00,0.000,0.000,0.00,0.000,0.000,0.00,0.000,0.000,0.00,0.000,0.000,0.00
25.3235,0.000,0.000,0.00,0.92,0.00,0.000,0.000,0.00,0.000,0.000,0.00,0.000,0.000,0.00,0.000,0.000,0.00,0.000,0.000,0.00,0.000,0.000,0.00,0.000,0.000,0.00,0.000,0.000,0.00,0.000,0.000,0.00,0.000,0.000,0.00,0.000,0.000,0.00,0.000,0.000,0.00,0.000,0.000,0.00,0.000,0.000,0.00,0.000,0.000,0.00,0.000,0.000,0.00,0.000,0.000,0.00,0.000,0.000,0.00,0.000,0.000,0.00,0.000,0.000,0.00,0.000,0.000,0.00,0.000,0.000,0.00,0.000,0.000,0.00,0.000,0.000,0.00,0.000,0.000,0.00,0.000,0.000,0.00,0.000,0.000,0.00,0.000,0.000,0.00,0.000,0.000,0.00,0.000,0.000,0.00
25.4252,0.000,0.383,0.07,0.77,0.00,0.000,0.000,0.00,0.000,0.383,1.97,0.000,0.000,0.00,0.000,0.000,0.00,0.000,0.000,0.00,0.000,0.000,0.00,0.000,0.000,0.00,0.000,0.000,0.00,0.000,0.000,0.00,0.000,0.000,0.00,0.000,0.000,0.00,0.000,0.000,0.00,0.000,0.000,0.00,0.000,0.000,0.00,0.000,0.000,0.00,0.000,0.000,0.00,0.000,0.000,0.00,0.000,0.000,0.00,0.000,0.000,0.00,0.000,0.000,0.00,0.000,0.000,0.00,0.000,0.000,0.00,0.000,0.000,0.00,0.000,0.000,0.00,0.000,0.000,0.00,0.000,0.000,0.00,0.000,0.000,0.00,0.000,0.000,0.00,0.000,0.000,0.00,0.000,0.000,0.00
25.5270,0.000,0.000,0.00,0.84,0.00,0.000,0.000,0.00,0.000,0.000,0.00,0.000,0.000,0.00,0.000,0.000,0.00,0.000,0.000,0.00,0.000,0.000,0.00,0.000,0.000,0.00,0.000,0.000,0.00,0.000,0.000,0.00,0.000,0.000,0.00,0.000,0.000,0.00,0.000,0.000,0.00,0.000,0.000,0.00,0.000,0.000,0.00,0.000,0.000,0.00,0.000,0.000,0.00,0.000,0.000,0.00,0.000,0.000,0.00,0.000,0.000,0.00,0.000,0.000,0.00,0.000,0.000,0.00,0.000,0.000,0.00,0.000,0.000,0.00,0.000,0.000,0.00,0.000,0.000,0.00,0.000,0.000,0.00,0.000,0.000,0.00,0.000,0.000,0.00,0.000,0.000,0.00,0.000,0.000,0.00
25.6289,0.000,0.000,0.00,0.77,0.00,0.000,0.000,0.00,0.000,0.000,0.00,0.000,0.000,0.00,0.000,0.000,0.00,0.000,0.000,0.00,0.000,0.000,0.00,0.000,0.000,0.00,0.000,0.000,0.00,0.000,0.000,0.00,0.000,0.000,0.00,0.000,0.000,0.00,0.000,0.000,0.00,0.000,0.000,0.00,0.000,0.000,0.00,0.000,0.000,0.00,0.000,0.000,0.00,0.000,0.000,0.00,0.000,0.000,0.00,0.000,0.000,0.00,0.000,0.000,0.00,0.000,0.000,0.00,0.000,0.000,0.00,0.000,0.000,0.00,0.000,0.000,0.00,0.000,0.000,0.00,0.000,0.000,0.00,0.000,0.000,0.00,0.000,0.000,0.00,0.000,0.000,0.00,0.000,0.000,0.00
25.7307,0.000,0.000,0.00,0.84,0.00,0.000,0.000,0.00,0.000,0.000,0.00,0.000,0.000,0.00,0.000,0.000,0.00,0.000,0.000,0.00,0.000,0.000,0.00,0.000,0.000,0.00,0.000,0.000,0.00,0.000,0.000,0.00,0.000,0.000,0.00,0.000,0.000,0.00,0.000,0.000,0.00,0.000,0.000,0.00,0.000,0.000,0.00,0.000,0.000,0.00,0.000,0.000,0.00,0.000,0.000,0.00,0.000,0.000,0.00,0.000,0.000,0.00,0.000,0.000,0.00,0.000,0.000,0.00,0.000,0.000,0.00,0.000,0.000,0.00,0.000,0.000,0.00,0.000,0.000,0.00,0.000,0.000,0.00,0.000,0.000,0.00,0.000,0.000,0.00,0.000,0.000,0.00,0.000,0.000,0.00
25.8325,0.000,0.000,0.00,0.77,0.00,0.000,0.000,0.00,0.000,0.000,0.00,0.000,0.000,0.00,0.000,0.000,0.00,0.000,0.000,0.00,0.000,0.000,0.00,0.000,0.000,0.00,0.000,0.000,0.00,0.000,0.000,0.00,0.000,0.000,0.00,0.000,0.000,0.00,0.000,0.000,0.00,0.000,0.000,0.00,0.000,0.000,0.00,0.000,0.000,0.00,0.000,0.000,0.00,0.000,0.000,0.00,0.000,0.000,0.00,0.000,0.000,0.00,0.000,0.000,0.00,0.000,0.000,0.00,0.000,0.000,0.00,0.000,0.000,0.00,0.000,0.000,0.00,0.000,0.000,0.00,0.000,0.000,0.00,0.000,0.000,0.00,0.000,0.000,0.00,0.000,0.000,0.00,0.000,0.000,0.00
25.9346,0.000,0.175,0.10,0.92,0.00,0.000,0.000,0.00,0.000,0.000,0.00,0.000,0.000,0.00,0.000,0.000,0.00,0.000,0.000,0.00,0.000,0.000,0.00,0.000,0.000,0.00,0.000,0.000,0.00,0.000,0.000,0.00,0.000,0.000,0.00,0.000,0.000,0.00,0.000,0.000,0.00,0.000,0.000,0.00,0.000,0.000,0.00,0.000,0.000,0.00,0.000,0.000,0.00,0.000,0.000,0.00,0.000,0.000,0.00,0.000,0.000,0.00,0.000,0.000,0.00,0.000,0.000,0.00,0.000,0.000,0.00,0.000,0.000,0.00,0.000,0.000,0.00,0.000,0.000,0.00,0.000,0.175,2.94,0.000,0.000,0.00,0.000,0.000,0.00,0.000,0.000,0.00,0.000,0.000,0.00
26.0364,0.000,0.000,0.00,0.84,0.00,0.000,0.000,0.00,0.000,0.000,0.00,0.000,0.000,0.00,0.000,0.000,0.00,0.000,0.000,0.00,0.000,0.000,0.00,0.000,0.000,0.00,0.000,0.000,0.00,0.000,0.000,0.00,0.000,0.000,0.00,0.000,0.000,0.00,0.000,0.000,0.00,0.000,0.000,0.00,0.000,0.000,0.00,0.000,0.000,0.00,0.000,0.000,0.00,0.000,0.000,0.00,0.000,0.000,0.00,0.000,0.000,0.00,0.000,0.000,0.00,0.000,0.000,0.00,0.000,0.000,0.00,0.000,0.000,0.00,0.000,0.000,0.00,0.000,0.000,0.00,0.000,0.000,0.00,0.000,0.000,0.00,0.000,0.000,0.00,0.000,0.000,0.00,0.000,0.000,0.00
26.1382,0.000,0.000,0.00,9.29,0.00,0.000,0.000,0.00,0.000,0.000,0.00,0.000,0.000,0.00,0.000,0.000,0.00,0.000,0.000,0.00,0.000,0.000,0.00,0.000,0.000,0.00,0.000,0.000,0.00,0.000,0.000,0.00,0.000,0.000,0.00,0.000,0.000,0.00,0.000,0.000,0.00,0.000,0.000,0.00,0.000,0.000,0.00,0.000,0.000,0.00,0.000,0.000,0.00,0.000,0.000,0.00,0.000,0.000,0.00,0.000,0.000,0.00,0.000,0.000,0.00,0.000,0.000,0.00,0.000,0.000,0.00,0.000,0.000,0.00,0.000,0.000,0.00,0.000,0.000,0.00,0.000,0.000,0.00,0.000,0.000,0.00,0.000,0.000,0.00,0.000,0.000,0.00,0.000,0.000,0.00
26.2407,0.000,0.000,0.00,1.23,0.00,0.000,0.000,0.00,0.000,0.000,0.00,0.000,0.000,0.00,0.000,0.000,0.00,0.000,0.000,0.00,0.000,0.000,0.00,0.000,0.000,0.00,0.000,0.000,0.00,0.000,0.000,0.00,0.000,0.000,0.00,0.000,0.000,0.00,0.000,0.000,0.00,0.000,0.000,0.00,0.000,0.000,0.00,0.000,0.000,0.00,0.000,0.000,0.00,0.000,0.000,0.00,0.000,0.000,0.00,0.000,0.000,0.00,0.000,0.000,0.00,0.000,0.000,0.00,0.000,0.000,0.00,0.000,0.000,0.00,0.000,0.000,0.00,0.000,0.000,0.00,0.000,0.000,0.00,0.000,0.000,0.00,0.000,0.000,0.00,0.000,0.000,0.00,0.000,0.000,0.00
26.3425,0.000,0.000,0.00,0.84,0.00,0.000,0.000,0.00,0.000,0.000,0.00,0.000,0.000,0.00,0.000,0.000,0.00,0.000,0.000,0.00,0.000,0.000,0.00,0.000,0.000,0.00,0.000,0.000,0.00,0.000,0.000,0.00,0.000,0.000,0.00,0.000,0.000,0.00,0.000,0.000,0.00,0.000,0.000,0.00,0.000,0.000,0.00,0.000,0.000,0.00,0.000,0.000,0.00,0.000,0.000,0.00,0.000,0.000,0.00,0.000,0.000,0.00,0.000,0.000,0.00,0.000,0.000,0.00,0.000,0.000,0.00,0.000,0.000,0.00,0.000,0.000,0.00,0.000,0.000,0.00,0.000,0.000,0.00,0.000,0.000,0.00,0.000,0.000,0.00,0.000,0.000,0.00,0.000,0.000,0.00
26.4442,0.000,0.040,0.07,0.77,0.00,0.000,0.000,0.00,0.000,0.000,0.00,0.000,0.000,0.00,0.000,0.000,0.00,0.000,0.000,0.00,0.000,0.000,0.00,0.000,0.000,0.00,0.000,0.000,0.00,0.000,0.000,0.00,0.000,0.000,0.00,0.000,0.040,1.97,0.000,0.000,0.00,0.000,0.000,0.00,0.000,0.000,0.00,0.000,0.000,0.00,0.000,0.000,0.00,0.000,0.000,0.00,0.000,0.000,0.00,0.000,0.000,0.00,0.000,0.000,0.00,0.000,0.000,0.00,0.000,0.000,0.00,0.000,0.000,0.00,0.000,0.000,0.00,0.000,0.000,0.00,0.000,0.000,0.00,0.000,0.000,0.00,0.000,0.000,0.00,0.000,0.000,0.00,0.000,0.000,0.00
26.5005,0.000,0.000,0.00,0.83,0.00,0.000,0.000,0.00,0.000,0.000,0.00,0.000,0.000,0.00,0.000,0.000,0.00,0.000,0.000,0.00,0.000,0.000,0.00,0.000,0.000,0.00,0.000,0.000,0.00,0.000,0.000,0.00,0.000,0.000,0.00,0.000,0.000,0.00,0.000,0.000,0.00,0.000,0.000,0.00,0.000,0.000,0.00,0.000,0.000,0.00,0.000,0.000,0.00,0.000,0.000,0.00,0.000,0.000,0.00,0.000,0.000,0.00,0.000,0.000,0.00,0.000,0.000,0.00,0.000,0.000,0.00,0.000,0.000,0.00,0.000,0.000,0.00,0.000,0.000,0.00,0.000,0.000,0.00,0.000,0.000,0.00,0.000,0.000,0.00,0.000,0.000,0.00,0.000,0.000,0.00
